pollTime,hour,account,accountLabel,campaignId,campaignName,spend,purchases,purchaseValue,roas
2026-09-06 00:30:42,00:00,906987379684182,1팀,120228320649100200,01.통살(ASC)(101010)_TCPA16000_A+SC 캠페인_ALL_V1C7_수_표준기여_2336,6,0,0,0
2026-09-06 00:30:42,00:00,906987379684182,1팀,120228788396590200,01.통살(ASC)(메가딜)_TCPA20000_A+SC 캠페인_ALL_V1C7_수_표준기여_1874,0,1,53300,0
2026-09-06 00:30:42,00:00,906987379684182,1팀,120237509836570200,07.크리스피(ASC)(메가딜)_TCPA16000_A+SC 캠페인_ALL_수_표준기여_2464,5166,0,0,0
2026-09-06 00:30:42,00:00,906987379684182,1팀,120243001852340200,01.통살(ASC)(101010)_TCPA16000_A+SC 캠페인_ALL_V1C7_수_표준기여_2336_02,2429,0,0,0
2026-09-06 00:30:42,00:00,906987379684182,1팀,120244128322750200,01.통살(ASC)(101010)_TCPA16000_A+SC 캠페인_ALL_V1C7_수_표준기여_2336_03,4229,0,0,0
2026-09-06 00:30:42,00:00,906987379684182,1팀,120246397028850200,07.크리스피(ASC)(통합)_A+SC 캠페인_구매최적화_수_표준기여_통합_260511,2834,0,0,0
2026-09-06 00:30:42,00:00,906987379684182,1팀,120246898203940200,03.닭다리살(ASC)(1010)_A+SC캠페인_구매최적화_수_표준기여_2604_260519,2675,0,0,0
2026-09-06 00:30:42,00:00,906987379684182,1팀,120246898384670200,03.닭다리살(ASC)(1010)_TROAS_A+SC캠페인_구매최적화_값_표준기여_2604_260519,35420,0,0,0
2026-09-06 00:30:42,00:00,906987379684182,1팀,120247379587080200,07.크리스피(ASC)(1010)_TROAS_A+SC캠페인_구매최적화_값_표준기여_2992_260527,3718,0,0,0
2026-09-06 00:30:42,00:00,906987379684182,1팀,120249317264140200,07.크리스피(ASC)(하이브리드)_TROAS_A+SC캠페인_구매최적화_값_표준기여_3078_260713,4649,0,0,0
2026-09-06 00:30:42,00:00,906987379684182,1팀,120249873905240200,07.크리스피(ASC)(101010)_TROAS_A+SC캠페인_구매최적화_값_표준기여_2659_260705,6139,0,0,0
2026-09-06 00:30:42,00:00,906987379684182,1팀,120249878429160200,01.통살(ASC)(하이브리드)_TROAS_A+SC캠페인_구매최적화_값_표준기여_3028_260705,4673,0,0,0
2026-09-06 00:30:42,00:00,906987379684182,1팀,120250268133470200,03.닭다리살(ASC)(하이브리드)_TROAS_A+SC캠페인_구매최적화_값_표준기여_3111_260726,4231,0,0,0
2026-09-06 00:30:42,00:00,906987379684182,1팀,120250475752460200,07.크리스피(ASC)(하이브리드)_TROAS_A+SC캠페인_구매최적화_값_표준기여_3078_260722(페르소나),0,0,0,0
2026-09-06 00:30:42,00:00,906987379684182,1팀,120250614451040200,07.크리스피(ASC)(하이브리드)_TROAS_A+SC캠페인_구매최적화_값_표준기여_3078_260728,5024,0,0,0
2026-09-06 00:30:42,00:00,906987379684182,1팀,120250649570130200,07.크리스피(ASC)(하이브리드)_TROAS_A+SC캠페인_구매최적화_값_표준기여_3078_260802_AI,4447,0,0,0
2026-09-06 00:30:42,00:00,906987379684182,1팀,120250649570180200,07.크리스피(ASC)(하이브리드)_A+SC캠페인_구매최적화_수_표준기여_3078_260802_AI,7285,0,0,0
2026-09-06 00:30:42,00:00,906987379684182,1팀,120250858093370200,01.통살(ASC)(하이브리드)_TROAS_A+SC캠페인_구매최적화_값_표준기여_3028_260806,4429,0,0,0
2026-09-06 00:30:42,00:00,906987379684182,1팀,120250858093380200,01.통살(ASC)(하이브리드)_TCPA_A+SC캠페인_ALL_C7_수_표준기여_3028_260806,530,0,0,0
2026-09-06 00:30:42,00:00,906987379684182,1팀,120250858456470200,01.통살(ASC)(하이브리드)_A+SC캠페인_구매최적화_수_표준기여_3028_260806,1951,0,0,0
2026-09-06 00:30:42,00:00,906987379684182,1팀,120250858902240200,07.크리스피(ASC)(메가딜)_TCPA_A+SC캠페인_ALL_C7_수_표준기여_2464_260806,4243,0,0,0
2026-09-06 00:30:42,00:00,906987379684182,1팀,120250858902260200,07.크리스피(ASC)(메가딜)_TROAS_A+SC캠페인_구매최적화_값_표준기여_2464_260806,2846,0,0,0
2026-09-06 00:30:42,00:00,906987379684182,1팀,120250859367430200,20.김자반밥바(ASC)(하이브리드)_A+SC캠페인_구매최적화_수_가치조정_3159_260806,903,0,0,0
2026-09-06 00:30:42,00:00,906987379684182,1팀,120250859367440200,20.김자반밥바(ASC)(하이브리드)_TCPA_A+SC캠페인_ALL_C7_수_표준기여_3159_260806,9825,0,0,0
2026-09-06 00:30:42,00:00,906987379684182,1팀,120251066794820200,07.크리스피(ASC)(하이브리드)_A+SC캠페인_구매최적화_수_표준기여_3078_260816_AI _2,1126,0,0,0
2026-09-06 00:30:42,00:00,906987379684182,1팀,120251066794930200,07.크리스피(ASC)(하이브리드)_TROAS_A+SC캠페인_구매최적화_값_표준기여_3078_260816_AI _2,11481,0,0,0
2026-09-06 00:30:42,00:00,906987379684182,1팀,120251169199390200,07.크리스피(ASC)(하이브리드)_TROAS_A+SC캠페인_구매최적화_값_표준기여_3078_260817(페르소나2),4247,0,0,0
2026-09-06 00:30:42,00:00,906987379684182,1팀,120251209789390200,07.크리스피(ASC)(하이브리드)_ABO캠페인_구매최적화_수_표준기여_3078_260819,5746,0,0,0
2026-09-06 00:30:42,00:00,906987379684182,1팀,120251211164320200,07.크리스피(ASC)(하이브리드)_A+SC캠페인_구매최적화_수_표준기여_3078_260819(테무콘),1973,0,0,0
2026-09-06 00:30:42,00:00,906987379684182,1팀,120251251523150200,20.김자반밥바(ASC)(하이브리드)_TROAS_ABO캠페인_구매최적화_수_표준기여_3159_260821,0,0,0,0
2026-09-06 00:30:42,00:00,906987379684182,1팀,120251251665220200,07.크리스피(ASC)(하이브리드)_TROAS_ABO캠페인_구매최적화_수_표준기여_3078_260821,5516,0,0,0
2026-09-06 00:30:42,00:00,906987379684182,1팀,120251327515450200,07.크리스피(ASC)(메가딜)_ABO캠페인_구매최적화_수_표준기여_2464_260825,11067,1,48600,439.14339929520196
2026-09-06 00:30:42,00:00,906987379684182,1팀,120251328004940200,07.크리스피(ASC)(메가딜)_TROAS_ABO캠페인_구매최적화_수_표준기여_2464_260825,1753,1,44000,2509.9828864803194
2026-09-06 00:30:42,00:00,906987379684182,1팀,120251367693570200,07.크리스피(ASC)(하이브리드)_TCPA_ABO캠페인_구매최적화_수_표준기여_3078_260827,0,0,0,0
2026-09-06 00:30:42,00:00,906987379684182,1팀,120251367790160200,07.크리스피(ASC)(메가딜)_TCPA_ABO캠페인_구매최적화_수_표준기여_2464_260827,11330,0,0,0
2026-09-06 00:30:42,00:00,906987379684182,1팀,120251368155020200,01.통살(ASC)(하이브리드)_ABO캠페인_구매최적화_수_표준기여_3028_260827,6108,0,0,0
2026-09-06 00:30:42,00:00,906987379684182,1팀,120251368716980200,01.통살(ASC)(하이브리드)_TPCA_ABO캠페인_구매최적화_수_표준기여_3028_260827,3741,0,0,0
2026-09-06 00:30:42,00:00,906987379684182,1팀,120251368728810200,01.통살(ASC)(하이브리드)_TROAS_ABO캠페인_구매최적화_수_표준기여_3028_260827,3372,0,0,0
2026-09-06 00:30:42,00:00,906987379684182,1팀,120251444359310200,07.크리스피(ASC)(하이브리드)_TROAS_A+SC캠페인_구매최적화_값_표준기여_3078_260901(테무콘2),1321,0,0,0
2026-09-06 00:30:42,00:00,906987379684182,1팀,120251503407460200,22.닭가슴살볼(ASC)(메가딜)_TROAS_A+SC캠페인_구매최적화_값_표준기여_2905_260906(김혜선),1870,0,0,0
2026-09-06 01:15:05,01:00,906987379684182,1팀,120237509836570200,07.크리스피(ASC)(메가딜)_TCPA16000_A+SC 캠페인_ALL_수_표준기여_2464,691,0,0,0
2026-09-06 01:15:05,01:00,906987379684182,1팀,120243001852340200,01.통살(ASC)(101010)_TCPA16000_A+SC 캠페인_ALL_V1C7_수_표준기여_2336_02,1336,0,0,0
2026-09-06 01:15:05,01:00,906987379684182,1팀,120244128322750200,01.통살(ASC)(101010)_TCPA16000_A+SC 캠페인_ALL_V1C7_수_표준기여_2336_03,887,0,0,0
2026-09-06 01:15:05,01:00,906987379684182,1팀,120246397028850200,07.크리스피(ASC)(통합)_A+SC 캠페인_구매최적화_수_표준기여_통합_260511,425,0,0,0
2026-09-06 01:15:05,01:00,906987379684182,1팀,120246898203940200,03.닭다리살(ASC)(1010)_A+SC캠페인_구매최적화_수_표준기여_2604_260519,963,0,0,0
2026-09-06 01:15:05,01:00,906987379684182,1팀,120246898384670200,03.닭다리살(ASC)(1010)_TROAS_A+SC캠페인_구매최적화_값_표준기여_2604_260519,15031,0,0,0
2026-09-06 01:15:05,01:00,906987379684182,1팀,120247379587080200,07.크리스피(ASC)(1010)_TROAS_A+SC캠페인_구매최적화_값_표준기여_2992_260527,586,0,0,0
2026-09-06 01:15:05,01:00,906987379684182,1팀,120249317264140200,07.크리스피(ASC)(하이브리드)_TROAS_A+SC캠페인_구매최적화_값_표준기여_3078_260713,1357,0,0,0
2026-09-06 01:15:05,01:00,906987379684182,1팀,120249873905240200,07.크리스피(ASC)(101010)_TROAS_A+SC캠페인_구매최적화_값_표준기여_2659_260705,723,0,0,0
2026-09-06 01:15:05,01:00,906987379684182,1팀,120249878429160200,01.통살(ASC)(하이브리드)_TROAS_A+SC캠페인_구매최적화_값_표준기여_3028_260705,1601,0,0,0
2026-09-06 01:15:05,01:00,906987379684182,1팀,120250268133470200,03.닭다리살(ASC)(하이브리드)_TROAS_A+SC캠페인_구매최적화_값_표준기여_3111_260726,1195,0,0,0
2026-09-06 01:15:05,01:00,906987379684182,1팀,120250614451040200,07.크리스피(ASC)(하이브리드)_TROAS_A+SC캠페인_구매최적화_값_표준기여_3078_260728,773,0,0,0
2026-09-06 01:15:05,01:00,906987379684182,1팀,120250649570130200,07.크리스피(ASC)(하이브리드)_TROAS_A+SC캠페인_구매최적화_값_표준기여_3078_260802_AI,505,0,0,0
2026-09-06 01:15:05,01:00,906987379684182,1팀,120250649570180200,07.크리스피(ASC)(하이브리드)_A+SC캠페인_구매최적화_수_표준기여_3078_260802_AI,1596,0,0,0
2026-09-06 01:15:05,01:00,906987379684182,1팀,120250858093370200,01.통살(ASC)(하이브리드)_TROAS_A+SC캠페인_구매최적화_값_표준기여_3028_260806,1102,0,0,0
2026-09-06 01:15:05,01:00,906987379684182,1팀,120250858093380200,01.통살(ASC)(하이브리드)_TCPA_A+SC캠페인_ALL_C7_수_표준기여_3028_260806,161,0,0,0
2026-09-06 01:15:05,01:00,906987379684182,1팀,120250858456470200,01.통살(ASC)(하이브리드)_A+SC캠페인_구매최적화_수_표준기여_3028_260806,318,0,0,0
2026-09-06 01:15:05,01:00,906987379684182,1팀,120250858902230200,07.크리스피(ASC)(메가딜)_A+SC캠페인_구매최적화_수_표준기여_2464_260806,17,0,0,0
2026-09-06 01:15:05,01:00,906987379684182,1팀,120250858902240200,07.크리스피(ASC)(메가딜)_TCPA_A+SC캠페인_ALL_C7_수_표준기여_2464_260806,160,0,0,0
2026-09-06 01:15:05,01:00,906987379684182,1팀,120250858902260200,07.크리스피(ASC)(메가딜)_TROAS_A+SC캠페인_구매최적화_값_표준기여_2464_260806,707,0,0,0
2026-09-06 01:15:05,01:00,906987379684182,1팀,120250859367430200,20.김자반밥바(ASC)(하이브리드)_A+SC캠페인_구매최적화_수_가치조정_3159_260806,643,0,0,0
2026-09-06 01:15:05,01:00,906987379684182,1팀,120250859367440200,20.김자반밥바(ASC)(하이브리드)_TCPA_A+SC캠페인_ALL_C7_수_표준기여_3159_260806,2052,0,0,0
2026-09-06 01:15:05,01:00,906987379684182,1팀,120251066794820200,07.크리스피(ASC)(하이브리드)_A+SC캠페인_구매최적화_수_표준기여_3078_260816_AI _2,181,0,0,0
2026-09-06 01:15:05,01:00,906987379684182,1팀,120251066794930200,07.크리스피(ASC)(하이브리드)_TROAS_A+SC캠페인_구매최적화_값_표준기여_3078_260816_AI _2,3774,0,0,0
2026-09-06 01:15:05,01:00,906987379684182,1팀,120251169199390200,07.크리스피(ASC)(하이브리드)_TROAS_A+SC캠페인_구매최적화_값_표준기여_3078_260817(페르소나2),968,0,0,0
2026-09-06 01:15:05,01:00,906987379684182,1팀,120251209789390200,07.크리스피(ASC)(하이브리드)_ABO캠페인_구매최적화_수_표준기여_3078_260819,1332,0,0,0
2026-09-06 01:15:05,01:00,906987379684182,1팀,120251211164320200,07.크리스피(ASC)(하이브리드)_A+SC캠페인_구매최적화_수_표준기여_3078_260819(테무콘),755,0,0,0
2026-09-06 01:15:05,01:00,906987379684182,1팀,120251251665220200,07.크리스피(ASC)(하이브리드)_TROAS_ABO캠페인_구매최적화_수_표준기여_3078_260821,5605,0,0,0
2026-09-06 01:15:05,01:00,906987379684182,1팀,120251327515450200,07.크리스피(ASC)(메가딜)_ABO캠페인_구매최적화_수_표준기여_2464_260825,1462,0,0,0
2026-09-06 01:15:05,01:00,906987379684182,1팀,120251328004940200,07.크리스피(ASC)(메가딜)_TROAS_ABO캠페인_구매최적화_수_표준기여_2464_260825,3267,0,0,0
2026-09-06 01:15:05,01:00,906987379684182,1팀,120251367693570200,07.크리스피(ASC)(하이브리드)_TCPA_ABO캠페인_구매최적화_수_표준기여_3078_260827,578,0,0,0
2026-09-06 01:15:05,01:00,906987379684182,1팀,120251367790160200,07.크리스피(ASC)(메가딜)_TCPA_ABO캠페인_구매최적화_수_표준기여_2464_260827,1189,0,0,0
2026-09-06 01:15:05,01:00,906987379684182,1팀,120251368155020200,01.통살(ASC)(하이브리드)_ABO캠페인_구매최적화_수_표준기여_3028_260827,1034,0,0,0
2026-09-06 01:15:05,01:00,906987379684182,1팀,120251368716980200,01.통살(ASC)(하이브리드)_TPCA_ABO캠페인_구매최적화_수_표준기여_3028_260827,597,0,0,0
2026-09-06 01:15:05,01:00,906987379684182,1팀,120251368728810200,01.통살(ASC)(하이브리드)_TROAS_ABO캠페인_구매최적화_수_표준기여_3028_260827,628,0,0,0
2026-09-06 01:15:05,01:00,906987379684182,1팀,120251444359310200,07.크리스피(ASC)(하이브리드)_TROAS_A+SC캠페인_구매최적화_값_표준기여_3078_260901(테무콘2),1112,0,0,0
2026-09-06 01:15:05,01:00,906987379684182,1팀,120251503407460200,22.닭가슴살볼(ASC)(메가딜)_TROAS_A+SC캠페인_구매최적화_값_표준기여_2905_260906(김혜선),532,0,0,0
2026-09-06 01:30:41,01:00,906987379684182,1팀,120228320649100200,01.통살(ASC)(101010)_TCPA16000_A+SC 캠페인_ALL_V1C7_수_표준기여_2336,0,0,0,0
2026-09-06 01:30:41,01:00,906987379684182,1팀,120237509836570200,07.크리스피(ASC)(메가딜)_TCPA16000_A+SC 캠페인_ALL_수_표준기여_2464,1203,1,189000,15710.72319201995
2026-09-06 01:30:41,01:00,906987379684182,1팀,120243001852340200,01.통살(ASC)(101010)_TCPA16000_A+SC 캠페인_ALL_V1C7_수_표준기여_2336_02,2004,0,0,0
2026-09-06 01:30:41,01:00,906987379684182,1팀,120244128322750200,01.통살(ASC)(101010)_TCPA16000_A+SC 캠페인_ALL_V1C7_수_표준기여_2336_03,1953,0,0,0
2026-09-06 01:30:41,01:00,906987379684182,1팀,120246397028850200,07.크리스피(ASC)(통합)_A+SC 캠페인_구매최적화_수_표준기여_통합_260511,1141,0,0,0
2026-09-06 01:30:41,01:00,906987379684182,1팀,120246898203940200,03.닭다리살(ASC)(1010)_A+SC캠페인_구매최적화_수_표준기여_2604_260519,2063,0,0,0
2026-09-06 01:30:41,01:00,906987379684182,1팀,120246898384670200,03.닭다리살(ASC)(1010)_TROAS_A+SC캠페인_구매최적화_값_표준기여_2604_260519,34997,0,0,0
2026-09-06 01:30:41,01:00,906987379684182,1팀,120247379587080200,07.크리스피(ASC)(1010)_TROAS_A+SC캠페인_구매최적화_값_표준기여_2992_260527,1312,0,0,0
2026-09-06 01:30:41,01:00,906987379684182,1팀,120249317264140200,07.크리스피(ASC)(하이브리드)_TROAS_A+SC캠페인_구매최적화_값_표준기여_3078_260713,2867,0,0,0
2026-09-06 01:30:41,01:00,906987379684182,1팀,120249873905240200,07.크리스피(ASC)(101010)_TROAS_A+SC캠페인_구매최적화_값_표준기여_2659_260705,2033,0,0,0
2026-09-06 01:30:41,01:00,906987379684182,1팀,120249878429160200,01.통살(ASC)(하이브리드)_TROAS_A+SC캠페인_구매최적화_값_표준기여_3028_260705,3428,0,0,0
2026-09-06 01:30:41,01:00,906987379684182,1팀,120250099159330200,07.크리스피(ASC)(메가딜)_TCPA_A+SC캠페인_ALL_C7_수_표준기여_2464_260712,63,0,0,0
2026-09-06 01:30:41,01:00,906987379684182,1팀,120250268133470200,03.닭다리살(ASC)(하이브리드)_TROAS_A+SC캠페인_구매최적화_값_표준기여_3111_260726,3511,0,0,0
2026-09-06 01:30:41,01:00,906987379684182,1팀,120250614451040200,07.크리스피(ASC)(하이브리드)_TROAS_A+SC캠페인_구매최적화_값_표준기여_3078_260728,2024,0,0,0
2026-09-06 01:30:41,01:00,906987379684182,1팀,120250649570130200,07.크리스피(ASC)(하이브리드)_TROAS_A+SC캠페인_구매최적화_값_표준기여_3078_260802_AI,2502,0,0,0
2026-09-06 01:30:41,01:00,906987379684182,1팀,120250649570180200,07.크리스피(ASC)(하이브리드)_A+SC캠페인_구매최적화_수_표준기여_3078_260802_AI,3502,0,0,0
2026-09-06 01:30:41,01:00,906987379684182,1팀,120250858093370200,01.통살(ASC)(하이브리드)_TROAS_A+SC캠페인_구매최적화_값_표준기여_3028_260806,2575,0,0,0
2026-09-06 01:30:41,01:00,906987379684182,1팀,120250858093380200,01.통살(ASC)(하이브리드)_TCPA_A+SC캠페인_ALL_C7_수_표준기여_3028_260806,1060,0,0,0
2026-09-06 01:30:41,01:00,906987379684182,1팀,120250858456470200,01.통살(ASC)(하이브리드)_A+SC캠페인_구매최적화_수_표준기여_3028_260806,803,0,0,0
2026-09-06 01:30:41,01:00,906987379684182,1팀,120250858902230200,07.크리스피(ASC)(메가딜)_A+SC캠페인_구매최적화_수_표준기여_2464_260806,189,0,0,0
2026-09-06 01:30:41,01:00,906987379684182,1팀,120250858902240200,07.크리스피(ASC)(메가딜)_TCPA_A+SC캠페인_ALL_C7_수_표준기여_2464_260806,512,0,0,0
2026-09-06 01:30:41,01:00,906987379684182,1팀,120250858902260200,07.크리스피(ASC)(메가딜)_TROAS_A+SC캠페인_구매최적화_값_표준기여_2464_260806,1698,0,0,0
2026-09-06 01:30:41,01:00,906987379684182,1팀,120250859367430200,20.김자반밥바(ASC)(하이브리드)_A+SC캠페인_구매최적화_수_가치조정_3159_260806,1282,0,0,0
2026-09-06 01:30:41,01:00,906987379684182,1팀,120250859367440200,20.김자반밥바(ASC)(하이브리드)_TCPA_A+SC캠페인_ALL_C7_수_표준기여_3159_260806,6105,1,47890,784.4389844389844
2026-09-06 01:30:41,01:00,906987379684182,1팀,120251066794820200,07.크리스피(ASC)(하이브리드)_A+SC캠페인_구매최적화_수_표준기여_3078_260816_AI _2,1167,0,0,0
2026-09-06 01:30:41,01:00,906987379684182,1팀,120251066794930200,07.크리스피(ASC)(하이브리드)_TROAS_A+SC캠페인_구매최적화_값_표준기여_3078_260816_AI _2,7414,0,0,0
2026-09-06 01:30:41,01:00,906987379684182,1팀,120251169199390200,07.크리스피(ASC)(하이브리드)_TROAS_A+SC캠페인_구매최적화_값_표준기여_3078_260817(페르소나2),2767,0,0,0
2026-09-06 01:30:41,01:00,906987379684182,1팀,120251209789390200,07.크리스피(ASC)(하이브리드)_ABO캠페인_구매최적화_수_표준기여_3078_260819,3550,0,0,0
2026-09-06 01:30:41,01:00,906987379684182,1팀,120251211164310200,07.크리스피(ASC)(하이브리드)_TROAS_A+SC캠페인_구매최적화_값_표준기여_3078_260819(테무콘),0,0,0,0
2026-09-06 01:30:41,01:00,906987379684182,1팀,120251211164320200,07.크리스피(ASC)(하이브리드)_A+SC캠페인_구매최적화_수_표준기여_3078_260819(테무콘),1592,0,0,0
2026-09-06 01:30:41,01:00,906987379684182,1팀,120251251665220200,07.크리스피(ASC)(하이브리드)_TROAS_ABO캠페인_구매최적화_수_표준기여_3078_260821,14954,0,0,0
2026-09-06 01:30:41,01:00,906987379684182,1팀,120251327515450200,07.크리스피(ASC)(메가딜)_ABO캠페인_구매최적화_수_표준기여_2464_260825,3563,0,0,0
2026-09-06 01:30:41,01:00,906987379684182,1팀,120251328004940200,07.크리스피(ASC)(메가딜)_TROAS_ABO캠페인_구매최적화_수_표준기여_2464_260825,8331,0,0,0
2026-09-06 01:30:41,01:00,906987379684182,1팀,120251367693570200,07.크리스피(ASC)(하이브리드)_TCPA_ABO캠페인_구매최적화_수_표준기여_3078_260827,1319,0,0,0
2026-09-06 01:30:41,01:00,906987379684182,1팀,120251367790160200,07.크리스피(ASC)(메가딜)_TCPA_ABO캠페인_구매최적화_수_표준기여_2464_260827,2988,0,0,0
2026-09-06 01:30:41,01:00,906987379684182,1팀,120251368155020200,01.통살(ASC)(하이브리드)_ABO캠페인_구매최적화_수_표준기여_3028_260827,2364,0,0,0
2026-09-06 01:30:41,01:00,906987379684182,1팀,120251368716980200,01.통살(ASC)(하이브리드)_TPCA_ABO캠페인_구매최적화_수_표준기여_3028_260827,1246,1,62100,4983.9486356340285
2026-09-06 01:30:41,01:00,906987379684182,1팀,120251368728810200,01.통살(ASC)(하이브리드)_TROAS_ABO캠페인_구매최적화_수_표준기여_3028_260827,1971,0,0,0
2026-09-06 01:30:41,01:00,906987379684182,1팀,120251444359310200,07.크리스피(ASC)(하이브리드)_TROAS_A+SC캠페인_구매최적화_값_표준기여_3078_260901(테무콘2),1594,0,0,0
2026-09-06 01:30:41,01:00,906987379684182,1팀,120251503407460200,22.닭가슴살볼(ASC)(메가딜)_TROAS_A+SC캠페인_구매최적화_값_표준기여_2905_260906(김혜선),1434,0,0,0
2026-09-06 02:30:44,02:00,906987379684182,1팀,120228320649100200,01.통살(ASC)(101010)_TCPA16000_A+SC 캠페인_ALL_V1C7_수_표준기여_2336,0,0,0,0
2026-09-06 02:30:44,02:00,906987379684182,1팀,120228788396590200,01.통살(ASC)(메가딜)_TCPA20000_A+SC 캠페인_ALL_V1C7_수_표준기여_1874,0,0,0,0
2026-09-06 02:30:44,02:00,906987379684182,1팀,120237509836570200,07.크리스피(ASC)(메가딜)_TCPA16000_A+SC 캠페인_ALL_수_표준기여_2464,724,0,0,0
2026-09-06 02:30:44,02:00,906987379684182,1팀,120243001852340200,01.통살(ASC)(101010)_TCPA16000_A+SC 캠페인_ALL_V1C7_수_표준기여_2336_02,811,0,0,0
2026-09-06 02:30:44,02:00,906987379684182,1팀,120244128322750200,01.통살(ASC)(101010)_TCPA16000_A+SC 캠페인_ALL_V1C7_수_표준기여_2336_03,1361,0,0,0
2026-09-06 02:30:44,02:00,906987379684182,1팀,120246397028850200,07.크리스피(ASC)(통합)_A+SC 캠페인_구매최적화_수_표준기여_통합_260511,1180,0,0,0
2026-09-06 02:30:44,02:00,906987379684182,1팀,120246898203940200,03.닭다리살(ASC)(1010)_A+SC캠페인_구매최적화_수_표준기여_2604_260519,1547,0,0,0
2026-09-06 02:30:44,02:00,906987379684182,1팀,120246898384670200,03.닭다리살(ASC)(1010)_TROAS_A+SC캠페인_구매최적화_값_표준기여_2604_260519,16884,1,161290,955.2831082681829
2026-09-06 02:30:44,02:00,906987379684182,1팀,120247379587080200,07.크리스피(ASC)(1010)_TROAS_A+SC캠페인_구매최적화_값_표준기여_2992_260527,1441,0,0,0
2026-09-06 02:30:44,02:00,906987379684182,1팀,120249317264140200,07.크리스피(ASC)(하이브리드)_TROAS_A+SC캠페인_구매최적화_값_표준기여_3078_260713,853,0,0,0
2026-09-06 02:30:44,02:00,906987379684182,1팀,120249873905240200,07.크리스피(ASC)(101010)_TROAS_A+SC캠페인_구매최적화_값_표준기여_2659_260705,1246,0,0,0
2026-09-06 02:30:44,02:00,906987379684182,1팀,120249878429160200,01.통살(ASC)(하이브리드)_TROAS_A+SC캠페인_구매최적화_값_표준기여_3028_260705,1817,0,0,0
2026-09-06 02:30:44,02:00,906987379684182,1팀,120250099159330200,07.크리스피(ASC)(메가딜)_TCPA_A+SC캠페인_ALL_C7_수_표준기여_2464_260712,1153,0,0,0
2026-09-06 02:30:44,02:00,906987379684182,1팀,120250268133470200,03.닭다리살(ASC)(하이브리드)_TROAS_A+SC캠페인_구매최적화_값_표준기여_3111_260726,2099,0,0,0
2026-09-06 02:30:44,02:00,906987379684182,1팀,120250614451040200,07.크리스피(ASC)(하이브리드)_TROAS_A+SC캠페인_구매최적화_값_표준기여_3078_260728,1236,0,0,0
2026-09-06 02:30:44,02:00,906987379684182,1팀,120250649570130200,07.크리스피(ASC)(하이브리드)_TROAS_A+SC캠페인_구매최적화_값_표준기여_3078_260802_AI,704,0,0,0
2026-09-06 02:30:44,02:00,906987379684182,1팀,120250649570180200,07.크리스피(ASC)(하이브리드)_A+SC캠페인_구매최적화_수_표준기여_3078_260802_AI,802,0,0,0
2026-09-06 02:30:44,02:00,906987379684182,1팀,120250858093370200,01.통살(ASC)(하이브리드)_TROAS_A+SC캠페인_구매최적화_값_표준기여_3028_260806,1474,0,0,0
2026-09-06 02:30:44,02:00,906987379684182,1팀,120250858093380200,01.통살(ASC)(하이브리드)_TCPA_A+SC캠페인_ALL_C7_수_표준기여_3028_260806,733,1,67400,9195.088676671214
2026-09-06 02:30:44,02:00,906987379684182,1팀,120250858456470200,01.통살(ASC)(하이브리드)_A+SC캠페인_구매최적화_수_표준기여_3028_260806,802,0,0,0
2026-09-06 02:30:44,02:00,906987379684182,1팀,120250858902230200,07.크리스피(ASC)(메가딜)_A+SC캠페인_구매최적화_수_표준기여_2464_260806,151,0,0,0
2026-09-06 02:30:44,02:00,906987379684182,1팀,120250858902240200,07.크리스피(ASC)(메가딜)_TCPA_A+SC캠페인_ALL_C7_수_표준기여_2464_260806,673,0,0,0
2026-09-06 02:30:44,02:00,906987379684182,1팀,120250858902260200,07.크리스피(ASC)(메가딜)_TROAS_A+SC캠페인_구매최적화_값_표준기여_2464_260806,1102,0,0,0
2026-09-06 02:30:44,02:00,906987379684182,1팀,120250859367430200,20.김자반밥바(ASC)(하이브리드)_A+SC캠페인_구매최적화_수_가치조정_3159_260806,545,0,0,0
2026-09-06 02:30:44,02:00,906987379684182,1팀,120250859367440200,20.김자반밥바(ASC)(하이브리드)_TCPA_A+SC캠페인_ALL_C7_수_표준기여_3159_260806,3817,0,0,0
2026-09-06 02:30:44,02:00,906987379684182,1팀,120251066794820200,07.크리스피(ASC)(하이브리드)_A+SC캠페인_구매최적화_수_표준기여_3078_260816_AI _2,859,0,0,0
2026-09-06 02:30:44,02:00,906987379684182,1팀,120251066794930200,07.크리스피(ASC)(하이브리드)_TROAS_A+SC캠페인_구매최적화_값_표준기여_3078_260816_AI _2,3279,0,0,0
2026-09-06 02:30:44,02:00,906987379684182,1팀,120251169199390200,07.크리스피(ASC)(하이브리드)_TROAS_A+SC캠페인_구매최적화_값_표준기여_3078_260817(페르소나2),2063,1,62700,3039.26320891905
2026-09-06 02:30:44,02:00,906987379684182,1팀,120251209789390200,07.크리스피(ASC)(하이브리드)_ABO캠페인_구매최적화_수_표준기여_3078_260819,2233,0,0,0
2026-09-06 02:30:44,02:00,906987379684182,1팀,120251211164310200,07.크리스피(ASC)(하이브리드)_TROAS_A+SC캠페인_구매최적화_값_표준기여_3078_260819(테무콘),0,0,0,0
2026-09-06 02:30:44,02:00,906987379684182,1팀,120251211164320200,07.크리스피(ASC)(하이브리드)_A+SC캠페인_구매최적화_수_표준기여_3078_260819(테무콘),906,0,0,0
2026-09-06 02:30:44,02:00,906987379684182,1팀,120251251665220200,07.크리스피(ASC)(하이브리드)_TROAS_ABO캠페인_구매최적화_수_표준기여_3078_260821,9401,0,0,0
2026-09-06 02:30:44,02:00,906987379684182,1팀,120251327515450200,07.크리스피(ASC)(메가딜)_ABO캠페인_구매최적화_수_표준기여_2464_260825,1651,0,0,0
2026-09-06 02:30:44,02:00,906987379684182,1팀,120251328004940200,07.크리스피(ASC)(메가딜)_TROAS_ABO캠페인_구매최적화_수_표준기여_2464_260825,4843,0,0,0
2026-09-06 02:30:44,02:00,906987379684182,1팀,120251367693570200,07.크리스피(ASC)(하이브리드)_TCPA_ABO캠페인_구매최적화_수_표준기여_3078_260827,823,0,0,0
2026-09-06 02:30:44,02:00,906987379684182,1팀,120251367790160200,07.크리스피(ASC)(메가딜)_TCPA_ABO캠페인_구매최적화_수_표준기여_2464_260827,2616,1,62000,2370.0305810397554
2026-09-06 02:30:44,02:00,906987379684182,1팀,120251368155020200,01.통살(ASC)(하이브리드)_ABO캠페인_구매최적화_수_표준기여_3028_260827,975,0,0,0
2026-09-06 02:30:44,02:00,906987379684182,1팀,120251368716980200,01.통살(ASC)(하이브리드)_TPCA_ABO캠페인_구매최적화_수_표준기여_3028_260827,725,0,0,0
2026-09-06 02:30:44,02:00,906987379684182,1팀,120251368728810200,01.통살(ASC)(하이브리드)_TROAS_ABO캠페인_구매최적화_수_표준기여_3028_260827,1525,0,0,0
2026-09-06 02:30:44,02:00,906987379684182,1팀,120251444359310200,07.크리스피(ASC)(하이브리드)_TROAS_A+SC캠페인_구매최적화_값_표준기여_3078_260901(테무콘2),711,0,0,0
2026-09-06 02:30:44,02:00,906987379684182,1팀,120251503407460200,22.닭가슴살볼(ASC)(메가딜)_TROAS_A+SC캠페인_구매최적화_값_표준기여_2905_260906(김혜선),1081,0,0,0
2026-09-06 03:23:52,03:00,906987379684182,1팀,120237509836570200,07.크리스피(ASC)(메가딜)_TCPA16000_A+SC 캠페인_ALL_수_표준기여_2464,260,0,0,0
2026-09-06 03:23:52,03:00,906987379684182,1팀,120243001852340200,01.통살(ASC)(101010)_TCPA16000_A+SC 캠페인_ALL_V1C7_수_표준기여_2336_02,430,0,0,0
2026-09-06 03:23:52,03:00,906987379684182,1팀,120244128322750200,01.통살(ASC)(101010)_TCPA16000_A+SC 캠페인_ALL_V1C7_수_표준기여_2336_03,1153,0,0,0
2026-09-06 03:23:52,03:00,906987379684182,1팀,120246397028850200,07.크리스피(ASC)(통합)_A+SC 캠페인_구매최적화_수_표준기여_통합_260511,252,0,0,0
2026-09-06 03:23:52,03:00,906987379684182,1팀,120246898203940200,03.닭다리살(ASC)(1010)_A+SC캠페인_구매최적화_수_표준기여_2604_260519,558,0,0,0
2026-09-06 03:23:52,03:00,906987379684182,1팀,120246898384670200,03.닭다리살(ASC)(1010)_TROAS_A+SC캠페인_구매최적화_값_표준기여_2604_260519,8670,0,0,0
2026-09-06 03:23:52,03:00,906987379684182,1팀,120247379587080200,07.크리스피(ASC)(1010)_TROAS_A+SC캠페인_구매최적화_값_표준기여_2992_260527,392,0,0,0
2026-09-06 03:23:52,03:00,906987379684182,1팀,120248361514480200,01.통살(ASC)(하이브리드)_TCPA_A+SC캠페인_ALL_C7_수_표준기여_3028_260611,0,0,0,0
2026-09-06 03:23:52,03:00,906987379684182,1팀,120249317264140200,07.크리스피(ASC)(하이브리드)_TROAS_A+SC캠페인_구매최적화_값_표준기여_3078_260713,618,0,0,0
2026-09-06 03:23:52,03:00,906987379684182,1팀,120249873905240200,07.크리스피(ASC)(101010)_TROAS_A+SC캠페인_구매최적화_값_표준기여_2659_260705,362,0,0,0
2026-09-06 03:23:52,03:00,906987379684182,1팀,120249878429160200,01.통살(ASC)(하이브리드)_TROAS_A+SC캠페인_구매최적화_값_표준기여_3028_260705,666,0,0,0
2026-09-06 03:23:52,03:00,906987379684182,1팀,120250099159330200,07.크리스피(ASC)(메가딜)_TCPA_A+SC캠페인_ALL_C7_수_표준기여_2464_260712,462,0,0,0
2026-09-06 03:23:52,03:00,906987379684182,1팀,120250268133470200,03.닭다리살(ASC)(하이브리드)_TROAS_A+SC캠페인_구매최적화_값_표준기여_3111_260726,1338,0,0,0
2026-09-06 03:23:52,03:00,906987379684182,1팀,120250444210730200,20.김자반밥바(ASC)(하이브리드)_TROAS_A+SC캠페인_구매최적화_값_표준기여_3159_260726,0,0,0,0
2026-09-06 03:23:52,03:00,906987379684182,1팀,120250614451040200,07.크리스피(ASC)(하이브리드)_TROAS_A+SC캠페인_구매최적화_값_표준기여_3078_260728,761,0,0,0
2026-09-06 03:23:52,03:00,906987379684182,1팀,120250649570130200,07.크리스피(ASC)(하이브리드)_TROAS_A+SC캠페인_구매최적화_값_표준기여_3078_260802_AI,335,0,0,0
2026-09-06 03:23:52,03:00,906987379684182,1팀,120250649570180200,07.크리스피(ASC)(하이브리드)_A+SC캠페인_구매최적화_수_표준기여_3078_260802_AI,818,0,0,0
2026-09-06 03:23:52,03:00,906987379684182,1팀,120250858093370200,01.통살(ASC)(하이브리드)_TROAS_A+SC캠페인_구매최적화_값_표준기여_3028_260806,475,0,0,0
2026-09-06 03:23:52,03:00,906987379684182,1팀,120250858093380200,01.통살(ASC)(하이브리드)_TCPA_A+SC캠페인_ALL_C7_수_표준기여_3028_260806,433,0,0,0
2026-09-06 03:23:52,03:00,906987379684182,1팀,120250858456470200,01.통살(ASC)(하이브리드)_A+SC캠페인_구매최적화_수_표준기여_3028_260806,128,0,0,0
2026-09-06 03:23:52,03:00,906987379684182,1팀,120250858902230200,07.크리스피(ASC)(메가딜)_A+SC캠페인_구매최적화_수_표준기여_2464_260806,79,0,0,0
2026-09-06 03:23:52,03:00,906987379684182,1팀,120250858902240200,07.크리스피(ASC)(메가딜)_TCPA_A+SC캠페인_ALL_C7_수_표준기여_2464_260806,587,0,0,0
2026-09-06 03:23:52,03:00,906987379684182,1팀,120250858902260200,07.크리스피(ASC)(메가딜)_TROAS_A+SC캠페인_구매최적화_값_표준기여_2464_260806,500,0,0,0
2026-09-06 03:23:52,03:00,906987379684182,1팀,120250859367430200,20.김자반밥바(ASC)(하이브리드)_A+SC캠페인_구매최적화_수_가치조정_3159_260806,220,0,0,0
2026-09-06 03:23:52,03:00,906987379684182,1팀,120250859367440200,20.김자반밥바(ASC)(하이브리드)_TCPA_A+SC캠페인_ALL_C7_수_표준기여_3159_260806,1721,0,0,0
2026-09-06 03:23:52,03:00,906987379684182,1팀,120251066794820200,07.크리스피(ASC)(하이브리드)_A+SC캠페인_구매최적화_수_표준기여_3078_260816_AI _2,137,0,0,0
2026-09-06 03:23:52,03:00,906987379684182,1팀,120251066794930200,07.크리스피(ASC)(하이브리드)_TROAS_A+SC캠페인_구매최적화_값_표준기여_3078_260816_AI _2,209,0,0,0
2026-09-06 03:23:52,03:00,906987379684182,1팀,120251169199390200,07.크리스피(ASC)(하이브리드)_TROAS_A+SC캠페인_구매최적화_값_표준기여_3078_260817(페르소나2),1834,0,0,0
2026-09-06 03:23:52,03:00,906987379684182,1팀,120251209789390200,07.크리스피(ASC)(하이브리드)_ABO캠페인_구매최적화_수_표준기여_3078_260819,1214,0,0,0
2026-09-06 03:23:52,03:00,906987379684182,1팀,120251211164300200,07.크리스피(ASC)(하이브리드)_TCPA_A+SC캠페인_ALL_C7_수_표준기여_3078_260819(테무콘),41,0,0,0
2026-09-06 03:23:52,03:00,906987379684182,1팀,120251211164320200,07.크리스피(ASC)(하이브리드)_A+SC캠페인_구매최적화_수_표준기여_3078_260819(테무콘),377,0,0,0
2026-09-06 03:23:52,03:00,906987379684182,1팀,120251251665220200,07.크리스피(ASC)(하이브리드)_TROAS_ABO캠페인_구매최적화_수_표준기여_3078_260821,4900,1,28900,589.795918367347
2026-09-06 03:23:52,03:00,906987379684182,1팀,120251327515450200,07.크리스피(ASC)(메가딜)_ABO캠페인_구매최적화_수_표준기여_2464_260825,1413,0,0,0
2026-09-06 03:23:52,03:00,906987379684182,1팀,120251328004940200,07.크리스피(ASC)(메가딜)_TROAS_ABO캠페인_구매최적화_수_표준기여_2464_260825,1962,0,0,0
2026-09-06 03:23:52,03:00,906987379684182,1팀,120251367693570200,07.크리스피(ASC)(하이브리드)_TCPA_ABO캠페인_구매최적화_수_표준기여_3078_260827,323,0,0,0
2026-09-06 03:23:52,03:00,906987379684182,1팀,120251367790160200,07.크리스피(ASC)(메가딜)_TCPA_ABO캠페인_구매최적화_수_표준기여_2464_260827,1532,0,0,0
2026-09-06 03:23:52,03:00,906987379684182,1팀,120251368155020200,01.통살(ASC)(하이브리드)_ABO캠페인_구매최적화_수_표준기여_3028_260827,477,0,0,0
2026-09-06 03:23:52,03:00,906987379684182,1팀,120251368716980200,01.통살(ASC)(하이브리드)_TPCA_ABO캠페인_구매최적화_수_표준기여_3028_260827,352,0,0,0
2026-09-06 03:23:52,03:00,906987379684182,1팀,120251368728810200,01.통살(ASC)(하이브리드)_TROAS_ABO캠페인_구매최적화_수_표준기여_3028_260827,614,0,0,0
2026-09-06 03:23:52,03:00,906987379684182,1팀,120251444359310200,07.크리스피(ASC)(하이브리드)_TROAS_A+SC캠페인_구매최적화_값_표준기여_3078_260901(테무콘2),447,0,0,0
2026-09-06 03:23:52,03:00,906987379684182,1팀,120251503407460200,22.닭가슴살볼(ASC)(메가딜)_TROAS_A+SC캠페인_구매최적화_값_표준기여_2905_260906(김혜선),619,0,0,0
2026-09-06 03:30:43,03:00,906987379684182,1팀,120237509836570200,07.크리스피(ASC)(메가딜)_TCPA16000_A+SC 캠페인_ALL_수_표준기여_2464,462,0,0,0
2026-09-06 03:30:43,03:00,906987379684182,1팀,120243001852340200,01.통살(ASC)(101010)_TCPA16000_A+SC 캠페인_ALL_V1C7_수_표준기여_2336_02,550,0,0,0
2026-09-06 03:30:43,03:00,906987379684182,1팀,120244128322750200,01.통살(ASC)(101010)_TCPA16000_A+SC 캠페인_ALL_V1C7_수_표준기여_2336_03,1310,0,0,0
2026-09-06 03:30:43,03:00,906987379684182,1팀,120246397028850200,07.크리스피(ASC)(통합)_A+SC 캠페인_구매최적화_수_표준기여_통합_260511,272,0,0,0
2026-09-06 03:30:43,03:00,906987379684182,1팀,120246898203940200,03.닭다리살(ASC)(1010)_A+SC캠페인_구매최적화_수_표준기여_2604_260519,613,0,0,0
2026-09-06 03:30:43,03:00,906987379684182,1팀,120246898384670200,03.닭다리살(ASC)(1010)_TROAS_A+SC캠페인_구매최적화_값_표준기여_2604_260519,12045,0,0,0
2026-09-06 03:30:43,03:00,906987379684182,1팀,120247379587080200,07.크리스피(ASC)(1010)_TROAS_A+SC캠페인_구매최적화_값_표준기여_2992_260527,452,0,0,0
2026-09-06 03:30:43,03:00,906987379684182,1팀,120248361514480200,01.통살(ASC)(하이브리드)_TCPA_A+SC캠페인_ALL_C7_수_표준기여_3028_260611,0,0,0,0
2026-09-06 03:30:43,03:00,906987379684182,1팀,120249317264140200,07.크리스피(ASC)(하이브리드)_TROAS_A+SC캠페인_구매최적화_값_표준기여_3078_260713,738,0,0,0
2026-09-06 03:30:43,03:00,906987379684182,1팀,120249873905240200,07.크리스피(ASC)(101010)_TROAS_A+SC캠페인_구매최적화_값_표준기여_2659_260705,447,0,0,0
2026-09-06 03:30:43,03:00,906987379684182,1팀,120249878429160200,01.통살(ASC)(하이브리드)_TROAS_A+SC캠페인_구매최적화_값_표준기여_3028_260705,895,0,0,0
2026-09-06 03:30:43,03:00,906987379684182,1팀,120250099159330200,07.크리스피(ASC)(메가딜)_TCPA_A+SC캠페인_ALL_C7_수_표준기여_2464_260712,554,0,0,0
2026-09-06 03:30:43,03:00,906987379684182,1팀,120250268133470200,03.닭다리살(ASC)(하이브리드)_TROAS_A+SC캠페인_구매최적화_값_표준기여_3111_260726,1773,0,0,0
2026-09-06 03:30:43,03:00,906987379684182,1팀,120250444210730200,20.김자반밥바(ASC)(하이브리드)_TROAS_A+SC캠페인_구매최적화_값_표준기여_3159_260726,0,0,0,0
2026-09-06 03:30:43,03:00,906987379684182,1팀,120250614451040200,07.크리스피(ASC)(하이브리드)_TROAS_A+SC캠페인_구매최적화_값_표준기여_3078_260728,951,0,0,0
2026-09-06 03:30:43,03:00,906987379684182,1팀,120250649570130200,07.크리스피(ASC)(하이브리드)_TROAS_A+SC캠페인_구매최적화_값_표준기여_3078_260802_AI,427,0,0,0
2026-09-06 03:30:43,03:00,906987379684182,1팀,120250649570180200,07.크리스피(ASC)(하이브리드)_A+SC캠페인_구매최적화_수_표준기여_3078_260802_AI,966,0,0,0
2026-09-06 03:30:43,03:00,906987379684182,1팀,120250858093370200,01.통살(ASC)(하이브리드)_TROAS_A+SC캠페인_구매최적화_값_표준기여_3028_260806,713,0,0,0
2026-09-06 03:30:43,03:00,906987379684182,1팀,120250858093380200,01.통살(ASC)(하이브리드)_TCPA_A+SC캠페인_ALL_C7_수_표준기여_3028_260806,494,0,0,0
2026-09-06 03:30:43,03:00,906987379684182,1팀,120250858456470200,01.통살(ASC)(하이브리드)_A+SC캠페인_구매최적화_수_표준기여_3028_260806,230,0,0,0
2026-09-06 03:30:43,03:00,906987379684182,1팀,120250858902230200,07.크리스피(ASC)(메가딜)_A+SC캠페인_구매최적화_수_표준기여_2464_260806,79,0,0,0
2026-09-06 03:30:43,03:00,906987379684182,1팀,120250858902240200,07.크리스피(ASC)(메가딜)_TCPA_A+SC캠페인_ALL_C7_수_표준기여_2464_260806,703,0,0,0
2026-09-06 03:30:43,03:00,906987379684182,1팀,120250858902260200,07.크리스피(ASC)(메가딜)_TROAS_A+SC캠페인_구매최적화_값_표준기여_2464_260806,698,0,0,0
2026-09-06 03:30:43,03:00,906987379684182,1팀,120250859367430200,20.김자반밥바(ASC)(하이브리드)_A+SC캠페인_구매최적화_수_가치조정_3159_260806,444,0,0,0
2026-09-06 03:30:43,03:00,906987379684182,1팀,120250859367440200,20.김자반밥바(ASC)(하이브리드)_TCPA_A+SC캠페인_ALL_C7_수_표준기여_3159_260806,2375,0,0,0
2026-09-06 03:30:43,03:00,906987379684182,1팀,120251066794820200,07.크리스피(ASC)(하이브리드)_A+SC캠페인_구매최적화_수_표준기여_3078_260816_AI _2,231,0,0,0
2026-09-06 03:30:43,03:00,906987379684182,1팀,120251066794930200,07.크리스피(ASC)(하이브리드)_TROAS_A+SC캠페인_구매최적화_값_표준기여_3078_260816_AI _2,291,0,0,0
2026-09-06 03:30:43,03:00,906987379684182,1팀,120251169199390200,07.크리스피(ASC)(하이브리드)_TROAS_A+SC캠페인_구매최적화_값_표준기여_3078_260817(페르소나2),2485,0,0,0
2026-09-06 03:30:43,03:00,906987379684182,1팀,120251209789390200,07.크리스피(ASC)(하이브리드)_ABO캠페인_구매최적화_수_표준기여_3078_260819,1463,0,0,0
2026-09-06 03:30:43,03:00,906987379684182,1팀,120251211164300200,07.크리스피(ASC)(하이브리드)_TCPA_A+SC캠페인_ALL_C7_수_표준기여_3078_260819(테무콘),41,0,0,0
2026-09-06 03:30:43,03:00,906987379684182,1팀,120251211164320200,07.크리스피(ASC)(하이브리드)_A+SC캠페인_구매최적화_수_표준기여_3078_260819(테무콘),892,0,0,0
2026-09-06 03:30:43,03:00,906987379684182,1팀,120251251665220200,07.크리스피(ASC)(하이브리드)_TROAS_ABO캠페인_구매최적화_수_표준기여_3078_260821,6646,1,28900,434.8480288895576
2026-09-06 03:30:43,03:00,906987379684182,1팀,120251327515450200,07.크리스피(ASC)(메가딜)_ABO캠페인_구매최적화_수_표준기여_2464_260825,1661,0,0,0
2026-09-06 03:30:43,03:00,906987379684182,1팀,120251328004940200,07.크리스피(ASC)(메가딜)_TROAS_ABO캠페인_구매최적화_수_표준기여_2464_260825,2451,0,0,0
2026-09-06 03:30:43,03:00,906987379684182,1팀,120251367693570200,07.크리스피(ASC)(하이브리드)_TCPA_ABO캠페인_구매최적화_수_표준기여_3078_260827,493,0,0,0
2026-09-06 03:30:43,03:00,906987379684182,1팀,120251367790160200,07.크리스피(ASC)(메가딜)_TCPA_ABO캠페인_구매최적화_수_표준기여_2464_260827,2046,0,0,0
2026-09-06 03:30:43,03:00,906987379684182,1팀,120251368155020200,01.통살(ASC)(하이브리드)_ABO캠페인_구매최적화_수_표준기여_3028_260827,684,0,0,0
2026-09-06 03:30:43,03:00,906987379684182,1팀,120251368716980200,01.통살(ASC)(하이브리드)_TPCA_ABO캠페인_구매최적화_수_표준기여_3028_260827,556,0,0,0
2026-09-06 03:30:43,03:00,906987379684182,1팀,120251368728810200,01.통살(ASC)(하이브리드)_TROAS_ABO캠페인_구매최적화_수_표준기여_3028_260827,804,0,0,0
2026-09-06 03:30:43,03:00,906987379684182,1팀,120251444359310200,07.크리스피(ASC)(하이브리드)_TROAS_A+SC캠페인_구매최적화_값_표준기여_3078_260901(테무콘2),504,0,0,0
2026-09-06 03:30:43,03:00,906987379684182,1팀,120251503407460200,22.닭가슴살볼(ASC)(메가딜)_TROAS_A+SC캠페인_구매최적화_값_표준기여_2905_260906(김혜선),841,0,0,0
2026-09-06 04:30:39,04:00,906987379684182,1팀,120237509836570200,07.크리스피(ASC)(메가딜)_TCPA16000_A+SC 캠페인_ALL_수_표준기여_2464,284,0,0,0
2026-09-06 04:30:39,04:00,906987379684182,1팀,120243001852340200,01.통살(ASC)(101010)_TCPA16000_A+SC 캠페인_ALL_V1C7_수_표준기여_2336_02,283,0,0,0
2026-09-06 04:30:39,04:00,906987379684182,1팀,120244128322750200,01.통살(ASC)(101010)_TCPA16000_A+SC 캠페인_ALL_V1C7_수_표준기여_2336_03,464,0,0,0
2026-09-06 04:30:39,04:00,906987379684182,1팀,120246397028850200,07.크리스피(ASC)(통합)_A+SC 캠페인_구매최적화_수_표준기여_통합_260511,173,0,0,0
2026-09-06 04:30:39,04:00,906987379684182,1팀,120246898203940200,03.닭다리살(ASC)(1010)_A+SC캠페인_구매최적화_수_표준기여_2604_260519,624,0,0,0
2026-09-06 04:30:39,04:00,906987379684182,1팀,120246898384670200,03.닭다리살(ASC)(1010)_TROAS_A+SC캠페인_구매최적화_값_표준기여_2604_260519,7536,0,0,0
2026-09-06 04:30:39,04:00,906987379684182,1팀,120247379587080200,07.크리스피(ASC)(1010)_TROAS_A+SC캠페인_구매최적화_값_표준기여_2992_260527,545,0,0,0
2026-09-06 04:30:39,04:00,906987379684182,1팀,120249317264140200,07.크리스피(ASC)(하이브리드)_TROAS_A+SC캠페인_구매최적화_값_표준기여_3078_260713,177,0,0,0
2026-09-06 04:30:39,04:00,906987379684182,1팀,120249873905240200,07.크리스피(ASC)(101010)_TROAS_A+SC캠페인_구매최적화_값_표준기여_2659_260705,397,0,0,0
2026-09-06 04:30:39,04:00,906987379684182,1팀,120249878429160200,01.통살(ASC)(하이브리드)_TROAS_A+SC캠페인_구매최적화_값_표준기여_3028_260705,428,0,0,0
2026-09-06 04:30:39,04:00,906987379684182,1팀,120250099159330200,07.크리스피(ASC)(메가딜)_TCPA_A+SC캠페인_ALL_C7_수_표준기여_2464_260712,460,0,0,0
2026-09-06 04:30:39,04:00,906987379684182,1팀,120250268133470200,03.닭다리살(ASC)(하이브리드)_TROAS_A+SC캠페인_구매최적화_값_표준기여_3111_260726,566,0,0,0
2026-09-06 04:30:39,04:00,906987379684182,1팀,120250614451040200,07.크리스피(ASC)(하이브리드)_TROAS_A+SC캠페인_구매최적화_값_표준기여_3078_260728,623,0,0,0
2026-09-06 04:30:39,04:00,906987379684182,1팀,120250649570130200,07.크리스피(ASC)(하이브리드)_TROAS_A+SC캠페인_구매최적화_값_표준기여_3078_260802_AI,359,0,0,0
2026-09-06 04:30:39,04:00,906987379684182,1팀,120250649570180200,07.크리스피(ASC)(하이브리드)_A+SC캠페인_구매최적화_수_표준기여_3078_260802_AI,243,0,0,0
2026-09-06 04:30:39,04:00,906987379684182,1팀,120250858093370200,01.통살(ASC)(하이브리드)_TROAS_A+SC캠페인_구매최적화_값_표준기여_3028_260806,488,0,0,0
2026-09-06 04:30:39,04:00,906987379684182,1팀,120250858093380200,01.통살(ASC)(하이브리드)_TCPA_A+SC캠페인_ALL_C7_수_표준기여_3028_260806,268,0,0,0
2026-09-06 04:30:39,04:00,906987379684182,1팀,120250858456470200,01.통살(ASC)(하이브리드)_A+SC캠페인_구매최적화_수_표준기여_3028_260806,165,0,0,0
2026-09-06 04:30:39,04:00,906987379684182,1팀,120250858902230200,07.크리스피(ASC)(메가딜)_A+SC캠페인_구매최적화_수_표준기여_2464_260806,45,0,0,0
2026-09-06 04:30:39,04:00,906987379684182,1팀,120250858902240200,07.크리스피(ASC)(메가딜)_TCPA_A+SC캠페인_ALL_C7_수_표준기여_2464_260806,819,0,0,0
2026-09-06 04:30:39,04:00,906987379684182,1팀,120250858902260200,07.크리스피(ASC)(메가딜)_TROAS_A+SC캠페인_구매최적화_값_표준기여_2464_260806,517,0,0,0
2026-09-06 04:30:39,04:00,906987379684182,1팀,120250859367430200,20.김자반밥바(ASC)(하이브리드)_A+SC캠페인_구매최적화_수_가치조정_3159_260806,158,0,0,0
2026-09-06 04:30:39,04:00,906987379684182,1팀,120250859367440200,20.김자반밥바(ASC)(하이브리드)_TCPA_A+SC캠페인_ALL_C7_수_표준기여_3159_260806,2153,0,0,0
2026-09-06 04:30:39,04:00,906987379684182,1팀,120251066794820200,07.크리스피(ASC)(하이브리드)_A+SC캠페인_구매최적화_수_표준기여_3078_260816_AI _2,397,0,0,0
2026-09-06 04:30:39,04:00,906987379684182,1팀,120251066794930200,07.크리스피(ASC)(하이브리드)_TROAS_A+SC캠페인_구매최적화_값_표준기여_3078_260816_AI _2,707,0,0,0
2026-09-06 04:30:39,04:00,906987379684182,1팀,120251169199390200,07.크리스피(ASC)(하이브리드)_TROAS_A+SC캠페인_구매최적화_값_표준기여_3078_260817(페르소나2),1149,0,0,0
2026-09-06 04:30:39,04:00,906987379684182,1팀,120251209789390200,07.크리스피(ASC)(하이브리드)_ABO캠페인_구매최적화_수_표준기여_3078_260819,1192,0,0,0
2026-09-06 04:30:39,04:00,906987379684182,1팀,120251211164300200,07.크리스피(ASC)(하이브리드)_TCPA_A+SC캠페인_ALL_C7_수_표준기여_3078_260819(테무콘),152,0,0,0
2026-09-06 04:30:39,04:00,906987379684182,1팀,120251211164320200,07.크리스피(ASC)(하이브리드)_A+SC캠페인_구매최적화_수_표준기여_3078_260819(테무콘),257,0,0,0
2026-09-06 04:30:39,04:00,906987379684182,1팀,120251251665220200,07.크리스피(ASC)(하이브리드)_TROAS_ABO캠페인_구매최적화_수_표준기여_3078_260821,3372,0,0,0
2026-09-06 04:30:39,04:00,906987379684182,1팀,120251327515450200,07.크리스피(ASC)(메가딜)_ABO캠페인_구매최적화_수_표준기여_2464_260825,791,0,0,0
2026-09-06 04:30:39,04:00,906987379684182,1팀,120251328004940200,07.크리스피(ASC)(메가딜)_TROAS_ABO캠페인_구매최적화_수_표준기여_2464_260825,1642,0,0,0
2026-09-06 04:30:39,04:00,906987379684182,1팀,120251367693570200,07.크리스피(ASC)(하이브리드)_TCPA_ABO캠페인_구매최적화_수_표준기여_3078_260827,91,0,0,0
2026-09-06 04:30:39,04:00,906987379684182,1팀,120251367790160200,07.크리스피(ASC)(메가딜)_TCPA_ABO캠페인_구매최적화_수_표준기여_2464_260827,793,0,0,0
2026-09-06 04:30:39,04:00,906987379684182,1팀,120251368155020200,01.통살(ASC)(하이브리드)_ABO캠페인_구매최적화_수_표준기여_3028_260827,553,0,0,0
2026-09-06 04:30:39,04:00,906987379684182,1팀,120251368716980200,01.통살(ASC)(하이브리드)_TPCA_ABO캠페인_구매최적화_수_표준기여_3028_260827,783,0,0,0
2026-09-06 04:30:39,04:00,906987379684182,1팀,120251368728810200,01.통살(ASC)(하이브리드)_TROAS_ABO캠페인_구매최적화_수_표준기여_3028_260827,726,0,0,0
2026-09-06 04:30:39,04:00,906987379684182,1팀,120251444359310200,07.크리스피(ASC)(하이브리드)_TROAS_A+SC캠페인_구매최적화_값_표준기여_3078_260901(테무콘2),567,0,0,0
2026-09-06 04:30:39,04:00,906987379684182,1팀,120251503407460200,22.닭가슴살볼(ASC)(메가딜)_TROAS_A+SC캠페인_구매최적화_값_표준기여_2905_260906(김혜선),341,0,0,0
2026-09-06 05:30:41,05:00,906987379684182,1팀,120237509836570200,07.크리스피(ASC)(메가딜)_TCPA16000_A+SC 캠페인_ALL_수_표준기여_2464,648,0,0,0
2026-09-06 05:30:41,05:00,906987379684182,1팀,120243001852340200,01.통살(ASC)(101010)_TCPA16000_A+SC 캠페인_ALL_V1C7_수_표준기여_2336_02,250,0,0,0
2026-09-06 05:30:41,05:00,906987379684182,1팀,120244128322750200,01.통살(ASC)(101010)_TCPA16000_A+SC 캠페인_ALL_V1C7_수_표준기여_2336_03,559,0,0,0
2026-09-06 05:30:41,05:00,906987379684182,1팀,120246397028850200,07.크리스피(ASC)(통합)_A+SC 캠페인_구매최적화_수_표준기여_통합_260511,231,0,0,0
2026-09-06 05:30:41,05:00,906987379684182,1팀,120246898203940200,03.닭다리살(ASC)(1010)_A+SC캠페인_구매최적화_수_표준기여_2604_260519,555,0,0,0
2026-09-06 05:30:41,05:00,906987379684182,1팀,120246898384670200,03.닭다리살(ASC)(1010)_TROAS_A+SC캠페인_구매최적화_값_표준기여_2604_260519,3764,0,0,0
2026-09-06 05:30:41,05:00,906987379684182,1팀,120247379587080200,07.크리스피(ASC)(1010)_TROAS_A+SC캠페인_구매최적화_값_표준기여_2992_260527,433,0,0,0
2026-09-06 05:30:41,05:00,906987379684182,1팀,120249317264140200,07.크리스피(ASC)(하이브리드)_TROAS_A+SC캠페인_구매최적화_값_표준기여_3078_260713,1171,0,0,0
2026-09-06 05:30:41,05:00,906987379684182,1팀,120249873905240200,07.크리스피(ASC)(101010)_TROAS_A+SC캠페인_구매최적화_값_표준기여_2659_260705,320,0,0,0
2026-09-06 05:30:41,05:00,906987379684182,1팀,120249878429160200,01.통살(ASC)(하이브리드)_TROAS_A+SC캠페인_구매최적화_값_표준기여_3028_260705,857,0,0,0
2026-09-06 05:30:41,05:00,906987379684182,1팀,120250099159330200,07.크리스피(ASC)(메가딜)_TCPA_A+SC캠페인_ALL_C7_수_표준기여_2464_260712,119,0,0,0
2026-09-06 05:30:41,05:00,906987379684182,1팀,120250268133470200,03.닭다리살(ASC)(하이브리드)_TROAS_A+SC캠페인_구매최적화_값_표준기여_3111_260726,508,0,0,0
2026-09-06 05:30:41,05:00,906987379684182,1팀,120250614451040200,07.크리스피(ASC)(하이브리드)_TROAS_A+SC캠페인_구매최적화_값_표준기여_3078_260728,331,0,0,0
2026-09-06 05:30:41,05:00,906987379684182,1팀,120250649570130200,07.크리스피(ASC)(하이브리드)_TROAS_A+SC캠페인_구매최적화_값_표준기여_3078_260802_AI,264,0,0,0
2026-09-06 05:30:41,05:00,906987379684182,1팀,120250649570180200,07.크리스피(ASC)(하이브리드)_A+SC캠페인_구매최적화_수_표준기여_3078_260802_AI,232,0,0,0
2026-09-06 05:30:41,05:00,906987379684182,1팀,120250858093370200,01.통살(ASC)(하이브리드)_TROAS_A+SC캠페인_구매최적화_값_표준기여_3028_260806,403,0,0,0
2026-09-06 05:30:41,05:00,906987379684182,1팀,120250858093380200,01.통살(ASC)(하이브리드)_TCPA_A+SC캠페인_ALL_C7_수_표준기여_3028_260806,275,0,0,0
2026-09-06 05:30:41,05:00,906987379684182,1팀,120250858456470200,01.통살(ASC)(하이브리드)_A+SC캠페인_구매최적화_수_표준기여_3028_260806,103,0,0,0
2026-09-06 05:30:41,05:00,906987379684182,1팀,120250858902230200,07.크리스피(ASC)(메가딜)_A+SC캠페인_구매최적화_수_표준기여_2464_260806,59,0,0,0
2026-09-06 05:30:41,05:00,906987379684182,1팀,120250858902240200,07.크리스피(ASC)(메가딜)_TCPA_A+SC캠페인_ALL_C7_수_표준기여_2464_260806,231,0,0,0
2026-09-06 05:30:41,05:00,906987379684182,1팀,120250858902260200,07.크리스피(ASC)(메가딜)_TROAS_A+SC캠페인_구매최적화_값_표준기여_2464_260806,384,0,0,0
2026-09-06 05:30:41,05:00,906987379684182,1팀,120250859367430200,20.김자반밥바(ASC)(하이브리드)_A+SC캠페인_구매최적화_수_가치조정_3159_260806,203,0,0,0
2026-09-06 05:30:41,05:00,906987379684182,1팀,120250859367440200,20.김자반밥바(ASC)(하이브리드)_TCPA_A+SC캠페인_ALL_C7_수_표준기여_3159_260806,1339,0,0,0
2026-09-06 05:30:41,05:00,906987379684182,1팀,120251066794820200,07.크리스피(ASC)(하이브리드)_A+SC캠페인_구매최적화_수_표준기여_3078_260816_AI _2,138,0,0,0
2026-09-06 05:30:41,05:00,906987379684182,1팀,120251066794930200,07.크리스피(ASC)(하이브리드)_TROAS_A+SC캠페인_구매최적화_값_표준기여_3078_260816_AI _2,700,0,0,0
2026-09-06 05:30:41,05:00,906987379684182,1팀,120251169199390200,07.크리스피(ASC)(하이브리드)_TROAS_A+SC캠페인_구매최적화_값_표준기여_3078_260817(페르소나2),1415,0,0,0
2026-09-06 05:30:41,05:00,906987379684182,1팀,120251209789390200,07.크리스피(ASC)(하이브리드)_ABO캠페인_구매최적화_수_표준기여_3078_260819,863,0,0,0
2026-09-06 05:30:41,05:00,906987379684182,1팀,120251211164300200,07.크리스피(ASC)(하이브리드)_TCPA_A+SC캠페인_ALL_C7_수_표준기여_3078_260819(테무콘),5,0,0,0
2026-09-06 05:30:41,05:00,906987379684182,1팀,120251211164320200,07.크리스피(ASC)(하이브리드)_A+SC캠페인_구매최적화_수_표준기여_3078_260819(테무콘),380,0,0,0
2026-09-06 05:30:41,05:00,906987379684182,1팀,120251251665220200,07.크리스피(ASC)(하이브리드)_TROAS_ABO캠페인_구매최적화_수_표준기여_3078_260821,4513,0,0,0
2026-09-06 05:30:41,05:00,906987379684182,1팀,120251327515450200,07.크리스피(ASC)(메가딜)_ABO캠페인_구매최적화_수_표준기여_2464_260825,836,0,0,0
2026-09-06 05:30:41,05:00,906987379684182,1팀,120251328004940200,07.크리스피(ASC)(메가딜)_TROAS_ABO캠페인_구매최적화_수_표준기여_2464_260825,1433,0,0,0
2026-09-06 05:30:41,05:00,906987379684182,1팀,120251367693570200,07.크리스피(ASC)(하이브리드)_TCPA_ABO캠페인_구매최적화_수_표준기여_3078_260827,69,0,0,0
2026-09-06 05:30:41,05:00,906987379684182,1팀,120251367790160200,07.크리스피(ASC)(메가딜)_TCPA_ABO캠페인_구매최적화_수_표준기여_2464_260827,967,0,0,0
2026-09-06 05:30:41,05:00,906987379684182,1팀,120251368155020200,01.통살(ASC)(하이브리드)_ABO캠페인_구매최적화_수_표준기여_3028_260827,292,0,0,0
2026-09-06 05:30:41,05:00,906987379684182,1팀,120251368716980200,01.통살(ASC)(하이브리드)_TPCA_ABO캠페인_구매최적화_수_표준기여_3028_260827,458,0,0,0
2026-09-06 05:30:41,05:00,906987379684182,1팀,120251368728810200,01.통살(ASC)(하이브리드)_TROAS_ABO캠페인_구매최적화_수_표준기여_3028_260827,403,0,0,0
2026-09-06 05:30:41,05:00,906987379684182,1팀,120251444359310200,07.크리스피(ASC)(하이브리드)_TROAS_A+SC캠페인_구매최적화_값_표준기여_3078_260901(테무콘2),380,0,0,0
2026-09-06 05:30:41,05:00,906987379684182,1팀,120251503407460200,22.닭가슴살볼(ASC)(메가딜)_TROAS_A+SC캠페인_구매최적화_값_표준기여_2905_260906(김혜선),681,0,0,0
2026-09-06 05:36:44,05:00,906987379684182,1팀,120237509836570200,07.크리스피(ASC)(메가딜)_TCPA16000_A+SC 캠페인_ALL_수_표준기여_2464,844,0,0,0
2026-09-06 05:36:44,05:00,906987379684182,1팀,120243001852340200,01.통살(ASC)(101010)_TCPA16000_A+SC 캠페인_ALL_V1C7_수_표준기여_2336_02,264,0,0,0
2026-09-06 05:36:44,05:00,906987379684182,1팀,120244128322750200,01.통살(ASC)(101010)_TCPA16000_A+SC 캠페인_ALL_V1C7_수_표준기여_2336_03,593,0,0,0
2026-09-06 05:36:44,05:00,906987379684182,1팀,120246397028850200,07.크리스피(ASC)(통합)_A+SC 캠페인_구매최적화_수_표준기여_통합_260511,307,0,0,0
2026-09-06 05:36:44,05:00,906987379684182,1팀,120246898203940200,03.닭다리살(ASC)(1010)_A+SC캠페인_구매최적화_수_표준기여_2604_260519,718,0,0,0
2026-09-06 05:36:44,05:00,906987379684182,1팀,120246898384670200,03.닭다리살(ASC)(1010)_TROAS_A+SC캠페인_구매최적화_값_표준기여_2604_260519,4826,0,0,0
2026-09-06 05:36:44,05:00,906987379684182,1팀,120247379587080200,07.크리스피(ASC)(1010)_TROAS_A+SC캠페인_구매최적화_값_표준기여_2992_260527,588,0,0,0
2026-09-06 05:36:44,05:00,906987379684182,1팀,120249317264140200,07.크리스피(ASC)(하이브리드)_TROAS_A+SC캠페인_구매최적화_값_표준기여_3078_260713,1219,0,0,0
2026-09-06 05:36:44,05:00,906987379684182,1팀,120249873905240200,07.크리스피(ASC)(101010)_TROAS_A+SC캠페인_구매최적화_값_표준기여_2659_260705,345,0,0,0
2026-09-06 05:36:44,05:00,906987379684182,1팀,120249878429160200,01.통살(ASC)(하이브리드)_TROAS_A+SC캠페인_구매최적화_값_표준기여_3028_260705,1022,0,0,0
2026-09-06 05:36:44,05:00,906987379684182,1팀,120250099159330200,07.크리스피(ASC)(메가딜)_TCPA_A+SC캠페인_ALL_C7_수_표준기여_2464_260712,179,0,0,0
2026-09-06 05:36:44,05:00,906987379684182,1팀,120250268133470200,03.닭다리살(ASC)(하이브리드)_TROAS_A+SC캠페인_구매최적화_값_표준기여_3111_260726,753,0,0,0
2026-09-06 05:36:44,05:00,906987379684182,1팀,120250614451040200,07.크리스피(ASC)(하이브리드)_TROAS_A+SC캠페인_구매최적화_값_표준기여_3078_260728,424,0,0,0
2026-09-06 05:36:44,05:00,906987379684182,1팀,120250649570130200,07.크리스피(ASC)(하이브리드)_TROAS_A+SC캠페인_구매최적화_값_표준기여_3078_260802_AI,273,0,0,0
2026-09-06 05:36:44,05:00,906987379684182,1팀,120250649570180200,07.크리스피(ASC)(하이브리드)_A+SC캠페인_구매최적화_수_표준기여_3078_260802_AI,277,0,0,0
2026-09-06 05:36:44,05:00,906987379684182,1팀,120250858093370200,01.통살(ASC)(하이브리드)_TROAS_A+SC캠페인_구매최적화_값_표준기여_3028_260806,463,0,0,0
2026-09-06 05:36:44,05:00,906987379684182,1팀,120250858093380200,01.통살(ASC)(하이브리드)_TCPA_A+SC캠페인_ALL_C7_수_표준기여_3028_260806,351,0,0,0
2026-09-06 05:36:44,05:00,906987379684182,1팀,120250858456470200,01.통살(ASC)(하이브리드)_A+SC캠페인_구매최적화_수_표준기여_3028_260806,149,0,0,0
2026-09-06 05:36:44,05:00,906987379684182,1팀,120250858902230200,07.크리스피(ASC)(메가딜)_A+SC캠페인_구매최적화_수_표준기여_2464_260806,223,0,0,0
2026-09-06 05:36:44,05:00,906987379684182,1팀,120250858902240200,07.크리스피(ASC)(메가딜)_TCPA_A+SC캠페인_ALL_C7_수_표준기여_2464_260806,238,0,0,0
2026-09-06 05:36:44,05:00,906987379684182,1팀,120250858902260200,07.크리스피(ASC)(메가딜)_TROAS_A+SC캠페인_구매최적화_값_표준기여_2464_260806,504,0,0,0
2026-09-06 05:36:44,05:00,906987379684182,1팀,120250859367430200,20.김자반밥바(ASC)(하이브리드)_A+SC캠페인_구매최적화_수_가치조정_3159_260806,449,0,0,0
2026-09-06 05:36:44,05:00,906987379684182,1팀,120250859367440200,20.김자반밥바(ASC)(하이브리드)_TCPA_A+SC캠페인_ALL_C7_수_표준기여_3159_260806,1501,0,0,0
2026-09-06 05:36:44,05:00,906987379684182,1팀,120251066794820200,07.크리스피(ASC)(하이브리드)_A+SC캠페인_구매최적화_수_표준기여_3078_260816_AI _2,293,0,0,0
2026-09-06 05:36:44,05:00,906987379684182,1팀,120251066794930200,07.크리스피(ASC)(하이브리드)_TROAS_A+SC캠페인_구매최적화_값_표준기여_3078_260816_AI _2,803,0,0,0
2026-09-06 05:36:44,05:00,906987379684182,1팀,120251169199390200,07.크리스피(ASC)(하이브리드)_TROAS_A+SC캠페인_구매최적화_값_표준기여_3078_260817(페르소나2),2050,0,0,0
2026-09-06 05:36:44,05:00,906987379684182,1팀,120251209789390200,07.크리스피(ASC)(하이브리드)_ABO캠페인_구매최적화_수_표준기여_3078_260819,1129,0,0,0
2026-09-06 05:36:44,05:00,906987379684182,1팀,120251211164300200,07.크리스피(ASC)(하이브리드)_TCPA_A+SC캠페인_ALL_C7_수_표준기여_3078_260819(테무콘),5,0,0,0
2026-09-06 05:36:44,05:00,906987379684182,1팀,120251211164320200,07.크리스피(ASC)(하이브리드)_A+SC캠페인_구매최적화_수_표준기여_3078_260819(테무콘),465,0,0,0
2026-09-06 05:36:44,05:00,906987379684182,1팀,120251251665220200,07.크리스피(ASC)(하이브리드)_TROAS_ABO캠페인_구매최적화_수_표준기여_3078_260821,5136,0,0,0
2026-09-06 05:36:44,05:00,906987379684182,1팀,120251327515450200,07.크리스피(ASC)(메가딜)_ABO캠페인_구매최적화_수_표준기여_2464_260825,926,0,0,0
2026-09-06 05:36:44,05:00,906987379684182,1팀,120251328004940200,07.크리스피(ASC)(메가딜)_TROAS_ABO캠페인_구매최적화_수_표준기여_2464_260825,1703,0,0,0
2026-09-06 05:36:44,05:00,906987379684182,1팀,120251367693570200,07.크리스피(ASC)(하이브리드)_TCPA_ABO캠페인_구매최적화_수_표준기여_3078_260827,72,0,0,0
2026-09-06 05:36:44,05:00,906987379684182,1팀,120251367790160200,07.크리스피(ASC)(메가딜)_TCPA_ABO캠페인_구매최적화_수_표준기여_2464_260827,1078,0,0,0
2026-09-06 05:36:44,05:00,906987379684182,1팀,120251368155020200,01.통살(ASC)(하이브리드)_ABO캠페인_구매최적화_수_표준기여_3028_260827,350,0,0,0
2026-09-06 05:36:44,05:00,906987379684182,1팀,120251368716980200,01.통살(ASC)(하이브리드)_TPCA_ABO캠페인_구매최적화_수_표준기여_3028_260827,542,0,0,0
2026-09-06 05:36:44,05:00,906987379684182,1팀,120251368728810200,01.통살(ASC)(하이브리드)_TROAS_ABO캠페인_구매최적화_수_표준기여_3028_260827,544,0,0,0
2026-09-06 05:36:44,05:00,906987379684182,1팀,120251444359310200,07.크리스피(ASC)(하이브리드)_TROAS_A+SC캠페인_구매최적화_값_표준기여_3078_260901(테무콘2),433,0,0,0
2026-09-06 05:36:44,05:00,906987379684182,1팀,120251503407460200,22.닭가슴살볼(ASC)(메가딜)_TROAS_A+SC캠페인_구매최적화_값_표준기여_2905_260906(김혜선),861,0,0,0
2026-09-06 06:30:40,06:00,906987379684182,1팀,120228788396590200,01.통살(ASC)(메가딜)_TCPA20000_A+SC 캠페인_ALL_V1C7_수_표준기여_1874,0,0,0,0
2026-09-06 06:30:40,06:00,906987379684182,1팀,120237509836570200,07.크리스피(ASC)(메가딜)_TCPA16000_A+SC 캠페인_ALL_수_표준기여_2464,331,0,0,0
2026-09-06 06:30:40,06:00,906987379684182,1팀,120243001852340200,01.통살(ASC)(101010)_TCPA16000_A+SC 캠페인_ALL_V1C7_수_표준기여_2336_02,334,0,0,0
2026-09-06 06:30:40,06:00,906987379684182,1팀,120244128322750200,01.통살(ASC)(101010)_TCPA16000_A+SC 캠페인_ALL_V1C7_수_표준기여_2336_03,500,0,0,0
2026-09-06 06:30:40,06:00,906987379684182,1팀,120246397028850200,07.크리스피(ASC)(통합)_A+SC 캠페인_구매최적화_수_표준기여_통합_260511,352,0,0,0
2026-09-06 06:30:40,06:00,906987379684182,1팀,120246898203940200,03.닭다리살(ASC)(1010)_A+SC캠페인_구매최적화_수_표준기여_2604_260519,307,0,0,0
2026-09-06 06:30:40,06:00,906987379684182,1팀,120246898384670200,03.닭다리살(ASC)(1010)_TROAS_A+SC캠페인_구매최적화_값_표준기여_2604_260519,4980,0,0,0
2026-09-06 06:30:40,06:00,906987379684182,1팀,120247379587080200,07.크리스피(ASC)(1010)_TROAS_A+SC캠페인_구매최적화_값_표준기여_2992_260527,499,0,0,0
2026-09-06 06:30:40,06:00,906987379684182,1팀,120248762761370200,17.안심볶음밥(ASC)(메가딜)_A+SC캠페인_구매최적화_수_표준기여_2903_260705,0,0,0,0
2026-09-06 06:30:40,06:00,906987379684182,1팀,120249317264140200,07.크리스피(ASC)(하이브리드)_TROAS_A+SC캠페인_구매최적화_값_표준기여_3078_260713,610,0,0,0
2026-09-06 06:30:40,06:00,906987379684182,1팀,120249873905240200,07.크리스피(ASC)(101010)_TROAS_A+SC캠페인_구매최적화_값_표준기여_2659_260705,358,0,0,0
2026-09-06 06:30:40,06:00,906987379684182,1팀,120249878429160200,01.통살(ASC)(하이브리드)_TROAS_A+SC캠페인_구매최적화_값_표준기여_3028_260705,632,0,0,0
2026-09-06 06:30:40,06:00,906987379684182,1팀,120250099159330200,07.크리스피(ASC)(메가딜)_TCPA_A+SC캠페인_ALL_C7_수_표준기여_2464_260712,178,0,0,0
2026-09-06 06:30:40,06:00,906987379684182,1팀,120250268133470200,03.닭다리살(ASC)(하이브리드)_TROAS_A+SC캠페인_구매최적화_값_표준기여_3111_260726,1119,0,0,0
2026-09-06 06:30:40,06:00,906987379684182,1팀,120250614451040200,07.크리스피(ASC)(하이브리드)_TROAS_A+SC캠페인_구매최적화_값_표준기여_3078_260728,336,0,0,0
2026-09-06 06:30:40,06:00,906987379684182,1팀,120250649570130200,07.크리스피(ASC)(하이브리드)_TROAS_A+SC캠페인_구매최적화_값_표준기여_3078_260802_AI,182,0,0,0
2026-09-06 06:30:40,06:00,906987379684182,1팀,120250649570180200,07.크리스피(ASC)(하이브리드)_A+SC캠페인_구매최적화_수_표준기여_3078_260802_AI,389,0,0,0
2026-09-06 06:30:40,06:00,906987379684182,1팀,120250858093370200,01.통살(ASC)(하이브리드)_TROAS_A+SC캠페인_구매최적화_값_표준기여_3028_260806,492,0,0,0
2026-09-06 06:30:40,06:00,906987379684182,1팀,120250858093380200,01.통살(ASC)(하이브리드)_TCPA_A+SC캠페인_ALL_C7_수_표준기여_3028_260806,295,0,0,0
2026-09-06 06:30:40,06:00,906987379684182,1팀,120250858456470200,01.통살(ASC)(하이브리드)_A+SC캠페인_구매최적화_수_표준기여_3028_260806,285,0,0,0
2026-09-06 06:30:40,06:00,906987379684182,1팀,120250858902230200,07.크리스피(ASC)(메가딜)_A+SC캠페인_구매최적화_수_표준기여_2464_260806,5,0,0,0
2026-09-06 06:30:40,06:00,906987379684182,1팀,120250858902240200,07.크리스피(ASC)(메가딜)_TCPA_A+SC캠페인_ALL_C7_수_표준기여_2464_260806,137,0,0,0
2026-09-06 06:30:40,06:00,906987379684182,1팀,120250858902260200,07.크리스피(ASC)(메가딜)_TROAS_A+SC캠페인_구매최적화_값_표준기여_2464_260806,588,0,0,0
2026-09-06 06:30:40,06:00,906987379684182,1팀,120250859367430200,20.김자반밥바(ASC)(하이브리드)_A+SC캠페인_구매최적화_수_가치조정_3159_260806,734,0,0,0
2026-09-06 06:30:40,06:00,906987379684182,1팀,120250859367440200,20.김자반밥바(ASC)(하이브리드)_TCPA_A+SC캠페인_ALL_C7_수_표준기여_3159_260806,2004,0,0,0
2026-09-06 06:30:40,06:00,906987379684182,1팀,120251066794820200,07.크리스피(ASC)(하이브리드)_A+SC캠페인_구매최적화_수_표준기여_3078_260816_AI _2,527,0,0,0
2026-09-06 06:30:40,06:00,906987379684182,1팀,120251066794930200,07.크리스피(ASC)(하이브리드)_TROAS_A+SC캠페인_구매최적화_값_표준기여_3078_260816_AI _2,1041,0,0,0
2026-09-06 06:30:40,06:00,906987379684182,1팀,120251169199390200,07.크리스피(ASC)(하이브리드)_TROAS_A+SC캠페인_구매최적화_값_표준기여_3078_260817(페르소나2),1722,0,0,0
2026-09-06 06:30:40,06:00,906987379684182,1팀,120251209789390200,07.크리스피(ASC)(하이브리드)_ABO캠페인_구매최적화_수_표준기여_3078_260819,1160,0,0,0
2026-09-06 06:30:40,06:00,906987379684182,1팀,120251211164300200,07.크리스피(ASC)(하이브리드)_TCPA_A+SC캠페인_ALL_C7_수_표준기여_3078_260819(테무콘),22,0,0,0
2026-09-06 06:30:40,06:00,906987379684182,1팀,120251211164320200,07.크리스피(ASC)(하이브리드)_A+SC캠페인_구매최적화_수_표준기여_3078_260819(테무콘),367,0,0,0
2026-09-06 06:30:40,06:00,906987379684182,1팀,120251251665220200,07.크리스피(ASC)(하이브리드)_TROAS_ABO캠페인_구매최적화_수_표준기여_3078_260821,4174,0,0,0
2026-09-06 06:30:40,06:00,906987379684182,1팀,120251327515450200,07.크리스피(ASC)(메가딜)_ABO캠페인_구매최적화_수_표준기여_2464_260825,544,0,0,0
2026-09-06 06:30:40,06:00,906987379684182,1팀,120251328004940200,07.크리스피(ASC)(메가딜)_TROAS_ABO캠페인_구매최적화_수_표준기여_2464_260825,1680,0,0,0
2026-09-06 06:30:40,06:00,906987379684182,1팀,120251367693570200,07.크리스피(ASC)(하이브리드)_TCPA_ABO캠페인_구매최적화_수_표준기여_3078_260827,39,0,0,0
2026-09-06 06:30:40,06:00,906987379684182,1팀,120251367790160200,07.크리스피(ASC)(메가딜)_TCPA_ABO캠페인_구매최적화_수_표준기여_2464_260827,590,0,0,0
2026-09-06 06:30:40,06:00,906987379684182,1팀,120251368155020200,01.통살(ASC)(하이브리드)_ABO캠페인_구매최적화_수_표준기여_3028_260827,506,0,0,0
2026-09-06 06:30:40,06:00,906987379684182,1팀,120251368716980200,01.통살(ASC)(하이브리드)_TPCA_ABO캠페인_구매최적화_수_표준기여_3028_260827,285,0,0,0
2026-09-06 06:30:40,06:00,906987379684182,1팀,120251368728810200,01.통살(ASC)(하이브리드)_TROAS_ABO캠페인_구매최적화_수_표준기여_3028_260827,197,0,0,0
2026-09-06 06:30:40,06:00,906987379684182,1팀,120251444359310200,07.크리스피(ASC)(하이브리드)_TROAS_A+SC캠페인_구매최적화_값_표준기여_3078_260901(테무콘2),867,0,0,0
2026-09-06 06:30:40,06:00,906987379684182,1팀,120251503407460200,22.닭가슴살볼(ASC)(메가딜)_TROAS_A+SC캠페인_구매최적화_값_표준기여_2905_260906(김혜선),628,0,0,0
2026-09-06 07:17:43,07:00,906987379684182,1팀,120237509836570200,07.크리스피(ASC)(메가딜)_TCPA16000_A+SC 캠페인_ALL_수_표준기여_2464,972,0,0,0
2026-09-06 07:17:43,07:00,906987379684182,1팀,120243001852340200,01.통살(ASC)(101010)_TCPA16000_A+SC 캠페인_ALL_V1C7_수_표준기여_2336_02,768,0,0,0
2026-09-06 07:17:43,07:00,906987379684182,1팀,120244128322750200,01.통살(ASC)(101010)_TCPA16000_A+SC 캠페인_ALL_V1C7_수_표준기여_2336_03,494,0,0,0
2026-09-06 07:17:43,07:00,906987379684182,1팀,120246397028850200,07.크리스피(ASC)(통합)_A+SC 캠페인_구매최적화_수_표준기여_통합_260511,71,0,0,0
2026-09-06 07:17:43,07:00,906987379684182,1팀,120246898203940200,03.닭다리살(ASC)(1010)_A+SC캠페인_구매최적화_수_표준기여_2604_260519,418,0,0,0
2026-09-06 07:17:43,07:00,906987379684182,1팀,120246898384670200,03.닭다리살(ASC)(1010)_TROAS_A+SC캠페인_구매최적화_값_표준기여_2604_260519,6352,0,0,0
2026-09-06 07:17:43,07:00,906987379684182,1팀,120247379587080200,07.크리스피(ASC)(1010)_TROAS_A+SC캠페인_구매최적화_값_표준기여_2992_260527,245,0,0,0
2026-09-06 07:17:43,07:00,906987379684182,1팀,120249317264140200,07.크리스피(ASC)(하이브리드)_TROAS_A+SC캠페인_구매최적화_값_표준기여_3078_260713,379,0,0,0
2026-09-06 07:17:43,07:00,906987379684182,1팀,120249873905240200,07.크리스피(ASC)(101010)_TROAS_A+SC캠페인_구매최적화_값_표준기여_2659_260705,470,0,0,0
2026-09-06 07:17:43,07:00,906987379684182,1팀,120249878429160200,01.통살(ASC)(하이브리드)_TROAS_A+SC캠페인_구매최적화_값_표준기여_3028_260705,1280,0,0,0
2026-09-06 07:17:43,07:00,906987379684182,1팀,120250099159330200,07.크리스피(ASC)(메가딜)_TCPA_A+SC캠페인_ALL_C7_수_표준기여_2464_260712,132,0,0,0
2026-09-06 07:17:43,07:00,906987379684182,1팀,120250268133470200,03.닭다리살(ASC)(하이브리드)_TROAS_A+SC캠페인_구매최적화_값_표준기여_3111_260726,955,0,0,0
2026-09-06 07:17:43,07:00,906987379684182,1팀,120250614451040200,07.크리스피(ASC)(하이브리드)_TROAS_A+SC캠페인_구매최적화_값_표준기여_3078_260728,125,0,0,0
2026-09-06 07:17:43,07:00,906987379684182,1팀,120250649570130200,07.크리스피(ASC)(하이브리드)_TROAS_A+SC캠페인_구매최적화_값_표준기여_3078_260802_AI,521,0,0,0
2026-09-06 07:17:43,07:00,906987379684182,1팀,120250649570180200,07.크리스피(ASC)(하이브리드)_A+SC캠페인_구매최적화_수_표준기여_3078_260802_AI,960,0,0,0
2026-09-06 07:17:43,07:00,906987379684182,1팀,120250858093370200,01.통살(ASC)(하이브리드)_TROAS_A+SC캠페인_구매최적화_값_표준기여_3028_260806,1371,0,0,0
2026-09-06 07:17:43,07:00,906987379684182,1팀,120250858093380200,01.통살(ASC)(하이브리드)_TCPA_A+SC캠페인_ALL_C7_수_표준기여_3028_260806,221,0,0,0
2026-09-06 07:17:43,07:00,906987379684182,1팀,120250858456470200,01.통살(ASC)(하이브리드)_A+SC캠페인_구매최적화_수_표준기여_3028_260806,1024,0,0,0
2026-09-06 07:17:43,07:00,906987379684182,1팀,120250858902230200,07.크리스피(ASC)(메가딜)_A+SC캠페인_구매최적화_수_표준기여_2464_260806,32,0,0,0
2026-09-06 07:17:43,07:00,906987379684182,1팀,120250858902240200,07.크리스피(ASC)(메가딜)_TCPA_A+SC캠페인_ALL_C7_수_표준기여_2464_260806,364,0,0,0
2026-09-06 07:17:43,07:00,906987379684182,1팀,120250858902260200,07.크리스피(ASC)(메가딜)_TROAS_A+SC캠페인_구매최적화_값_표준기여_2464_260806,579,0,0,0
2026-09-06 07:17:43,07:00,906987379684182,1팀,120250859367430200,20.김자반밥바(ASC)(하이브리드)_A+SC캠페인_구매최적화_수_가치조정_3159_260806,95,0,0,0
2026-09-06 07:17:43,07:00,906987379684182,1팀,120250859367440200,20.김자반밥바(ASC)(하이브리드)_TCPA_A+SC캠페인_ALL_C7_수_표준기여_3159_260806,953,0,0,0
2026-09-06 07:17:43,07:00,906987379684182,1팀,120251066794820200,07.크리스피(ASC)(하이브리드)_A+SC캠페인_구매최적화_수_표준기여_3078_260816_AI _2,275,0,0,0
2026-09-06 07:17:43,07:00,906987379684182,1팀,120251066794930200,07.크리스피(ASC)(하이브리드)_TROAS_A+SC캠페인_구매최적화_값_표준기여_3078_260816_AI _2,2141,0,0,0
2026-09-06 07:17:43,07:00,906987379684182,1팀,120251169199390200,07.크리스피(ASC)(하이브리드)_TROAS_A+SC캠페인_구매최적화_값_표준기여_3078_260817(페르소나2),1557,0,0,0
2026-09-06 07:17:43,07:00,906987379684182,1팀,120251209789390200,07.크리스피(ASC)(하이브리드)_ABO캠페인_구매최적화_수_표준기여_3078_260819,856,0,0,0
2026-09-06 07:17:43,07:00,906987379684182,1팀,120251211164300200,07.크리스피(ASC)(하이브리드)_TCPA_A+SC캠페인_ALL_C7_수_표준기여_3078_260819(테무콘),340,0,0,0
2026-09-06 07:17:43,07:00,906987379684182,1팀,120251211164320200,07.크리스피(ASC)(하이브리드)_A+SC캠페인_구매최적화_수_표준기여_3078_260819(테무콘),886,0,0,0
2026-09-06 07:17:43,07:00,906987379684182,1팀,120251251665220200,07.크리스피(ASC)(하이브리드)_TROAS_ABO캠페인_구매최적화_수_표준기여_3078_260821,2499,0,0,0
2026-09-06 07:17:43,07:00,906987379684182,1팀,120251327515450200,07.크리스피(ASC)(메가딜)_ABO캠페인_구매최적화_수_표준기여_2464_260825,262,0,0,0
2026-09-06 07:17:43,07:00,906987379684182,1팀,120251328004940200,07.크리스피(ASC)(메가딜)_TROAS_ABO캠페인_구매최적화_수_표준기여_2464_260825,849,0,0,0
2026-09-06 07:17:43,07:00,906987379684182,1팀,120251367693570200,07.크리스피(ASC)(하이브리드)_TCPA_ABO캠페인_구매최적화_수_표준기여_3078_260827,36,0,0,0
2026-09-06 07:17:43,07:00,906987379684182,1팀,120251367790160200,07.크리스피(ASC)(메가딜)_TCPA_ABO캠페인_구매최적화_수_표준기여_2464_260827,553,0,0,0
2026-09-06 07:17:43,07:00,906987379684182,1팀,120251368155020200,01.통살(ASC)(하이브리드)_ABO캠페인_구매최적화_수_표준기여_3028_260827,453,0,0,0
2026-09-06 07:17:43,07:00,906987379684182,1팀,120251368716980200,01.통살(ASC)(하이브리드)_TPCA_ABO캠페인_구매최적화_수_표준기여_3028_260827,269,0,0,0
2026-09-06 07:17:43,07:00,906987379684182,1팀,120251368728810200,01.통살(ASC)(하이브리드)_TROAS_ABO캠페인_구매최적화_수_표준기여_3028_260827,141,0,0,0
2026-09-06 07:17:43,07:00,906987379684182,1팀,120251444359310200,07.크리스피(ASC)(하이브리드)_TROAS_A+SC캠페인_구매최적화_값_표준기여_3078_260901(테무콘2),495,0,0,0
2026-09-06 07:17:43,07:00,906987379684182,1팀,120251503407460200,22.닭가슴살볼(ASC)(메가딜)_TROAS_A+SC캠페인_구매최적화_값_표준기여_2905_260906(김혜선),445,0,0,0
2026-09-06 07:30:37,07:00,906987379684182,1팀,120237509836570200,07.크리스피(ASC)(메가딜)_TCPA16000_A+SC 캠페인_ALL_수_표준기여_2464,1627,0,0,0
2026-09-06 07:30:37,07:00,906987379684182,1팀,120243001852340200,01.통살(ASC)(101010)_TCPA16000_A+SC 캠페인_ALL_V1C7_수_표준기여_2336_02,1580,0,0,0
2026-09-06 07:30:37,07:00,906987379684182,1팀,120244128322750200,01.통살(ASC)(101010)_TCPA16000_A+SC 캠페인_ALL_V1C7_수_표준기여_2336_03,1149,0,0,0
2026-09-06 07:30:37,07:00,906987379684182,1팀,120244130427210200,07.크리스피(ASC)(메가딜)_A+SC 캠페인_구매최적화_수_표준기여_2464_260404,0,0,0,0
2026-09-06 07:30:37,07:00,906987379684182,1팀,120246397028850200,07.크리스피(ASC)(통합)_A+SC 캠페인_구매최적화_수_표준기여_통합_260511,262,0,0,0
2026-09-06 07:30:37,07:00,906987379684182,1팀,120246898203940200,03.닭다리살(ASC)(1010)_A+SC캠페인_구매최적화_수_표준기여_2604_260519,702,0,0,0
2026-09-06 07:30:37,07:00,906987379684182,1팀,120246898384670200,03.닭다리살(ASC)(1010)_TROAS_A+SC캠페인_구매최적화_값_표준기여_2604_260519,12976,0,0,0
2026-09-06 07:30:37,07:00,906987379684182,1팀,120247379587080200,07.크리스피(ASC)(1010)_TROAS_A+SC캠페인_구매최적화_값_표준기여_2992_260527,642,0,0,0
2026-09-06 07:30:37,07:00,906987379684182,1팀,120249317264140200,07.크리스피(ASC)(하이브리드)_TROAS_A+SC캠페인_구매최적화_값_표준기여_3078_260713,1221,0,0,0
2026-09-06 07:30:37,07:00,906987379684182,1팀,120249873905240200,07.크리스피(ASC)(101010)_TROAS_A+SC캠페인_구매최적화_값_표준기여_2659_260705,1007,0,0,0
2026-09-06 07:30:37,07:00,906987379684182,1팀,120249878429160200,01.통살(ASC)(하이브리드)_TROAS_A+SC캠페인_구매최적화_값_표준기여_3028_260705,2017,0,0,0
2026-09-06 07:30:37,07:00,906987379684182,1팀,120250099159330200,07.크리스피(ASC)(메가딜)_TCPA_A+SC캠페인_ALL_C7_수_표준기여_2464_260712,400,0,0,0
2026-09-06 07:30:37,07:00,906987379684182,1팀,120250268133470200,03.닭다리살(ASC)(하이브리드)_TROAS_A+SC캠페인_구매최적화_값_표준기여_3111_260726,1465,0,0,0
2026-09-06 07:30:37,07:00,906987379684182,1팀,120250614451040200,07.크리스피(ASC)(하이브리드)_TROAS_A+SC캠페인_구매최적화_값_표준기여_3078_260728,478,0,0,0
2026-09-06 07:30:37,07:00,906987379684182,1팀,120250649570130200,07.크리스피(ASC)(하이브리드)_TROAS_A+SC캠페인_구매최적화_값_표준기여_3078_260802_AI,735,0,0,0
2026-09-06 07:30:37,07:00,906987379684182,1팀,120250649570180200,07.크리스피(ASC)(하이브리드)_A+SC캠페인_구매최적화_수_표준기여_3078_260802_AI,1306,0,0,0
2026-09-06 07:30:37,07:00,906987379684182,1팀,120250858093370200,01.통살(ASC)(하이브리드)_TROAS_A+SC캠페인_구매최적화_값_표준기여_3028_260806,2678,0,0,0
2026-09-06 07:30:37,07:00,906987379684182,1팀,120250858093380200,01.통살(ASC)(하이브리드)_TCPA_A+SC캠페인_ALL_C7_수_표준기여_3028_260806,687,0,0,0
2026-09-06 07:30:37,07:00,906987379684182,1팀,120250858456470200,01.통살(ASC)(하이브리드)_A+SC캠페인_구매최적화_수_표준기여_3028_260806,1925,0,0,0
2026-09-06 07:30:37,07:00,906987379684182,1팀,120250858902230200,07.크리스피(ASC)(메가딜)_A+SC캠페인_구매최적화_수_표준기여_2464_260806,158,0,0,0
2026-09-06 07:30:37,07:00,906987379684182,1팀,120250858902240200,07.크리스피(ASC)(메가딜)_TCPA_A+SC캠페인_ALL_C7_수_표준기여_2464_260806,737,0,0,0
2026-09-06 07:30:37,07:00,906987379684182,1팀,120250858902260200,07.크리스피(ASC)(메가딜)_TROAS_A+SC캠페인_구매최적화_값_표준기여_2464_260806,1500,0,0,0
2026-09-06 07:30:37,07:00,906987379684182,1팀,120250859367430200,20.김자반밥바(ASC)(하이브리드)_A+SC캠페인_구매최적화_수_가치조정_3159_260806,278,0,0,0
2026-09-06 07:30:37,07:00,906987379684182,1팀,120250859367440200,20.김자반밥바(ASC)(하이브리드)_TCPA_A+SC캠페인_ALL_C7_수_표준기여_3159_260806,2373,0,0,0
2026-09-06 07:30:37,07:00,906987379684182,1팀,120251066794820200,07.크리스피(ASC)(하이브리드)_A+SC캠페인_구매최적화_수_표준기여_3078_260816_AI _2,919,0,0,0
2026-09-06 07:30:37,07:00,906987379684182,1팀,120251066794930200,07.크리스피(ASC)(하이브리드)_TROAS_A+SC캠페인_구매최적화_값_표준기여_3078_260816_AI _2,4300,0,0,0
2026-09-06 07:30:37,07:00,906987379684182,1팀,120251169199390200,07.크리스피(ASC)(하이브리드)_TROAS_A+SC캠페인_구매최적화_값_표준기여_3078_260817(페르소나2),3143,0,0,0
2026-09-06 07:30:37,07:00,906987379684182,1팀,120251209789390200,07.크리스피(ASC)(하이브리드)_ABO캠페인_구매최적화_수_표준기여_3078_260819,2269,0,0,0
2026-09-06 07:30:37,07:00,906987379684182,1팀,120251211164300200,07.크리스피(ASC)(하이브리드)_TCPA_A+SC캠페인_ALL_C7_수_표준기여_3078_260819(테무콘),723,0,0,0
2026-09-06 07:30:37,07:00,906987379684182,1팀,120251211164320200,07.크리스피(ASC)(하이브리드)_A+SC캠페인_구매최적화_수_표준기여_3078_260819(테무콘),1853,0,0,0
2026-09-06 07:30:37,07:00,906987379684182,1팀,120251251665220200,07.크리스피(ASC)(하이브리드)_TROAS_ABO캠페인_구매최적화_수_표준기여_3078_260821,5434,0,0,0
2026-09-06 07:30:37,07:00,906987379684182,1팀,120251327515450200,07.크리스피(ASC)(메가딜)_ABO캠페인_구매최적화_수_표준기여_2464_260825,658,0,0,0
2026-09-06 07:30:37,07:00,906987379684182,1팀,120251328004940200,07.크리스피(ASC)(메가딜)_TROAS_ABO캠페인_구매최적화_수_표준기여_2464_260825,1992,0,0,0
2026-09-06 07:30:37,07:00,906987379684182,1팀,120251367693570200,07.크리스피(ASC)(하이브리드)_TCPA_ABO캠페인_구매최적화_수_표준기여_3078_260827,142,0,0,0
2026-09-06 07:30:37,07:00,906987379684182,1팀,120251367790160200,07.크리스피(ASC)(메가딜)_TCPA_ABO캠페인_구매최적화_수_표준기여_2464_260827,1027,0,0,0
2026-09-06 07:30:37,07:00,906987379684182,1팀,120251368155020200,01.통살(ASC)(하이브리드)_ABO캠페인_구매최적화_수_표준기여_3028_260827,828,0,0,0
2026-09-06 07:30:37,07:00,906987379684182,1팀,120251368716980200,01.통살(ASC)(하이브리드)_TPCA_ABO캠페인_구매최적화_수_표준기여_3028_260827,720,0,0,0
2026-09-06 07:30:37,07:00,906987379684182,1팀,120251368728810200,01.통살(ASC)(하이브리드)_TROAS_ABO캠페인_구매최적화_수_표준기여_3028_260827,611,0,0,0
2026-09-06 07:30:37,07:00,906987379684182,1팀,120251444359310200,07.크리스피(ASC)(하이브리드)_TROAS_A+SC캠페인_구매최적화_값_표준기여_3078_260901(테무콘2),944,0,0,0
2026-09-06 07:30:37,07:00,906987379684182,1팀,120251503407460200,22.닭가슴살볼(ASC)(메가딜)_TROAS_A+SC캠페인_구매최적화_값_표준기여_2905_260906(김혜선),1010,0,0,0
2026-09-06 08:30:38,08:00,906987379684182,1팀,120228320649100200,01.통살(ASC)(101010)_TCPA16000_A+SC 캠페인_ALL_V1C7_수_표준기여_2336,0,0,0,0
2026-09-06 08:30:38,08:00,906987379684182,1팀,120228788396590200,01.통살(ASC)(메가딜)_TCPA20000_A+SC 캠페인_ALL_V1C7_수_표준기여_1874,0,0,0,0
2026-09-06 08:30:38,08:00,906987379684182,1팀,120237509836570200,07.크리스피(ASC)(메가딜)_TCPA16000_A+SC 캠페인_ALL_수_표준기여_2464,1586,0,0,0
2026-09-06 08:30:38,08:00,906987379684182,1팀,120243001852340200,01.통살(ASC)(101010)_TCPA16000_A+SC 캠페인_ALL_V1C7_수_표준기여_2336_02,1209,0,0,0
2026-09-06 08:30:38,08:00,906987379684182,1팀,120244128322750200,01.통살(ASC)(101010)_TCPA16000_A+SC 캠페인_ALL_V1C7_수_표준기여_2336_03,1240,0,0,0
2026-09-06 08:30:38,08:00,906987379684182,1팀,120246397028850200,07.크리스피(ASC)(통합)_A+SC 캠페인_구매최적화_수_표준기여_통합_260511,206,0,0,0
2026-09-06 08:30:38,08:00,906987379684182,1팀,120246898203940200,03.닭다리살(ASC)(1010)_A+SC캠페인_구매최적화_수_표준기여_2604_260519,504,0,0,0
2026-09-06 08:30:38,08:00,906987379684182,1팀,120246898384670200,03.닭다리살(ASC)(1010)_TROAS_A+SC캠페인_구매최적화_값_표준기여_2604_260519,9508,0,0,0
2026-09-06 08:30:38,08:00,906987379684182,1팀,120247379587080200,07.크리스피(ASC)(1010)_TROAS_A+SC캠페인_구매최적화_값_표준기여_2992_260527,1758,0,0,0
2026-09-06 08:30:38,08:00,906987379684182,1팀,120249317264140200,07.크리스피(ASC)(하이브리드)_TROAS_A+SC캠페인_구매최적화_값_표준기여_3078_260713,755,0,0,0
2026-09-06 08:30:38,08:00,906987379684182,1팀,120249873905240200,07.크리스피(ASC)(101010)_TROAS_A+SC캠페인_구매최적화_값_표준기여_2659_260705,1322,0,0,0
2026-09-06 08:30:38,08:00,906987379684182,1팀,120249878429160200,01.통살(ASC)(하이브리드)_TROAS_A+SC캠페인_구매최적화_값_표준기여_3028_260705,1882,0,0,0
2026-09-06 08:30:38,08:00,906987379684182,1팀,120250099159330200,07.크리스피(ASC)(메가딜)_TCPA_A+SC캠페인_ALL_C7_수_표준기여_2464_260712,276,0,0,0
2026-09-06 08:30:38,08:00,906987379684182,1팀,120250268133470200,03.닭다리살(ASC)(하이브리드)_TROAS_A+SC캠페인_구매최적화_값_표준기여_3111_260726,3821,0,0,0
2026-09-06 08:30:38,08:00,906987379684182,1팀,120250614451040200,07.크리스피(ASC)(하이브리드)_TROAS_A+SC캠페인_구매최적화_값_표준기여_3078_260728,628,0,0,0
2026-09-06 08:30:38,08:00,906987379684182,1팀,120250649570130200,07.크리스피(ASC)(하이브리드)_TROAS_A+SC캠페인_구매최적화_값_표준기여_3078_260802_AI,2708,0,0,0
2026-09-06 08:30:38,08:00,906987379684182,1팀,120250649570180200,07.크리스피(ASC)(하이브리드)_A+SC캠페인_구매최적화_수_표준기여_3078_260802_AI,1247,0,0,0
2026-09-06 08:30:38,08:00,906987379684182,1팀,120250858093370200,01.통살(ASC)(하이브리드)_TROAS_A+SC캠페인_구매최적화_값_표준기여_3028_260806,1680,0,0,0
2026-09-06 08:30:38,08:00,906987379684182,1팀,120250858093380200,01.통살(ASC)(하이브리드)_TCPA_A+SC캠페인_ALL_C7_수_표준기여_3028_260806,706,0,0,0
2026-09-06 08:30:38,08:00,906987379684182,1팀,120250858456470200,01.통살(ASC)(하이브리드)_A+SC캠페인_구매최적화_수_표준기여_3028_260806,492,0,0,0
2026-09-06 08:30:38,08:00,906987379684182,1팀,120250858902230200,07.크리스피(ASC)(메가딜)_A+SC캠페인_구매최적화_수_표준기여_2464_260806,173,0,0,0
2026-09-06 08:30:38,08:00,906987379684182,1팀,120250858902240200,07.크리스피(ASC)(메가딜)_TCPA_A+SC캠페인_ALL_C7_수_표준기여_2464_260806,697,0,0,0
2026-09-06 08:30:38,08:00,906987379684182,1팀,120250858902260200,07.크리스피(ASC)(메가딜)_TROAS_A+SC캠페인_구매최적화_값_표준기여_2464_260806,1387,0,0,0
2026-09-06 08:30:38,08:00,906987379684182,1팀,120250859367430200,20.김자반밥바(ASC)(하이브리드)_A+SC캠페인_구매최적화_수_가치조정_3159_260806,1242,0,0,0
2026-09-06 08:30:38,08:00,906987379684182,1팀,120250859367440200,20.김자반밥바(ASC)(하이브리드)_TCPA_A+SC캠페인_ALL_C7_수_표준기여_3159_260806,1905,0,0,0
2026-09-06 08:30:38,08:00,906987379684182,1팀,120251066794820200,07.크리스피(ASC)(하이브리드)_A+SC캠페인_구매최적화_수_표준기여_3078_260816_AI _2,1191,0,0,0
2026-09-06 08:30:38,08:00,906987379684182,1팀,120251066794930200,07.크리스피(ASC)(하이브리드)_TROAS_A+SC캠페인_구매최적화_값_표준기여_3078_260816_AI _2,7368,0,0,0
2026-09-06 08:30:38,08:00,906987379684182,1팀,120251169199390200,07.크리스피(ASC)(하이브리드)_TROAS_A+SC캠페인_구매최적화_값_표준기여_3078_260817(페르소나2),3394,1,94600,2787.2716558632883
2026-09-06 08:30:38,08:00,906987379684182,1팀,120251209789390200,07.크리스피(ASC)(하이브리드)_ABO캠페인_구매최적화_수_표준기여_3078_260819,3004,0,0,0
2026-09-06 08:30:38,08:00,906987379684182,1팀,120251211164300200,07.크리스피(ASC)(하이브리드)_TCPA_A+SC캠페인_ALL_C7_수_표준기여_3078_260819(테무콘),766,0,0,0
2026-09-06 08:30:38,08:00,906987379684182,1팀,120251211164310200,07.크리스피(ASC)(하이브리드)_TROAS_A+SC캠페인_구매최적화_값_표준기여_3078_260819(테무콘),0,0,0,0
2026-09-06 08:30:38,08:00,906987379684182,1팀,120251211164320200,07.크리스피(ASC)(하이브리드)_A+SC캠페인_구매최적화_수_표준기여_3078_260819(테무콘),1355,0,0,0
2026-09-06 08:30:38,08:00,906987379684182,1팀,120251251665220200,07.크리스피(ASC)(하이브리드)_TROAS_ABO캠페인_구매최적화_수_표준기여_3078_260821,8936,0,0,0
2026-09-06 08:30:38,08:00,906987379684182,1팀,120251327515450200,07.크리스피(ASC)(메가딜)_ABO캠페인_구매최적화_수_표준기여_2464_260825,2905,0,0,0
2026-09-06 08:30:38,08:00,906987379684182,1팀,120251328004940200,07.크리스피(ASC)(메가딜)_TROAS_ABO캠페인_구매최적화_수_표준기여_2464_260825,2336,0,0,0
2026-09-06 08:30:38,08:00,906987379684182,1팀,120251367693570200,07.크리스피(ASC)(하이브리드)_TCPA_ABO캠페인_구매최적화_수_표준기여_3078_260827,243,0,0,0
2026-09-06 08:30:38,08:00,906987379684182,1팀,120251367790160200,07.크리스피(ASC)(메가딜)_TCPA_ABO캠페인_구매최적화_수_표준기여_2464_260827,2677,0,0,0
2026-09-06 08:30:38,08:00,906987379684182,1팀,120251368155020200,01.통살(ASC)(하이브리드)_ABO캠페인_구매최적화_수_표준기여_3028_260827,731,0,0,0
2026-09-06 08:30:38,08:00,906987379684182,1팀,120251368716980200,01.통살(ASC)(하이브리드)_TPCA_ABO캠페인_구매최적화_수_표준기여_3028_260827,1156,0,0,0
2026-09-06 08:30:38,08:00,906987379684182,1팀,120251368728810200,01.통살(ASC)(하이브리드)_TROAS_ABO캠페인_구매최적화_수_표준기여_3028_260827,1115,0,0,0
2026-09-06 08:30:38,08:00,906987379684182,1팀,120251444359310200,07.크리스피(ASC)(하이브리드)_TROAS_A+SC캠페인_구매최적화_값_표준기여_3078_260901(테무콘2),1611,0,0,0
2026-09-06 08:30:38,08:00,906987379684182,1팀,120251503407460200,22.닭가슴살볼(ASC)(메가딜)_TROAS_A+SC캠페인_구매최적화_값_표준기여_2905_260906(김혜선),1122,0,0,0
2026-09-06 09:30:39,09:00,906987379684182,1팀,120228788396590200,01.통살(ASC)(메가딜)_TCPA20000_A+SC 캠페인_ALL_V1C7_수_표준기여_1874,0,0,0,0
2026-09-06 09:30:39,09:00,906987379684182,1팀,120237509836570200,07.크리스피(ASC)(메가딜)_TCPA16000_A+SC 캠페인_ALL_수_표준기여_2464,3650,0,0,0
2026-09-06 09:30:39,09:00,906987379684182,1팀,120243001852340200,01.통살(ASC)(101010)_TCPA16000_A+SC 캠페인_ALL_V1C7_수_표준기여_2336_02,1651,0,0,0
2026-09-06 09:30:39,09:00,906987379684182,1팀,120244128322750200,01.통살(ASC)(101010)_TCPA16000_A+SC 캠페인_ALL_V1C7_수_표준기여_2336_03,2667,0,0,0
2026-09-06 09:30:39,09:00,906987379684182,1팀,120246397028850200,07.크리스피(ASC)(통합)_A+SC 캠페인_구매최적화_수_표준기여_통합_260511,4862,0,0,0
2026-09-06 09:30:39,09:00,906987379684182,1팀,120246898203940200,03.닭다리살(ASC)(1010)_A+SC캠페인_구매최적화_수_표준기여_2604_260519,965,0,0,0
2026-09-06 09:30:39,09:00,906987379684182,1팀,120246898384670200,03.닭다리살(ASC)(1010)_TROAS_A+SC캠페인_구매최적화_값_표준기여_2604_260519,19371,0,0,0
2026-09-06 09:30:39,09:00,906987379684182,1팀,120247379587080200,07.크리스피(ASC)(1010)_TROAS_A+SC캠페인_구매최적화_값_표준기여_2992_260527,1545,0,0,0
2026-09-06 09:30:39,09:00,906987379684182,1팀,120249317264140200,07.크리스피(ASC)(하이브리드)_TROAS_A+SC캠페인_구매최적화_값_표준기여_3078_260713,1680,0,0,0
2026-09-06 09:30:39,09:00,906987379684182,1팀,120249873905240200,07.크리스피(ASC)(101010)_TROAS_A+SC캠페인_구매최적화_값_표준기여_2659_260705,2296,0,0,0
2026-09-06 09:30:39,09:00,906987379684182,1팀,120249878429160200,01.통살(ASC)(하이브리드)_TROAS_A+SC캠페인_구매최적화_값_표준기여_3028_260705,2898,0,0,0
2026-09-06 09:30:39,09:00,906987379684182,1팀,120250099159330200,07.크리스피(ASC)(메가딜)_TCPA_A+SC캠페인_ALL_C7_수_표준기여_2464_260712,1418,0,0,0
2026-09-06 09:30:39,09:00,906987379684182,1팀,120250268133470200,03.닭다리살(ASC)(하이브리드)_TROAS_A+SC캠페인_구매최적화_값_표준기여_3111_260726,4134,0,0,0
2026-09-06 09:30:39,09:00,906987379684182,1팀,120250614451040200,07.크리스피(ASC)(하이브리드)_TROAS_A+SC캠페인_구매최적화_값_표준기여_3078_260728,1248,0,0,0
2026-09-06 09:30:39,09:00,906987379684182,1팀,120250649570130200,07.크리스피(ASC)(하이브리드)_TROAS_A+SC캠페인_구매최적화_값_표준기여_3078_260802_AI,1700,0,0,0
2026-09-06 09:30:39,09:00,906987379684182,1팀,120250649570180200,07.크리스피(ASC)(하이브리드)_A+SC캠페인_구매최적화_수_표준기여_3078_260802_AI,3222,0,0,0
2026-09-06 09:30:39,09:00,906987379684182,1팀,120250858093370200,01.통살(ASC)(하이브리드)_TROAS_A+SC캠페인_구매최적화_값_표준기여_3028_260806,1737,0,0,0
2026-09-06 09:30:39,09:00,906987379684182,1팀,120250858093380200,01.통살(ASC)(하이브리드)_TCPA_A+SC캠페인_ALL_C7_수_표준기여_3028_260806,826,0,0,0
2026-09-06 09:30:39,09:00,906987379684182,1팀,120250858456470200,01.통살(ASC)(하이브리드)_A+SC캠페인_구매최적화_수_표준기여_3028_260806,835,0,0,0
2026-09-06 09:30:39,09:00,906987379684182,1팀,120250858902230200,07.크리스피(ASC)(메가딜)_A+SC캠페인_구매최적화_수_표준기여_2464_260806,305,0,0,0
2026-09-06 09:30:39,09:00,906987379684182,1팀,120250858902240200,07.크리스피(ASC)(메가딜)_TCPA_A+SC캠페인_ALL_C7_수_표준기여_2464_260806,1398,0,0,0
2026-09-06 09:30:39,09:00,906987379684182,1팀,120250858902260200,07.크리스피(ASC)(메가딜)_TROAS_A+SC캠페인_구매최적화_값_표준기여_2464_260806,2122,0,0,0
2026-09-06 09:30:39,09:00,906987379684182,1팀,120250859259390200,20.김자반밥바(ASC)(메가딜)_TROAS_A+SC캠페인_구매최적화_값_표준기여_3003_260806,0,0,0,0
2026-09-06 09:30:39,09:00,906987379684182,1팀,120250859367430200,20.김자반밥바(ASC)(하이브리드)_A+SC캠페인_구매최적화_수_가치조정_3159_260806,2199,0,0,0
2026-09-06 09:30:39,09:00,906987379684182,1팀,120250859367440200,20.김자반밥바(ASC)(하이브리드)_TCPA_A+SC캠페인_ALL_C7_수_표준기여_3159_260806,8201,0,0,0
2026-09-06 09:30:39,09:00,906987379684182,1팀,120251066794820200,07.크리스피(ASC)(하이브리드)_A+SC캠페인_구매최적화_수_표준기여_3078_260816_AI _2,1797,0,0,0
2026-09-06 09:30:39,09:00,906987379684182,1팀,120251066794930200,07.크리스피(ASC)(하이브리드)_TROAS_A+SC캠페인_구매최적화_값_표준기여_3078_260816_AI _2,10625,0,0,0
2026-09-06 09:30:39,09:00,906987379684182,1팀,120251169199390200,07.크리스피(ASC)(하이브리드)_TROAS_A+SC캠페인_구매최적화_값_표준기여_3078_260817(페르소나2),4555,0,0,0
2026-09-06 09:30:39,09:00,906987379684182,1팀,120251209789390200,07.크리스피(ASC)(하이브리드)_ABO캠페인_구매최적화_수_표준기여_3078_260819,6341,0,0,0
2026-09-06 09:30:39,09:00,906987379684182,1팀,120251211164300200,07.크리스피(ASC)(하이브리드)_TCPA_A+SC캠페인_ALL_C7_수_표준기여_3078_260819(테무콘),1452,0,0,0
2026-09-06 09:30:39,09:00,906987379684182,1팀,120251211164320200,07.크리스피(ASC)(하이브리드)_A+SC캠페인_구매최적화_수_표준기여_3078_260819(테무콘),2430,0,0,0
2026-09-06 09:30:39,09:00,906987379684182,1팀,120251251665220200,07.크리스피(ASC)(하이브리드)_TROAS_ABO캠페인_구매최적화_수_표준기여_3078_260821,13532,0,0,0
2026-09-06 09:30:39,09:00,906987379684182,1팀,120251327515450200,07.크리스피(ASC)(메가딜)_ABO캠페인_구매최적화_수_표준기여_2464_260825,3464,1,25800,744.8036951501155
2026-09-06 09:30:39,09:00,906987379684182,1팀,120251328004940200,07.크리스피(ASC)(메가딜)_TROAS_ABO캠페인_구매최적화_수_표준기여_2464_260825,4253,0,0,0
2026-09-06 09:30:39,09:00,906987379684182,1팀,120251367693570200,07.크리스피(ASC)(하이브리드)_TCPA_ABO캠페인_구매최적화_수_표준기여_3078_260827,1216,0,0,0
2026-09-06 09:30:39,09:00,906987379684182,1팀,120251367790160200,07.크리스피(ASC)(메가딜)_TCPA_ABO캠페인_구매최적화_수_표준기여_2464_260827,4227,0,0,0
2026-09-06 09:30:39,09:00,906987379684182,1팀,120251368155020200,01.통살(ASC)(하이브리드)_ABO캠페인_구매최적화_수_표준기여_3028_260827,2001,0,0,0
2026-09-06 09:30:39,09:00,906987379684182,1팀,120251368716980200,01.통살(ASC)(하이브리드)_TPCA_ABO캠페인_구매최적화_수_표준기여_3028_260827,2167,0,0,0
2026-09-06 09:30:39,09:00,906987379684182,1팀,120251368728810200,01.통살(ASC)(하이브리드)_TROAS_ABO캠페인_구매최적화_수_표준기여_3028_260827,2006,0,0,0
2026-09-06 09:30:39,09:00,906987379684182,1팀,120251444359310200,07.크리스피(ASC)(하이브리드)_TROAS_A+SC캠페인_구매최적화_값_표준기여_3078_260901(테무콘2),1899,0,0,0
2026-09-06 09:30:39,09:00,906987379684182,1팀,120251503407460200,22.닭가슴살볼(ASC)(메가딜)_TROAS_A+SC캠페인_구매최적화_값_표준기여_2905_260906(김혜선),1788,0,0,0
2026-09-06 10:30:38,10:00,906987379684182,1팀,120237509836570200,07.크리스피(ASC)(메가딜)_TCPA16000_A+SC 캠페인_ALL_수_표준기여_2464,4508,1,42700,947.2049689440994
2026-09-06 10:30:38,10:00,906987379684182,1팀,120243001852340200,01.통살(ASC)(101010)_TCPA16000_A+SC 캠페인_ALL_V1C7_수_표준기여_2336_02,1997,0,0,0
2026-09-06 10:30:38,10:00,906987379684182,1팀,120244128322750200,01.통살(ASC)(101010)_TCPA16000_A+SC 캠페인_ALL_V1C7_수_표준기여_2336_03,2252,0,0,0
2026-09-06 10:30:38,10:00,906987379684182,1팀,120246397028850200,07.크리스피(ASC)(통합)_A+SC 캠페인_구매최적화_수_표준기여_통합_260511,999,0,0,0
2026-09-06 10:30:38,10:00,906987379684182,1팀,120246898203940200,03.닭다리살(ASC)(1010)_A+SC캠페인_구매최적화_수_표준기여_2604_260519,966,0,0,0
2026-09-06 10:30:38,10:00,906987379684182,1팀,120246898384670200,03.닭다리살(ASC)(1010)_TROAS_A+SC캠페인_구매최적화_값_표준기여_2604_260519,34847,0,0,0
2026-09-06 10:30:38,10:00,906987379684182,1팀,120247379587080200,07.크리스피(ASC)(1010)_TROAS_A+SC캠페인_구매최적화_값_표준기여_2992_260527,1692,0,0,0
2026-09-06 10:30:38,10:00,906987379684182,1팀,120248762624470200,17.안심볶음밥(ASC)(메가딜)_TROAS_A+SC캠페인_구매최적화_값_표준기여_2903_260705,0,0,0,0
2026-09-06 10:30:38,10:00,906987379684182,1팀,120249317264140200,07.크리스피(ASC)(하이브리드)_TROAS_A+SC캠페인_구매최적화_값_표준기여_3078_260713,2398,0,0,0
2026-09-06 10:30:38,10:00,906987379684182,1팀,120249873905240200,07.크리스피(ASC)(101010)_TROAS_A+SC캠페인_구매최적화_값_표준기여_2659_260705,3359,0,0,0
2026-09-06 10:30:38,10:00,906987379684182,1팀,120249878429160200,01.통살(ASC)(하이브리드)_TROAS_A+SC캠페인_구매최적화_값_표준기여_3028_260705,3996,0,0,0
2026-09-06 10:30:38,10:00,906987379684182,1팀,120250099159330200,07.크리스피(ASC)(메가딜)_TCPA_A+SC캠페인_ALL_C7_수_표준기여_2464_260712,8020,0,0,0
2026-09-06 10:30:38,10:00,906987379684182,1팀,120250268133470200,03.닭다리살(ASC)(하이브리드)_TROAS_A+SC캠페인_구매최적화_값_표준기여_3111_260726,5454,0,0,0
2026-09-06 10:30:38,10:00,906987379684182,1팀,120250614451040200,07.크리스피(ASC)(하이브리드)_TROAS_A+SC캠페인_구매최적화_값_표준기여_3078_260728,2621,0,0,0
2026-09-06 10:30:38,10:00,906987379684182,1팀,120250649570130200,07.크리스피(ASC)(하이브리드)_TROAS_A+SC캠페인_구매최적화_값_표준기여_3078_260802_AI,3267,0,0,0
2026-09-06 10:30:38,10:00,906987379684182,1팀,120250649570180200,07.크리스피(ASC)(하이브리드)_A+SC캠페인_구매최적화_수_표준기여_3078_260802_AI,4711,0,0,0
2026-09-06 10:30:38,10:00,906987379684182,1팀,120250858093370200,01.통살(ASC)(하이브리드)_TROAS_A+SC캠페인_구매최적화_값_표준기여_3028_260806,4108,0,0,0
2026-09-06 10:30:38,10:00,906987379684182,1팀,120250858093380200,01.통살(ASC)(하이브리드)_TCPA_A+SC캠페인_ALL_C7_수_표준기여_3028_260806,1178,0,0,0
2026-09-06 10:30:38,10:00,906987379684182,1팀,120250858456470200,01.통살(ASC)(하이브리드)_A+SC캠페인_구매최적화_수_표준기여_3028_260806,1266,0,0,0
2026-09-06 10:30:38,10:00,906987379684182,1팀,120250858902230200,07.크리스피(ASC)(메가딜)_A+SC캠페인_구매최적화_수_표준기여_2464_260806,513,0,0,0
2026-09-06 10:30:38,10:00,906987379684182,1팀,120250858902240200,07.크리스피(ASC)(메가딜)_TCPA_A+SC캠페인_ALL_C7_수_표준기여_2464_260806,1759,0,0,0
2026-09-06 10:30:38,10:00,906987379684182,1팀,120250858902260200,07.크리스피(ASC)(메가딜)_TROAS_A+SC캠페인_구매최적화_값_표준기여_2464_260806,1929,0,0,0
2026-09-06 10:30:38,10:00,906987379684182,1팀,120250859367430200,20.김자반밥바(ASC)(하이브리드)_A+SC캠페인_구매최적화_수_가치조정_3159_260806,1503,0,0,0
2026-09-06 10:30:38,10:00,906987379684182,1팀,120250859367440200,20.김자반밥바(ASC)(하이브리드)_TCPA_A+SC캠페인_ALL_C7_수_표준기여_3159_260806,9501,0,0,0
2026-09-06 10:30:38,10:00,906987379684182,1팀,120251066794820200,07.크리스피(ASC)(하이브리드)_A+SC캠페인_구매최적화_수_표준기여_3078_260816_AI _2,1353,0,0,0
2026-09-06 10:30:38,10:00,906987379684182,1팀,120251066794930200,07.크리스피(ASC)(하이브리드)_TROAS_A+SC캠페인_구매최적화_값_표준기여_3078_260816_AI _2,13583,0,0,0
2026-09-06 10:30:38,10:00,906987379684182,1팀,120251169199390200,07.크리스피(ASC)(하이브리드)_TROAS_A+SC캠페인_구매최적화_값_표준기여_3078_260817(페르소나2),3165,0,0,0
2026-09-06 10:30:38,10:00,906987379684182,1팀,120251209789390200,07.크리스피(ASC)(하이브리드)_ABO캠페인_구매최적화_수_표준기여_3078_260819,5678,0,0,0
2026-09-06 10:30:38,10:00,906987379684182,1팀,120251211164300200,07.크리스피(ASC)(하이브리드)_TCPA_A+SC캠페인_ALL_C7_수_표준기여_3078_260819(테무콘),1895,0,0,0
2026-09-06 10:30:38,10:00,906987379684182,1팀,120251211164320200,07.크리스피(ASC)(하이브리드)_A+SC캠페인_구매최적화_수_표준기여_3078_260819(테무콘),2508,0,0,0
2026-09-06 10:30:38,10:00,906987379684182,1팀,120251251665220200,07.크리스피(ASC)(하이브리드)_TROAS_ABO캠페인_구매최적화_수_표준기여_3078_260821,14616,0,0,0
2026-09-06 10:30:38,10:00,906987379684182,1팀,120251327515450200,07.크리스피(ASC)(메가딜)_ABO캠페인_구매최적화_수_표준기여_2464_260825,3125,0,0,0
2026-09-06 10:30:38,10:00,906987379684182,1팀,120251328004940200,07.크리스피(ASC)(메가딜)_TROAS_ABO캠페인_구매최적화_수_표준기여_2464_260825,6247,0,0,0
2026-09-06 10:30:38,10:00,906987379684182,1팀,120251367693570200,07.크리스피(ASC)(하이브리드)_TCPA_ABO캠페인_구매최적화_수_표준기여_3078_260827,292,0,0,0
2026-09-06 10:30:38,10:00,906987379684182,1팀,120251367790160200,07.크리스피(ASC)(메가딜)_TCPA_ABO캠페인_구매최적화_수_표준기여_2464_260827,2634,0,0,0
2026-09-06 10:30:38,10:00,906987379684182,1팀,120251368155020200,01.통살(ASC)(하이브리드)_ABO캠페인_구매최적화_수_표준기여_3028_260827,2154,0,0,0
2026-09-06 10:30:38,10:00,906987379684182,1팀,120251368716980200,01.통살(ASC)(하이브리드)_TPCA_ABO캠페인_구매최적화_수_표준기여_3028_260827,2820,0,0,0
2026-09-06 10:30:38,10:00,906987379684182,1팀,120251368728810200,01.통살(ASC)(하이브리드)_TROAS_ABO캠페인_구매최적화_수_표준기여_3028_260827,1867,0,0,0
2026-09-06 10:30:38,10:00,906987379684182,1팀,120251444359310200,07.크리스피(ASC)(하이브리드)_TROAS_A+SC캠페인_구매최적화_값_표준기여_3078_260901(테무콘2),2205,0,0,0
2026-09-06 10:30:38,10:00,906987379684182,1팀,120251503407460200,22.닭가슴살볼(ASC)(메가딜)_TROAS_A+SC캠페인_구매최적화_값_표준기여_2905_260906(김혜선),1174,0,0,0
2026-09-06 11:30:38,11:00,906987379684182,1팀,120228788396590200,01.통살(ASC)(메가딜)_TCPA20000_A+SC 캠페인_ALL_V1C7_수_표준기여_1874,0,0,0,0
2026-09-06 11:30:38,11:00,906987379684182,1팀,120237509836570200,07.크리스피(ASC)(메가딜)_TCPA16000_A+SC 캠페인_ALL_수_표준기여_2464,4168,0,0,0
2026-09-06 11:30:38,11:00,906987379684182,1팀,120243001852340200,01.통살(ASC)(101010)_TCPA16000_A+SC 캠페인_ALL_V1C7_수_표준기여_2336_02,1403,0,0,0
2026-09-06 11:30:38,11:00,906987379684182,1팀,120244128322750200,01.통살(ASC)(101010)_TCPA16000_A+SC 캠페인_ALL_V1C7_수_표준기여_2336_03,5321,0,0,0
2026-09-06 11:30:38,11:00,906987379684182,1팀,120246397028850200,07.크리스피(ASC)(통합)_A+SC 캠페인_구매최적화_수_표준기여_통합_260511,848,0,0,0
2026-09-06 11:30:38,11:00,906987379684182,1팀,120246898203940200,03.닭다리살(ASC)(1010)_A+SC캠페인_구매최적화_수_표준기여_2604_260519,1991,0,0,0
2026-09-06 11:30:38,11:00,906987379684182,1팀,120246898384670200,03.닭다리살(ASC)(1010)_TROAS_A+SC캠페인_구매최적화_값_표준기여_2604_260519,43563,0,0,0
2026-09-06 11:30:38,11:00,906987379684182,1팀,120247379587080200,07.크리스피(ASC)(1010)_TROAS_A+SC캠페인_구매최적화_값_표준기여_2992_260527,1519,0,0,0
2026-09-06 11:30:38,11:00,906987379684182,1팀,120248361514480200,01.통살(ASC)(하이브리드)_TCPA_A+SC캠페인_ALL_C7_수_표준기여_3028_260611,1063,0,0,0
2026-09-06 11:30:38,11:00,906987379684182,1팀,120248762624470200,17.안심볶음밥(ASC)(메가딜)_TROAS_A+SC캠페인_구매최적화_값_표준기여_2903_260705,0,0,0,0
2026-09-06 11:30:38,11:00,906987379684182,1팀,120249317264140200,07.크리스피(ASC)(하이브리드)_TROAS_A+SC캠페인_구매최적화_값_표준기여_3078_260713,1848,0,0,0
2026-09-06 11:30:38,11:00,906987379684182,1팀,120249873905240200,07.크리스피(ASC)(101010)_TROAS_A+SC캠페인_구매최적화_값_표준기여_2659_260705,1985,0,0,0
2026-09-06 11:30:38,11:00,906987379684182,1팀,120249878429160200,01.통살(ASC)(하이브리드)_TROAS_A+SC캠페인_구매최적화_값_표준기여_3028_260705,3502,0,0,0
2026-09-06 11:30:38,11:00,906987379684182,1팀,120250099159330200,07.크리스피(ASC)(메가딜)_TCPA_A+SC캠페인_ALL_C7_수_표준기여_2464_260712,7795,0,0,0
2026-09-06 11:30:38,11:00,906987379684182,1팀,120250268133470200,03.닭다리살(ASC)(하이브리드)_TROAS_A+SC캠페인_구매최적화_값_표준기여_3111_260726,5055,0,0,0
2026-09-06 11:30:38,11:00,906987379684182,1팀,120250614451040200,07.크리스피(ASC)(하이브리드)_TROAS_A+SC캠페인_구매최적화_값_표준기여_3078_260728,2516,0,0,0
2026-09-06 11:30:38,11:00,906987379684182,1팀,120250649570130200,07.크리스피(ASC)(하이브리드)_TROAS_A+SC캠페인_구매최적화_값_표준기여_3078_260802_AI,3509,0,0,0
2026-09-06 11:30:38,11:00,906987379684182,1팀,120250649570180200,07.크리스피(ASC)(하이브리드)_A+SC캠페인_구매최적화_수_표준기여_3078_260802_AI,4224,0,0,0
2026-09-06 11:30:38,11:00,906987379684182,1팀,120250858093370200,01.통살(ASC)(하이브리드)_TROAS_A+SC캠페인_구매최적화_값_표준기여_3028_260806,2069,0,0,0
2026-09-06 11:30:38,11:00,906987379684182,1팀,120250858093380200,01.통살(ASC)(하이브리드)_TCPA_A+SC캠페인_ALL_C7_수_표준기여_3028_260806,1867,0,0,0
2026-09-06 11:30:38,11:00,906987379684182,1팀,120250858456470200,01.통살(ASC)(하이브리드)_A+SC캠페인_구매최적화_수_표준기여_3028_260806,3275,0,0,0
2026-09-06 11:30:38,11:00,906987379684182,1팀,120250858902230200,07.크리스피(ASC)(메가딜)_A+SC캠페인_구매최적화_수_표준기여_2464_260806,619,0,0,0
2026-09-06 11:30:38,11:00,906987379684182,1팀,120250858902240200,07.크리스피(ASC)(메가딜)_TCPA_A+SC캠페인_ALL_C7_수_표준기여_2464_260806,1738,0,0,0
2026-09-06 11:30:38,11:00,906987379684182,1팀,120250858902260200,07.크리스피(ASC)(메가딜)_TROAS_A+SC캠페인_구매최적화_값_표준기여_2464_260806,2779,0,0,0
2026-09-06 11:30:38,11:00,906987379684182,1팀,120250859367430200,20.김자반밥바(ASC)(하이브리드)_A+SC캠페인_구매최적화_수_가치조정_3159_260806,1166,0,0,0
2026-09-06 11:30:38,11:00,906987379684182,1팀,120250859367440200,20.김자반밥바(ASC)(하이브리드)_TCPA_A+SC캠페인_ALL_C7_수_표준기여_3159_260806,6912,0,0,0
2026-09-06 11:30:38,11:00,906987379684182,1팀,120250859367470200,20.김자반밥바(ASC)(하이브리드)_TROAS_A+SC캠페인_구매최적화_값_표준기여_3159_260806,0,0,0,0
2026-09-06 11:30:38,11:00,906987379684182,1팀,120251066794820200,07.크리스피(ASC)(하이브리드)_A+SC캠페인_구매최적화_수_표준기여_3078_260816_AI _2,2012,0,0,0
2026-09-06 11:30:38,11:00,906987379684182,1팀,120251066794930200,07.크리스피(ASC)(하이브리드)_TROAS_A+SC캠페인_구매최적화_값_표준기여_3078_260816_AI _2,10039,1,145800,1452.3358900288872
2026-09-06 11:30:38,11:00,906987379684182,1팀,120251169199390200,07.크리스피(ASC)(하이브리드)_TROAS_A+SC캠페인_구매최적화_값_표준기여_3078_260817(페르소나2),3638,0,0,0
2026-09-06 11:30:38,11:00,906987379684182,1팀,120251209789390200,07.크리스피(ASC)(하이브리드)_ABO캠페인_구매최적화_수_표준기여_3078_260819,7826,0,0,0
2026-09-06 11:30:38,11:00,906987379684182,1팀,120251211164300200,07.크리스피(ASC)(하이브리드)_TCPA_A+SC캠페인_ALL_C7_수_표준기여_3078_260819(테무콘),1444,0,0,0
2026-09-06 11:30:38,11:00,906987379684182,1팀,120251211164320200,07.크리스피(ASC)(하이브리드)_A+SC캠페인_구매최적화_수_표준기여_3078_260819(테무콘),4340,1,77600,1788.0184331797234
2026-09-06 11:30:38,11:00,906987379684182,1팀,120251251665220200,07.크리스피(ASC)(하이브리드)_TROAS_ABO캠페인_구매최적화_수_표준기여_3078_260821,16686,0,0,0
2026-09-06 11:30:38,11:00,906987379684182,1팀,120251327515450200,07.크리스피(ASC)(메가딜)_ABO캠페인_구매최적화_수_표준기여_2464_260825,3832,0,0,0
2026-09-06 11:30:38,11:00,906987379684182,1팀,120251328004940200,07.크리스피(ASC)(메가딜)_TROAS_ABO캠페인_구매최적화_수_표준기여_2464_260825,6827,0,0,0
2026-09-06 11:30:38,11:00,906987379684182,1팀,120251367693570200,07.크리스피(ASC)(하이브리드)_TCPA_ABO캠페인_구매최적화_수_표준기여_3078_260827,761,0,0,0
2026-09-06 11:30:38,11:00,906987379684182,1팀,120251367790160200,07.크리스피(ASC)(메가딜)_TCPA_ABO캠페인_구매최적화_수_표준기여_2464_260827,5096,0,0,0
2026-09-06 11:30:38,11:00,906987379684182,1팀,120251368155020200,01.통살(ASC)(하이브리드)_ABO캠페인_구매최적화_수_표준기여_3028_260827,2155,0,0,0
2026-09-06 11:30:38,11:00,906987379684182,1팀,120251368716980200,01.통살(ASC)(하이브리드)_TPCA_ABO캠페인_구매최적화_수_표준기여_3028_260827,1864,0,0,0
2026-09-06 11:30:38,11:00,906987379684182,1팀,120251368728810200,01.통살(ASC)(하이브리드)_TROAS_ABO캠페인_구매최적화_수_표준기여_3028_260827,2172,0,0,0
2026-09-06 11:30:38,11:00,906987379684182,1팀,120251444359310200,07.크리스피(ASC)(하이브리드)_TROAS_A+SC캠페인_구매최적화_값_표준기여_3078_260901(테무콘2),2545,0,0,0
2026-09-06 11:30:38,11:00,906987379684182,1팀,120251503407460200,22.닭가슴살볼(ASC)(메가딜)_TROAS_A+SC캠페인_구매최적화_값_표준기여_2905_260906(김혜선),1302,0,0,0
2026-09-06 12:30:36,12:00,906987379684182,1팀,120230755324960200,07.크리스피(ASC)(메가딜)_A+SC 캠페인_구매최적화_수_표준기여_2464,0,0,0,0
2026-09-06 12:30:36,12:00,906987379684182,1팀,120237509836570200,07.크리스피(ASC)(메가딜)_TCPA16000_A+SC 캠페인_ALL_수_표준기여_2464,4283,0,0,0
2026-09-06 12:30:36,12:00,906987379684182,1팀,120243001852340200,01.통살(ASC)(101010)_TCPA16000_A+SC 캠페인_ALL_V1C7_수_표준기여_2336_02,2004,0,0,0
2026-09-06 12:30:36,12:00,906987379684182,1팀,120244128322750200,01.통살(ASC)(101010)_TCPA16000_A+SC 캠페인_ALL_V1C7_수_표준기여_2336_03,4355,0,0,0
2026-09-06 12:30:36,12:00,906987379684182,1팀,120244130427210200,07.크리스피(ASC)(메가딜)_A+SC 캠페인_구매최적화_수_표준기여_2464_260404,0,0,0,0
2026-09-06 12:30:36,12:00,906987379684182,1팀,120246397028850200,07.크리스피(ASC)(통합)_A+SC 캠페인_구매최적화_수_표준기여_통합_260511,1302,0,0,0
2026-09-06 12:30:36,12:00,906987379684182,1팀,120246898203940200,03.닭다리살(ASC)(1010)_A+SC캠페인_구매최적화_수_표준기여_2604_260519,2962,0,0,0
2026-09-06 12:30:36,12:00,906987379684182,1팀,120246898384670200,03.닭다리살(ASC)(1010)_TROAS_A+SC캠페인_구매최적화_값_표준기여_2604_260519,49673,0,0,0
2026-09-06 12:30:36,12:00,906987379684182,1팀,120247379587080200,07.크리스피(ASC)(1010)_TROAS_A+SC캠페인_구매최적화_값_표준기여_2992_260527,1360,0,0,0
2026-09-06 12:30:36,12:00,906987379684182,1팀,120248361514480200,01.통살(ASC)(하이브리드)_TCPA_A+SC캠페인_ALL_C7_수_표준기여_3028_260611,4693,0,0,0
2026-09-06 12:30:36,12:00,906987379684182,1팀,120249317264110200,07.크리스피(ASC)(하이브리드)_A+SC캠페인_구매최적화_수_표준기여_3078_260713,0,0,0,0
2026-09-06 12:30:36,12:00,906987379684182,1팀,120249317264140200,07.크리스피(ASC)(하이브리드)_TROAS_A+SC캠페인_구매최적화_값_표준기여_3078_260713,2457,0,0,0
2026-09-06 12:30:36,12:00,906987379684182,1팀,120249873905240200,07.크리스피(ASC)(101010)_TROAS_A+SC캠페인_구매최적화_값_표준기여_2659_260705,2180,0,0,0
2026-09-06 12:30:36,12:00,906987379684182,1팀,120249878429160200,01.통살(ASC)(하이브리드)_TROAS_A+SC캠페인_구매최적화_값_표준기여_3028_260705,6587,0,0,0
2026-09-06 12:30:36,12:00,906987379684182,1팀,120250099159330200,07.크리스피(ASC)(메가딜)_TCPA_A+SC캠페인_ALL_C7_수_표준기여_2464_260712,7104,0,0,0
2026-09-06 12:30:36,12:00,906987379684182,1팀,120250268133470200,03.닭다리살(ASC)(하이브리드)_TROAS_A+SC캠페인_구매최적화_값_표준기여_3111_260726,6657,0,0,0
2026-09-06 12:30:36,12:00,906987379684182,1팀,120250614451040200,07.크리스피(ASC)(하이브리드)_TROAS_A+SC캠페인_구매최적화_값_표준기여_3078_260728,2796,0,0,0
2026-09-06 12:30:36,12:00,906987379684182,1팀,120250649570130200,07.크리스피(ASC)(하이브리드)_TROAS_A+SC캠페인_구매최적화_값_표준기여_3078_260802_AI,9283,0,0,0
2026-09-06 12:30:36,12:00,906987379684182,1팀,120250649570180200,07.크리스피(ASC)(하이브리드)_A+SC캠페인_구매최적화_수_표준기여_3078_260802_AI,5230,0,0,0
2026-09-06 12:30:36,12:00,906987379684182,1팀,120250858093370200,01.통살(ASC)(하이브리드)_TROAS_A+SC캠페인_구매최적화_값_표준기여_3028_260806,10486,0,0,0
2026-09-06 12:30:36,12:00,906987379684182,1팀,120250858093380200,01.통살(ASC)(하이브리드)_TCPA_A+SC캠페인_ALL_C7_수_표준기여_3028_260806,502,0,0,0
2026-09-06 12:30:36,12:00,906987379684182,1팀,120250858456470200,01.통살(ASC)(하이브리드)_A+SC캠페인_구매최적화_수_표준기여_3028_260806,2411,0,0,0
2026-09-06 12:30:36,12:00,906987379684182,1팀,120250858902230200,07.크리스피(ASC)(메가딜)_A+SC캠페인_구매최적화_수_표준기여_2464_260806,1291,0,0,0
2026-09-06 12:30:36,12:00,906987379684182,1팀,120250858902240200,07.크리스피(ASC)(메가딜)_TCPA_A+SC캠페인_ALL_C7_수_표준기여_2464_260806,2543,0,0,0
2026-09-06 12:30:36,12:00,906987379684182,1팀,120250858902260200,07.크리스피(ASC)(메가딜)_TROAS_A+SC캠페인_구매최적화_값_표준기여_2464_260806,3231,0,0,0
2026-09-06 12:30:36,12:00,906987379684182,1팀,120250859367430200,20.김자반밥바(ASC)(하이브리드)_A+SC캠페인_구매최적화_수_가치조정_3159_260806,1081,0,0,0
2026-09-06 12:30:36,12:00,906987379684182,1팀,120250859367440200,20.김자반밥바(ASC)(하이브리드)_TCPA_A+SC캠페인_ALL_C7_수_표준기여_3159_260806,8076,0,0,0
2026-09-06 12:30:36,12:00,906987379684182,1팀,120250859367470200,20.김자반밥바(ASC)(하이브리드)_TROAS_A+SC캠페인_구매최적화_값_표준기여_3159_260806,0,0,0,0
2026-09-06 12:30:36,12:00,906987379684182,1팀,120251066794820200,07.크리스피(ASC)(하이브리드)_A+SC캠페인_구매최적화_수_표준기여_3078_260816_AI _2,2362,1,58700,2485.182049110923
2026-09-06 12:30:36,12:00,906987379684182,1팀,120251066794930200,07.크리스피(ASC)(하이브리드)_TROAS_A+SC캠페인_구매최적화_값_표준기여_3078_260816_AI _2,4232,0,0,0
2026-09-06 12:30:36,12:00,906987379684182,1팀,120251169199390200,07.크리스피(ASC)(하이브리드)_TROAS_A+SC캠페인_구매최적화_값_표준기여_3078_260817(페르소나2),5387,0,0,0
2026-09-06 12:30:36,12:00,906987379684182,1팀,120251209789390200,07.크리스피(ASC)(하이브리드)_ABO캠페인_구매최적화_수_표준기여_3078_260819,8843,0,0,0
2026-09-06 12:30:36,12:00,906987379684182,1팀,120251211164300200,07.크리스피(ASC)(하이브리드)_TCPA_A+SC캠페인_ALL_C7_수_표준기여_3078_260819(테무콘),2247,0,0,0
2026-09-06 12:30:36,12:00,906987379684182,1팀,120251211164310200,07.크리스피(ASC)(하이브리드)_TROAS_A+SC캠페인_구매최적화_값_표준기여_3078_260819(테무콘),0,1,93600,0
2026-09-06 12:30:36,12:00,906987379684182,1팀,120251211164320200,07.크리스피(ASC)(하이브리드)_A+SC캠페인_구매최적화_수_표준기여_3078_260819(테무콘),5616,0,0,0
2026-09-06 12:30:36,12:00,906987379684182,1팀,120251251665220200,07.크리스피(ASC)(하이브리드)_TROAS_ABO캠페인_구매최적화_수_표준기여_3078_260821,17208,0,0,0
2026-09-06 12:30:36,12:00,906987379684182,1팀,120251327515450200,07.크리스피(ASC)(메가딜)_ABO캠페인_구매최적화_수_표준기여_2464_260825,6563,0,0,0
2026-09-06 12:30:36,12:00,906987379684182,1팀,120251328004940200,07.크리스피(ASC)(메가딜)_TROAS_ABO캠페인_구매최적화_수_표준기여_2464_260825,8856,0,0,0
2026-09-06 12:30:36,12:00,906987379684182,1팀,120251367693570200,07.크리스피(ASC)(하이브리드)_TCPA_ABO캠페인_구매최적화_수_표준기여_3078_260827,1910,0,0,0
2026-09-06 12:30:36,12:00,906987379684182,1팀,120251367790160200,07.크리스피(ASC)(메가딜)_TCPA_ABO캠페인_구매최적화_수_표준기여_2464_260827,10640,0,0,0
2026-09-06 12:30:36,12:00,906987379684182,1팀,120251368155020200,01.통살(ASC)(하이브리드)_ABO캠페인_구매최적화_수_표준기여_3028_260827,1715,0,0,0
2026-09-06 12:30:36,12:00,906987379684182,1팀,120251368716980200,01.통살(ASC)(하이브리드)_TPCA_ABO캠페인_구매최적화_수_표준기여_3028_260827,2293,0,0,0
2026-09-06 12:30:36,12:00,906987379684182,1팀,120251368728810200,01.통살(ASC)(하이브리드)_TROAS_ABO캠페인_구매최적화_수_표준기여_3028_260827,3446,0,0,0
2026-09-06 12:30:36,12:00,906987379684182,1팀,120251444359310200,07.크리스피(ASC)(하이브리드)_TROAS_A+SC캠페인_구매최적화_값_표준기여_3078_260901(테무콘2),1568,0,0,0
2026-09-06 12:30:36,12:00,906987379684182,1팀,120251503407460200,22.닭가슴살볼(ASC)(메가딜)_TROAS_A+SC캠페인_구매최적화_값_표준기여_2905_260906(김혜선),1850,0,0,0
2026-09-06 13:30:37,13:00,906987379684182,1팀,120228788396590200,01.통살(ASC)(메가딜)_TCPA20000_A+SC 캠페인_ALL_V1C7_수_표준기여_1874,0,0,0,0
2026-09-06 13:30:37,13:00,906987379684182,1팀,120237509836570200,07.크리스피(ASC)(메가딜)_TCPA16000_A+SC 캠페인_ALL_수_표준기여_2464,3939,0,0,0
2026-09-06 13:30:37,13:00,906987379684182,1팀,120243001852340200,01.통살(ASC)(101010)_TCPA16000_A+SC 캠페인_ALL_V1C7_수_표준기여_2336_02,1841,0,0,0
2026-09-06 13:30:37,13:00,906987379684182,1팀,120244128322750200,01.통살(ASC)(101010)_TCPA16000_A+SC 캠페인_ALL_V1C7_수_표준기여_2336_03,5039,0,0,0
2026-09-06 13:30:37,13:00,906987379684182,1팀,120244130427210200,07.크리스피(ASC)(메가딜)_A+SC 캠페인_구매최적화_수_표준기여_2464_260404,0,0,0,0
2026-09-06 13:30:37,13:00,906987379684182,1팀,120246397028850200,07.크리스피(ASC)(통합)_A+SC 캠페인_구매최적화_수_표준기여_통합_260511,3618,0,0,0
2026-09-06 13:30:37,13:00,906987379684182,1팀,120246898203940200,03.닭다리살(ASC)(1010)_A+SC캠페인_구매최적화_수_표준기여_2604_260519,3750,0,0,0
2026-09-06 13:30:37,13:00,906987379684182,1팀,120246898384670200,03.닭다리살(ASC)(1010)_TROAS_A+SC캠페인_구매최적화_값_표준기여_2604_260519,49988,1,49900,99.82395774985997
2026-09-06 13:30:37,13:00,906987379684182,1팀,120247379587080200,07.크리스피(ASC)(1010)_TROAS_A+SC캠페인_구매최적화_값_표준기여_2992_260527,2525,0,0,0
2026-09-06 13:30:37,13:00,906987379684182,1팀,120248361514480200,01.통살(ASC)(하이브리드)_TCPA_A+SC캠페인_ALL_C7_수_표준기여_3028_260611,4657,0,0,0
2026-09-06 13:30:37,13:00,906987379684182,1팀,120249317264140200,07.크리스피(ASC)(하이브리드)_TROAS_A+SC캠페인_구매최적화_값_표준기여_3078_260713,2169,0,0,0
2026-09-06 13:30:37,13:00,906987379684182,1팀,120249873905240200,07.크리스피(ASC)(101010)_TROAS_A+SC캠페인_구매최적화_값_표준기여_2659_260705,1924,0,0,0
2026-09-06 13:30:37,13:00,906987379684182,1팀,120249878429160200,01.통살(ASC)(하이브리드)_TROAS_A+SC캠페인_구매최적화_값_표준기여_3028_260705,6530,0,0,0
2026-09-06 13:30:37,13:00,906987379684182,1팀,120250099159330200,07.크리스피(ASC)(메가딜)_TCPA_A+SC캠페인_ALL_C7_수_표준기여_2464_260712,6612,0,0,0
2026-09-06 13:30:37,13:00,906987379684182,1팀,120250268133470200,03.닭다리살(ASC)(하이브리드)_TROAS_A+SC캠페인_구매최적화_값_표준기여_3111_260726,5393,1,49900,925.2735026886705
2026-09-06 13:30:37,13:00,906987379684182,1팀,120250614451040200,07.크리스피(ASC)(하이브리드)_TROAS_A+SC캠페인_구매최적화_값_표준기여_3078_260728,2220,0,0,0
2026-09-06 13:30:37,13:00,906987379684182,1팀,120250649570130200,07.크리스피(ASC)(하이브리드)_TROAS_A+SC캠페인_구매최적화_값_표준기여_3078_260802_AI,8727,0,0,0
2026-09-06 13:30:37,13:00,906987379684182,1팀,120250649570180200,07.크리스피(ASC)(하이브리드)_A+SC캠페인_구매최적화_수_표준기여_3078_260802_AI,7954,0,0,0
2026-09-06 13:30:37,13:00,906987379684182,1팀,120250858093370200,01.통살(ASC)(하이브리드)_TROAS_A+SC캠페인_구매최적화_값_표준기여_3028_260806,13505,0,0,0
2026-09-06 13:30:37,13:00,906987379684182,1팀,120250858093380200,01.통살(ASC)(하이브리드)_TCPA_A+SC캠페인_ALL_C7_수_표준기여_3028_260806,1837,0,0,0
2026-09-06 13:30:37,13:00,906987379684182,1팀,120250858456470200,01.통살(ASC)(하이브리드)_A+SC캠페인_구매최적화_수_표준기여_3028_260806,2784,0,0,0
2026-09-06 13:30:37,13:00,906987379684182,1팀,120250858902230200,07.크리스피(ASC)(메가딜)_A+SC캠페인_구매최적화_수_표준기여_2464_260806,945,0,0,0
2026-09-06 13:30:37,13:00,906987379684182,1팀,120250858902240200,07.크리스피(ASC)(메가딜)_TCPA_A+SC캠페인_ALL_C7_수_표준기여_2464_260806,2263,0,0,0
2026-09-06 13:30:37,13:00,906987379684182,1팀,120250858902260200,07.크리스피(ASC)(메가딜)_TROAS_A+SC캠페인_구매최적화_값_표준기여_2464_260806,2543,0,0,0
2026-09-06 13:30:37,13:00,906987379684182,1팀,120250859259390200,20.김자반밥바(ASC)(메가딜)_TROAS_A+SC캠페인_구매최적화_값_표준기여_3003_260806,0,0,0,0
2026-09-06 13:30:37,13:00,906987379684182,1팀,120250859367430200,20.김자반밥바(ASC)(하이브리드)_A+SC캠페인_구매최적화_수_가치조정_3159_260806,2341,0,0,0
2026-09-06 13:30:37,13:00,906987379684182,1팀,120250859367440200,20.김자반밥바(ASC)(하이브리드)_TCPA_A+SC캠페인_ALL_C7_수_표준기여_3159_260806,5841,0,0,0
2026-09-06 13:30:37,13:00,906987379684182,1팀,120251066794820200,07.크리스피(ASC)(하이브리드)_A+SC캠페인_구매최적화_수_표준기여_3078_260816_AI _2,1415,0,0,0
2026-09-06 13:30:37,13:00,906987379684182,1팀,120251066794930200,07.크리스피(ASC)(하이브리드)_TROAS_A+SC캠페인_구매최적화_값_표준기여_3078_260816_AI _2,8678,0,0,0
2026-09-06 13:30:37,13:00,906987379684182,1팀,120251169199390200,07.크리스피(ASC)(하이브리드)_TROAS_A+SC캠페인_구매최적화_값_표준기여_3078_260817(페르소나2),6107,0,0,0
2026-09-06 13:30:37,13:00,906987379684182,1팀,120251209789390200,07.크리스피(ASC)(하이브리드)_ABO캠페인_구매최적화_수_표준기여_3078_260819,10944,0,0,0
2026-09-06 13:30:37,13:00,906987379684182,1팀,120251211164300200,07.크리스피(ASC)(하이브리드)_TCPA_A+SC캠페인_ALL_C7_수_표준기여_3078_260819(테무콘),2005,0,0,0
2026-09-06 13:30:37,13:00,906987379684182,1팀,120251211164320200,07.크리스피(ASC)(하이브리드)_A+SC캠페인_구매최적화_수_표준기여_3078_260819(테무콘),4134,0,0,0
2026-09-06 13:30:37,13:00,906987379684182,1팀,120251251665220200,07.크리스피(ASC)(하이브리드)_TROAS_ABO캠페인_구매최적화_수_표준기여_3078_260821,17805,1,59800,335.86071328278575
2026-09-06 13:30:37,13:00,906987379684182,1팀,120251327515450200,07.크리스피(ASC)(메가딜)_ABO캠페인_구매최적화_수_표준기여_2464_260825,6632,0,0,0
2026-09-06 13:30:37,13:00,906987379684182,1팀,120251328004940200,07.크리스피(ASC)(메가딜)_TROAS_ABO캠페인_구매최적화_수_표준기여_2464_260825,9806,0,0,0
2026-09-06 13:30:37,13:00,906987379684182,1팀,120251367693570200,07.크리스피(ASC)(하이브리드)_TCPA_ABO캠페인_구매최적화_수_표준기여_3078_260827,2100,0,0,0
2026-09-06 13:30:37,13:00,906987379684182,1팀,120251367790160200,07.크리스피(ASC)(메가딜)_TCPA_ABO캠페인_구매최적화_수_표준기여_2464_260827,7236,0,0,0
2026-09-06 13:30:37,13:00,906987379684182,1팀,120251368155020200,01.통살(ASC)(하이브리드)_ABO캠페인_구매최적화_수_표준기여_3028_260827,3108,0,0,0
2026-09-06 13:30:37,13:00,906987379684182,1팀,120251368716980200,01.통살(ASC)(하이브리드)_TPCA_ABO캠페인_구매최적화_수_표준기여_3028_260827,2907,0,0,0
2026-09-06 13:30:37,13:00,906987379684182,1팀,120251368728810200,01.통살(ASC)(하이브리드)_TROAS_ABO캠페인_구매최적화_수_표준기여_3028_260827,3089,0,0,0
2026-09-06 13:30:37,13:00,906987379684182,1팀,120251444359310200,07.크리스피(ASC)(하이브리드)_TROAS_A+SC캠페인_구매최적화_값_표준기여_3078_260901(테무콘2),3774,0,0,0
2026-09-06 13:30:37,13:00,906987379684182,1팀,120251503407460200,22.닭가슴살볼(ASC)(메가딜)_TROAS_A+SC캠페인_구매최적화_값_표준기여_2905_260906(김혜선),2082,0,0,0
2026-09-06 13:33:08,13:00,906987379684182,1팀,120228788396590200,01.통살(ASC)(메가딜)_TCPA20000_A+SC 캠페인_ALL_V1C7_수_표준기여_1874,0,1,53800,0
2026-09-06 13:33:08,13:00,906987379684182,1팀,120237509836570200,07.크리스피(ASC)(메가딜)_TCPA16000_A+SC 캠페인_ALL_수_표준기여_2464,3939,0,0,0
2026-09-06 13:33:08,13:00,906987379684182,1팀,120243001852340200,01.통살(ASC)(101010)_TCPA16000_A+SC 캠페인_ALL_V1C7_수_표준기여_2336_02,2139,0,0,0
2026-09-06 13:33:08,13:00,906987379684182,1팀,120244128322750200,01.통살(ASC)(101010)_TCPA16000_A+SC 캠페인_ALL_V1C7_수_표준기여_2336_03,5628,0,0,0
2026-09-06 13:33:08,13:00,906987379684182,1팀,120244130427210200,07.크리스피(ASC)(메가딜)_A+SC 캠페인_구매최적화_수_표준기여_2464_260404,0,0,0,0
2026-09-06 13:33:08,13:00,906987379684182,1팀,120246397028850200,07.크리스피(ASC)(통합)_A+SC 캠페인_구매최적화_수_표준기여_통합_260511,3618,0,0,0
2026-09-06 13:33:08,13:00,906987379684182,1팀,120246898203940200,03.닭다리살(ASC)(1010)_A+SC캠페인_구매최적화_수_표준기여_2604_260519,4138,0,0,0
2026-09-06 13:33:08,13:00,906987379684182,1팀,120246898384670200,03.닭다리살(ASC)(1010)_TROAS_A+SC캠페인_구매최적화_값_표준기여_2604_260519,49988,1,49900,99.82395774985997
2026-09-06 13:33:08,13:00,906987379684182,1팀,120247379587080200,07.크리스피(ASC)(1010)_TROAS_A+SC캠페인_구매최적화_값_표준기여_2992_260527,2525,0,0,0
2026-09-06 13:33:08,13:00,906987379684182,1팀,120248361514480200,01.통살(ASC)(하이브리드)_TCPA_A+SC캠페인_ALL_C7_수_표준기여_3028_260611,5253,0,0,0
2026-09-06 13:33:08,13:00,906987379684182,1팀,120249317264140200,07.크리스피(ASC)(하이브리드)_TROAS_A+SC캠페인_구매최적화_값_표준기여_3078_260713,2348,0,0,0
2026-09-06 13:33:08,13:00,906987379684182,1팀,120249873905240200,07.크리스피(ASC)(101010)_TROAS_A+SC캠페인_구매최적화_값_표준기여_2659_260705,1924,0,0,0
2026-09-06 13:33:08,13:00,906987379684182,1팀,120249878429160200,01.통살(ASC)(하이브리드)_TROAS_A+SC캠페인_구매최적화_값_표준기여_3028_260705,6530,0,0,0
2026-09-06 13:33:08,13:00,906987379684182,1팀,120250099159330200,07.크리스피(ASC)(메가딜)_TCPA_A+SC캠페인_ALL_C7_수_표준기여_2464_260712,6612,0,0,0
2026-09-06 13:33:08,13:00,906987379684182,1팀,120250268133470200,03.닭다리살(ASC)(하이브리드)_TROAS_A+SC캠페인_구매최적화_값_표준기여_3111_260726,5393,1,49900,925.2735026886705
2026-09-06 13:33:08,13:00,906987379684182,1팀,120250614451040200,07.크리스피(ASC)(하이브리드)_TROAS_A+SC캠페인_구매최적화_값_표준기여_3078_260728,2220,0,0,0
2026-09-06 13:33:08,13:00,906987379684182,1팀,120250649570130200,07.크리스피(ASC)(하이브리드)_TROAS_A+SC캠페인_구매최적화_값_표준기여_3078_260802_AI,9613,0,0,0
2026-09-06 13:33:08,13:00,906987379684182,1팀,120250649570180200,07.크리스피(ASC)(하이브리드)_A+SC캠페인_구매최적화_수_표준기여_3078_260802_AI,8674,0,0,0
2026-09-06 13:33:08,13:00,906987379684182,1팀,120250858093370200,01.통살(ASC)(하이브리드)_TROAS_A+SC캠페인_구매최적화_값_표준기여_3028_260806,13505,0,0,0
2026-09-06 13:33:08,13:00,906987379684182,1팀,120250858093380200,01.통살(ASC)(하이브리드)_TCPA_A+SC캠페인_ALL_C7_수_표준기여_3028_260806,1837,0,0,0
2026-09-06 13:33:08,13:00,906987379684182,1팀,120250858456470200,01.통살(ASC)(하이브리드)_A+SC캠페인_구매최적화_수_표준기여_3028_260806,2784,0,0,0
2026-09-06 13:33:08,13:00,906987379684182,1팀,120250858902230200,07.크리스피(ASC)(메가딜)_A+SC캠페인_구매최적화_수_표준기여_2464_260806,1084,0,0,0
2026-09-06 13:33:08,13:00,906987379684182,1팀,120250858902240200,07.크리스피(ASC)(메가딜)_TCPA_A+SC캠페인_ALL_C7_수_표준기여_2464_260806,2263,0,0,0
2026-09-06 13:33:08,13:00,906987379684182,1팀,120250858902260200,07.크리스피(ASC)(메가딜)_TROAS_A+SC캠페인_구매최적화_값_표준기여_2464_260806,2543,0,0,0
2026-09-06 13:33:08,13:00,906987379684182,1팀,120250859259390200,20.김자반밥바(ASC)(메가딜)_TROAS_A+SC캠페인_구매최적화_값_표준기여_3003_260806,0,0,0,0
2026-09-06 13:33:08,13:00,906987379684182,1팀,120250859367430200,20.김자반밥바(ASC)(하이브리드)_A+SC캠페인_구매최적화_수_가치조정_3159_260806,2341,0,0,0
2026-09-06 13:33:08,13:00,906987379684182,1팀,120250859367440200,20.김자반밥바(ASC)(하이브리드)_TCPA_A+SC캠페인_ALL_C7_수_표준기여_3159_260806,5841,0,0,0
2026-09-06 13:33:08,13:00,906987379684182,1팀,120251066794820200,07.크리스피(ASC)(하이브리드)_A+SC캠페인_구매최적화_수_표준기여_3078_260816_AI _2,1415,0,0,0
2026-09-06 13:33:08,13:00,906987379684182,1팀,120251066794930200,07.크리스피(ASC)(하이브리드)_TROAS_A+SC캠페인_구매최적화_값_표준기여_3078_260816_AI _2,8678,0,0,0
2026-09-06 13:33:08,13:00,906987379684182,1팀,120251169199390200,07.크리스피(ASC)(하이브리드)_TROAS_A+SC캠페인_구매최적화_값_표준기여_3078_260817(페르소나2),6107,0,0,0
2026-09-06 13:33:08,13:00,906987379684182,1팀,120251209789390200,07.크리스피(ASC)(하이브리드)_ABO캠페인_구매최적화_수_표준기여_3078_260819,10944,0,0,0
2026-09-06 13:33:08,13:00,906987379684182,1팀,120251211164300200,07.크리스피(ASC)(하이브리드)_TCPA_A+SC캠페인_ALL_C7_수_표준기여_3078_260819(테무콘),2005,0,0,0
2026-09-06 13:33:08,13:00,906987379684182,1팀,120251211164320200,07.크리스피(ASC)(하이브리드)_A+SC캠페인_구매최적화_수_표준기여_3078_260819(테무콘),4134,0,0,0
2026-09-06 13:33:08,13:00,906987379684182,1팀,120251251665220200,07.크리스피(ASC)(하이브리드)_TROAS_ABO캠페인_구매최적화_수_표준기여_3078_260821,17805,1,59800,335.86071328278575
2026-09-06 13:33:08,13:00,906987379684182,1팀,120251327515450200,07.크리스피(ASC)(메가딜)_ABO캠페인_구매최적화_수_표준기여_2464_260825,6632,0,0,0
2026-09-06 13:33:08,13:00,906987379684182,1팀,120251328004940200,07.크리스피(ASC)(메가딜)_TROAS_ABO캠페인_구매최적화_수_표준기여_2464_260825,9806,0,0,0
2026-09-06 13:33:08,13:00,906987379684182,1팀,120251367693570200,07.크리스피(ASC)(하이브리드)_TCPA_ABO캠페인_구매최적화_수_표준기여_3078_260827,2100,0,0,0
2026-09-06 13:33:08,13:00,906987379684182,1팀,120251367790160200,07.크리스피(ASC)(메가딜)_TCPA_ABO캠페인_구매최적화_수_표준기여_2464_260827,7236,0,0,0
2026-09-06 13:33:08,13:00,906987379684182,1팀,120251368155020200,01.통살(ASC)(하이브리드)_ABO캠페인_구매최적화_수_표준기여_3028_260827,3108,0,0,0
2026-09-06 13:33:08,13:00,906987379684182,1팀,120251368716980200,01.통살(ASC)(하이브리드)_TPCA_ABO캠페인_구매최적화_수_표준기여_3028_260827,2907,0,0,0
2026-09-06 13:33:08,13:00,906987379684182,1팀,120251368728810200,01.통살(ASC)(하이브리드)_TROAS_ABO캠페인_구매최적화_수_표준기여_3028_260827,3502,0,0,0
2026-09-06 13:33:08,13:00,906987379684182,1팀,120251444359310200,07.크리스피(ASC)(하이브리드)_TROAS_A+SC캠페인_구매최적화_값_표준기여_3078_260901(테무콘2),3774,0,0,0
2026-09-06 13:33:08,13:00,906987379684182,1팀,120251503407460200,22.닭가슴살볼(ASC)(메가딜)_TROAS_A+SC캠페인_구매최적화_값_표준기여_2905_260906(김혜선),2082,0,0,0
2026-09-06 14:30:42,14:00,906987379684182,1팀,120237509836570200,07.크리스피(ASC)(메가딜)_TCPA16000_A+SC 캠페인_ALL_수_표준기여_2464,5109,0,0,0
2026-09-06 14:30:42,14:00,906987379684182,1팀,120243001852340200,01.통살(ASC)(101010)_TCPA16000_A+SC 캠페인_ALL_V1C7_수_표준기여_2336_02,2347,0,0,0
2026-09-06 14:30:42,14:00,906987379684182,1팀,120244128322750200,01.통살(ASC)(101010)_TCPA16000_A+SC 캠페인_ALL_V1C7_수_표준기여_2336_03,3786,0,0,0
2026-09-06 14:30:42,14:00,906987379684182,1팀,120244130427210200,07.크리스피(ASC)(메가딜)_A+SC 캠페인_구매최적화_수_표준기여_2464_260404,0,0,0,0
2026-09-06 14:30:42,14:00,906987379684182,1팀,120246397028850200,07.크리스피(ASC)(통합)_A+SC 캠페인_구매최적화_수_표준기여_통합_260511,1435,0,0,0
2026-09-06 14:30:42,14:00,906987379684182,1팀,120246898203940200,03.닭다리살(ASC)(1010)_A+SC캠페인_구매최적화_수_표준기여_2604_260519,2548,0,0,0
2026-09-06 14:30:42,14:00,906987379684182,1팀,120246898384670200,03.닭다리살(ASC)(1010)_TROAS_A+SC캠페인_구매최적화_값_표준기여_2604_260519,41683,0,0,0
2026-09-06 14:30:42,14:00,906987379684182,1팀,120247379587080200,07.크리스피(ASC)(1010)_TROAS_A+SC캠페인_구매최적화_값_표준기여_2992_260527,1027,0,0,0
2026-09-06 14:30:42,14:00,906987379684182,1팀,120248361514480200,01.통살(ASC)(하이브리드)_TCPA_A+SC캠페인_ALL_C7_수_표준기여_3028_260611,3442,0,0,0
2026-09-06 14:30:42,14:00,906987379684182,1팀,120249317264140200,07.크리스피(ASC)(하이브리드)_TROAS_A+SC캠페인_구매최적화_값_표준기여_3078_260713,2847,0,0,0
2026-09-06 14:30:42,14:00,906987379684182,1팀,120249873905240200,07.크리스피(ASC)(101010)_TROAS_A+SC캠페인_구매최적화_값_표준기여_2659_260705,3177,0,0,0
2026-09-06 14:30:42,14:00,906987379684182,1팀,120249878429160200,01.통살(ASC)(하이브리드)_TROAS_A+SC캠페인_구매최적화_값_표준기여_3028_260705,4594,0,0,0
2026-09-06 14:30:42,14:00,906987379684182,1팀,120250099159330200,07.크리스피(ASC)(메가딜)_TCPA_A+SC캠페인_ALL_C7_수_표준기여_2464_260712,6692,0,0,0
2026-09-06 14:30:42,14:00,906987379684182,1팀,120250268133470200,03.닭다리살(ASC)(하이브리드)_TROAS_A+SC캠페인_구매최적화_값_표준기여_3111_260726,6207,0,0,0
2026-09-06 14:30:42,14:00,906987379684182,1팀,120250614451040200,07.크리스피(ASC)(하이브리드)_TROAS_A+SC캠페인_구매최적화_값_표준기여_3078_260728,3309,0,0,0
2026-09-06 14:30:42,14:00,906987379684182,1팀,120250649570130200,07.크리스피(ASC)(하이브리드)_TROAS_A+SC캠페인_구매최적화_값_표준기여_3078_260802_AI,6109,0,0,0
2026-09-06 14:30:42,14:00,906987379684182,1팀,120250649570180200,07.크리스피(ASC)(하이브리드)_A+SC캠페인_구매최적화_수_표준기여_3078_260802_AI,7496,0,0,0
2026-09-06 14:30:42,14:00,906987379684182,1팀,120250858093370200,01.통살(ASC)(하이브리드)_TROAS_A+SC캠페인_구매최적화_값_표준기여_3028_260806,10464,2,154850,1479.8356269113149
2026-09-06 14:30:42,14:00,906987379684182,1팀,120250858093380200,01.통살(ASC)(하이브리드)_TCPA_A+SC캠페인_ALL_C7_수_표준기여_3028_260806,825,0,0,0
2026-09-06 14:30:42,14:00,906987379684182,1팀,120250858456470200,01.통살(ASC)(하이브리드)_A+SC캠페인_구매최적화_수_표준기여_3028_260806,2008,0,0,0
2026-09-06 14:30:42,14:00,906987379684182,1팀,120250858902230200,07.크리스피(ASC)(메가딜)_A+SC캠페인_구매최적화_수_표준기여_2464_260806,551,0,0,0
2026-09-06 14:30:42,14:00,906987379684182,1팀,120250858902240200,07.크리스피(ASC)(메가딜)_TCPA_A+SC캠페인_ALL_C7_수_표준기여_2464_260806,156,0,0,0
2026-09-06 14:30:42,14:00,906987379684182,1팀,120250858902260200,07.크리스피(ASC)(메가딜)_TROAS_A+SC캠페인_구매최적화_값_표준기여_2464_260806,2235,0,0,0
2026-09-06 14:30:42,14:00,906987379684182,1팀,120250859189820200,17.안심볶음밥(ASC)(메가딜)_TROAS_A+SC캠페인_구매최적화_값_표준기여_2903_260806,0,0,0,0
2026-09-06 14:30:42,14:00,906987379684182,1팀,120250859367430200,20.김자반밥바(ASC)(하이브리드)_A+SC캠페인_구매최적화_수_가치조정_3159_260806,1470,0,0,0
2026-09-06 14:30:42,14:00,906987379684182,1팀,120250859367440200,20.김자반밥바(ASC)(하이브리드)_TCPA_A+SC캠페인_ALL_C7_수_표준기여_3159_260806,5414,0,0,0
2026-09-06 14:30:42,14:00,906987379684182,1팀,120251066794820200,07.크리스피(ASC)(하이브리드)_A+SC캠페인_구매최적화_수_표준기여_3078_260816_AI _2,2337,0,0,0
2026-09-06 14:30:42,14:00,906987379684182,1팀,120251066794930200,07.크리스피(ASC)(하이브리드)_TROAS_A+SC캠페인_구매최적화_값_표준기여_3078_260816_AI _2,10960,0,0,0
2026-09-06 14:30:42,14:00,906987379684182,1팀,120251169199390200,07.크리스피(ASC)(하이브리드)_TROAS_A+SC캠페인_구매최적화_값_표준기여_3078_260817(페르소나2),4666,1,58800,1260.1800257179598
2026-09-06 14:30:42,14:00,906987379684182,1팀,120251209789390200,07.크리스피(ASC)(하이브리드)_ABO캠페인_구매최적화_수_표준기여_3078_260819,6053,1,94600,1562.8613910457623
2026-09-06 14:30:42,14:00,906987379684182,1팀,120251211164300200,07.크리스피(ASC)(하이브리드)_TCPA_A+SC캠페인_ALL_C7_수_표준기여_3078_260819(테무콘),1722,0,0,0
2026-09-06 14:30:42,14:00,906987379684182,1팀,120251211164320200,07.크리스피(ASC)(하이브리드)_A+SC캠페인_구매최적화_수_표준기여_3078_260819(테무콘),4022,0,0,0
2026-09-06 14:30:42,14:00,906987379684182,1팀,120251251665220200,07.크리스피(ASC)(하이브리드)_TROAS_ABO캠페인_구매최적화_수_표준기여_3078_260821,13036,0,0,0
2026-09-06 14:30:42,14:00,906987379684182,1팀,120251327515450200,07.크리스피(ASC)(메가딜)_ABO캠페인_구매최적화_수_표준기여_2464_260825,3921,0,0,0
2026-09-06 14:30:42,14:00,906987379684182,1팀,120251328004940200,07.크리스피(ASC)(메가딜)_TROAS_ABO캠페인_구매최적화_수_표준기여_2464_260825,6767,0,0,0
2026-09-06 14:30:42,14:00,906987379684182,1팀,120251367693570200,07.크리스피(ASC)(하이브리드)_TCPA_ABO캠페인_구매최적화_수_표준기여_3078_260827,1124,0,0,0
2026-09-06 14:30:42,14:00,906987379684182,1팀,120251367790160200,07.크리스피(ASC)(메가딜)_TCPA_ABO캠페인_구매최적화_수_표준기여_2464_260827,4188,0,0,0
2026-09-06 14:30:42,14:00,906987379684182,1팀,120251368155020200,01.통살(ASC)(하이브리드)_ABO캠페인_구매최적화_수_표준기여_3028_260827,1939,0,0,0
2026-09-06 14:30:42,14:00,906987379684182,1팀,120251368716980200,01.통살(ASC)(하이브리드)_TPCA_ABO캠페인_구매최적화_수_표준기여_3028_260827,2285,0,0,0
2026-09-06 14:30:42,14:00,906987379684182,1팀,120251368728810200,01.통살(ASC)(하이브리드)_TROAS_ABO캠페인_구매최적화_수_표준기여_3028_260827,2948,0,0,0
2026-09-06 14:30:42,14:00,906987379684182,1팀,120251444359310200,07.크리스피(ASC)(하이브리드)_TROAS_A+SC캠페인_구매최적화_값_표준기여_3078_260901(테무콘2),1748,0,0,0
2026-09-06 14:30:42,14:00,906987379684182,1팀,120251503407460200,22.닭가슴살볼(ASC)(메가딜)_TROAS_A+SC캠페인_구매최적화_값_표준기여_2905_260906(김혜선),2279,0,0,0
2026-09-06 15:30:39,15:00,906987379684182,1팀,120228788396590200,01.통살(ASC)(메가딜)_TCPA20000_A+SC 캠페인_ALL_V1C7_수_표준기여_1874,5,0,0,0
2026-09-06 15:30:39,15:00,906987379684182,1팀,120237509836570200,07.크리스피(ASC)(메가딜)_TCPA16000_A+SC 캠페인_ALL_수_표준기여_2464,6795,0,0,0
2026-09-06 15:30:39,15:00,906987379684182,1팀,120243001852340200,01.통살(ASC)(101010)_TCPA16000_A+SC 캠페인_ALL_V1C7_수_표준기여_2336_02,2448,0,0,0
2026-09-06 15:30:39,15:00,906987379684182,1팀,120244128322750200,01.통살(ASC)(101010)_TCPA16000_A+SC 캠페인_ALL_V1C7_수_표준기여_2336_03,3982,0,0,0
2026-09-06 15:30:39,15:00,906987379684182,1팀,120246397028850200,07.크리스피(ASC)(통합)_A+SC 캠페인_구매최적화_수_표준기여_통합_260511,1247,0,0,0
2026-09-06 15:30:39,15:00,906987379684182,1팀,120246898203940200,03.닭다리살(ASC)(1010)_A+SC캠페인_구매최적화_수_표준기여_2604_260519,1794,0,0,0
2026-09-06 15:30:39,15:00,906987379684182,1팀,120246898384670200,03.닭다리살(ASC)(1010)_TROAS_A+SC캠페인_구매최적화_값_표준기여_2604_260519,41173,0,0,0
2026-09-06 15:30:39,15:00,906987379684182,1팀,120247379587080200,07.크리스피(ASC)(1010)_TROAS_A+SC캠페인_구매최적화_값_표준기여_2992_260527,1687,0,0,0
2026-09-06 15:30:39,15:00,906987379684182,1팀,120248361514480200,01.통살(ASC)(하이브리드)_TCPA_A+SC캠페인_ALL_C7_수_표준기여_3028_260611,2301,0,0,0
2026-09-06 15:30:39,15:00,906987379684182,1팀,120249317264140200,07.크리스피(ASC)(하이브리드)_TROAS_A+SC캠페인_구매최적화_값_표준기여_3078_260713,2139,0,0,0
2026-09-06 15:30:39,15:00,906987379684182,1팀,120249873905240200,07.크리스피(ASC)(101010)_TROAS_A+SC캠페인_구매최적화_값_표준기여_2659_260705,1769,0,0,0
2026-09-06 15:30:39,15:00,906987379684182,1팀,120249878429160200,01.통살(ASC)(하이브리드)_TROAS_A+SC캠페인_구매최적화_값_표준기여_3028_260705,5305,0,0,0
2026-09-06 15:30:39,15:00,906987379684182,1팀,120250099159330200,07.크리스피(ASC)(메가딜)_TCPA_A+SC캠페인_ALL_C7_수_표준기여_2464_260712,4679,0,0,0
2026-09-06 15:30:39,15:00,906987379684182,1팀,120250268133470200,03.닭다리살(ASC)(하이브리드)_TROAS_A+SC캠페인_구매최적화_값_표준기여_3111_260726,4403,0,0,0
2026-09-06 15:30:39,15:00,906987379684182,1팀,120250614451040200,07.크리스피(ASC)(하이브리드)_TROAS_A+SC캠페인_구매최적화_값_표준기여_3078_260728,2302,0,0,0
2026-09-06 15:30:39,15:00,906987379684182,1팀,120250649570130200,07.크리스피(ASC)(하이브리드)_TROAS_A+SC캠페인_구매최적화_값_표준기여_3078_260802_AI,9755,0,0,0
2026-09-06 15:30:39,15:00,906987379684182,1팀,120250649570180200,07.크리스피(ASC)(하이브리드)_A+SC캠페인_구매최적화_수_표준기여_3078_260802_AI,7206,0,0,0
2026-09-06 15:30:39,15:00,906987379684182,1팀,120250858093370200,01.통살(ASC)(하이브리드)_TROAS_A+SC캠페인_구매최적화_값_표준기여_3028_260806,10570,1,30890,292.2421948912015
2026-09-06 15:30:39,15:00,906987379684182,1팀,120250858093380200,01.통살(ASC)(하이브리드)_TCPA_A+SC캠페인_ALL_C7_수_표준기여_3028_260806,1312,0,0,0
2026-09-06 15:30:39,15:00,906987379684182,1팀,120250858456470200,01.통살(ASC)(하이브리드)_A+SC캠페인_구매최적화_수_표준기여_3028_260806,3343,0,0,0
2026-09-06 15:30:39,15:00,906987379684182,1팀,120250858902230200,07.크리스피(ASC)(메가딜)_A+SC캠페인_구매최적화_수_표준기여_2464_260806,2529,0,0,0
2026-09-06 15:30:39,15:00,906987379684182,1팀,120250858902240200,07.크리스피(ASC)(메가딜)_TCPA_A+SC캠페인_ALL_C7_수_표준기여_2464_260806,71,0,0,0
2026-09-06 15:30:39,15:00,906987379684182,1팀,120250858902260200,07.크리스피(ASC)(메가딜)_TROAS_A+SC캠페인_구매최적화_값_표준기여_2464_260806,2721,0,0,0
2026-09-06 15:30:39,15:00,906987379684182,1팀,120250859189820200,17.안심볶음밥(ASC)(메가딜)_TROAS_A+SC캠페인_구매최적화_값_표준기여_2903_260806,0,0,0,0
2026-09-06 15:30:39,15:00,906987379684182,1팀,120250859367430200,20.김자반밥바(ASC)(하이브리드)_A+SC캠페인_구매최적화_수_가치조정_3159_260806,1747,0,0,0
2026-09-06 15:30:39,15:00,906987379684182,1팀,120250859367440200,20.김자반밥바(ASC)(하이브리드)_TCPA_A+SC캠페인_ALL_C7_수_표준기여_3159_260806,6456,0,0,0
2026-09-06 15:30:39,15:00,906987379684182,1팀,120251066794820200,07.크리스피(ASC)(하이브리드)_A+SC캠페인_구매최적화_수_표준기여_3078_260816_AI _2,1557,0,0,0
2026-09-06 15:30:39,15:00,906987379684182,1팀,120251066794930200,07.크리스피(ASC)(하이브리드)_TROAS_A+SC캠페인_구매최적화_값_표준기여_3078_260816_AI _2,9169,0,0,0
2026-09-06 15:30:39,15:00,906987379684182,1팀,120251169199390200,07.크리스피(ASC)(하이브리드)_TROAS_A+SC캠페인_구매최적화_값_표준기여_3078_260817(페르소나2),4063,0,0,0
2026-09-06 15:30:39,15:00,906987379684182,1팀,120251209789390200,07.크리스피(ASC)(하이브리드)_ABO캠페인_구매최적화_수_표준기여_3078_260819,7203,0,0,0
2026-09-06 15:30:39,15:00,906987379684182,1팀,120251211164300200,07.크리스피(ASC)(하이브리드)_TCPA_A+SC캠페인_ALL_C7_수_표준기여_3078_260819(테무콘),2284,0,0,0
2026-09-06 15:30:39,15:00,906987379684182,1팀,120251211164320200,07.크리스피(ASC)(하이브리드)_A+SC캠페인_구매최적화_수_표준기여_3078_260819(테무콘),5156,0,0,0
2026-09-06 15:30:39,15:00,906987379684182,1팀,120251251665220200,07.크리스피(ASC)(하이브리드)_TROAS_ABO캠페인_구매최적화_수_표준기여_3078_260821,15567,0,0,0
2026-09-06 15:30:39,15:00,906987379684182,1팀,120251327515450200,07.크리스피(ASC)(메가딜)_ABO캠페인_구매최적화_수_표준기여_2464_260825,3391,0,0,0
2026-09-06 15:30:39,15:00,906987379684182,1팀,120251328004940200,07.크리스피(ASC)(메가딜)_TROAS_ABO캠페인_구매최적화_수_표준기여_2464_260825,8066,0,0,0
2026-09-06 15:30:39,15:00,906987379684182,1팀,120251367693570200,07.크리스피(ASC)(하이브리드)_TCPA_ABO캠페인_구매최적화_수_표준기여_3078_260827,1348,0,0,0
2026-09-06 15:30:39,15:00,906987379684182,1팀,120251367790160200,07.크리스피(ASC)(메가딜)_TCPA_ABO캠페인_구매최적화_수_표준기여_2464_260827,3252,0,0,0
2026-09-06 15:30:39,15:00,906987379684182,1팀,120251368155020200,01.통살(ASC)(하이브리드)_ABO캠페인_구매최적화_수_표준기여_3028_260827,2366,0,0,0
2026-09-06 15:30:39,15:00,906987379684182,1팀,120251368716980200,01.통살(ASC)(하이브리드)_TPCA_ABO캠페인_구매최적화_수_표준기여_3028_260827,2090,0,0,0
2026-09-06 15:30:39,15:00,906987379684182,1팀,120251368728810200,01.통살(ASC)(하이브리드)_TROAS_ABO캠페인_구매최적화_수_표준기여_3028_260827,2060,0,0,0
2026-09-06 15:30:39,15:00,906987379684182,1팀,120251444359310200,07.크리스피(ASC)(하이브리드)_TROAS_A+SC캠페인_구매최적화_값_표준기여_3078_260901(테무콘2),2078,0,0,0
2026-09-06 15:30:39,15:00,906987379684182,1팀,120251503407460200,22.닭가슴살볼(ASC)(메가딜)_TROAS_A+SC캠페인_구매최적화_값_표준기여_2905_260906(김혜선),3377,0,0,0
2026-09-06 16:30:38,16:00,906987379684182,1팀,120228320649100200,01.통살(ASC)(101010)_TCPA16000_A+SC 캠페인_ALL_V1C7_수_표준기여_2336,15,0,0,0
2026-09-06 16:30:38,16:00,906987379684182,1팀,120228788396590200,01.통살(ASC)(메가딜)_TCPA20000_A+SC 캠페인_ALL_V1C7_수_표준기여_1874,10,0,0,0
2026-09-06 16:30:38,16:00,906987379684182,1팀,120237509836570200,07.크리스피(ASC)(메가딜)_TCPA16000_A+SC 캠페인_ALL_수_표준기여_2464,7345,0,0,0
2026-09-06 16:30:38,16:00,906987379684182,1팀,120243001852340200,01.통살(ASC)(101010)_TCPA16000_A+SC 캠페인_ALL_V1C7_수_표준기여_2336_02,1699,0,0,0
2026-09-06 16:30:38,16:00,906987379684182,1팀,120244128322750200,01.통살(ASC)(101010)_TCPA16000_A+SC 캠페인_ALL_V1C7_수_표준기여_2336_03,3276,1,55500,1694.1391941391942
2026-09-06 16:30:38,16:00,906987379684182,1팀,120246397028850200,07.크리스피(ASC)(통합)_A+SC 캠페인_구매최적화_수_표준기여_통합_260511,860,0,0,0
2026-09-06 16:30:38,16:00,906987379684182,1팀,120246898203940200,03.닭다리살(ASC)(1010)_A+SC캠페인_구매최적화_수_표준기여_2604_260519,1683,0,0,0
2026-09-06 16:30:38,16:00,906987379684182,1팀,120246898384670200,03.닭다리살(ASC)(1010)_TROAS_A+SC캠페인_구매최적화_값_표준기여_2604_260519,39622,2,78800,198.8794104285498
2026-09-06 16:30:38,16:00,906987379684182,1팀,120247379587080200,07.크리스피(ASC)(1010)_TROAS_A+SC캠페인_구매최적화_값_표준기여_2992_260527,1713,0,0,0
2026-09-06 16:30:38,16:00,906987379684182,1팀,120248361514480200,01.통살(ASC)(하이브리드)_TCPA_A+SC캠페인_ALL_C7_수_표준기여_3028_260611,2720,0,0,0
2026-09-06 16:30:38,16:00,906987379684182,1팀,120249317264140200,07.크리스피(ASC)(하이브리드)_TROAS_A+SC캠페인_구매최적화_값_표준기여_3078_260713,2481,0,0,0
2026-09-06 16:30:38,16:00,906987379684182,1팀,120249873905240200,07.크리스피(ASC)(101010)_TROAS_A+SC캠페인_구매최적화_값_표준기여_2659_260705,2589,0,0,0
2026-09-06 16:30:38,16:00,906987379684182,1팀,120249878429160200,01.통살(ASC)(하이브리드)_TROAS_A+SC캠페인_구매최적화_값_표준기여_3028_260705,4608,0,0,0
2026-09-06 16:30:38,16:00,906987379684182,1팀,120250099159330200,07.크리스피(ASC)(메가딜)_TCPA_A+SC캠페인_ALL_C7_수_표준기여_2464_260712,4684,0,0,0
2026-09-06 16:30:38,16:00,906987379684182,1팀,120250268133470200,03.닭다리살(ASC)(하이브리드)_TROAS_A+SC캠페인_구매최적화_값_표준기여_3111_260726,4569,0,0,0
2026-09-06 16:30:38,16:00,906987379684182,1팀,120250614451040200,07.크리스피(ASC)(하이브리드)_TROAS_A+SC캠페인_구매최적화_값_표준기여_3078_260728,2422,0,0,0
2026-09-06 16:30:38,16:00,906987379684182,1팀,120250649570130200,07.크리스피(ASC)(하이브리드)_TROAS_A+SC캠페인_구매최적화_값_표준기여_3078_260802_AI,6401,0,0,0
2026-09-06 16:30:38,16:00,906987379684182,1팀,120250649570180200,07.크리스피(ASC)(하이브리드)_A+SC캠페인_구매최적화_수_표준기여_3078_260802_AI,4051,1,93600,2310.5406072574674
2026-09-06 16:30:38,16:00,906987379684182,1팀,120250858093370200,01.통살(ASC)(하이브리드)_TROAS_A+SC캠페인_구매최적화_값_표준기여_3028_260806,10461,0,0,0
2026-09-06 16:30:38,16:00,906987379684182,1팀,120250858093380200,01.통살(ASC)(하이브리드)_TCPA_A+SC캠페인_ALL_C7_수_표준기여_3028_260806,612,0,0,0
2026-09-06 16:30:38,16:00,906987379684182,1팀,120250858456470200,01.통살(ASC)(하이브리드)_A+SC캠페인_구매최적화_수_표준기여_3028_260806,2143,0,0,0
2026-09-06 16:30:38,16:00,906987379684182,1팀,120250858902230200,07.크리스피(ASC)(메가딜)_A+SC캠페인_구매최적화_수_표준기여_2464_260806,568,0,0,0
2026-09-06 16:30:38,16:00,906987379684182,1팀,120250858902240200,07.크리스피(ASC)(메가딜)_TCPA_A+SC캠페인_ALL_C7_수_표준기여_2464_260806,2225,1,35700,1604.494382022472
2026-09-06 16:30:38,16:00,906987379684182,1팀,120250858902260200,07.크리스피(ASC)(메가딜)_TROAS_A+SC캠페인_구매최적화_값_표준기여_2464_260806,1951,0,0,0
2026-09-06 16:30:38,16:00,906987379684182,1팀,120250859259410200,20.김자반밥바(ASC)(메가딜)_TCPA_A+SC캠페인_ALL_C7_수_표준기여_3003_260806,0,0,0,0
2026-09-06 16:30:38,16:00,906987379684182,1팀,120250859367430200,20.김자반밥바(ASC)(하이브리드)_A+SC캠페인_구매최적화_수_가치조정_3159_260806,1832,0,0,0
2026-09-06 16:30:38,16:00,906987379684182,1팀,120250859367440200,20.김자반밥바(ASC)(하이브리드)_TCPA_A+SC캠페인_ALL_C7_수_표준기여_3159_260806,7263,0,0,0
2026-09-06 16:30:38,16:00,906987379684182,1팀,120251066794820200,07.크리스피(ASC)(하이브리드)_A+SC캠페인_구매최적화_수_표준기여_3078_260816_AI _2,1547,0,0,0
2026-09-06 16:30:38,16:00,906987379684182,1팀,120251066794930200,07.크리스피(ASC)(하이브리드)_TROAS_A+SC캠페인_구매최적화_값_표준기여_3078_260816_AI _2,5235,1,58800,1123.2091690544414
2026-09-06 16:30:38,16:00,906987379684182,1팀,120251169199390200,07.크리스피(ASC)(하이브리드)_TROAS_A+SC캠페인_구매최적화_값_표준기여_3078_260817(페르소나2),5300,0,0,0
2026-09-06 16:30:38,16:00,906987379684182,1팀,120251209789390200,07.크리스피(ASC)(하이브리드)_ABO캠페인_구매최적화_수_표준기여_3078_260819,6380,0,0,0
2026-09-06 16:30:38,16:00,906987379684182,1팀,120251211164300200,07.크리스피(ASC)(하이브리드)_TCPA_A+SC캠페인_ALL_C7_수_표준기여_3078_260819(테무콘),1800,0,0,0
2026-09-06 16:30:38,16:00,906987379684182,1팀,120251211164320200,07.크리스피(ASC)(하이브리드)_A+SC캠페인_구매최적화_수_표준기여_3078_260819(테무콘),2993,0,0,0
2026-09-06 16:30:38,16:00,906987379684182,1팀,120251211239340200,20.김자반밥바(ASC)(하이브리드)_ABO캠페인_구매최적화_수_표준기여_3159_260819,0,0,0,0
2026-09-06 16:30:38,16:00,906987379684182,1팀,120251251665220200,07.크리스피(ASC)(하이브리드)_TROAS_ABO캠페인_구매최적화_수_표준기여_3078_260821,14498,0,0,0
2026-09-06 16:30:38,16:00,906987379684182,1팀,120251327515450200,07.크리스피(ASC)(메가딜)_ABO캠페인_구매최적화_수_표준기여_2464_260825,5900,0,0,0
2026-09-06 16:30:38,16:00,906987379684182,1팀,120251328004940200,07.크리스피(ASC)(메가딜)_TROAS_ABO캠페인_구매최적화_수_표준기여_2464_260825,6016,0,0,0
2026-09-06 16:30:38,16:00,906987379684182,1팀,120251367693570200,07.크리스피(ASC)(하이브리드)_TCPA_ABO캠페인_구매최적화_수_표준기여_3078_260827,1567,0,0,0
2026-09-06 16:30:38,16:00,906987379684182,1팀,120251367790160200,07.크리스피(ASC)(메가딜)_TCPA_ABO캠페인_구매최적화_수_표준기여_2464_260827,9190,0,0,0
2026-09-06 16:30:38,16:00,906987379684182,1팀,120251368155020200,01.통살(ASC)(하이브리드)_ABO캠페인_구매최적화_수_표준기여_3028_260827,1931,1,119700,6198.860693940964
2026-09-06 16:30:38,16:00,906987379684182,1팀,120251368716980200,01.통살(ASC)(하이브리드)_TPCA_ABO캠페인_구매최적화_수_표준기여_3028_260827,1687,0,0,0
2026-09-06 16:30:38,16:00,906987379684182,1팀,120251368728810200,01.통살(ASC)(하이브리드)_TROAS_ABO캠페인_구매최적화_수_표준기여_3028_260827,2188,0,0,0
2026-09-06 16:30:38,16:00,906987379684182,1팀,120251444359310200,07.크리스피(ASC)(하이브리드)_TROAS_A+SC캠페인_구매최적화_값_표준기여_3078_260901(테무콘2),1796,0,0,0
2026-09-06 16:30:38,16:00,906987379684182,1팀,120251503407460200,22.닭가슴살볼(ASC)(메가딜)_TROAS_A+SC캠페인_구매최적화_값_표준기여_2905_260906(김혜선),1631,0,0,0
2026-09-06 17:30:39,17:00,906987379684182,1팀,120228320649100200,01.통살(ASC)(101010)_TCPA16000_A+SC 캠페인_ALL_V1C7_수_표준기여_2336,166,0,0,0
2026-09-06 17:30:39,17:00,906987379684182,1팀,120228788396590200,01.통살(ASC)(메가딜)_TCPA20000_A+SC 캠페인_ALL_V1C7_수_표준기여_1874,384,0,0,0
2026-09-06 17:30:39,17:00,906987379684182,1팀,120237509836570200,07.크리스피(ASC)(메가딜)_TCPA16000_A+SC 캠페인_ALL_수_표준기여_2464,5045,0,0,0
2026-09-06 17:30:39,17:00,906987379684182,1팀,120243001852340200,01.통살(ASC)(101010)_TCPA16000_A+SC 캠페인_ALL_V1C7_수_표준기여_2336_02,1542,0,0,0
2026-09-06 17:30:39,17:00,906987379684182,1팀,120244128322750200,01.통살(ASC)(101010)_TCPA16000_A+SC 캠페인_ALL_V1C7_수_표준기여_2336_03,5496,0,0,0
2026-09-06 17:30:39,17:00,906987379684182,1팀,120246397028850200,07.크리스피(ASC)(통합)_A+SC 캠페인_구매최적화_수_표준기여_통합_260511,1387,0,0,0
2026-09-06 17:30:39,17:00,906987379684182,1팀,120246898203940200,03.닭다리살(ASC)(1010)_A+SC캠페인_구매최적화_수_표준기여_2604_260519,2667,0,0,0
2026-09-06 17:30:39,17:00,906987379684182,1팀,120246898384670200,03.닭다리살(ASC)(1010)_TROAS_A+SC캠페인_구매최적화_값_표준기여_2604_260519,41269,1,50900,123.3371295645642
2026-09-06 17:30:39,17:00,906987379684182,1팀,120247379587080200,07.크리스피(ASC)(1010)_TROAS_A+SC캠페인_구매최적화_값_표준기여_2992_260527,2193,0,0,0
2026-09-06 17:30:39,17:00,906987379684182,1팀,120248361514480200,01.통살(ASC)(하이브리드)_TCPA_A+SC캠페인_ALL_C7_수_표준기여_3028_260611,3557,0,0,0
2026-09-06 17:30:39,17:00,906987379684182,1팀,120249317264140200,07.크리스피(ASC)(하이브리드)_TROAS_A+SC캠페인_구매최적화_값_표준기여_3078_260713,2437,0,0,0
2026-09-06 17:30:39,17:00,906987379684182,1팀,120249873905240200,07.크리스피(ASC)(101010)_TROAS_A+SC캠페인_구매최적화_값_표준기여_2659_260705,2399,0,0,0
2026-09-06 17:30:39,17:00,906987379684182,1팀,120249878429160200,01.통살(ASC)(하이브리드)_TROAS_A+SC캠페인_구매최적화_값_표준기여_3028_260705,5078,0,0,0
2026-09-06 17:30:39,17:00,906987379684182,1팀,120250099159330200,07.크리스피(ASC)(메가딜)_TCPA_A+SC캠페인_ALL_C7_수_표준기여_2464_260712,6459,0,0,0
2026-09-06 17:30:39,17:00,906987379684182,1팀,120250268133470200,03.닭다리살(ASC)(하이브리드)_TROAS_A+SC캠페인_구매최적화_값_표준기여_3111_260726,5337,0,0,0
2026-09-06 17:30:39,17:00,906987379684182,1팀,120250614451040200,07.크리스피(ASC)(하이브리드)_TROAS_A+SC캠페인_구매최적화_값_표준기여_3078_260728,1769,0,0,0
2026-09-06 17:30:39,17:00,906987379684182,1팀,120250649570130200,07.크리스피(ASC)(하이브리드)_TROAS_A+SC캠페인_구매최적화_값_표준기여_3078_260802_AI,5237,0,0,0
2026-09-06 17:30:39,17:00,906987379684182,1팀,120250649570180200,07.크리스피(ASC)(하이브리드)_A+SC캠페인_구매최적화_수_표준기여_3078_260802_AI,5084,0,0,0
2026-09-06 17:30:39,17:00,906987379684182,1팀,120250858093370200,01.통살(ASC)(하이브리드)_TROAS_A+SC캠페인_구매최적화_값_표준기여_3028_260806,13756,0,0,0
2026-09-06 17:30:39,17:00,906987379684182,1팀,120250858093380200,01.통살(ASC)(하이브리드)_TCPA_A+SC캠페인_ALL_C7_수_표준기여_3028_260806,1054,0,0,0
2026-09-06 17:30:39,17:00,906987379684182,1팀,120250858456470200,01.통살(ASC)(하이브리드)_A+SC캠페인_구매최적화_수_표준기여_3028_260806,1643,0,0,0
2026-09-06 17:30:39,17:00,906987379684182,1팀,120250858902230200,07.크리스피(ASC)(메가딜)_A+SC캠페인_구매최적화_수_표준기여_2464_260806,1159,0,0,0
2026-09-06 17:30:39,17:00,906987379684182,1팀,120250858902240200,07.크리스피(ASC)(메가딜)_TCPA_A+SC캠페인_ALL_C7_수_표준기여_2464_260806,2079,0,0,0
2026-09-06 17:30:39,17:00,906987379684182,1팀,120250858902260200,07.크리스피(ASC)(메가딜)_TROAS_A+SC캠페인_구매최적화_값_표준기여_2464_260806,1872,0,0,0
2026-09-06 17:30:39,17:00,906987379684182,1팀,120250859367430200,20.김자반밥바(ASC)(하이브리드)_A+SC캠페인_구매최적화_수_가치조정_3159_260806,1839,1,31900,1734.6383904295812
2026-09-06 17:30:39,17:00,906987379684182,1팀,120250859367440200,20.김자반밥바(ASC)(하이브리드)_TCPA_A+SC캠페인_ALL_C7_수_표준기여_3159_260806,9083,0,0,0
2026-09-06 17:30:39,17:00,906987379684182,1팀,120251066794820200,07.크리스피(ASC)(하이브리드)_A+SC캠페인_구매최적화_수_표준기여_3078_260816_AI _2,1562,0,0,0
2026-09-06 17:30:39,17:00,906987379684182,1팀,120251066794930200,07.크리스피(ASC)(하이브리드)_TROAS_A+SC캠페인_구매최적화_값_표준기여_3078_260816_AI _2,6734,0,0,0
2026-09-06 17:30:39,17:00,906987379684182,1팀,120251169199390200,07.크리스피(ASC)(하이브리드)_TROAS_A+SC캠페인_구매최적화_값_표준기여_3078_260817(페르소나2),3992,1,94500,2367.2344689378756
2026-09-06 17:30:39,17:00,906987379684182,1팀,120251209789390200,07.크리스피(ASC)(하이브리드)_ABO캠페인_구매최적화_수_표준기여_3078_260819,5852,0,0,0
2026-09-06 17:30:39,17:00,906987379684182,1팀,120251211164300200,07.크리스피(ASC)(하이브리드)_TCPA_A+SC캠페인_ALL_C7_수_표준기여_3078_260819(테무콘),5829,0,0,0
2026-09-06 17:30:39,17:00,906987379684182,1팀,120251211164310200,07.크리스피(ASC)(하이브리드)_TROAS_A+SC캠페인_구매최적화_값_표준기여_3078_260819(테무콘),12943,0,0,0
2026-09-06 17:30:39,17:00,906987379684182,1팀,120251211164320200,07.크리스피(ASC)(하이브리드)_A+SC캠페인_구매최적화_수_표준기여_3078_260819(테무콘),5450,0,0,0
2026-09-06 17:30:39,17:00,906987379684182,1팀,120251251665220200,07.크리스피(ASC)(하이브리드)_TROAS_ABO캠페인_구매최적화_수_표준기여_3078_260821,22608,0,0,0
2026-09-06 17:30:39,17:00,906987379684182,1팀,120251327515450200,07.크리스피(ASC)(메가딜)_ABO캠페인_구매최적화_수_표준기여_2464_260825,5902,0,0,0
2026-09-06 17:30:39,17:00,906987379684182,1팀,120251328004940200,07.크리스피(ASC)(메가딜)_TROAS_ABO캠페인_구매최적화_수_표준기여_2464_260825,6219,0,0,0
2026-09-06 17:30:39,17:00,906987379684182,1팀,120251367693570200,07.크리스피(ASC)(하이브리드)_TCPA_ABO캠페인_구매최적화_수_표준기여_3078_260827,2022,0,0,0
2026-09-06 17:30:39,17:00,906987379684182,1팀,120251367790160200,07.크리스피(ASC)(메가딜)_TCPA_ABO캠페인_구매최적화_수_표준기여_2464_260827,11796,0,0,0
2026-09-06 17:30:39,17:00,906987379684182,1팀,120251368155020200,01.통살(ASC)(하이브리드)_ABO캠페인_구매최적화_수_표준기여_3028_260827,2680,0,0,0
2026-09-06 17:30:39,17:00,906987379684182,1팀,120251368716980200,01.통살(ASC)(하이브리드)_TPCA_ABO캠페인_구매최적화_수_표준기여_3028_260827,2762,0,0,0
2026-09-06 17:30:39,17:00,906987379684182,1팀,120251368728810200,01.통살(ASC)(하이브리드)_TROAS_ABO캠페인_구매최적화_수_표준기여_3028_260827,3412,0,0,0
2026-09-06 17:30:39,17:00,906987379684182,1팀,120251444359310200,07.크리스피(ASC)(하이브리드)_TROAS_A+SC캠페인_구매최적화_값_표준기여_3078_260901(테무콘2),1078,0,0,0
2026-09-06 17:30:39,17:00,906987379684182,1팀,120251503407460200,22.닭가슴살볼(ASC)(메가딜)_TROAS_A+SC캠페인_구매최적화_값_표준기여_2905_260906(김혜선),1932,0,0,0
2026-09-06 17:53:55,17:00,906987379684182,1팀,120228320649100200,01.통살(ASC)(101010)_TCPA16000_A+SC 캠페인_ALL_V1C7_수_표준기여_2336,602,0,0,0
2026-09-06 17:53:55,17:00,906987379684182,1팀,120228788396590200,01.통살(ASC)(메가딜)_TCPA20000_A+SC 캠페인_ALL_V1C7_수_표준기여_1874,1426,0,0,0
2026-09-06 17:53:55,17:00,906987379684182,1팀,120237509836570200,07.크리스피(ASC)(메가딜)_TCPA16000_A+SC 캠페인_ALL_수_표준기여_2464,9565,0,0,0
2026-09-06 17:53:55,17:00,906987379684182,1팀,120243001852340200,01.통살(ASC)(101010)_TCPA16000_A+SC 캠페인_ALL_V1C7_수_표준기여_2336_02,3355,0,0,0
2026-09-06 17:53:55,17:00,906987379684182,1팀,120244128322750200,01.통살(ASC)(101010)_TCPA16000_A+SC 캠페인_ALL_V1C7_수_표준기여_2336_03,10357,0,0,0
2026-09-06 17:53:55,17:00,906987379684182,1팀,120246397028850200,07.크리스피(ASC)(통합)_A+SC 캠페인_구매최적화_수_표준기여_통합_260511,2456,0,0,0
2026-09-06 17:53:55,17:00,906987379684182,1팀,120246898203940200,03.닭다리살(ASC)(1010)_A+SC캠페인_구매최적화_수_표준기여_2604_260519,4691,1,49900,1063.7390748241312
2026-09-06 17:53:55,17:00,906987379684182,1팀,120246898384670200,03.닭다리살(ASC)(1010)_TROAS_A+SC캠페인_구매최적화_값_표준기여_2604_260519,81815,1,50900,62.213530526187135
2026-09-06 17:53:55,17:00,906987379684182,1팀,120247379587080200,07.크리스피(ASC)(1010)_TROAS_A+SC캠페인_구매최적화_값_표준기여_2992_260527,3954,0,0,0
2026-09-06 17:53:55,17:00,906987379684182,1팀,120248361514480200,01.통살(ASC)(하이브리드)_TCPA_A+SC캠페인_ALL_C7_수_표준기여_3028_260611,7084,0,0,0
2026-09-06 17:53:55,17:00,906987379684182,1팀,120249317264140200,07.크리스피(ASC)(하이브리드)_TROAS_A+SC캠페인_구매최적화_값_표준기여_3078_260713,5347,0,0,0
2026-09-06 17:53:55,17:00,906987379684182,1팀,120249873905240200,07.크리스피(ASC)(101010)_TROAS_A+SC캠페인_구매최적화_값_표준기여_2659_260705,4093,0,0,0
2026-09-06 17:53:55,17:00,906987379684182,1팀,120249878429160200,01.통살(ASC)(하이브리드)_TROAS_A+SC캠페인_구매최적화_값_표준기여_3028_260705,9947,0,0,0
2026-09-06 17:53:55,17:00,906987379684182,1팀,120250099159330200,07.크리스피(ASC)(메가딜)_TCPA_A+SC캠페인_ALL_C7_수_표준기여_2464_260712,11030,0,0,0
2026-09-06 17:53:55,17:00,906987379684182,1팀,120250268133470200,03.닭다리살(ASC)(하이브리드)_TROAS_A+SC캠페인_구매최적화_값_표준기여_3111_260726,9811,0,0,0
2026-09-06 17:53:55,17:00,906987379684182,1팀,120250614451040200,07.크리스피(ASC)(하이브리드)_TROAS_A+SC캠페인_구매최적화_값_표준기여_3078_260728,4075,0,0,0
2026-09-06 17:53:55,17:00,906987379684182,1팀,120250649570130200,07.크리스피(ASC)(하이브리드)_TROAS_A+SC캠페인_구매최적화_값_표준기여_3078_260802_AI,11565,0,0,0
2026-09-06 17:53:55,17:00,906987379684182,1팀,120250649570180200,07.크리스피(ASC)(하이브리드)_A+SC캠페인_구매최적화_수_표준기여_3078_260802_AI,8918,0,0,0
2026-09-06 17:53:55,17:00,906987379684182,1팀,120250858093370200,01.통살(ASC)(하이브리드)_TROAS_A+SC캠페인_구매최적화_값_표준기여_3028_260806,25339,0,0,0
2026-09-06 17:53:55,17:00,906987379684182,1팀,120250858093380200,01.통살(ASC)(하이브리드)_TCPA_A+SC캠페인_ALL_C7_수_표준기여_3028_260806,2529,0,0,0
2026-09-06 17:53:55,17:00,906987379684182,1팀,120250858456470200,01.통살(ASC)(하이브리드)_A+SC캠페인_구매최적화_수_표준기여_3028_260806,3387,0,0,0
2026-09-06 17:53:55,17:00,906987379684182,1팀,120250858902230200,07.크리스피(ASC)(메가딜)_A+SC캠페인_구매최적화_수_표준기여_2464_260806,2198,0,0,0
2026-09-06 17:53:55,17:00,906987379684182,1팀,120250858902240200,07.크리스피(ASC)(메가딜)_TCPA_A+SC캠페인_ALL_C7_수_표준기여_2464_260806,3816,0,0,0
2026-09-06 17:53:55,17:00,906987379684182,1팀,120250858902260200,07.크리스피(ASC)(메가딜)_TROAS_A+SC캠페인_구매최적화_값_표준기여_2464_260806,3678,0,0,0
2026-09-06 17:53:55,17:00,906987379684182,1팀,120250859367430200,20.김자반밥바(ASC)(하이브리드)_A+SC캠페인_구매최적화_수_가치조정_3159_260806,4730,1,31900,674.4186046511628
2026-09-06 17:53:55,17:00,906987379684182,1팀,120250859367440200,20.김자반밥바(ASC)(하이브리드)_TCPA_A+SC캠페인_ALL_C7_수_표준기여_3159_260806,18038,0,0,0
2026-09-06 17:53:55,17:00,906987379684182,1팀,120250859367470200,20.김자반밥바(ASC)(하이브리드)_TROAS_A+SC캠페인_구매최적화_값_표준기여_3159_260806,0,0,0,0
2026-09-06 17:53:55,17:00,906987379684182,1팀,120251066794820200,07.크리스피(ASC)(하이브리드)_A+SC캠페인_구매최적화_수_표준기여_3078_260816_AI _2,3149,0,0,0
2026-09-06 17:53:55,17:00,906987379684182,1팀,120251066794930200,07.크리스피(ASC)(하이브리드)_TROAS_A+SC캠페인_구매최적화_값_표준기여_3078_260816_AI _2,11396,1,94500,829.2383292383292
2026-09-06 17:53:55,17:00,906987379684182,1팀,120251169199390200,07.크리스피(ASC)(하이브리드)_TROAS_A+SC캠페인_구매최적화_값_표준기여_3078_260817(페르소나2),7710,2,154300,2001.2970168612192
2026-09-06 17:53:55,17:00,906987379684182,1팀,120251209789390200,07.크리스피(ASC)(하이브리드)_ABO캠페인_구매최적화_수_표준기여_3078_260819,11789,0,0,0
2026-09-06 17:53:55,17:00,906987379684182,1팀,120251211164300200,07.크리스피(ASC)(하이브리드)_TCPA_A+SC캠페인_ALL_C7_수_표준기여_3078_260819(테무콘),13783,0,0,0
2026-09-06 17:53:55,17:00,906987379684182,1팀,120251211164310200,07.크리스피(ASC)(하이브리드)_TROAS_A+SC캠페인_구매최적화_값_표준기여_3078_260819(테무콘),17706,0,0,0
2026-09-06 17:53:55,17:00,906987379684182,1팀,120251211164320200,07.크리스피(ASC)(하이브리드)_A+SC캠페인_구매최적화_수_표준기여_3078_260819(테무콘),10160,0,0,0
2026-09-06 17:53:55,17:00,906987379684182,1팀,120251251665220200,07.크리스피(ASC)(하이브리드)_TROAS_ABO캠페인_구매최적화_수_표준기여_3078_260821,46937,1,184200,392.44093146132053
2026-09-06 17:53:55,17:00,906987379684182,1팀,120251327515450200,07.크리스피(ASC)(메가딜)_ABO캠페인_구매최적화_수_표준기여_2464_260825,13395,0,0,0
2026-09-06 17:53:55,17:00,906987379684182,1팀,120251328004940200,07.크리스피(ASC)(메가딜)_TROAS_ABO캠페인_구매최적화_수_표준기여_2464_260825,13587,0,0,0
2026-09-06 17:53:55,17:00,906987379684182,1팀,120251367693570200,07.크리스피(ASC)(하이브리드)_TCPA_ABO캠페인_구매최적화_수_표준기여_3078_260827,3218,0,0,0
2026-09-06 17:53:55,17:00,906987379684182,1팀,120251367790160200,07.크리스피(ASC)(메가딜)_TCPA_ABO캠페인_구매최적화_수_표준기여_2464_260827,19969,1,25700,128.6994842005108
2026-09-06 17:53:55,17:00,906987379684182,1팀,120251368155020200,01.통살(ASC)(하이브리드)_ABO캠페인_구매최적화_수_표준기여_3028_260827,5339,0,0,0
2026-09-06 17:53:55,17:00,906987379684182,1팀,120251368716980200,01.통살(ASC)(하이브리드)_TPCA_ABO캠페인_구매최적화_수_표준기여_3028_260827,5026,0,0,0
2026-09-06 17:53:55,17:00,906987379684182,1팀,120251368728810200,01.통살(ASC)(하이브리드)_TROAS_ABO캠페인_구매최적화_수_표준기여_3028_260827,5266,2,106150,2015.7614887960501
2026-09-06 17:53:55,17:00,906987379684182,1팀,120251444359310200,07.크리스피(ASC)(하이브리드)_TROAS_A+SC캠페인_구매최적화_값_표준기여_3078_260901(테무콘2),2712,0,0,0
2026-09-06 17:53:55,17:00,906987379684182,1팀,120251503407460200,22.닭가슴살볼(ASC)(메가딜)_TROAS_A+SC캠페인_구매최적화_값_표준기여_2905_260906(김혜선),2706,0,0,0
2026-09-06 18:30:39,18:00,906987379684182,1팀,120228320649100200,01.통살(ASC)(101010)_TCPA16000_A+SC 캠페인_ALL_V1C7_수_표준기여_2336,839,0,0,0
2026-09-06 18:30:39,18:00,906987379684182,1팀,120228788396590200,01.통살(ASC)(메가딜)_TCPA20000_A+SC 캠페인_ALL_V1C7_수_표준기여_1874,2972,0,0,0
2026-09-06 18:30:39,18:00,906987379684182,1팀,120237509836570200,07.크리스피(ASC)(메가딜)_TCPA16000_A+SC 캠페인_ALL_수_표준기여_2464,5741,1,44000,766.417000522557
2026-09-06 18:30:39,18:00,906987379684182,1팀,120243001852340200,01.통살(ASC)(101010)_TCPA16000_A+SC 캠페인_ALL_V1C7_수_표준기여_2336_02,2297,0,0,0
2026-09-06 18:30:39,18:00,906987379684182,1팀,120244128322750200,01.통살(ASC)(101010)_TCPA16000_A+SC 캠페인_ALL_V1C7_수_표준기여_2336_03,5411,0,0,0
2026-09-06 18:30:39,18:00,906987379684182,1팀,120246397028850200,07.크리스피(ASC)(통합)_A+SC 캠페인_구매최적화_수_표준기여_통합_260511,1595,1,63000,3949.8432601880877
2026-09-06 18:30:39,18:00,906987379684182,1팀,120246898203940200,03.닭다리살(ASC)(1010)_A+SC캠페인_구매최적화_수_표준기여_2604_260519,4110,0,0,0
2026-09-06 18:30:39,18:00,906987379684182,1팀,120246898384670200,03.닭다리살(ASC)(1010)_TROAS_A+SC캠페인_구매최적화_값_표준기여_2604_260519,54599,1,67800,124.17809849997252
2026-09-06 18:30:39,18:00,906987379684182,1팀,120247379587080200,07.크리스피(ASC)(1010)_TROAS_A+SC캠페인_구매최적화_값_표준기여_2992_260527,2700,0,0,0
2026-09-06 18:30:39,18:00,906987379684182,1팀,120248361514480200,01.통살(ASC)(하이브리드)_TCPA_A+SC캠페인_ALL_C7_수_표준기여_3028_260611,3681,0,0,0
2026-09-06 18:30:39,18:00,906987379684182,1팀,120249317264140200,07.크리스피(ASC)(하이브리드)_TROAS_A+SC캠페인_구매최적화_값_표준기여_3078_260713,2120,1,59800,2820.754716981132
2026-09-06 18:30:39,18:00,906987379684182,1팀,120249873905240200,07.크리스피(ASC)(101010)_TROAS_A+SC캠페인_구매최적화_값_표준기여_2659_260705,1220,0,0,0
2026-09-06 18:30:39,18:00,906987379684182,1팀,120249878429160200,01.통살(ASC)(하이브리드)_TROAS_A+SC캠페인_구매최적화_값_표준기여_3028_260705,3821,0,0,0
2026-09-06 18:30:39,18:00,906987379684182,1팀,120250099159330200,07.크리스피(ASC)(메가딜)_TCPA_A+SC캠페인_ALL_C7_수_표준기여_2464_260712,4512,0,0,0
2026-09-06 18:30:39,18:00,906987379684182,1팀,120250268133470200,03.닭다리살(ASC)(하이브리드)_TROAS_A+SC캠페인_구매최적화_값_표준기여_3111_260726,4127,0,0,0
2026-09-06 18:30:39,18:00,906987379684182,1팀,120250614451040200,07.크리스피(ASC)(하이브리드)_TROAS_A+SC캠페인_구매최적화_값_표준기여_3078_260728,2609,0,0,0
2026-09-06 18:30:39,18:00,906987379684182,1팀,120250649570130200,07.크리스피(ASC)(하이브리드)_TROAS_A+SC캠페인_구매최적화_값_표준기여_3078_260802_AI,6390,0,0,0
2026-09-06 18:30:39,18:00,906987379684182,1팀,120250649570180200,07.크리스피(ASC)(하이브리드)_A+SC캠페인_구매최적화_수_표준기여_3078_260802_AI,4253,0,0,0
2026-09-06 18:30:39,18:00,906987379684182,1팀,120250858093370200,01.통살(ASC)(하이브리드)_TROAS_A+SC캠페인_구매최적화_값_표준기여_3028_260806,13708,1,104700,763.787569302597
2026-09-06 18:30:39,18:00,906987379684182,1팀,120250858093380200,01.통살(ASC)(하이브리드)_TCPA_A+SC캠페인_ALL_C7_수_표준기여_3028_260806,1244,0,0,0
2026-09-06 18:30:39,18:00,906987379684182,1팀,120250858456470200,01.통살(ASC)(하이브리드)_A+SC캠페인_구매최적화_수_표준기여_3028_260806,3004,0,0,0
2026-09-06 18:30:39,18:00,906987379684182,1팀,120250858902230200,07.크리스피(ASC)(메가딜)_A+SC캠페인_구매최적화_수_표준기여_2464_260806,1605,0,0,0
2026-09-06 18:30:39,18:00,906987379684182,1팀,120250858902240200,07.크리스피(ASC)(메가딜)_TCPA_A+SC캠페인_ALL_C7_수_표준기여_2464_260806,2375,0,0,0
2026-09-06 18:30:39,18:00,906987379684182,1팀,120250858902260200,07.크리스피(ASC)(메가딜)_TROAS_A+SC캠페인_구매최적화_값_표준기여_2464_260806,2530,0,0,0
2026-09-06 18:30:39,18:00,906987379684182,1팀,120250859189800200,17.안심볶음밥(ASC)(메가딜)_A+SC캠페인_구매최적화_수_표준기여_2903_260806,0,0,0,0
2026-09-06 18:30:39,18:00,906987379684182,1팀,120250859367430200,20.김자반밥바(ASC)(하이브리드)_A+SC캠페인_구매최적화_수_가치조정_3159_260806,2871,0,0,0
2026-09-06 18:30:39,18:00,906987379684182,1팀,120250859367440200,20.김자반밥바(ASC)(하이브리드)_TCPA_A+SC캠페인_ALL_C7_수_표준기여_3159_260806,8891,1,62000,697.3343830840175
2026-09-06 18:30:39,18:00,906987379684182,1팀,120251066794820200,07.크리스피(ASC)(하이브리드)_A+SC캠페인_구매최적화_수_표준기여_3078_260816_AI _2,1833,0,0,0
2026-09-06 18:30:39,18:00,906987379684182,1팀,120251066794930200,07.크리스피(ASC)(하이브리드)_TROAS_A+SC캠페인_구매최적화_값_표준기여_3078_260816_AI _2,16218,0,0,0
2026-09-06 18:30:39,18:00,906987379684182,1팀,120251169199390200,07.크리스피(ASC)(하이브리드)_TROAS_A+SC캠페인_구매최적화_값_표준기여_3078_260817(페르소나2),6706,0,0,0
2026-09-06 18:30:39,18:00,906987379684182,1팀,120251209789390200,07.크리스피(ASC)(하이브리드)_ABO캠페인_구매최적화_수_표준기여_3078_260819,7545,0,0,0
2026-09-06 18:30:39,18:00,906987379684182,1팀,120251211164300200,07.크리스피(ASC)(하이브리드)_TCPA_A+SC캠페인_ALL_C7_수_표준기여_3078_260819(테무콘),3890,0,0,0
2026-09-06 18:30:39,18:00,906987379684182,1팀,120251211164310200,07.크리스피(ASC)(하이브리드)_TROAS_A+SC캠페인_구매최적화_값_표준기여_3078_260819(테무콘),4017,0,0,0
2026-09-06 18:30:39,18:00,906987379684182,1팀,120251211164320200,07.크리스피(ASC)(하이브리드)_A+SC캠페인_구매최적화_수_표준기여_3078_260819(테무콘),4186,0,0,0
2026-09-06 18:30:39,18:00,906987379684182,1팀,120251251665220200,07.크리스피(ASC)(하이브리드)_TROAS_ABO캠페인_구매최적화_수_표준기여_3078_260821,26652,0,0,0
2026-09-06 18:30:39,18:00,906987379684182,1팀,120251327515450200,07.크리스피(ASC)(메가딜)_ABO캠페인_구매최적화_수_표준기여_2464_260825,7693,0,0,0
2026-09-06 18:30:39,18:00,906987379684182,1팀,120251328004940200,07.크리스피(ASC)(메가딜)_TROAS_ABO캠페인_구매최적화_수_표준기여_2464_260825,9401,0,0,0
2026-09-06 18:30:39,18:00,906987379684182,1팀,120251367693570200,07.크리스피(ASC)(하이브리드)_TCPA_ABO캠페인_구매최적화_수_표준기여_3078_260827,1970,0,0,0
2026-09-06 18:30:39,18:00,906987379684182,1팀,120251367790160200,07.크리스피(ASC)(메가딜)_TCPA_ABO캠페인_구매최적화_수_표준기여_2464_260827,9536,0,0,0
2026-09-06 18:30:39,18:00,906987379684182,1팀,120251368155020200,01.통살(ASC)(하이브리드)_ABO캠페인_구매최적화_수_표준기여_3028_260827,2669,0,0,0
2026-09-06 18:30:39,18:00,906987379684182,1팀,120251368716980200,01.통살(ASC)(하이브리드)_TPCA_ABO캠페인_구매최적화_수_표준기여_3028_260827,3551,0,0,0
2026-09-06 18:30:39,18:00,906987379684182,1팀,120251368728810200,01.통살(ASC)(하이브리드)_TROAS_ABO캠페인_구매최적화_수_표준기여_3028_260827,2624,0,0,0
2026-09-06 18:30:39,18:00,906987379684182,1팀,120251444359310200,07.크리스피(ASC)(하이브리드)_TROAS_A+SC캠페인_구매최적화_값_표준기여_3078_260901(테무콘2),1591,0,0,0
2026-09-06 18:30:39,18:00,906987379684182,1팀,120251503407460200,22.닭가슴살볼(ASC)(메가딜)_TROAS_A+SC캠페인_구매최적화_값_표준기여_2905_260906(김혜선),2077,0,0,0
2026-09-06 19:30:40,19:00,906987379684182,1팀,120228320649100200,01.통살(ASC)(101010)_TCPA16000_A+SC 캠페인_ALL_V1C7_수_표준기여_2336,4629,0,0,0
2026-09-06 19:30:40,19:00,906987379684182,1팀,120228788396590200,01.통살(ASC)(메가딜)_TCPA20000_A+SC 캠페인_ALL_V1C7_수_표준기여_1874,7911,0,0,0
2026-09-06 19:30:40,19:00,906987379684182,1팀,120237509836570200,07.크리스피(ASC)(메가딜)_TCPA16000_A+SC 캠페인_ALL_수_표준기여_2464,4865,0,0,0
2026-09-06 19:30:40,19:00,906987379684182,1팀,120243001852340200,01.통살(ASC)(101010)_TCPA16000_A+SC 캠페인_ALL_V1C7_수_표준기여_2336_02,2253,1,58800,2609.8535286284955
2026-09-06 19:30:40,19:00,906987379684182,1팀,120244128322750200,01.통살(ASC)(101010)_TCPA16000_A+SC 캠페인_ALL_V1C7_수_표준기여_2336_03,3434,0,0,0
2026-09-06 19:30:40,19:00,906987379684182,1팀,120246397028850200,07.크리스피(ASC)(통합)_A+SC 캠페인_구매최적화_수_표준기여_통합_260511,1303,0,0,0
2026-09-06 19:30:40,19:00,906987379684182,1팀,120246898203940200,03.닭다리살(ASC)(1010)_A+SC캠페인_구매최적화_수_표준기여_2604_260519,2861,0,0,0
2026-09-06 19:30:40,19:00,906987379684182,1팀,120246898384670200,03.닭다리살(ASC)(1010)_TROAS_A+SC캠페인_구매최적화_값_표준기여_2604_260519,47622,0,0,0
2026-09-06 19:30:40,19:00,906987379684182,1팀,120247379587080200,07.크리스피(ASC)(1010)_TROAS_A+SC캠페인_구매최적화_값_표준기여_2992_260527,2142,0,0,0
2026-09-06 19:30:40,19:00,906987379684182,1팀,120248361514480200,01.통살(ASC)(하이브리드)_TCPA_A+SC캠페인_ALL_C7_수_표준기여_3028_260611,3694,1,58600,1586.3562533838656
2026-09-06 19:30:40,19:00,906987379684182,1팀,120249317264140200,07.크리스피(ASC)(하이브리드)_TROAS_A+SC캠페인_구매최적화_값_표준기여_3078_260713,1949,0,0,0
2026-09-06 19:30:40,19:00,906987379684182,1팀,120249873905240200,07.크리스피(ASC)(101010)_TROAS_A+SC캠페인_구매최적화_값_표준기여_2659_260705,2671,0,0,0
2026-09-06 19:30:40,19:00,906987379684182,1팀,120249878429160200,01.통살(ASC)(하이브리드)_TROAS_A+SC캠페인_구매최적화_값_표준기여_3028_260705,4802,0,0,0
2026-09-06 19:30:40,19:00,906987379684182,1팀,120250099159330200,07.크리스피(ASC)(메가딜)_TCPA_A+SC캠페인_ALL_C7_수_표준기여_2464_260712,8189,0,0,0
2026-09-06 19:30:40,19:00,906987379684182,1팀,120250268133470200,03.닭다리살(ASC)(하이브리드)_TROAS_A+SC캠페인_구매최적화_값_표준기여_3111_260726,4831,0,0,0
2026-09-06 19:30:40,19:00,906987379684182,1팀,120250475752460200,07.크리스피(ASC)(하이브리드)_TROAS_A+SC캠페인_구매최적화_값_표준기여_3078_260722(페르소나),0,0,0,0
2026-09-06 19:30:40,19:00,906987379684182,1팀,120250614451040200,07.크리스피(ASC)(하이브리드)_TROAS_A+SC캠페인_구매최적화_값_표준기여_3078_260728,2927,0,0,0
2026-09-06 19:30:40,19:00,906987379684182,1팀,120250649570130200,07.크리스피(ASC)(하이브리드)_TROAS_A+SC캠페인_구매최적화_값_표준기여_3078_260802_AI,7368,2,177250,2405.673181324647
2026-09-06 19:30:40,19:00,906987379684182,1팀,120250649570180200,07.크리스피(ASC)(하이브리드)_A+SC캠페인_구매최적화_수_표준기여_3078_260802_AI,3180,1,39400,1238.993710691824
2026-09-06 19:30:40,19:00,906987379684182,1팀,120250858093370200,01.통살(ASC)(하이브리드)_TROAS_A+SC캠페인_구매최적화_값_표준기여_3028_260806,12849,0,0,0
2026-09-06 19:30:40,19:00,906987379684182,1팀,120250858093380200,01.통살(ASC)(하이브리드)_TCPA_A+SC캠페인_ALL_C7_수_표준기여_3028_260806,3840,0,0,0
2026-09-06 19:30:40,19:00,906987379684182,1팀,120250858456470200,01.통살(ASC)(하이브리드)_A+SC캠페인_구매최적화_수_표준기여_3028_260806,2766,0,0,0
2026-09-06 19:30:40,19:00,906987379684182,1팀,120250858902230200,07.크리스피(ASC)(메가딜)_A+SC캠페인_구매최적화_수_표준기여_2464_260806,1476,0,0,0
2026-09-06 19:30:40,19:00,906987379684182,1팀,120250858902240200,07.크리스피(ASC)(메가딜)_TCPA_A+SC캠페인_ALL_C7_수_표준기여_2464_260806,1713,0,0,0
2026-09-06 19:30:40,19:00,906987379684182,1팀,120250858902260200,07.크리스피(ASC)(메가딜)_TROAS_A+SC캠페인_구매최적화_값_표준기여_2464_260806,2520,0,0,0
2026-09-06 19:30:40,19:00,906987379684182,1팀,120250859367430200,20.김자반밥바(ASC)(하이브리드)_A+SC캠페인_구매최적화_수_가치조정_3159_260806,3429,0,0,0
2026-09-06 19:30:40,19:00,906987379684182,1팀,120250859367440200,20.김자반밥바(ASC)(하이브리드)_TCPA_A+SC캠페인_ALL_C7_수_표준기여_3159_260806,6320,0,0,0
2026-09-06 19:30:40,19:00,906987379684182,1팀,120251066794820200,07.크리스피(ASC)(하이브리드)_A+SC캠페인_구매최적화_수_표준기여_3078_260816_AI _2,1780,0,0,0
2026-09-06 19:30:40,19:00,906987379684182,1팀,120251066794930200,07.크리스피(ASC)(하이브리드)_TROAS_A+SC캠페인_구매최적화_값_표준기여_3078_260816_AI _2,16458,0,0,0
2026-09-06 19:30:40,19:00,906987379684182,1팀,120251169199390200,07.크리스피(ASC)(하이브리드)_TROAS_A+SC캠페인_구매최적화_값_표준기여_3078_260817(페르소나2),6811,0,0,0
2026-09-06 19:30:40,19:00,906987379684182,1팀,120251209789390200,07.크리스피(ASC)(하이브리드)_ABO캠페인_구매최적화_수_표준기여_3078_260819,7443,1,69400,932.4197232298804
2026-09-06 19:30:40,19:00,906987379684182,1팀,120251211164300200,07.크리스피(ASC)(하이브리드)_TCPA_A+SC캠페인_ALL_C7_수_표준기여_3078_260819(테무콘),3845,0,0,0
2026-09-06 19:30:40,19:00,906987379684182,1팀,120251211164310200,07.크리스피(ASC)(하이브리드)_TROAS_A+SC캠페인_구매최적화_값_표준기여_3078_260819(테무콘),4991,0,0,0
2026-09-06 19:30:40,19:00,906987379684182,1팀,120251211164320200,07.크리스피(ASC)(하이브리드)_A+SC캠페인_구매최적화_수_표준기여_3078_260819(테무콘),4619,0,0,0
2026-09-06 19:30:40,19:00,906987379684182,1팀,120251251665220200,07.크리스피(ASC)(하이브리드)_TROAS_ABO캠페인_구매최적화_수_표준기여_3078_260821,27215,0,0,0
2026-09-06 19:30:40,19:00,906987379684182,1팀,120251327515450200,07.크리스피(ASC)(메가딜)_ABO캠페인_구매최적화_수_표준기여_2464_260825,6915,0,0,0
2026-09-06 19:30:40,19:00,906987379684182,1팀,120251328004940200,07.크리스피(ASC)(메가딜)_TROAS_ABO캠페인_구매최적화_수_표준기여_2464_260825,9016,0,0,0
2026-09-06 19:30:40,19:00,906987379684182,1팀,120251367693570200,07.크리스피(ASC)(하이브리드)_TCPA_ABO캠페인_구매최적화_수_표준기여_3078_260827,1792,0,0,0
2026-09-06 19:30:40,19:00,906987379684182,1팀,120251367790160200,07.크리스피(ASC)(메가딜)_TCPA_ABO캠페인_구매최적화_수_표준기여_2464_260827,8744,0,0,0
2026-09-06 19:30:40,19:00,906987379684182,1팀,120251368155020200,01.통살(ASC)(하이브리드)_ABO캠페인_구매최적화_수_표준기여_3028_260827,3324,0,0,0
2026-09-06 19:30:40,19:00,906987379684182,1팀,120251368716980200,01.통살(ASC)(하이브리드)_TPCA_ABO캠페인_구매최적화_수_표준기여_3028_260827,2695,0,0,0
2026-09-06 19:30:40,19:00,906987379684182,1팀,120251368728810200,01.통살(ASC)(하이브리드)_TROAS_ABO캠페인_구매최적화_수_표준기여_3028_260827,2470,0,0,0
2026-09-06 19:30:40,19:00,906987379684182,1팀,120251444359310200,07.크리스피(ASC)(하이브리드)_TROAS_A+SC캠페인_구매최적화_값_표준기여_3078_260901(테무콘2),1509,0,0,0
2026-09-06 19:30:40,19:00,906987379684182,1팀,120251503407460200,22.닭가슴살볼(ASC)(메가딜)_TROAS_A+SC캠페인_구매최적화_값_표준기여_2905_260906(김혜선),1512,0,0,0
2026-09-06 20:30:39,20:00,906987379684182,1팀,120228320649100200,01.통살(ASC)(101010)_TCPA16000_A+SC 캠페인_ALL_V1C7_수_표준기여_2336,5448,0,0,0
2026-09-06 20:30:39,20:00,906987379684182,1팀,120228788396590200,01.통살(ASC)(메가딜)_TCPA20000_A+SC 캠페인_ALL_V1C7_수_표준기여_1874,8923,0,0,0
2026-09-06 20:30:39,20:00,906987379684182,1팀,120237509836570200,07.크리스피(ASC)(메가딜)_TCPA16000_A+SC 캠페인_ALL_수_표준기여_2464,4613,0,0,0
2026-09-06 20:30:39,20:00,906987379684182,1팀,120243001852340200,01.통살(ASC)(101010)_TCPA16000_A+SC 캠페인_ALL_V1C7_수_표준기여_2336_02,7121,0,0,0
2026-09-06 20:30:39,20:00,906987379684182,1팀,120244128322750200,01.통살(ASC)(101010)_TCPA16000_A+SC 캠페인_ALL_V1C7_수_표준기여_2336_03,5508,0,0,0
2026-09-06 20:30:39,20:00,906987379684182,1팀,120246397028850200,07.크리스피(ASC)(통합)_A+SC 캠페인_구매최적화_수_표준기여_통합_260511,2685,0,0,0
2026-09-06 20:30:39,20:00,906987379684182,1팀,120246898203940200,03.닭다리살(ASC)(1010)_A+SC캠페인_구매최적화_수_표준기여_2604_260519,2939,0,0,0
2026-09-06 20:30:39,20:00,906987379684182,1팀,120246898384670200,03.닭다리살(ASC)(1010)_TROAS_A+SC캠페인_구매최적화_값_표준기여_2604_260519,42744,0,0,0
2026-09-06 20:30:39,20:00,906987379684182,1팀,120247379587080200,07.크리스피(ASC)(1010)_TROAS_A+SC캠페인_구매최적화_값_표준기여_2992_260527,2500,0,0,0
2026-09-06 20:30:39,20:00,906987379684182,1팀,120248361514480200,01.통살(ASC)(하이브리드)_TCPA_A+SC캠페인_ALL_C7_수_표준기여_3028_260611,5613,0,0,0
2026-09-06 20:30:39,20:00,906987379684182,1팀,120249317264140200,07.크리스피(ASC)(하이브리드)_TROAS_A+SC캠페인_구매최적화_값_표준기여_3078_260713,6570,0,0,0
2026-09-06 20:30:39,20:00,906987379684182,1팀,120249873905240200,07.크리스피(ASC)(101010)_TROAS_A+SC캠페인_구매최적화_값_표준기여_2659_260705,2625,0,0,0
2026-09-06 20:30:39,20:00,906987379684182,1팀,120249878429160200,01.통살(ASC)(하이브리드)_TROAS_A+SC캠페인_구매최적화_값_표준기여_3028_260705,5593,0,0,0
2026-09-06 20:30:39,20:00,906987379684182,1팀,120250099159330200,07.크리스피(ASC)(메가딜)_TCPA_A+SC캠페인_ALL_C7_수_표준기여_2464_260712,15309,1,43000,280.88052779410805
2026-09-06 20:30:39,20:00,906987379684182,1팀,120250268133470200,03.닭다리살(ASC)(하이브리드)_TROAS_A+SC캠페인_구매최적화_값_표준기여_3111_260726,6858,1,56700,826.771653543307
2026-09-06 20:30:39,20:00,906987379684182,1팀,120250614451040200,07.크리스피(ASC)(하이브리드)_TROAS_A+SC캠페인_구매최적화_값_표준기여_3078_260728,2682,0,0,0
2026-09-06 20:30:39,20:00,906987379684182,1팀,120250649570130200,07.크리스피(ASC)(하이브리드)_TROAS_A+SC캠페인_구매최적화_값_표준기여_3078_260802_AI,7969,1,94600,1187.100012548626
2026-09-06 20:30:39,20:00,906987379684182,1팀,120250649570180200,07.크리스피(ASC)(하이브리드)_A+SC캠페인_구매최적화_수_표준기여_3078_260802_AI,8859,0,0,0
2026-09-06 20:30:39,20:00,906987379684182,1팀,120250858093370200,01.통살(ASC)(하이브리드)_TROAS_A+SC캠페인_구매최적화_값_표준기여_3028_260806,13647,1,59500,435.99325859163184
2026-09-06 20:30:39,20:00,906987379684182,1팀,120250858093380200,01.통살(ASC)(하이브리드)_TCPA_A+SC캠페인_ALL_C7_수_표준기여_3028_260806,1944,0,0,0
2026-09-06 20:30:39,20:00,906987379684182,1팀,120250858456470200,01.통살(ASC)(하이브리드)_A+SC캠페인_구매최적화_수_표준기여_3028_260806,4354,1,60650,1392.9719797887
2026-09-06 20:30:39,20:00,906987379684182,1팀,120250858902230200,07.크리스피(ASC)(메가딜)_A+SC캠페인_구매최적화_수_표준기여_2464_260806,1555,0,0,0
2026-09-06 20:30:39,20:00,906987379684182,1팀,120250858902240200,07.크리스피(ASC)(메가딜)_TCPA_A+SC캠페인_ALL_C7_수_표준기여_2464_260806,2636,0,0,0
2026-09-06 20:30:39,20:00,906987379684182,1팀,120250858902260200,07.크리스피(ASC)(메가딜)_TROAS_A+SC캠페인_구매최적화_값_표준기여_2464_260806,2836,1,44000,1551.4809590973202
2026-09-06 20:30:39,20:00,906987379684182,1팀,120250859367430200,20.김자반밥바(ASC)(하이브리드)_A+SC캠페인_구매최적화_수_가치조정_3159_260806,2803,0,0,0
2026-09-06 20:30:39,20:00,906987379684182,1팀,120250859367440200,20.김자반밥바(ASC)(하이브리드)_TCPA_A+SC캠페인_ALL_C7_수_표준기여_3159_260806,6970,1,38800,556.6714490674318
2026-09-06 20:30:39,20:00,906987379684182,1팀,120251066794820200,07.크리스피(ASC)(하이브리드)_A+SC캠페인_구매최적화_수_표준기여_3078_260816_AI _2,3697,0,0,0
2026-09-06 20:30:39,20:00,906987379684182,1팀,120251066794930200,07.크리스피(ASC)(하이브리드)_TROAS_A+SC캠페인_구매최적화_값_표준기여_3078_260816_AI _2,17597,1,59800,339.83065295220774
2026-09-06 20:30:39,20:00,906987379684182,1팀,120251169199390200,07.크리스피(ASC)(하이브리드)_TROAS_A+SC캠페인_구매최적화_값_표준기여_3078_260817(페르소나2),5973,0,0,0
2026-09-06 20:30:39,20:00,906987379684182,1팀,120251209789390200,07.크리스피(ASC)(하이브리드)_ABO캠페인_구매최적화_수_표준기여_3078_260819,7215,0,0,0
2026-09-06 20:30:39,20:00,906987379684182,1팀,120251211164300200,07.크리스피(ASC)(하이브리드)_TCPA_A+SC캠페인_ALL_C7_수_표준기여_3078_260819(테무콘),2065,0,0,0
2026-09-06 20:30:39,20:00,906987379684182,1팀,120251211164310200,07.크리스피(ASC)(하이브리드)_TROAS_A+SC캠페인_구매최적화_값_표준기여_3078_260819(테무콘),3581,0,0,0
2026-09-06 20:30:39,20:00,906987379684182,1팀,120251211164320200,07.크리스피(ASC)(하이브리드)_A+SC캠페인_구매최적화_수_표준기여_3078_260819(테무콘),7386,0,0,0
2026-09-06 20:30:39,20:00,906987379684182,1팀,120251251665220200,07.크리스피(ASC)(하이브리드)_TROAS_ABO캠페인_구매최적화_수_표준기여_3078_260821,29425,0,0,0
2026-09-06 20:30:39,20:00,906987379684182,1팀,120251327515450200,07.크리스피(ASC)(메가딜)_ABO캠페인_구매최적화_수_표준기여_2464_260825,9134,0,0,0
2026-09-06 20:30:39,20:00,906987379684182,1팀,120251328004940200,07.크리스피(ASC)(메가딜)_TROAS_ABO캠페인_구매최적화_수_표준기여_2464_260825,8263,1,63000,762.4349509863246
2026-09-06 20:30:39,20:00,906987379684182,1팀,120251367693570200,07.크리스피(ASC)(하이브리드)_TCPA_ABO캠페인_구매최적화_수_표준기여_3078_260827,2580,0,0,0
2026-09-06 20:30:39,20:00,906987379684182,1팀,120251367790160200,07.크리스피(ASC)(메가딜)_TCPA_ABO캠페인_구매최적화_수_표준기여_2464_260827,10371,0,0,0
2026-09-06 20:30:39,20:00,906987379684182,1팀,120251368155020200,01.통살(ASC)(하이브리드)_ABO캠페인_구매최적화_수_표준기여_3028_260827,3485,0,0,0
2026-09-06 20:30:39,20:00,906987379684182,1팀,120251368716980200,01.통살(ASC)(하이브리드)_TPCA_ABO캠페인_구매최적화_수_표준기여_3028_260827,3551,0,0,0
2026-09-06 20:30:39,20:00,906987379684182,1팀,120251368728810200,01.통살(ASC)(하이브리드)_TROAS_ABO캠페인_구매최적화_수_표준기여_3028_260827,2426,0,0,0
2026-09-06 20:30:39,20:00,906987379684182,1팀,120251444359310200,07.크리스피(ASC)(하이브리드)_TROAS_A+SC캠페인_구매최적화_값_표준기여_3078_260901(테무콘2),2843,0,0,0
2026-09-06 20:30:39,20:00,906987379684182,1팀,120251503407460200,22.닭가슴살볼(ASC)(메가딜)_TROAS_A+SC캠페인_구매최적화_값_표준기여_2905_260906(김혜선),2509,0,0,0
