pollTime,hour,account,accountLabel,campaignId,campaignName,spend,purchases,purchaseValue,roas
2026-08-10 00:30:36,00:00,906987379684182,1팀,120228320649100200,01.통살(ASC)(101010)_TCPA16000_A+SC 캠페인_ALL_V1C7_수_표준기여_2336,0,0,0,0
2026-08-10 00:30:36,00:00,906987379684182,1팀,120228788396590200,01.통살(ASC)(메가딜)_TCPA20000_A+SC 캠페인_ALL_V1C7_수_표준기여_1874,5712,0,0,0
2026-08-10 00:30:36,00:00,906987379684182,1팀,120230755324960200,07.크리스피(ASC)(메가딜)_A+SC 캠페인_구매최적화_수_표준기여_2464,3436,0,0,0
2026-08-10 00:30:36,00:00,906987379684182,1팀,120237509836570200,07.크리스피(ASC)(메가딜)_TCPA16000_A+SC 캠페인_ALL_수_표준기여_2464,17,0,0,0
2026-08-10 00:30:36,00:00,906987379684182,1팀,120243001852340200,01.통살(ASC)(101010)_TCPA16000_A+SC 캠페인_ALL_V1C7_수_표준기여_2336_02,1506,0,0,0
2026-08-10 00:30:36,00:00,906987379684182,1팀,120243258462660200,07.크리스피(ASC)(101010)_A+SC 캠페인_구매최적화_수_표준기여_2659_260322,4707,0,0,0
2026-08-10 00:30:36,00:00,906987379684182,1팀,120243592510760200,16.안심크리스피(ASC)(메가딜)_TCPA14000_A+SC 캠페인_ALL_C7_수_표준기여_2863_260327,2537,0,0,0
2026-08-10 00:30:36,00:00,906987379684182,1팀,120244130427210200,07.크리스피(ASC)(메가딜)_A+SC 캠페인_구매최적화_수_표준기여_2464_260404,5392,0,0,0
2026-08-10 00:30:36,00:00,906987379684182,1팀,120244370408130200,17.안심볶음밥(ASC)(메가딜)_TCPA_A+SC 캠페인_ALL_C7_수_표준기여_2903_260409,1954,0,0,0
2026-08-10 00:30:36,00:00,906987379684182,1팀,120246157174550200,17.안심볶음밥(ASC)(메가딜)_A+SC 캠페인_구매최적화_수_표준기여_2903_260507_남자,1360,0,0,0
2026-08-10 00:30:36,00:00,906987379684182,1팀,120246224683700200,17.안심볶음밥(ASC)(메가딜)_A+SC 캠페인_구매최적화_수_표준기여_2903_260507_남자_02,8959,0,0,0
2026-08-10 00:30:36,00:00,906987379684182,1팀,120246397028850200,07.크리스피(ASC)(통합)_A+SC 캠페인_구매최적화_수_표준기여_통합_260511,32,1,42200,131875
2026-08-10 00:30:36,00:00,906987379684182,1팀,120246898203940200,03.닭다리살(ASC)(1010)_A+SC캠페인_구매최적화_수_표준기여_2604_260519,1749,0,0,0
2026-08-10 00:30:36,00:00,906987379684182,1팀,120246898384670200,03.닭다리살(ASC)(1010)_TROAS_A+SC캠페인_구매최적화_값_표준기여_2604_260519,29179,0,0,0
2026-08-10 00:30:36,00:00,906987379684182,1팀,120247354343980200,20.김자반밥바(ASC)(메가딜)_TCPA_A+SC캠페인_ALL_C7_수_표준기여_3003_260527,1630,0,0,0
2026-08-10 00:30:36,00:00,906987379684182,1팀,120247354558020200,20.김자반밥바(ASC)(메가딜)_A+SC캠페인_구매최적화_수_표준기여_3003_260527,3641,0,0,0
2026-08-10 00:30:36,00:00,906987379684182,1팀,120247379361950200,07.크리스피(ASC)(1010)_A+SC캠페인_구매최적화_수_표준기여_2992_260527,3621,0,0,0
2026-08-10 00:30:36,00:00,906987379684182,1팀,120247379587080200,07.크리스피(ASC)(1010)_TROAS_A+SC캠페인_구매최적화_값_표준기여_2992_260527,1866,0,0,0
2026-08-10 00:30:36,00:00,906987379684182,1팀,120247842896910200,20.김자반밥바(ASC)(메가딜)_A+SC캠페인_구매최적화_수_표준기여_3003_260603,4482,0,0,0
2026-08-10 00:30:36,00:00,906987379684182,1팀,120248207670120200,17.안심볶음밥(ASC)(메가딜)_A+SC 캠페인_구매최적화_수_표준기여_2903_260609_남자(가치조정),3251,0,0,0
2026-08-10 00:30:36,00:00,906987379684182,1팀,120248361514480200,01.통살(ASC)(하이브리드)_TCPA_A+SC캠페인_ALL_C7_수_표준기여_3028_260611,526,0,0,0
2026-08-10 00:30:36,00:00,906987379684182,1팀,120248361514580200,01.통살(ASC)(하이브리드)_TROAS_A+SC캠페인_구매최적화_값_표준기여_3028_260611,1371,0,0,0
2026-08-10 00:30:36,00:00,906987379684182,1팀,120248762624470200,17.안심볶음밥(ASC)(메가딜)_TROAS_A+SC캠페인_구매최적화_값_표준기여_2903_260705,925,0,0,0
2026-08-10 00:30:36,00:00,906987379684182,1팀,120248762761370200,17.안심볶음밥(ASC)(메가딜)_A+SC캠페인_구매최적화_수_표준기여_2903_260705,1249,0,0,0
2026-08-10 00:30:36,00:00,906987379684182,1팀,120248762858730200,16.안심크리스피(ASC)(메가딜)_A+SC 캠페인_구매최적화_수_표준기여_2908_260720(페르소나),3080,0,0,0
2026-08-10 00:30:36,00:00,906987379684182,1팀,120248763797300200,21.통살+그릴드(ASC)(메가딜)_TROAS_A+SC캠페인_구매최적화_값_표준기여_3068_260617,2813,0,0,0
2026-08-10 00:30:36,00:00,906987379684182,1팀,120248763797350200,21.통살+그릴드(ASC)(메가딜)_A+SC캠페인_구매최적화_수_표준기여_3068_260617,330,0,0,0
2026-08-10 00:30:36,00:00,906987379684182,1팀,120249317264110200,07.크리스피(ASC)(하이브리드)_A+SC캠페인_구매최적화_수_표준기여_3078_260713,14894,6,369900,2483.550422989123
2026-08-10 00:30:36,00:00,906987379684182,1팀,120249317264120200,07.크리스피(ASC)(하이브리드)_TCPA_A+SC캠페인_ALL_C7_수_표준기여_3078_260713,2454,0,0,0
2026-08-10 00:30:36,00:00,906987379684182,1팀,120249317264140200,07.크리스피(ASC)(하이브리드)_TROAS_A+SC캠페인_구매최적화_값_표준기여_3078_260713,18894,1,56800,300.624536890018
2026-08-10 00:30:36,00:00,906987379684182,1팀,120249873291990200,07.크리스피(ASC)(1010)_TROAS_A+SC캠페인_구매최적화_값_표준기여_2992_260705,1230,0,0,0
2026-08-10 00:30:36,00:00,906987379684182,1팀,120249873905240200,07.크리스피(ASC)(101010)_TROAS_A+SC캠페인_구매최적화_값_표준기여_2659_260705,2255,0,0,0
2026-08-10 00:30:36,00:00,906987379684182,1팀,120249873905280200,07.크리스피(ASC)(101010)_A+SC캠페인_구매최적화_수_표준기여_2659_260705,2565,0,0,0
2026-08-10 00:30:36,00:00,906987379684182,1팀,120249875227840200,16.안심크리스피(ASC)(메가딜)_A+SC캠페인_구매최적화_수_표준기여_2908_260705,4706,0,0,0
2026-08-10 00:30:36,00:00,906987379684182,1팀,120249875227870200,16.안심크리스피(ASC)(메가딜)_TCPA_A+SC캠페인_ALL_C7_수_표준기여_2908_260705,93,0,0,0
2026-08-10 00:30:36,00:00,906987379684182,1팀,120249876219490200,20.김자반밥바(ASC)(메가딜)_A+SC캠페인_구매최적화_수_표준기여_3003_260705,1929,0,0,0
2026-08-10 00:30:36,00:00,906987379684182,1팀,120249876219520200,20.김자반밥바(ASC)(메가딜)_TROAS_A+SC캠페인_구매최적화_값_표준기여_3003_260705,2921,0,0,0
2026-08-10 00:30:36,00:00,906987379684182,1팀,120249878429160200,01.통살(ASC)(하이브리드)_TROAS_A+SC캠페인_구매최적화_값_표준기여_3028_260705,8287,1,59700,720.4054543260528
2026-08-10 00:30:36,00:00,906987379684182,1팀,120249878429240200,01.통살(ASC)(하이브리드)_A+SC캠페인_구매최적화_수_표준기여_3028_260705,1865,0,0,0
2026-08-10 00:30:36,00:00,906987379684182,1팀,120250098930220200,01.통살(ASC)(101010)_TROAS_A+SC캠페인_구매최적화_값_표준기여_2336_260712,10623,0,0,0
2026-08-10 00:30:36,00:00,906987379684182,1팀,120250099159310200,07.크리스피(ASC)(메가딜)_A+SC캠페인_구매최적화_수_표준기여_2464_260712,173,0,0,0
2026-08-10 00:30:36,00:00,906987379684182,1팀,120250099159320200,07.크리스피(ASC)(메가딜)_TROAS_A+SC캠페인_구매최적화_값_표준기여_2464_260712,2530,0,0,0
2026-08-10 00:30:36,00:00,906987379684182,1팀,120250099159330200,07.크리스피(ASC)(메가딜)_TCPA_A+SC캠페인_ALL_C7_수_표준기여_2464_260712,3496,0,0,0
2026-08-10 00:30:36,00:00,906987379684182,1팀,120250099335020200,77.프로모션(ASC)(줄리엔강)_TCPA_A+SC캠페인_ALL_C7_수_표준기여_260713,11,0,0,0
2026-08-10 00:30:36,00:00,906987379684182,1팀,120250099335030200,77.프로모션(ASC)(줄리엔강)_TROAS_A+SC캠페인_구매최적화_값_표준기여_260713,3113,0,0,0
2026-08-10 00:30:36,00:00,906987379684182,1팀,120250268133470200,03.닭다리살(ASC)(하이브리드)_TROAS_A+SC캠페인_구매최적화_값_표준기여_3111_260726,1450,0,0,0
2026-08-10 00:30:36,00:00,906987379684182,1팀,120250444210730200,20.김자반밥바(ASC)(하이브리드)_TROAS_A+SC캠페인_구매최적화_값_표준기여_3159_260726,8657,0,0,0
2026-08-10 00:30:36,00:00,906987379684182,1팀,120250444210740200,20.김자반밥바(ASC)(하이브리드)_A+SC캠페인_구매최적화_수_표준기여_3159_260726,3064,0,0,0
2026-08-10 00:30:36,00:00,906987379684182,1팀,120250444210900200,20.김자반밥바(ASC)(하이브리드)_TCPA_A+SC캠페인_ALL_C7_수_표준기여_3159_260726,1838,0,0,0
2026-08-10 00:30:36,00:00,906987379684182,1팀,120250444423310200,21.통살+그릴드(ASC)(하이브리드)_TROAS_A+SC캠페인_구매최적화_값_표준기여_3162_260726,2618,0,0,0
2026-08-10 00:30:36,00:00,906987379684182,1팀,120250444423320200,21.통살+그릴드(ASC)(하이브리드)_TCPA_A+SC캠페인_ALL_C7_수_표준기여_3162_260726,732,0,0,0
2026-08-10 00:30:36,00:00,906987379684182,1팀,120250444423330200,21.통살+그릴드(ASC)(하이브리드)_A+SC캠페인_구매최적화_수_표준기여_3162_260726,2210,0,0,0
2026-08-10 00:30:36,00:00,906987379684182,1팀,120250475752460200,07.크리스피(ASC)(하이브리드)_TROAS_A+SC캠페인_구매최적화_값_표준기여_3078_260722(페르소나),81,0,0,0
2026-08-10 00:30:36,00:00,906987379684182,1팀,120250614451020200,07.크리스피(ASC)(하이브리드)_A+SC캠페인_구매최적화_수_표준기여_3078_260728,3968,0,0,0
2026-08-10 00:30:36,00:00,906987379684182,1팀,120250614451040200,07.크리스피(ASC)(하이브리드)_TROAS_A+SC캠페인_구매최적화_값_표준기여_3078_260728,3616,0,0,0
2026-08-10 00:30:36,00:00,906987379684182,1팀,120250614451160200,07.크리스피(ASC)(하이브리드)_TCPA_A+SC캠페인_ALL_C7_수_표준기여_3078_260728,118,0,0,0
2026-08-10 00:30:36,00:00,906987379684182,1팀,120250649570130200,07.크리스피(ASC)(하이브리드)_TROAS_A+SC캠페인_구매최적화_값_표준기여_3078_260802_AI,15954,0,0,0
2026-08-10 00:30:36,00:00,906987379684182,1팀,120250649570150200,07.크리스피(ASC)(하이브리드)_TCPA_A+SC캠페인_ALL_C7_수_표준기여_3078_260802_AI,313,0,0,0
2026-08-10 00:30:36,00:00,906987379684182,1팀,120250649570180200,07.크리스피(ASC)(하이브리드)_A+SC캠페인_구매최적화_수_표준기여_3078_260802_AI,5262,0,0,0
2026-08-10 00:30:36,00:00,906987379684182,1팀,120250856737330200,77.프로모션(ASC)(통크크)_TROAS_A+SC캠페인_구매최적화_값_표준기여_260806,1253,0,0,0
2026-08-10 00:30:36,00:00,906987379684182,1팀,120250856737340200,77.프로모션(ASC)(통크크)_TCPA_A+SC캠페인_ALL_C7_수_표준기여_260806,2562,0,0,0
2026-08-10 00:30:36,00:00,906987379684182,1팀,120250856737350200,77.프로모션(ASC)(통크크)_A+SC캠페인_구매최적화_수_표준기여_260806,205,0,0,0
2026-08-10 00:30:36,00:00,906987379684182,1팀,120250858902230200,07.크리스피(ASC)(메가딜)_A+SC캠페인_구매최적화_수_표준기여_2464_260806,795,0,0,0
2026-08-10 00:30:36,00:00,906987379684182,1팀,120250858902260200,07.크리스피(ASC)(메가딜)_TROAS_A+SC캠페인_구매최적화_값_표준기여_2464_260806,719,0,0,0
2026-08-10 00:30:36,00:00,906987379684182,1팀,120250859189800200,17.안심볶음밥(ASC)(메가딜)_A+SC캠페인_구매최적화_수_표준기여_2903_260806,30,0,0,0
2026-08-10 00:30:36,00:00,906987379684182,1팀,120250859189820200,17.안심볶음밥(ASC)(메가딜)_TROAS_A+SC캠페인_구매최적화_값_표준기여_2903_260806,0,0,0,0
2026-08-10 00:30:36,00:00,906987379684182,1팀,120250859259430200,20.김자반밥바(ASC)(메가딜)_A+SC캠페인_구매최적화_수_가치조정_3003_260806,317,0,0,0
2026-08-10 00:30:36,00:00,906987379684182,1팀,120250859367430200,20.김자반밥바(ASC)(하이브리드)_A+SC캠페인_구매최적화_수_가치조정_3159_260806,10412,1,56900,546.4848252016903
2026-08-10 00:30:36,00:00,906987379684182,1팀,120250859367440200,20.김자반밥바(ASC)(하이브리드)_TCPA_A+SC캠페인_ALL_C7_수_표준기여_3159_260806,0,0,0,0
2026-08-10 00:30:36,00:00,906987379684182,1팀,120250859367470200,20.김자반밥바(ASC)(하이브리드)_TROAS_A+SC캠페인_구매최적화_값_표준기여_3159_260806,1318,0,0,0
2026-08-10 00:35:00,00:00,906987379684182,1팀,120228320649100200,01.통살(ASC)(101010)_TCPA16000_A+SC 캠페인_ALL_V1C7_수_표준기여_2336,0,0,0,0
2026-08-10 00:35:00,00:00,906987379684182,1팀,120228788396590200,01.통살(ASC)(메가딜)_TCPA20000_A+SC 캠페인_ALL_V1C7_수_표준기여_1874,5777,0,0,0
2026-08-10 00:35:00,00:00,906987379684182,1팀,120230755324960200,07.크리스피(ASC)(메가딜)_A+SC 캠페인_구매최적화_수_표준기여_2464,5176,1,45500,879.0571870170016
2026-08-10 00:35:00,00:00,906987379684182,1팀,120237509836570200,07.크리스피(ASC)(메가딜)_TCPA16000_A+SC 캠페인_ALL_수_표준기여_2464,137,0,0,0
2026-08-10 00:35:00,00:00,906987379684182,1팀,120243001852340200,01.통살(ASC)(101010)_TCPA16000_A+SC 캠페인_ALL_V1C7_수_표준기여_2336_02,2783,0,0,0
2026-08-10 00:35:00,00:00,906987379684182,1팀,120243258462660200,07.크리스피(ASC)(101010)_A+SC 캠페인_구매최적화_수_표준기여_2659_260322,5734,0,0,0
2026-08-10 00:35:00,00:00,906987379684182,1팀,120243592510760200,16.안심크리스피(ASC)(메가딜)_TCPA14000_A+SC 캠페인_ALL_C7_수_표준기여_2863_260327,3029,0,0,0
2026-08-10 00:35:00,00:00,906987379684182,1팀,120244128322750200,01.통살(ASC)(101010)_TCPA16000_A+SC 캠페인_ALL_V1C7_수_표준기여_2336_03,0,0,0,0
2026-08-10 00:35:00,00:00,906987379684182,1팀,120244130427210200,07.크리스피(ASC)(메가딜)_A+SC 캠페인_구매최적화_수_표준기여_2464_260404,6652,0,0,0
2026-08-10 00:35:00,00:00,906987379684182,1팀,120244370408130200,17.안심볶음밥(ASC)(메가딜)_TCPA_A+SC 캠페인_ALL_C7_수_표준기여_2903_260409,2943,0,0,0
2026-08-10 00:35:00,00:00,906987379684182,1팀,120246157174550200,17.안심볶음밥(ASC)(메가딜)_A+SC 캠페인_구매최적화_수_표준기여_2903_260507_남자,2808,0,0,0
2026-08-10 00:35:00,00:00,906987379684182,1팀,120246224683700200,17.안심볶음밥(ASC)(메가딜)_A+SC 캠페인_구매최적화_수_표준기여_2903_260507_남자_02,10301,0,0,0
2026-08-10 00:35:00,00:00,906987379684182,1팀,120246397028850200,07.크리스피(ASC)(통합)_A+SC 캠페인_구매최적화_수_표준기여_통합_260511,1247,1,42200,3384.1218925421013
2026-08-10 00:35:00,00:00,906987379684182,1팀,120246898203940200,03.닭다리살(ASC)(1010)_A+SC캠페인_구매최적화_수_표준기여_2604_260519,2861,0,0,0
2026-08-10 00:35:00,00:00,906987379684182,1팀,120246898384670200,03.닭다리살(ASC)(1010)_TROAS_A+SC캠페인_구매최적화_값_표준기여_2604_260519,43366,0,0,0
2026-08-10 00:35:00,00:00,906987379684182,1팀,120247354343980200,20.김자반밥바(ASC)(메가딜)_TCPA_A+SC캠페인_ALL_C7_수_표준기여_3003_260527,2328,0,0,0
2026-08-10 00:35:00,00:00,906987379684182,1팀,120247354558020200,20.김자반밥바(ASC)(메가딜)_A+SC캠페인_구매최적화_수_표준기여_3003_260527,6102,1,32900,539.167486070141
2026-08-10 00:35:00,00:00,906987379684182,1팀,120247379361950200,07.크리스피(ASC)(1010)_A+SC캠페인_구매최적화_수_표준기여_2992_260527,5628,0,0,0
2026-08-10 00:35:00,00:00,906987379684182,1팀,120247379587080200,07.크리스피(ASC)(1010)_TROAS_A+SC캠페인_구매최적화_값_표준기여_2992_260527,2908,0,0,0
2026-08-10 00:35:00,00:00,906987379684182,1팀,120247842896910200,20.김자반밥바(ASC)(메가딜)_A+SC캠페인_구매최적화_수_표준기여_3003_260603,5838,0,0,0
2026-08-10 00:35:00,00:00,906987379684182,1팀,120248207670120200,17.안심볶음밥(ASC)(메가딜)_A+SC 캠페인_구매최적화_수_표준기여_2903_260609_남자(가치조정),4618,0,0,0
2026-08-10 00:35:00,00:00,906987379684182,1팀,120248361514480200,01.통살(ASC)(하이브리드)_TCPA_A+SC캠페인_ALL_C7_수_표준기여_3028_260611,733,0,0,0
2026-08-10 00:35:00,00:00,906987379684182,1팀,120248361514580200,01.통살(ASC)(하이브리드)_TROAS_A+SC캠페인_구매최적화_값_표준기여_3028_260611,1851,0,0,0
2026-08-10 00:35:00,00:00,906987379684182,1팀,120248762624470200,17.안심볶음밥(ASC)(메가딜)_TROAS_A+SC캠페인_구매최적화_값_표준기여_2903_260705,1708,0,0,0
2026-08-10 00:35:00,00:00,906987379684182,1팀,120248762761370200,17.안심볶음밥(ASC)(메가딜)_A+SC캠페인_구매최적화_수_표준기여_2903_260705,1537,0,0,0
2026-08-10 00:35:00,00:00,906987379684182,1팀,120248762858730200,16.안심크리스피(ASC)(메가딜)_A+SC 캠페인_구매최적화_수_표준기여_2908_260720(페르소나),3723,0,0,0
2026-08-10 00:35:00,00:00,906987379684182,1팀,120248763797300200,21.통살+그릴드(ASC)(메가딜)_TROAS_A+SC캠페인_구매최적화_값_표준기여_3068_260617,3393,0,0,0
2026-08-10 00:35:00,00:00,906987379684182,1팀,120248763797350200,21.통살+그릴드(ASC)(메가딜)_A+SC캠페인_구매최적화_수_표준기여_3068_260617,554,0,0,0
2026-08-10 00:35:00,00:00,906987379684182,1팀,120249317264110200,07.크리스피(ASC)(하이브리드)_A+SC캠페인_구매최적화_수_표준기여_3078_260713,18659,6,369900,1982.4213516265609
2026-08-10 00:35:00,00:00,906987379684182,1팀,120249317264120200,07.크리스피(ASC)(하이브리드)_TCPA_A+SC캠페인_ALL_C7_수_표준기여_3078_260713,3917,0,0,0
2026-08-10 00:35:00,00:00,906987379684182,1팀,120249317264140200,07.크리스피(ASC)(하이브리드)_TROAS_A+SC캠페인_구매최적화_값_표준기여_3078_260713,30890,2,116500,377.14470702492713
2026-08-10 00:35:00,00:00,906987379684182,1팀,120249873291990200,07.크리스피(ASC)(1010)_TROAS_A+SC캠페인_구매최적화_값_표준기여_2992_260705,1696,0,0,0
2026-08-10 00:35:00,00:00,906987379684182,1팀,120249873905240200,07.크리스피(ASC)(101010)_TROAS_A+SC캠페인_구매최적화_값_표준기여_2659_260705,3355,0,0,0
2026-08-10 00:35:00,00:00,906987379684182,1팀,120249873905280200,07.크리스피(ASC)(101010)_A+SC캠페인_구매최적화_수_표준기여_2659_260705,4316,0,0,0
2026-08-10 00:35:00,00:00,906987379684182,1팀,120249875227840200,16.안심크리스피(ASC)(메가딜)_A+SC캠페인_구매최적화_수_표준기여_2908_260705,5378,0,0,0
2026-08-10 00:35:00,00:00,906987379684182,1팀,120249875227870200,16.안심크리스피(ASC)(메가딜)_TCPA_A+SC캠페인_ALL_C7_수_표준기여_2908_260705,98,0,0,0
2026-08-10 00:35:00,00:00,906987379684182,1팀,120249876219490200,20.김자반밥바(ASC)(메가딜)_A+SC캠페인_구매최적화_수_표준기여_3003_260705,3218,0,0,0
2026-08-10 00:35:00,00:00,906987379684182,1팀,120249876219520200,20.김자반밥바(ASC)(메가딜)_TROAS_A+SC캠페인_구매최적화_값_표준기여_3003_260705,6042,0,0,0
2026-08-10 00:35:00,00:00,906987379684182,1팀,120249878429160200,01.통살(ASC)(하이브리드)_TROAS_A+SC캠페인_구매최적화_값_표준기여_3028_260705,12413,1,59700,480.94739386127446
2026-08-10 00:35:00,00:00,906987379684182,1팀,120249878429240200,01.통살(ASC)(하이브리드)_A+SC캠페인_구매최적화_수_표준기여_3028_260705,2751,0,0,0
2026-08-10 00:35:00,00:00,906987379684182,1팀,120250098930220200,01.통살(ASC)(101010)_TROAS_A+SC캠페인_구매최적화_값_표준기여_2336_260712,14622,0,0,0
2026-08-10 00:35:00,00:00,906987379684182,1팀,120250099159310200,07.크리스피(ASC)(메가딜)_A+SC캠페인_구매최적화_수_표준기여_2464_260712,215,0,0,0
2026-08-10 00:35:00,00:00,906987379684182,1팀,120250099159320200,07.크리스피(ASC)(메가딜)_TROAS_A+SC캠페인_구매최적화_값_표준기여_2464_260712,4066,0,0,0
2026-08-10 00:35:00,00:00,906987379684182,1팀,120250099159330200,07.크리스피(ASC)(메가딜)_TCPA_A+SC캠페인_ALL_C7_수_표준기여_2464_260712,4666,0,0,0
2026-08-10 00:35:00,00:00,906987379684182,1팀,120250099335020200,77.프로모션(ASC)(줄리엔강)_TCPA_A+SC캠페인_ALL_C7_수_표준기여_260713,35,0,0,0
2026-08-10 00:35:00,00:00,906987379684182,1팀,120250099335030200,77.프로모션(ASC)(줄리엔강)_TROAS_A+SC캠페인_구매최적화_값_표준기여_260713,5001,0,0,0
2026-08-10 00:35:00,00:00,906987379684182,1팀,120250268133470200,03.닭다리살(ASC)(하이브리드)_TROAS_A+SC캠페인_구매최적화_값_표준기여_3111_260726,2658,0,0,0
2026-08-10 00:35:00,00:00,906987379684182,1팀,120250444210730200,20.김자반밥바(ASC)(하이브리드)_TROAS_A+SC캠페인_구매최적화_값_표준기여_3159_260726,13920,0,0,0
2026-08-10 00:35:00,00:00,906987379684182,1팀,120250444210740200,20.김자반밥바(ASC)(하이브리드)_A+SC캠페인_구매최적화_수_표준기여_3159_260726,3834,0,0,0
2026-08-10 00:35:00,00:00,906987379684182,1팀,120250444210900200,20.김자반밥바(ASC)(하이브리드)_TCPA_A+SC캠페인_ALL_C7_수_표준기여_3159_260726,2567,0,0,0
2026-08-10 00:35:00,00:00,906987379684182,1팀,120250444423310200,21.통살+그릴드(ASC)(하이브리드)_TROAS_A+SC캠페인_구매최적화_값_표준기여_3162_260726,5350,0,0,0
2026-08-10 00:35:00,00:00,906987379684182,1팀,120250444423320200,21.통살+그릴드(ASC)(하이브리드)_TCPA_A+SC캠페인_ALL_C7_수_표준기여_3162_260726,863,0,0,0
2026-08-10 00:35:00,00:00,906987379684182,1팀,120250444423330200,21.통살+그릴드(ASC)(하이브리드)_A+SC캠페인_구매최적화_수_표준기여_3162_260726,2511,0,0,0
2026-08-10 00:35:00,00:00,906987379684182,1팀,120250475752460200,07.크리스피(ASC)(하이브리드)_TROAS_A+SC캠페인_구매최적화_값_표준기여_3078_260722(페르소나),121,0,0,0
2026-08-10 00:35:00,00:00,906987379684182,1팀,120250614451020200,07.크리스피(ASC)(하이브리드)_A+SC캠페인_구매최적화_수_표준기여_3078_260728,6638,0,0,0
2026-08-10 00:35:00,00:00,906987379684182,1팀,120250614451040200,07.크리스피(ASC)(하이브리드)_TROAS_A+SC캠페인_구매최적화_값_표준기여_3078_260728,4582,0,0,0
2026-08-10 00:35:00,00:00,906987379684182,1팀,120250614451160200,07.크리스피(ASC)(하이브리드)_TCPA_A+SC캠페인_ALL_C7_수_표준기여_3078_260728,312,0,0,0
2026-08-10 00:35:00,00:00,906987379684182,1팀,120250649570130200,07.크리스피(ASC)(하이브리드)_TROAS_A+SC캠페인_구매최적화_값_표준기여_3078_260802_AI,27365,0,0,0
2026-08-10 00:35:00,00:00,906987379684182,1팀,120250649570150200,07.크리스피(ASC)(하이브리드)_TCPA_A+SC캠페인_ALL_C7_수_표준기여_3078_260802_AI,314,0,0,0
2026-08-10 00:35:00,00:00,906987379684182,1팀,120250649570180200,07.크리스피(ASC)(하이브리드)_A+SC캠페인_구매최적화_수_표준기여_3078_260802_AI,8742,0,0,0
2026-08-10 00:35:00,00:00,906987379684182,1팀,120250856737330200,77.프로모션(ASC)(통크크)_TROAS_A+SC캠페인_구매최적화_값_표준기여_260806,2326,0,0,0
2026-08-10 00:35:00,00:00,906987379684182,1팀,120250856737340200,77.프로모션(ASC)(통크크)_TCPA_A+SC캠페인_ALL_C7_수_표준기여_260806,3112,0,0,0
2026-08-10 00:35:00,00:00,906987379684182,1팀,120250856737350200,77.프로모션(ASC)(통크크)_A+SC캠페인_구매최적화_수_표준기여_260806,388,0,0,0
2026-08-10 00:35:00,00:00,906987379684182,1팀,120250858902230200,07.크리스피(ASC)(메가딜)_A+SC캠페인_구매최적화_수_표준기여_2464_260806,1681,0,0,0
2026-08-10 00:35:00,00:00,906987379684182,1팀,120250858902240200,07.크리스피(ASC)(메가딜)_TCPA_A+SC캠페인_ALL_C7_수_표준기여_2464_260806,19,0,0,0
2026-08-10 00:35:00,00:00,906987379684182,1팀,120250858902260200,07.크리스피(ASC)(메가딜)_TROAS_A+SC캠페인_구매최적화_값_표준기여_2464_260806,1431,0,0,0
2026-08-10 00:35:00,00:00,906987379684182,1팀,120250859189800200,17.안심볶음밥(ASC)(메가딜)_A+SC캠페인_구매최적화_수_표준기여_2903_260806,64,0,0,0
2026-08-10 00:35:00,00:00,906987379684182,1팀,120250859189820200,17.안심볶음밥(ASC)(메가딜)_TROAS_A+SC캠페인_구매최적화_값_표준기여_2903_260806,899,0,0,0
2026-08-10 00:35:00,00:00,906987379684182,1팀,120250859259430200,20.김자반밥바(ASC)(메가딜)_A+SC캠페인_구매최적화_수_가치조정_3003_260806,488,0,0,0
2026-08-10 00:35:00,00:00,906987379684182,1팀,120250859367430200,20.김자반밥바(ASC)(하이브리드)_A+SC캠페인_구매최적화_수_가치조정_3159_260806,17244,1,56900,329.9698445836233
2026-08-10 00:35:00,00:00,906987379684182,1팀,120250859367440200,20.김자반밥바(ASC)(하이브리드)_TCPA_A+SC캠페인_ALL_C7_수_표준기여_3159_260806,0,0,0,0
2026-08-10 00:35:00,00:00,906987379684182,1팀,120250859367470200,20.김자반밥바(ASC)(하이브리드)_TROAS_A+SC캠페인_구매최적화_값_표준기여_3159_260806,2042,0,0,0
2026-08-10 01:30:35,01:00,906987379684182,1팀,120228320649100200,01.통살(ASC)(101010)_TCPA16000_A+SC 캠페인_ALL_V1C7_수_표준기여_2336,1297,0,0,0
2026-08-10 01:30:35,01:00,906987379684182,1팀,120228788396590200,01.통살(ASC)(메가딜)_TCPA20000_A+SC 캠페인_ALL_V1C7_수_표준기여_1874,427,0,0,0
2026-08-10 01:30:35,01:00,906987379684182,1팀,120230755324960200,07.크리스피(ASC)(메가딜)_A+SC 캠페인_구매최적화_수_표준기여_2464,2577,0,0,0
2026-08-10 01:30:35,01:00,906987379684182,1팀,120237509836570200,07.크리스피(ASC)(메가딜)_TCPA16000_A+SC 캠페인_ALL_수_표준기여_2464,774,0,0,0
2026-08-10 01:30:35,01:00,906987379684182,1팀,120243001852340200,01.통살(ASC)(101010)_TCPA16000_A+SC 캠페인_ALL_V1C7_수_표준기여_2336_02,915,0,0,0
2026-08-10 01:30:35,01:00,906987379684182,1팀,120243258462660200,07.크리스피(ASC)(101010)_A+SC 캠페인_구매최적화_수_표준기여_2659_260322,2966,0,0,0
2026-08-10 01:30:35,01:00,906987379684182,1팀,120243592510760200,16.안심크리스피(ASC)(메가딜)_TCPA14000_A+SC 캠페인_ALL_C7_수_표준기여_2863_260327,1662,0,0,0
2026-08-10 01:30:35,01:00,906987379684182,1팀,120244128322750200,01.통살(ASC)(101010)_TCPA16000_A+SC 캠페인_ALL_V1C7_수_표준기여_2336_03,619,0,0,0
2026-08-10 01:30:35,01:00,906987379684182,1팀,120244130427210200,07.크리스피(ASC)(메가딜)_A+SC 캠페인_구매최적화_수_표준기여_2464_260404,3275,0,0,0
2026-08-10 01:30:35,01:00,906987379684182,1팀,120244370408130200,17.안심볶음밥(ASC)(메가딜)_TCPA_A+SC 캠페인_ALL_C7_수_표준기여_2903_260409,2142,0,0,0
2026-08-10 01:30:35,01:00,906987379684182,1팀,120244785115970200,07.크리스피(ASC)(메가딜)_TCPA14000_A+SC 캠페인_ALL_C7_수_표준기여_2464_260416_intern,0,0,0,0
2026-08-10 01:30:35,01:00,906987379684182,1팀,120246157174550200,17.안심볶음밥(ASC)(메가딜)_A+SC 캠페인_구매최적화_수_표준기여_2903_260507_남자,298,0,0,0
2026-08-10 01:30:35,01:00,906987379684182,1팀,120246224683700200,17.안심볶음밥(ASC)(메가딜)_A+SC 캠페인_구매최적화_수_표준기여_2903_260507_남자_02,6238,0,0,0
2026-08-10 01:30:35,01:00,906987379684182,1팀,120246397028850200,07.크리스피(ASC)(통합)_A+SC 캠페인_구매최적화_수_표준기여_통합_260511,4822,2,66700,1383.2434674408958
2026-08-10 01:30:35,01:00,906987379684182,1팀,120246898203940200,03.닭다리살(ASC)(1010)_A+SC캠페인_구매최적화_수_표준기여_2604_260519,574,0,0,0
2026-08-10 01:30:35,01:00,906987379684182,1팀,120246898384670200,03.닭다리살(ASC)(1010)_TROAS_A+SC캠페인_구매최적화_값_표준기여_2604_260519,22593,1,64900,287.2571150356305
2026-08-10 01:30:35,01:00,906987379684182,1팀,120247354343980200,20.김자반밥바(ASC)(메가딜)_TCPA_A+SC캠페인_ALL_C7_수_표준기여_3003_260527,1385,0,0,0
2026-08-10 01:30:35,01:00,906987379684182,1팀,120247354558020200,20.김자반밥바(ASC)(메가딜)_A+SC캠페인_구매최적화_수_표준기여_3003_260527,2003,0,0,0
2026-08-10 01:30:35,01:00,906987379684182,1팀,120247379361950200,07.크리스피(ASC)(1010)_A+SC캠페인_구매최적화_수_표준기여_2992_260527,2930,0,0,0
2026-08-10 01:30:35,01:00,906987379684182,1팀,120247379587080200,07.크리스피(ASC)(1010)_TROAS_A+SC캠페인_구매최적화_값_표준기여_2992_260527,4803,0,0,0
2026-08-10 01:30:35,01:00,906987379684182,1팀,120247842896910200,20.김자반밥바(ASC)(메가딜)_A+SC캠페인_구매최적화_수_표준기여_3003_260603,3201,0,0,0
2026-08-10 01:30:35,01:00,906987379684182,1팀,120248207670120200,17.안심볶음밥(ASC)(메가딜)_A+SC 캠페인_구매최적화_수_표준기여_2903_260609_남자(가치조정),2303,0,0,0
2026-08-10 01:30:35,01:00,906987379684182,1팀,120248361514480200,01.통살(ASC)(하이브리드)_TCPA_A+SC캠페인_ALL_C7_수_표준기여_3028_260611,226,0,0,0
2026-08-10 01:30:35,01:00,906987379684182,1팀,120248361514580200,01.통살(ASC)(하이브리드)_TROAS_A+SC캠페인_구매최적화_값_표준기여_3028_260611,914,0,0,0
2026-08-10 01:30:35,01:00,906987379684182,1팀,120248762624190200,17.안심볶음밥(ASC)(메가딜)_TCPA_A+SC캠페인_ALL_C7_수_표준기여_2903_260705,5,0,0,0
2026-08-10 01:30:35,01:00,906987379684182,1팀,120248762624470200,17.안심볶음밥(ASC)(메가딜)_TROAS_A+SC캠페인_구매최적화_값_표준기여_2903_260705,1141,0,0,0
2026-08-10 01:30:35,01:00,906987379684182,1팀,120248762761370200,17.안심볶음밥(ASC)(메가딜)_A+SC캠페인_구매최적화_수_표준기여_2903_260705,1412,0,0,0
2026-08-10 01:30:35,01:00,906987379684182,1팀,120248762858730200,16.안심크리스피(ASC)(메가딜)_A+SC 캠페인_구매최적화_수_표준기여_2908_260720(페르소나),1106,0,0,0
2026-08-10 01:30:35,01:00,906987379684182,1팀,120248763306900200,16.안심크리스피(ASC)(메가딜)_TCPA_A+SC캠페인_ALL_C7_수_표준기여_2908_260621,133,0,0,0
2026-08-10 01:30:35,01:00,906987379684182,1팀,120248763797300200,21.통살+그릴드(ASC)(메가딜)_TROAS_A+SC캠페인_구매최적화_값_표준기여_3068_260617,2535,0,0,0
2026-08-10 01:30:35,01:00,906987379684182,1팀,120248763797350200,21.통살+그릴드(ASC)(메가딜)_A+SC캠페인_구매최적화_수_표준기여_3068_260617,603,0,0,0
2026-08-10 01:30:35,01:00,906987379684182,1팀,120249317264110200,07.크리스피(ASC)(하이브리드)_A+SC캠페인_구매최적화_수_표준기여_3078_260713,14420,0,0,0
2026-08-10 01:30:35,01:00,906987379684182,1팀,120249317264120200,07.크리스피(ASC)(하이브리드)_TCPA_A+SC캠페인_ALL_C7_수_표준기여_3078_260713,1063,1,68400,6434.619002822201
2026-08-10 01:30:35,01:00,906987379684182,1팀,120249317264140200,07.크리스피(ASC)(하이브리드)_TROAS_A+SC캠페인_구매최적화_값_표준기여_3078_260713,14027,0,0,0
2026-08-10 01:30:35,01:00,906987379684182,1팀,120249873291990200,07.크리스피(ASC)(1010)_TROAS_A+SC캠페인_구매최적화_값_표준기여_2992_260705,1108,0,0,0
2026-08-10 01:30:35,01:00,906987379684182,1팀,120249873905240200,07.크리스피(ASC)(101010)_TROAS_A+SC캠페인_구매최적화_값_표준기여_2659_260705,2265,0,0,0
2026-08-10 01:30:35,01:00,906987379684182,1팀,120249873905280200,07.크리스피(ASC)(101010)_A+SC캠페인_구매최적화_수_표준기여_2659_260705,939,0,0,0
2026-08-10 01:30:35,01:00,906987379684182,1팀,120249875227840200,16.안심크리스피(ASC)(메가딜)_A+SC캠페인_구매최적화_수_표준기여_2908_260705,348,0,0,0
2026-08-10 01:30:35,01:00,906987379684182,1팀,120249875227870200,16.안심크리스피(ASC)(메가딜)_TCPA_A+SC캠페인_ALL_C7_수_표준기여_2908_260705,81,0,0,0
2026-08-10 01:30:35,01:00,906987379684182,1팀,120249876219490200,20.김자반밥바(ASC)(메가딜)_A+SC캠페인_구매최적화_수_표준기여_3003_260705,2129,0,0,0
2026-08-10 01:30:35,01:00,906987379684182,1팀,120249876219520200,20.김자반밥바(ASC)(메가딜)_TROAS_A+SC캠페인_구매최적화_값_표준기여_3003_260705,4265,0,0,0
2026-08-10 01:30:35,01:00,906987379684182,1팀,120249878429160200,01.통살(ASC)(하이브리드)_TROAS_A+SC캠페인_구매최적화_값_표준기여_3028_260705,7550,0,0,0
2026-08-10 01:30:35,01:00,906987379684182,1팀,120249878429240200,01.통살(ASC)(하이브리드)_A+SC캠페인_구매최적화_수_표준기여_3028_260705,1237,0,0,0
2026-08-10 01:30:35,01:00,906987379684182,1팀,120250098930220200,01.통살(ASC)(101010)_TROAS_A+SC캠페인_구매최적화_값_표준기여_2336_260712,4262,0,0,0
2026-08-10 01:30:35,01:00,906987379684182,1팀,120250099159310200,07.크리스피(ASC)(메가딜)_A+SC캠페인_구매최적화_수_표준기여_2464_260712,81,0,0,0
2026-08-10 01:30:35,01:00,906987379684182,1팀,120250099159320200,07.크리스피(ASC)(메가딜)_TROAS_A+SC캠페인_구매최적화_값_표준기여_2464_260712,2742,0,0,0
2026-08-10 01:30:35,01:00,906987379684182,1팀,120250099159330200,07.크리스피(ASC)(메가딜)_TCPA_A+SC캠페인_ALL_C7_수_표준기여_2464_260712,1833,0,0,0
2026-08-10 01:30:35,01:00,906987379684182,1팀,120250099335020200,77.프로모션(ASC)(줄리엔강)_TCPA_A+SC캠페인_ALL_C7_수_표준기여_260713,988,0,0,0
2026-08-10 01:30:35,01:00,906987379684182,1팀,120250099335030200,77.프로모션(ASC)(줄리엔강)_TROAS_A+SC캠페인_구매최적화_값_표준기여_260713,1835,0,0,0
2026-08-10 01:30:35,01:00,906987379684182,1팀,120250268133470200,03.닭다리살(ASC)(하이브리드)_TROAS_A+SC캠페인_구매최적화_값_표준기여_3111_260726,1411,0,0,0
2026-08-10 01:30:35,01:00,906987379684182,1팀,120250444210730200,20.김자반밥바(ASC)(하이브리드)_TROAS_A+SC캠페인_구매최적화_값_표준기여_3159_260726,4605,0,0,0
2026-08-10 01:30:35,01:00,906987379684182,1팀,120250444210740200,20.김자반밥바(ASC)(하이브리드)_A+SC캠페인_구매최적화_수_표준기여_3159_260726,2261,0,0,0
2026-08-10 01:30:35,01:00,906987379684182,1팀,120250444210900200,20.김자반밥바(ASC)(하이브리드)_TCPA_A+SC캠페인_ALL_C7_수_표준기여_3159_260726,1207,0,0,0
2026-08-10 01:30:35,01:00,906987379684182,1팀,120250444423310200,21.통살+그릴드(ASC)(하이브리드)_TROAS_A+SC캠페인_구매최적화_값_표준기여_3162_260726,1852,0,0,0
2026-08-10 01:30:35,01:00,906987379684182,1팀,120250444423320200,21.통살+그릴드(ASC)(하이브리드)_TCPA_A+SC캠페인_ALL_C7_수_표준기여_3162_260726,239,0,0,0
2026-08-10 01:30:35,01:00,906987379684182,1팀,120250444423330200,21.통살+그릴드(ASC)(하이브리드)_A+SC캠페인_구매최적화_수_표준기여_3162_260726,595,0,0,0
2026-08-10 01:30:35,01:00,906987379684182,1팀,120250475752460200,07.크리스피(ASC)(하이브리드)_TROAS_A+SC캠페인_구매최적화_값_표준기여_3078_260722(페르소나),168,0,0,0
2026-08-10 01:30:35,01:00,906987379684182,1팀,120250614451020200,07.크리스피(ASC)(하이브리드)_A+SC캠페인_구매최적화_수_표준기여_3078_260728,1367,0,0,0
2026-08-10 01:30:35,01:00,906987379684182,1팀,120250614451040200,07.크리스피(ASC)(하이브리드)_TROAS_A+SC캠페인_구매최적화_값_표준기여_3078_260728,553,0,0,0
2026-08-10 01:30:35,01:00,906987379684182,1팀,120250614451160200,07.크리스피(ASC)(하이브리드)_TCPA_A+SC캠페인_ALL_C7_수_표준기여_3078_260728,81,0,0,0
2026-08-10 01:30:35,01:00,906987379684182,1팀,120250649570130200,07.크리스피(ASC)(하이브리드)_TROAS_A+SC캠페인_구매최적화_값_표준기여_3078_260802_AI,13303,0,0,0
2026-08-10 01:30:35,01:00,906987379684182,1팀,120250649570150200,07.크리스피(ASC)(하이브리드)_TCPA_A+SC캠페인_ALL_C7_수_표준기여_3078_260802_AI,2,0,0,0
2026-08-10 01:30:35,01:00,906987379684182,1팀,120250649570180200,07.크리스피(ASC)(하이브리드)_A+SC캠페인_구매최적화_수_표준기여_3078_260802_AI,4505,2,178550,3963.3740288568256
2026-08-10 01:30:35,01:00,906987379684182,1팀,120250856737330200,77.프로모션(ASC)(통크크)_TROAS_A+SC캠페인_구매최적화_값_표준기여_260806,2196,0,0,0
2026-08-10 01:30:35,01:00,906987379684182,1팀,120250856737340200,77.프로모션(ASC)(통크크)_TCPA_A+SC캠페인_ALL_C7_수_표준기여_260806,1158,0,0,0
2026-08-10 01:30:35,01:00,906987379684182,1팀,120250856737350200,77.프로모션(ASC)(통크크)_A+SC캠페인_구매최적화_수_표준기여_260806,299,0,0,0
2026-08-10 01:30:35,01:00,906987379684182,1팀,120250858456470200,01.통살(ASC)(하이브리드)_A+SC캠페인_구매최적화_수_표준기여_3028_260806,155,0,0,0
2026-08-10 01:30:35,01:00,906987379684182,1팀,120250858902230200,07.크리스피(ASC)(메가딜)_A+SC캠페인_구매최적화_수_표준기여_2464_260806,463,0,0,0
2026-08-10 01:30:35,01:00,906987379684182,1팀,120250858902240200,07.크리스피(ASC)(메가딜)_TCPA_A+SC캠페인_ALL_C7_수_표준기여_2464_260806,25,0,0,0
2026-08-10 01:30:35,01:00,906987379684182,1팀,120250858902260200,07.크리스피(ASC)(메가딜)_TROAS_A+SC캠페인_구매최적화_값_표준기여_2464_260806,268,0,0,0
2026-08-10 01:30:35,01:00,906987379684182,1팀,120250859130300200,16.안심크리스피(ASC)(메가딜)_TROAS_A+SC캠페인_구매최적화_값_표준기여_2908_260806,62,0,0,0
2026-08-10 01:30:35,01:00,906987379684182,1팀,120250859130310200,16.안심크리스피(ASC)(메가딜)_TCPA_A+SC캠페인_ALL_C7_수_표준기여_2908_260806,55,0,0,0
2026-08-10 01:30:35,01:00,906987379684182,1팀,120250859130340200,16.안심크리스피(ASC)(메가딜)_A+SC캠페인_구매최적화_수_표준기여_2908_260806,1201,0,0,0
2026-08-10 01:30:35,01:00,906987379684182,1팀,120250859189800200,17.안심볶음밥(ASC)(메가딜)_A+SC캠페인_구매최적화_수_표준기여_2903_260806,1237,0,0,0
2026-08-10 01:30:35,01:00,906987379684182,1팀,120250859189820200,17.안심볶음밥(ASC)(메가딜)_TROAS_A+SC캠페인_구매최적화_값_표준기여_2903_260806,1251,0,0,0
2026-08-10 01:30:35,01:00,906987379684182,1팀,120250859259390200,20.김자반밥바(ASC)(메가딜)_TROAS_A+SC캠페인_구매최적화_값_표준기여_3003_260806,33,0,0,0
2026-08-10 01:30:35,01:00,906987379684182,1팀,120250859259410200,20.김자반밥바(ASC)(메가딜)_TCPA_A+SC캠페인_ALL_C7_수_표준기여_3003_260806,1,0,0,0
2026-08-10 01:30:35,01:00,906987379684182,1팀,120250859259430200,20.김자반밥바(ASC)(메가딜)_A+SC캠페인_구매최적화_수_가치조정_3003_260806,1425,0,0,0
2026-08-10 01:30:35,01:00,906987379684182,1팀,120250859367430200,20.김자반밥바(ASC)(하이브리드)_A+SC캠페인_구매최적화_수_가치조정_3159_260806,5553,0,0,0
2026-08-10 01:30:35,01:00,906987379684182,1팀,120250859367470200,20.김자반밥바(ASC)(하이브리드)_TROAS_A+SC캠페인_구매최적화_값_표준기여_3159_260806,1732,0,0,0
2026-08-10 01:51:05,01:00,906987379684182,1팀,120228320649100200,01.통살(ASC)(101010)_TCPA16000_A+SC 캠페인_ALL_V1C7_수_표준기여_2336,2102,0,0,0
2026-08-10 01:51:05,01:00,906987379684182,1팀,120228788396590200,01.통살(ASC)(메가딜)_TCPA20000_A+SC 캠페인_ALL_V1C7_수_표준기여_1874,1444,0,0,0
2026-08-10 01:51:05,01:00,906987379684182,1팀,120230755324960200,07.크리스피(ASC)(메가딜)_A+SC 캠페인_구매최적화_수_표준기여_2464,3977,0,0,0
2026-08-10 01:51:05,01:00,906987379684182,1팀,120237509836570200,07.크리스피(ASC)(메가딜)_TCPA16000_A+SC 캠페인_ALL_수_표준기여_2464,1301,0,0,0
2026-08-10 01:51:05,01:00,906987379684182,1팀,120243001852340200,01.통살(ASC)(101010)_TCPA16000_A+SC 캠페인_ALL_V1C7_수_표준기여_2336_02,2147,0,0,0
2026-08-10 01:51:05,01:00,906987379684182,1팀,120243258462660200,07.크리스피(ASC)(101010)_A+SC 캠페인_구매최적화_수_표준기여_2659_260322,4215,0,0,0
2026-08-10 01:51:05,01:00,906987379684182,1팀,120243592510760200,16.안심크리스피(ASC)(메가딜)_TCPA14000_A+SC 캠페인_ALL_C7_수_표준기여_2863_260327,2739,0,0,0
2026-08-10 01:51:05,01:00,906987379684182,1팀,120244042753880200,07.크리스피(ASC)(메가딜)_TCPA16000_A+SC 캠페인_ALL_수_표준기여_2464_260403,0,0,0,0
2026-08-10 01:51:05,01:00,906987379684182,1팀,120244128322750200,01.통살(ASC)(101010)_TCPA16000_A+SC 캠페인_ALL_V1C7_수_표준기여_2336_03,3741,0,0,0
2026-08-10 01:51:05,01:00,906987379684182,1팀,120244130427210200,07.크리스피(ASC)(메가딜)_A+SC 캠페인_구매최적화_수_표준기여_2464_260404,5059,0,0,0
2026-08-10 01:51:05,01:00,906987379684182,1팀,120244370408130200,17.안심볶음밥(ASC)(메가딜)_TCPA_A+SC 캠페인_ALL_C7_수_표준기여_2903_260409,3250,0,0,0
2026-08-10 01:51:05,01:00,906987379684182,1팀,120244785115970200,07.크리스피(ASC)(메가딜)_TCPA14000_A+SC 캠페인_ALL_C7_수_표준기여_2464_260416_intern,0,0,0,0
2026-08-10 01:51:05,01:00,906987379684182,1팀,120246157174550200,17.안심볶음밥(ASC)(메가딜)_A+SC 캠페인_구매최적화_수_표준기여_2903_260507_남자,586,0,0,0
2026-08-10 01:51:05,01:00,906987379684182,1팀,120246224683700200,17.안심볶음밥(ASC)(메가딜)_A+SC 캠페인_구매최적화_수_표준기여_2903_260507_남자_02,12150,0,0,0
2026-08-10 01:51:05,01:00,906987379684182,1팀,120246397028850200,07.크리스피(ASC)(통합)_A+SC 캠페인_구매최적화_수_표준기여_통합_260511,7932,2,66700,840.8976298537569
2026-08-10 01:51:05,01:00,906987379684182,1팀,120246898203940200,03.닭다리살(ASC)(1010)_A+SC캠페인_구매최적화_수_표준기여_2604_260519,670,0,0,0
2026-08-10 01:51:05,01:00,906987379684182,1팀,120246898384670200,03.닭다리살(ASC)(1010)_TROAS_A+SC캠페인_구매최적화_값_표준기여_2604_260519,33531,5,665700,1985.327010825803
2026-08-10 01:51:05,01:00,906987379684182,1팀,120247354343980200,20.김자반밥바(ASC)(메가딜)_TCPA_A+SC캠페인_ALL_C7_수_표준기여_3003_260527,2478,0,0,0
2026-08-10 01:51:05,01:00,906987379684182,1팀,120247354558020200,20.김자반밥바(ASC)(메가딜)_A+SC캠페인_구매최적화_수_표준기여_3003_260527,3847,1,37800,982.5838315570575
2026-08-10 01:51:05,01:00,906987379684182,1팀,120247379361950200,07.크리스피(ASC)(1010)_A+SC캠페인_구매최적화_수_표준기여_2992_260527,4764,0,0,0
2026-08-10 01:51:05,01:00,906987379684182,1팀,120247379587080200,07.크리스피(ASC)(1010)_TROAS_A+SC캠페인_구매최적화_값_표준기여_2992_260527,6579,1,41000,623.1950144398845
2026-08-10 01:51:05,01:00,906987379684182,1팀,120247842896910200,20.김자반밥바(ASC)(메가딜)_A+SC캠페인_구매최적화_수_표준기여_3003_260603,4603,1,83300,1809.6893330436671
2026-08-10 01:51:05,01:00,906987379684182,1팀,120248207670120200,17.안심볶음밥(ASC)(메가딜)_A+SC 캠페인_구매최적화_수_표준기여_2903_260609_남자(가치조정),3927,0,0,0
2026-08-10 01:51:05,01:00,906987379684182,1팀,120248361514480200,01.통살(ASC)(하이브리드)_TCPA_A+SC캠페인_ALL_C7_수_표준기여_3028_260611,448,0,0,0
2026-08-10 01:51:05,01:00,906987379684182,1팀,120248361514580200,01.통살(ASC)(하이브리드)_TROAS_A+SC캠페인_구매최적화_값_표준기여_3028_260611,1820,0,0,0
2026-08-10 01:51:05,01:00,906987379684182,1팀,120248762624190200,17.안심볶음밥(ASC)(메가딜)_TCPA_A+SC캠페인_ALL_C7_수_표준기여_2903_260705,12,0,0,0
2026-08-10 01:51:05,01:00,906987379684182,1팀,120248762624470200,17.안심볶음밥(ASC)(메가딜)_TROAS_A+SC캠페인_구매최적화_값_표준기여_2903_260705,2041,0,0,0
2026-08-10 01:51:05,01:00,906987379684182,1팀,120248762761370200,17.안심볶음밥(ASC)(메가딜)_A+SC캠페인_구매최적화_수_표준기여_2903_260705,1867,0,0,0
2026-08-10 01:51:05,01:00,906987379684182,1팀,120248762858730200,16.안심크리스피(ASC)(메가딜)_A+SC 캠페인_구매최적화_수_표준기여_2908_260720(페르소나),2184,0,0,0
2026-08-10 01:51:05,01:00,906987379684182,1팀,120248763306900200,16.안심크리스피(ASC)(메가딜)_TCPA_A+SC캠페인_ALL_C7_수_표준기여_2908_260621,1486,0,0,0
2026-08-10 01:51:05,01:00,906987379684182,1팀,120248763797300200,21.통살+그릴드(ASC)(메가딜)_TROAS_A+SC캠페인_구매최적화_값_표준기여_3068_260617,3864,0,0,0
2026-08-10 01:51:05,01:00,906987379684182,1팀,120248763797350200,21.통살+그릴드(ASC)(메가딜)_A+SC캠페인_구매최적화_수_표준기여_3068_260617,813,0,0,0
2026-08-10 01:51:05,01:00,906987379684182,1팀,120249317264110200,07.크리스피(ASC)(하이브리드)_A+SC캠페인_구매최적화_수_표준기여_3078_260713,21709,1,70724,325.78193376019163
2026-08-10 01:51:05,01:00,906987379684182,1팀,120249317264120200,07.크리스피(ASC)(하이브리드)_TCPA_A+SC캠페인_ALL_C7_수_표준기여_3078_260713,1570,1,68400,4356.687898089172
2026-08-10 01:51:05,01:00,906987379684182,1팀,120249317264140200,07.크리스피(ASC)(하이브리드)_TROAS_A+SC캠페인_구매최적화_값_표준기여_3078_260713,21731,1,56800,261.3777552804749
2026-08-10 01:51:05,01:00,906987379684182,1팀,120249873291990200,07.크리스피(ASC)(1010)_TROAS_A+SC캠페인_구매최적화_값_표준기여_2992_260705,1646,0,0,0
2026-08-10 01:51:05,01:00,906987379684182,1팀,120249873905240200,07.크리스피(ASC)(101010)_TROAS_A+SC캠페인_구매최적화_값_표준기여_2659_260705,4061,0,0,0
2026-08-10 01:51:05,01:00,906987379684182,1팀,120249873905280200,07.크리스피(ASC)(101010)_A+SC캠페인_구매최적화_수_표준기여_2659_260705,1506,0,0,0
2026-08-10 01:51:05,01:00,906987379684182,1팀,120249875227840200,16.안심크리스피(ASC)(메가딜)_A+SC캠페인_구매최적화_수_표준기여_2908_260705,397,0,0,0
2026-08-10 01:51:05,01:00,906987379684182,1팀,120249875227870200,16.안심크리스피(ASC)(메가딜)_TCPA_A+SC캠페인_ALL_C7_수_표준기여_2908_260705,131,0,0,0
2026-08-10 01:51:05,01:00,906987379684182,1팀,120249876219490200,20.김자반밥바(ASC)(메가딜)_A+SC캠페인_구매최적화_수_표준기여_3003_260705,2604,0,0,0
2026-08-10 01:51:05,01:00,906987379684182,1팀,120249876219520200,20.김자반밥바(ASC)(메가딜)_TROAS_A+SC캠페인_구매최적화_값_표준기여_3003_260705,7287,0,0,0
2026-08-10 01:51:05,01:00,906987379684182,1팀,120249878429160200,01.통살(ASC)(하이브리드)_TROAS_A+SC캠페인_구매최적화_값_표준기여_3028_260705,11466,0,0,0
2026-08-10 01:51:05,01:00,906987379684182,1팀,120249878429240200,01.통살(ASC)(하이브리드)_A+SC캠페인_구매최적화_수_표준기여_3028_260705,1738,0,0,0
2026-08-10 01:51:05,01:00,906987379684182,1팀,120250098930220200,01.통살(ASC)(101010)_TROAS_A+SC캠페인_구매최적화_값_표준기여_2336_260712,7380,0,0,0
2026-08-10 01:51:05,01:00,906987379684182,1팀,120250099159310200,07.크리스피(ASC)(메가딜)_A+SC캠페인_구매최적화_수_표준기여_2464_260712,347,0,0,0
2026-08-10 01:51:05,01:00,906987379684182,1팀,120250099159320200,07.크리스피(ASC)(메가딜)_TROAS_A+SC캠페인_구매최적화_값_표준기여_2464_260712,4310,1,119700,2777.2621809744783
2026-08-10 01:51:05,01:00,906987379684182,1팀,120250099159330200,07.크리스피(ASC)(메가딜)_TCPA_A+SC캠페인_ALL_C7_수_표준기여_2464_260712,3439,0,0,0
2026-08-10 01:51:05,01:00,906987379684182,1팀,120250099335020200,77.프로모션(ASC)(줄리엔강)_TCPA_A+SC캠페인_ALL_C7_수_표준기여_260713,1547,0,0,0
2026-08-10 01:51:05,01:00,906987379684182,1팀,120250099335030200,77.프로모션(ASC)(줄리엔강)_TROAS_A+SC캠페인_구매최적화_값_표준기여_260713,2557,0,0,0
2026-08-10 01:51:05,01:00,906987379684182,1팀,120250268133470200,03.닭다리살(ASC)(하이브리드)_TROAS_A+SC캠페인_구매최적화_값_표준기여_3111_260726,2409,0,0,0
2026-08-10 01:51:05,01:00,906987379684182,1팀,120250444210730200,20.김자반밥바(ASC)(하이브리드)_TROAS_A+SC캠페인_구매최적화_값_표준기여_3159_260726,8183,0,0,0
2026-08-10 01:51:05,01:00,906987379684182,1팀,120250444210740200,20.김자반밥바(ASC)(하이브리드)_A+SC캠페인_구매최적화_수_표준기여_3159_260726,4029,1,27300,677.5874906924796
2026-08-10 01:51:05,01:00,906987379684182,1팀,120250444210900200,20.김자반밥바(ASC)(하이브리드)_TCPA_A+SC캠페인_ALL_C7_수_표준기여_3159_260726,1712,0,0,0
2026-08-10 01:51:05,01:00,906987379684182,1팀,120250444423310200,21.통살+그릴드(ASC)(하이브리드)_TROAS_A+SC캠페인_구매최적화_값_표준기여_3162_260726,3121,0,0,0
2026-08-10 01:51:05,01:00,906987379684182,1팀,120250444423320200,21.통살+그릴드(ASC)(하이브리드)_TCPA_A+SC캠페인_ALL_C7_수_표준기여_3162_260726,317,0,0,0
2026-08-10 01:51:05,01:00,906987379684182,1팀,120250444423330200,21.통살+그릴드(ASC)(하이브리드)_A+SC캠페인_구매최적화_수_표준기여_3162_260726,1175,0,0,0
2026-08-10 01:51:05,01:00,906987379684182,1팀,120250475752460200,07.크리스피(ASC)(하이브리드)_TROAS_A+SC캠페인_구매최적화_값_표준기여_3078_260722(페르소나),264,0,0,0
2026-08-10 01:51:05,01:00,906987379684182,1팀,120250614451020200,07.크리스피(ASC)(하이브리드)_A+SC캠페인_구매최적화_수_표준기여_3078_260728,2046,0,0,0
2026-08-10 01:51:05,01:00,906987379684182,1팀,120250614451040200,07.크리스피(ASC)(하이브리드)_TROAS_A+SC캠페인_구매최적화_값_표준기여_3078_260728,1431,0,0,0
2026-08-10 01:51:05,01:00,906987379684182,1팀,120250614451160200,07.크리스피(ASC)(하이브리드)_TCPA_A+SC캠페인_ALL_C7_수_표준기여_3078_260728,201,0,0,0
2026-08-10 01:51:05,01:00,906987379684182,1팀,120250649570130200,07.크리스피(ASC)(하이브리드)_TROAS_A+SC캠페인_구매최적화_값_표준기여_3078_260802_AI,22345,0,0,0
2026-08-10 01:51:05,01:00,906987379684182,1팀,120250649570150200,07.크리스피(ASC)(하이브리드)_TCPA_A+SC캠페인_ALL_C7_수_표준기여_3078_260802_AI,98,0,0,0
2026-08-10 01:51:05,01:00,906987379684182,1팀,120250649570180200,07.크리스피(ASC)(하이브리드)_A+SC캠페인_구매최적화_수_표준기여_3078_260802_AI,7379,2,178550,2419.7045670145008
2026-08-10 01:51:05,01:00,906987379684182,1팀,120250856737330200,77.프로모션(ASC)(통크크)_TROAS_A+SC캠페인_구매최적화_값_표준기여_260806,3765,0,0,0
2026-08-10 01:51:05,01:00,906987379684182,1팀,120250856737340200,77.프로모션(ASC)(통크크)_TCPA_A+SC캠페인_ALL_C7_수_표준기여_260806,1606,0,0,0
2026-08-10 01:51:05,01:00,906987379684182,1팀,120250856737350200,77.프로모션(ASC)(통크크)_A+SC캠페인_구매최적화_수_표준기여_260806,408,0,0,0
2026-08-10 01:51:05,01:00,906987379684182,1팀,120250858093380200,01.통살(ASC)(하이브리드)_TCPA_A+SC캠페인_ALL_C7_수_표준기여_3028_260806,34,0,0,0
2026-08-10 01:51:05,01:00,906987379684182,1팀,120250858456470200,01.통살(ASC)(하이브리드)_A+SC캠페인_구매최적화_수_표준기여_3028_260806,634,0,0,0
2026-08-10 01:51:05,01:00,906987379684182,1팀,120250858902230200,07.크리스피(ASC)(메가딜)_A+SC캠페인_구매최적화_수_표준기여_2464_260806,1637,0,0,0
2026-08-10 01:51:05,01:00,906987379684182,1팀,120250858902240200,07.크리스피(ASC)(메가딜)_TCPA_A+SC캠페인_ALL_C7_수_표준기여_2464_260806,25,0,0,0
2026-08-10 01:51:05,01:00,906987379684182,1팀,120250858902260200,07.크리스피(ASC)(메가딜)_TROAS_A+SC캠페인_구매최적화_값_표준기여_2464_260806,395,0,0,0
2026-08-10 01:51:05,01:00,906987379684182,1팀,120250859130300200,16.안심크리스피(ASC)(메가딜)_TROAS_A+SC캠페인_구매최적화_값_표준기여_2908_260806,66,0,0,0
2026-08-10 01:51:05,01:00,906987379684182,1팀,120250859130310200,16.안심크리스피(ASC)(메가딜)_TCPA_A+SC캠페인_ALL_C7_수_표준기여_2908_260806,64,0,0,0
2026-08-10 01:51:05,01:00,906987379684182,1팀,120250859130340200,16.안심크리스피(ASC)(메가딜)_A+SC캠페인_구매최적화_수_표준기여_2908_260806,2570,0,0,0
2026-08-10 01:51:05,01:00,906987379684182,1팀,120250859189800200,17.안심볶음밥(ASC)(메가딜)_A+SC캠페인_구매최적화_수_표준기여_2903_260806,2658,0,0,0
2026-08-10 01:51:05,01:00,906987379684182,1팀,120250859189820200,17.안심볶음밥(ASC)(메가딜)_TROAS_A+SC캠페인_구매최적화_값_표준기여_2903_260806,2029,0,0,0
2026-08-10 01:51:05,01:00,906987379684182,1팀,120250859259390200,20.김자반밥바(ASC)(메가딜)_TROAS_A+SC캠페인_구매최적화_값_표준기여_3003_260806,203,0,0,0
2026-08-10 01:51:05,01:00,906987379684182,1팀,120250859259410200,20.김자반밥바(ASC)(메가딜)_TCPA_A+SC캠페인_ALL_C7_수_표준기여_3003_260806,124,0,0,0
2026-08-10 01:51:05,01:00,906987379684182,1팀,120250859259430200,20.김자반밥바(ASC)(메가딜)_A+SC캠페인_구매최적화_수_가치조정_3003_260806,2344,0,0,0
2026-08-10 01:51:05,01:00,906987379684182,1팀,120250859367430200,20.김자반밥바(ASC)(하이브리드)_A+SC캠페인_구매최적화_수_가치조정_3159_260806,8263,0,0,0
2026-08-10 01:51:05,01:00,906987379684182,1팀,120250859367440200,20.김자반밥바(ASC)(하이브리드)_TCPA_A+SC캠페인_ALL_C7_수_표준기여_3159_260806,1139,0,0,0
2026-08-10 01:51:05,01:00,906987379684182,1팀,120250859367470200,20.김자반밥바(ASC)(하이브리드)_TROAS_A+SC캠페인_구매최적화_값_표준기여_3159_260806,2534,0,0,0
2026-08-10 02:30:35,02:00,906987379684182,1팀,120228320649100200,01.통살(ASC)(101010)_TCPA16000_A+SC 캠페인_ALL_V1C7_수_표준기여_2336,194,0,0,0
2026-08-10 02:30:35,02:00,906987379684182,1팀,120228788396590200,01.통살(ASC)(메가딜)_TCPA20000_A+SC 캠페인_ALL_V1C7_수_표준기여_1874,4801,0,0,0
2026-08-10 02:30:35,02:00,906987379684182,1팀,120230755324960200,07.크리스피(ASC)(메가딜)_A+SC 캠페인_구매최적화_수_표준기여_2464,1355,0,0,0
2026-08-10 02:30:35,02:00,906987379684182,1팀,120237509836570200,07.크리스피(ASC)(메가딜)_TCPA16000_A+SC 캠페인_ALL_수_표준기여_2464,1175,0,0,0
2026-08-10 02:30:35,02:00,906987379684182,1팀,120243001852340200,01.통살(ASC)(101010)_TCPA16000_A+SC 캠페인_ALL_V1C7_수_표준기여_2336_02,453,0,0,0
2026-08-10 02:30:35,02:00,906987379684182,1팀,120243258462660200,07.크리스피(ASC)(101010)_A+SC 캠페인_구매최적화_수_표준기여_2659_260322,1632,0,0,0
2026-08-10 02:30:35,02:00,906987379684182,1팀,120243592510760200,16.안심크리스피(ASC)(메가딜)_TCPA14000_A+SC 캠페인_ALL_C7_수_표준기여_2863_260327,773,0,0,0
2026-08-10 02:30:35,02:00,906987379684182,1팀,120244128322750200,01.통살(ASC)(101010)_TCPA16000_A+SC 캠페인_ALL_V1C7_수_표준기여_2336_03,3748,0,0,0
2026-08-10 02:30:35,02:00,906987379684182,1팀,120244130427210200,07.크리스피(ASC)(메가딜)_A+SC 캠페인_구매최적화_수_표준기여_2464_260404,1731,0,0,0
2026-08-10 02:30:35,02:00,906987379684182,1팀,120244370408130200,17.안심볶음밥(ASC)(메가딜)_TCPA_A+SC 캠페인_ALL_C7_수_표준기여_2903_260409,1400,0,0,0
2026-08-10 02:30:35,02:00,906987379684182,1팀,120246157174550200,17.안심볶음밥(ASC)(메가딜)_A+SC 캠페인_구매최적화_수_표준기여_2903_260507_남자,44,0,0,0
2026-08-10 02:30:35,02:00,906987379684182,1팀,120246224683700200,17.안심볶음밥(ASC)(메가딜)_A+SC 캠페인_구매최적화_수_표준기여_2903_260507_남자_02,4185,0,0,0
2026-08-10 02:30:35,02:00,906987379684182,1팀,120246397028850200,07.크리스피(ASC)(통합)_A+SC 캠페인_구매최적화_수_표준기여_통합_260511,2105,0,0,0
2026-08-10 02:30:35,02:00,906987379684182,1팀,120246898203940200,03.닭다리살(ASC)(1010)_A+SC캠페인_구매최적화_수_표준기여_2604_260519,9,0,0,0
2026-08-10 02:30:35,02:00,906987379684182,1팀,120246898384670200,03.닭다리살(ASC)(1010)_TROAS_A+SC캠페인_구매최적화_값_표준기여_2604_260519,13069,3,167800,1283.9543958986915
2026-08-10 02:30:35,02:00,906987379684182,1팀,120247354343980200,20.김자반밥바(ASC)(메가딜)_TCPA_A+SC캠페인_ALL_C7_수_표준기여_3003_260527,1184,0,0,0
2026-08-10 02:30:35,02:00,906987379684182,1팀,120247354558020200,20.김자반밥바(ASC)(메가딜)_A+SC캠페인_구매최적화_수_표준기여_3003_260527,1349,0,0,0
2026-08-10 02:30:35,02:00,906987379684182,1팀,120247379361950200,07.크리스피(ASC)(1010)_A+SC캠페인_구매최적화_수_표준기여_2992_260527,563,0,0,0
2026-08-10 02:30:35,02:00,906987379684182,1팀,120247379587080200,07.크리스피(ASC)(1010)_TROAS_A+SC캠페인_구매최적화_값_표준기여_2992_260527,880,0,0,0
2026-08-10 02:30:35,02:00,906987379684182,1팀,120247842896910200,20.김자반밥바(ASC)(메가딜)_A+SC캠페인_구매최적화_수_표준기여_3003_260603,1322,0,0,0
2026-08-10 02:30:35,02:00,906987379684182,1팀,120248207670120200,17.안심볶음밥(ASC)(메가딜)_A+SC 캠페인_구매최적화_수_표준기여_2903_260609_남자(가치조정),884,0,0,0
2026-08-10 02:30:35,02:00,906987379684182,1팀,120248361514480200,01.통살(ASC)(하이브리드)_TCPA_A+SC캠페인_ALL_C7_수_표준기여_3028_260611,158,0,0,0
2026-08-10 02:30:35,02:00,906987379684182,1팀,120248361514580200,01.통살(ASC)(하이브리드)_TROAS_A+SC캠페인_구매최적화_값_표준기여_3028_260611,1275,0,0,0
2026-08-10 02:30:35,02:00,906987379684182,1팀,120248762624470200,17.안심볶음밥(ASC)(메가딜)_TROAS_A+SC캠페인_구매최적화_값_표준기여_2903_260705,1166,0,0,0
2026-08-10 02:30:35,02:00,906987379684182,1팀,120248762761370200,17.안심볶음밥(ASC)(메가딜)_A+SC캠페인_구매최적화_수_표준기여_2903_260705,660,0,0,0
2026-08-10 02:30:35,02:00,906987379684182,1팀,120248762858730200,16.안심크리스피(ASC)(메가딜)_A+SC 캠페인_구매최적화_수_표준기여_2908_260720(페르소나),908,0,0,0
2026-08-10 02:30:35,02:00,906987379684182,1팀,120248763306900200,16.안심크리스피(ASC)(메가딜)_TCPA_A+SC캠페인_ALL_C7_수_표준기여_2908_260621,1511,0,0,0
2026-08-10 02:30:35,02:00,906987379684182,1팀,120248763797300200,21.통살+그릴드(ASC)(메가딜)_TROAS_A+SC캠페인_구매최적화_값_표준기여_3068_260617,2375,0,0,0
2026-08-10 02:30:35,02:00,906987379684182,1팀,120248763797350200,21.통살+그릴드(ASC)(메가딜)_A+SC캠페인_구매최적화_수_표준기여_3068_260617,297,0,0,0
2026-08-10 02:30:35,02:00,906987379684182,1팀,120249317264110200,07.크리스피(ASC)(하이브리드)_A+SC캠페인_구매최적화_수_표준기여_3078_260713,8401,0,0,0
2026-08-10 02:30:35,02:00,906987379684182,1팀,120249317264120200,07.크리스피(ASC)(하이브리드)_TCPA_A+SC캠페인_ALL_C7_수_표준기여_3078_260713,415,0,0,0
2026-08-10 02:30:35,02:00,906987379684182,1팀,120249317264140200,07.크리스피(ASC)(하이브리드)_TROAS_A+SC캠페인_구매최적화_값_표준기여_3078_260713,10323,0,0,0
2026-08-10 02:30:35,02:00,906987379684182,1팀,120249873291990200,07.크리스피(ASC)(1010)_TROAS_A+SC캠페인_구매최적화_값_표준기여_2992_260705,287,0,0,0
2026-08-10 02:30:35,02:00,906987379684182,1팀,120249873905240200,07.크리스피(ASC)(101010)_TROAS_A+SC캠페인_구매최적화_값_표준기여_2659_260705,854,0,0,0
2026-08-10 02:30:35,02:00,906987379684182,1팀,120249873905280200,07.크리스피(ASC)(101010)_A+SC캠페인_구매최적화_수_표준기여_2659_260705,748,0,0,0
2026-08-10 02:30:35,02:00,906987379684182,1팀,120249875227840200,16.안심크리스피(ASC)(메가딜)_A+SC캠페인_구매최적화_수_표준기여_2908_260705,5,0,0,0
2026-08-10 02:30:35,02:00,906987379684182,1팀,120249876219490200,20.김자반밥바(ASC)(메가딜)_A+SC캠페인_구매최적화_수_표준기여_3003_260705,682,0,0,0
2026-08-10 02:30:35,02:00,906987379684182,1팀,120249876219520200,20.김자반밥바(ASC)(메가딜)_TROAS_A+SC캠페인_구매최적화_값_표준기여_3003_260705,3003,0,0,0
2026-08-10 02:30:35,02:00,906987379684182,1팀,120249878429160200,01.통살(ASC)(하이브리드)_TROAS_A+SC캠페인_구매최적화_값_표준기여_3028_260705,2717,0,0,0
2026-08-10 02:30:35,02:00,906987379684182,1팀,120249878429240200,01.통살(ASC)(하이브리드)_A+SC캠페인_구매최적화_수_표준기여_3028_260705,1292,0,0,0
2026-08-10 02:30:35,02:00,906987379684182,1팀,120250098930220200,01.통살(ASC)(101010)_TROAS_A+SC캠페인_구매최적화_값_표준기여_2336_260712,3716,0,0,0
2026-08-10 02:30:35,02:00,906987379684182,1팀,120250099159310200,07.크리스피(ASC)(메가딜)_A+SC캠페인_구매최적화_수_표준기여_2464_260712,18,0,0,0
2026-08-10 02:30:35,02:00,906987379684182,1팀,120250099159320200,07.크리스피(ASC)(메가딜)_TROAS_A+SC캠페인_구매최적화_값_표준기여_2464_260712,1345,0,0,0
2026-08-10 02:30:35,02:00,906987379684182,1팀,120250099159330200,07.크리스피(ASC)(메가딜)_TCPA_A+SC캠페인_ALL_C7_수_표준기여_2464_260712,775,1,41000,5290.322580645162
2026-08-10 02:30:35,02:00,906987379684182,1팀,120250099335020200,77.프로모션(ASC)(줄리엔강)_TCPA_A+SC캠페인_ALL_C7_수_표준기여_260713,937,0,0,0
2026-08-10 02:30:35,02:00,906987379684182,1팀,120250099335030200,77.프로모션(ASC)(줄리엔강)_TROAS_A+SC캠페인_구매최적화_값_표준기여_260713,837,0,0,0
2026-08-10 02:30:35,02:00,906987379684182,1팀,120250268133470200,03.닭다리살(ASC)(하이브리드)_TROAS_A+SC캠페인_구매최적화_값_표준기여_3111_260726,1131,0,0,0
2026-08-10 02:30:35,02:00,906987379684182,1팀,120250444210730200,20.김자반밥바(ASC)(하이브리드)_TROAS_A+SC캠페인_구매최적화_값_표준기여_3159_260726,4481,0,0,0
2026-08-10 02:30:35,02:00,906987379684182,1팀,120250444210740200,20.김자반밥바(ASC)(하이브리드)_A+SC캠페인_구매최적화_수_표준기여_3159_260726,976,0,0,0
2026-08-10 02:30:35,02:00,906987379684182,1팀,120250444210900200,20.김자반밥바(ASC)(하이브리드)_TCPA_A+SC캠페인_ALL_C7_수_표준기여_3159_260726,544,0,0,0
2026-08-10 02:30:35,02:00,906987379684182,1팀,120250444423310200,21.통살+그릴드(ASC)(하이브리드)_TROAS_A+SC캠페인_구매최적화_값_표준기여_3162_260726,1434,0,0,0
2026-08-10 02:30:35,02:00,906987379684182,1팀,120250444423320200,21.통살+그릴드(ASC)(하이브리드)_TCPA_A+SC캠페인_ALL_C7_수_표준기여_3162_260726,141,0,0,0
2026-08-10 02:30:35,02:00,906987379684182,1팀,120250444423330200,21.통살+그릴드(ASC)(하이브리드)_A+SC캠페인_구매최적화_수_표준기여_3162_260726,238,0,0,0
2026-08-10 02:30:35,02:00,906987379684182,1팀,120250475752460200,07.크리스피(ASC)(하이브리드)_TROAS_A+SC캠페인_구매최적화_값_표준기여_3078_260722(페르소나),60,0,0,0
2026-08-10 02:30:35,02:00,906987379684182,1팀,120250614451020200,07.크리스피(ASC)(하이브리드)_A+SC캠페인_구매최적화_수_표준기여_3078_260728,615,0,0,0
2026-08-10 02:30:35,02:00,906987379684182,1팀,120250614451040200,07.크리스피(ASC)(하이브리드)_TROAS_A+SC캠페인_구매최적화_값_표준기여_3078_260728,28,0,0,0
2026-08-10 02:30:35,02:00,906987379684182,1팀,120250649570130200,07.크리스피(ASC)(하이브리드)_TROAS_A+SC캠페인_구매최적화_값_표준기여_3078_260802_AI,8257,0,0,0
2026-08-10 02:30:35,02:00,906987379684182,1팀,120250649570180200,07.크리스피(ASC)(하이브리드)_A+SC캠페인_구매최적화_수_표준기여_3078_260802_AI,1670,0,0,0
2026-08-10 02:30:35,02:00,906987379684182,1팀,120250856737330200,77.프로모션(ASC)(통크크)_TROAS_A+SC캠페인_구매최적화_값_표준기여_260806,2329,0,0,0
2026-08-10 02:30:35,02:00,906987379684182,1팀,120250856737340200,77.프로모션(ASC)(통크크)_TCPA_A+SC캠페인_ALL_C7_수_표준기여_260806,997,0,0,0
2026-08-10 02:30:35,02:00,906987379684182,1팀,120250856737350200,77.프로모션(ASC)(통크크)_A+SC캠페인_구매최적화_수_표준기여_260806,71,0,0,0
2026-08-10 02:30:35,02:00,906987379684182,1팀,120250858093370200,01.통살(ASC)(하이브리드)_TROAS_A+SC캠페인_구매최적화_값_표준기여_3028_260806,183,0,0,0
2026-08-10 02:30:35,02:00,906987379684182,1팀,120250858456470200,01.통살(ASC)(하이브리드)_A+SC캠페인_구매최적화_수_표준기여_3028_260806,763,0,0,0
2026-08-10 02:30:35,02:00,906987379684182,1팀,120250858902230200,07.크리스피(ASC)(메가딜)_A+SC캠페인_구매최적화_수_표준기여_2464_260806,908,0,0,0
2026-08-10 02:30:35,02:00,906987379684182,1팀,120250859130340200,16.안심크리스피(ASC)(메가딜)_A+SC캠페인_구매최적화_수_표준기여_2908_260806,979,0,0,0
2026-08-10 02:30:35,02:00,906987379684182,1팀,120250859189800200,17.안심볶음밥(ASC)(메가딜)_A+SC캠페인_구매최적화_수_표준기여_2903_260806,1057,0,0,0
2026-08-10 02:30:35,02:00,906987379684182,1팀,120250859189820200,17.안심볶음밥(ASC)(메가딜)_TROAS_A+SC캠페인_구매최적화_값_표준기여_2903_260806,838,0,0,0
2026-08-10 02:30:35,02:00,906987379684182,1팀,120250859259390200,20.김자반밥바(ASC)(메가딜)_TROAS_A+SC캠페인_구매최적화_값_표준기여_3003_260806,59,0,0,0
2026-08-10 02:30:35,02:00,906987379684182,1팀,120250859259430200,20.김자반밥바(ASC)(메가딜)_A+SC캠페인_구매최적화_수_가치조정_3003_260806,1283,0,0,0
2026-08-10 02:30:35,02:00,906987379684182,1팀,120250859367430200,20.김자반밥바(ASC)(하이브리드)_A+SC캠페인_구매최적화_수_가치조정_3159_260806,2073,0,0,0
2026-08-10 02:30:35,02:00,906987379684182,1팀,120250859367440200,20.김자반밥바(ASC)(하이브리드)_TCPA_A+SC캠페인_ALL_C7_수_표준기여_3159_260806,3266,0,0,0
2026-08-10 02:30:35,02:00,906987379684182,1팀,120250859367470200,20.김자반밥바(ASC)(하이브리드)_TROAS_A+SC캠페인_구매최적화_값_표준기여_3159_260806,2098,0,0,0
2026-08-10 02:34:08,02:00,906987379684182,1팀,120228320649100200,01.통살(ASC)(101010)_TCPA16000_A+SC 캠페인_ALL_V1C7_수_표준기여_2336,199,0,0,0
2026-08-10 02:34:08,02:00,906987379684182,1팀,120228788396590200,01.통살(ASC)(메가딜)_TCPA20000_A+SC 캠페인_ALL_V1C7_수_표준기여_1874,5444,0,0,0
2026-08-10 02:34:08,02:00,906987379684182,1팀,120230755324960200,07.크리스피(ASC)(메가딜)_A+SC 캠페인_구매최적화_수_표준기여_2464,1485,0,0,0
2026-08-10 02:34:08,02:00,906987379684182,1팀,120237509836570200,07.크리스피(ASC)(메가딜)_TCPA16000_A+SC 캠페인_ALL_수_표준기여_2464,1525,0,0,0
2026-08-10 02:34:08,02:00,906987379684182,1팀,120243001852340200,01.통살(ASC)(101010)_TCPA16000_A+SC 캠페인_ALL_V1C7_수_표준기여_2336_02,464,0,0,0
2026-08-10 02:34:08,02:00,906987379684182,1팀,120243258462660200,07.크리스피(ASC)(101010)_A+SC 캠페인_구매최적화_수_표준기여_2659_260322,1849,0,0,0
2026-08-10 02:34:08,02:00,906987379684182,1팀,120243592510760200,16.안심크리스피(ASC)(메가딜)_TCPA14000_A+SC 캠페인_ALL_C7_수_표준기여_2863_260327,849,0,0,0
2026-08-10 02:34:08,02:00,906987379684182,1팀,120244128322750200,01.통살(ASC)(101010)_TCPA16000_A+SC 캠페인_ALL_V1C7_수_표준기여_2336_03,3970,0,0,0
2026-08-10 02:34:08,02:00,906987379684182,1팀,120244130427210200,07.크리스피(ASC)(메가딜)_A+SC 캠페인_구매최적화_수_표준기여_2464_260404,1904,0,0,0
2026-08-10 02:34:08,02:00,906987379684182,1팀,120244370408130200,17.안심볶음밥(ASC)(메가딜)_TCPA_A+SC 캠페인_ALL_C7_수_표준기여_2903_260409,1528,0,0,0
2026-08-10 02:34:08,02:00,906987379684182,1팀,120246157174550200,17.안심볶음밥(ASC)(메가딜)_A+SC 캠페인_구매최적화_수_표준기여_2903_260507_남자,44,0,0,0
2026-08-10 02:34:08,02:00,906987379684182,1팀,120246224683700200,17.안심볶음밥(ASC)(메가딜)_A+SC 캠페인_구매최적화_수_표준기여_2903_260507_남자_02,4537,0,0,0
2026-08-10 02:34:08,02:00,906987379684182,1팀,120246397028850200,07.크리스피(ASC)(통합)_A+SC 캠페인_구매최적화_수_표준기여_통합_260511,2326,0,0,0
2026-08-10 02:34:08,02:00,906987379684182,1팀,120246898203940200,03.닭다리살(ASC)(1010)_A+SC캠페인_구매최적화_수_표준기여_2604_260519,9,0,0,0
2026-08-10 02:34:08,02:00,906987379684182,1팀,120246898384670200,03.닭다리살(ASC)(1010)_TROAS_A+SC캠페인_구매최적화_값_표준기여_2604_260519,14538,3,167800,1154.2165359746868
2026-08-10 02:34:08,02:00,906987379684182,1팀,120247354343980200,20.김자반밥바(ASC)(메가딜)_TCPA_A+SC캠페인_ALL_C7_수_표준기여_3003_260527,1257,0,0,0
2026-08-10 02:34:08,02:00,906987379684182,1팀,120247354558020200,20.김자반밥바(ASC)(메가딜)_A+SC캠페인_구매최적화_수_표준기여_3003_260527,1475,0,0,0
2026-08-10 02:34:08,02:00,906987379684182,1팀,120247379361950200,07.크리스피(ASC)(1010)_A+SC캠페인_구매최적화_수_표준기여_2992_260527,608,0,0,0
2026-08-10 02:34:08,02:00,906987379684182,1팀,120247379587080200,07.크리스피(ASC)(1010)_TROAS_A+SC캠페인_구매최적화_값_표준기여_2992_260527,895,0,0,0
2026-08-10 02:34:08,02:00,906987379684182,1팀,120247842896910200,20.김자반밥바(ASC)(메가딜)_A+SC캠페인_구매최적화_수_표준기여_3003_260603,1513,0,0,0
2026-08-10 02:34:08,02:00,906987379684182,1팀,120248207670120200,17.안심볶음밥(ASC)(메가딜)_A+SC 캠페인_구매최적화_수_표준기여_2903_260609_남자(가치조정),1018,0,0,0
2026-08-10 02:34:08,02:00,906987379684182,1팀,120248361514480200,01.통살(ASC)(하이브리드)_TCPA_A+SC캠페인_ALL_C7_수_표준기여_3028_260611,163,0,0,0
2026-08-10 02:34:08,02:00,906987379684182,1팀,120248361514580200,01.통살(ASC)(하이브리드)_TROAS_A+SC캠페인_구매최적화_값_표준기여_3028_260611,1394,0,0,0
2026-08-10 02:34:08,02:00,906987379684182,1팀,120248762624470200,17.안심볶음밥(ASC)(메가딜)_TROAS_A+SC캠페인_구매최적화_값_표준기여_2903_260705,1396,0,0,0
2026-08-10 02:34:08,02:00,906987379684182,1팀,120248762761370200,17.안심볶음밥(ASC)(메가딜)_A+SC캠페인_구매최적화_수_표준기여_2903_260705,705,0,0,0
2026-08-10 02:34:08,02:00,906987379684182,1팀,120248762858730200,16.안심크리스피(ASC)(메가딜)_A+SC 캠페인_구매최적화_수_표준기여_2908_260720(페르소나),1059,0,0,0
2026-08-10 02:34:08,02:00,906987379684182,1팀,120248763306900200,16.안심크리스피(ASC)(메가딜)_TCPA_A+SC캠페인_ALL_C7_수_표준기여_2908_260621,1710,0,0,0
2026-08-10 02:34:08,02:00,906987379684182,1팀,120248763797300200,21.통살+그릴드(ASC)(메가딜)_TROAS_A+SC캠페인_구매최적화_값_표준기여_3068_260617,2460,0,0,0
2026-08-10 02:34:08,02:00,906987379684182,1팀,120248763797350200,21.통살+그릴드(ASC)(메가딜)_A+SC캠페인_구매최적화_수_표준기여_3068_260617,412,0,0,0
2026-08-10 02:34:08,02:00,906987379684182,1팀,120249317264110200,07.크리스피(ASC)(하이브리드)_A+SC캠페인_구매최적화_수_표준기여_3078_260713,8982,0,0,0
2026-08-10 02:34:08,02:00,906987379684182,1팀,120249317264120200,07.크리스피(ASC)(하이브리드)_TCPA_A+SC캠페인_ALL_C7_수_표준기여_3078_260713,464,0,0,0
2026-08-10 02:34:08,02:00,906987379684182,1팀,120249317264140200,07.크리스피(ASC)(하이브리드)_TROAS_A+SC캠페인_구매최적화_값_표준기여_3078_260713,11116,0,0,0
2026-08-10 02:34:08,02:00,906987379684182,1팀,120249873291990200,07.크리스피(ASC)(1010)_TROAS_A+SC캠페인_구매최적화_값_표준기여_2992_260705,322,0,0,0
2026-08-10 02:34:08,02:00,906987379684182,1팀,120249873905240200,07.크리스피(ASC)(101010)_TROAS_A+SC캠페인_구매최적화_값_표준기여_2659_260705,1043,0,0,0
2026-08-10 02:34:08,02:00,906987379684182,1팀,120249873905280200,07.크리스피(ASC)(101010)_A+SC캠페인_구매최적화_수_표준기여_2659_260705,964,0,0,0
2026-08-10 02:34:08,02:00,906987379684182,1팀,120249875227840200,16.안심크리스피(ASC)(메가딜)_A+SC캠페인_구매최적화_수_표준기여_2908_260705,8,0,0,0
2026-08-10 02:34:08,02:00,906987379684182,1팀,120249876219490200,20.김자반밥바(ASC)(메가딜)_A+SC캠페인_구매최적화_수_표준기여_3003_260705,963,0,0,0
2026-08-10 02:34:08,02:00,906987379684182,1팀,120249876219520200,20.김자반밥바(ASC)(메가딜)_TROAS_A+SC캠페인_구매최적화_값_표준기여_3003_260705,3432,0,0,0
2026-08-10 02:34:08,02:00,906987379684182,1팀,120249878429160200,01.통살(ASC)(하이브리드)_TROAS_A+SC캠페인_구매최적화_값_표준기여_3028_260705,3025,0,0,0
2026-08-10 02:34:08,02:00,906987379684182,1팀,120249878429240200,01.통살(ASC)(하이브리드)_A+SC캠페인_구매최적화_수_표준기여_3028_260705,1419,0,0,0
2026-08-10 02:34:08,02:00,906987379684182,1팀,120250098930220200,01.통살(ASC)(101010)_TROAS_A+SC캠페인_구매최적화_값_표준기여_2336_260712,4243,0,0,0
2026-08-10 02:34:08,02:00,906987379684182,1팀,120250099159310200,07.크리스피(ASC)(메가딜)_A+SC캠페인_구매최적화_수_표준기여_2464_260712,22,0,0,0
2026-08-10 02:34:08,02:00,906987379684182,1팀,120250099159320200,07.크리스피(ASC)(메가딜)_TROAS_A+SC캠페인_구매최적화_값_표준기여_2464_260712,1534,0,0,0
2026-08-10 02:34:08,02:00,906987379684182,1팀,120250099159330200,07.크리스피(ASC)(메가딜)_TCPA_A+SC캠페인_ALL_C7_수_표준기여_2464_260712,903,1,41000,4540.420819490587
2026-08-10 02:34:08,02:00,906987379684182,1팀,120250099335020200,77.프로모션(ASC)(줄리엔강)_TCPA_A+SC캠페인_ALL_C7_수_표준기여_260713,1105,0,0,0
2026-08-10 02:34:08,02:00,906987379684182,1팀,120250099335030200,77.프로모션(ASC)(줄리엔강)_TROAS_A+SC캠페인_구매최적화_값_표준기여_260713,894,0,0,0
2026-08-10 02:34:08,02:00,906987379684182,1팀,120250268133470200,03.닭다리살(ASC)(하이브리드)_TROAS_A+SC캠페인_구매최적화_값_표준기여_3111_260726,1200,0,0,0
2026-08-10 02:34:08,02:00,906987379684182,1팀,120250444210730200,20.김자반밥바(ASC)(하이브리드)_TROAS_A+SC캠페인_구매최적화_값_표준기여_3159_260726,5169,0,0,0
2026-08-10 02:34:08,02:00,906987379684182,1팀,120250444210740200,20.김자반밥바(ASC)(하이브리드)_A+SC캠페인_구매최적화_수_표준기여_3159_260726,1107,0,0,0
2026-08-10 02:34:08,02:00,906987379684182,1팀,120250444210900200,20.김자반밥바(ASC)(하이브리드)_TCPA_A+SC캠페인_ALL_C7_수_표준기여_3159_260726,1143,0,0,0
2026-08-10 02:34:08,02:00,906987379684182,1팀,120250444423310200,21.통살+그릴드(ASC)(하이브리드)_TROAS_A+SC캠페인_구매최적화_값_표준기여_3162_260726,1489,0,0,0
2026-08-10 02:34:08,02:00,906987379684182,1팀,120250444423320200,21.통살+그릴드(ASC)(하이브리드)_TCPA_A+SC캠페인_ALL_C7_수_표준기여_3162_260726,141,0,0,0
2026-08-10 02:34:08,02:00,906987379684182,1팀,120250444423330200,21.통살+그릴드(ASC)(하이브리드)_A+SC캠페인_구매최적화_수_표준기여_3162_260726,260,0,0,0
2026-08-10 02:34:08,02:00,906987379684182,1팀,120250475752460200,07.크리스피(ASC)(하이브리드)_TROAS_A+SC캠페인_구매최적화_값_표준기여_3078_260722(페르소나),60,0,0,0
2026-08-10 02:34:08,02:00,906987379684182,1팀,120250614451020200,07.크리스피(ASC)(하이브리드)_A+SC캠페인_구매최적화_수_표준기여_3078_260728,828,0,0,0
2026-08-10 02:34:08,02:00,906987379684182,1팀,120250614451040200,07.크리스피(ASC)(하이브리드)_TROAS_A+SC캠페인_구매최적화_값_표준기여_3078_260728,28,0,0,0
2026-08-10 02:34:08,02:00,906987379684182,1팀,120250649570130200,07.크리스피(ASC)(하이브리드)_TROAS_A+SC캠페인_구매최적화_값_표준기여_3078_260802_AI,8956,0,0,0
2026-08-10 02:34:08,02:00,906987379684182,1팀,120250649570180200,07.크리스피(ASC)(하이브리드)_A+SC캠페인_구매최적화_수_표준기여_3078_260802_AI,1899,0,0,0
2026-08-10 02:34:08,02:00,906987379684182,1팀,120250856737330200,77.프로모션(ASC)(통크크)_TROAS_A+SC캠페인_구매최적화_값_표준기여_260806,2796,0,0,0
2026-08-10 02:34:08,02:00,906987379684182,1팀,120250856737340200,77.프로모션(ASC)(통크크)_TCPA_A+SC캠페인_ALL_C7_수_표준기여_260806,1127,0,0,0
2026-08-10 02:34:08,02:00,906987379684182,1팀,120250856737350200,77.프로모션(ASC)(통크크)_A+SC캠페인_구매최적화_수_표준기여_260806,71,0,0,0
2026-08-10 02:34:08,02:00,906987379684182,1팀,120250858093370200,01.통살(ASC)(하이브리드)_TROAS_A+SC캠페인_구매최적화_값_표준기여_3028_260806,258,0,0,0
2026-08-10 02:34:08,02:00,906987379684182,1팀,120250858456470200,01.통살(ASC)(하이브리드)_A+SC캠페인_구매최적화_수_표준기여_3028_260806,881,0,0,0
2026-08-10 02:34:08,02:00,906987379684182,1팀,120250858902230200,07.크리스피(ASC)(메가딜)_A+SC캠페인_구매최적화_수_표준기여_2464_260806,959,0,0,0
2026-08-10 02:34:08,02:00,906987379684182,1팀,120250858902240200,07.크리스피(ASC)(메가딜)_TCPA_A+SC캠페인_ALL_C7_수_표준기여_2464_260806,7,0,0,0
2026-08-10 02:34:08,02:00,906987379684182,1팀,120250859130300200,16.안심크리스피(ASC)(메가딜)_TROAS_A+SC캠페인_구매최적화_값_표준기여_2908_260806,202,0,0,0
2026-08-10 02:34:08,02:00,906987379684182,1팀,120250859130340200,16.안심크리스피(ASC)(메가딜)_A+SC캠페인_구매최적화_수_표준기여_2908_260806,1258,0,0,0
2026-08-10 02:34:08,02:00,906987379684182,1팀,120250859189800200,17.안심볶음밥(ASC)(메가딜)_A+SC캠페인_구매최적화_수_표준기여_2903_260806,1129,0,0,0
2026-08-10 02:34:08,02:00,906987379684182,1팀,120250859189820200,17.안심볶음밥(ASC)(메가딜)_TROAS_A+SC캠페인_구매최적화_값_표준기여_2903_260806,945,0,0,0
2026-08-10 02:34:08,02:00,906987379684182,1팀,120250859259390200,20.김자반밥바(ASC)(메가딜)_TROAS_A+SC캠페인_구매최적화_값_표준기여_3003_260806,202,0,0,0
2026-08-10 02:34:08,02:00,906987379684182,1팀,120250859259430200,20.김자반밥바(ASC)(메가딜)_A+SC캠페인_구매최적화_수_가치조정_3003_260806,1530,0,0,0
2026-08-10 02:34:08,02:00,906987379684182,1팀,120250859367430200,20.김자반밥바(ASC)(하이브리드)_A+SC캠페인_구매최적화_수_가치조정_3159_260806,2328,0,0,0
2026-08-10 02:34:08,02:00,906987379684182,1팀,120250859367440200,20.김자반밥바(ASC)(하이브리드)_TCPA_A+SC캠페인_ALL_C7_수_표준기여_3159_260806,3591,0,0,0
2026-08-10 02:34:08,02:00,906987379684182,1팀,120250859367470200,20.김자반밥바(ASC)(하이브리드)_TROAS_A+SC캠페인_구매최적화_값_표준기여_3159_260806,2107,0,0,0
2026-08-10 03:30:34,03:00,906987379684182,1팀,120228320649100200,01.통살(ASC)(101010)_TCPA16000_A+SC 캠페인_ALL_V1C7_수_표준기여_2336,56,0,0,0
2026-08-10 03:30:34,03:00,906987379684182,1팀,120228788396590200,01.통살(ASC)(메가딜)_TCPA20000_A+SC 캠페인_ALL_V1C7_수_표준기여_1874,4252,0,0,0
2026-08-10 03:30:34,03:00,906987379684182,1팀,120230755324960200,07.크리스피(ASC)(메가딜)_A+SC 캠페인_구매최적화_수_표준기여_2464,855,0,0,0
2026-08-10 03:30:34,03:00,906987379684182,1팀,120237509836570200,07.크리스피(ASC)(메가딜)_TCPA16000_A+SC 캠페인_ALL_수_표준기여_2464,2359,1,25800,1093.6837643069098
2026-08-10 03:30:34,03:00,906987379684182,1팀,120243001852340200,01.통살(ASC)(101010)_TCPA16000_A+SC 캠페인_ALL_V1C7_수_표준기여_2336_02,747,0,0,0
2026-08-10 03:30:34,03:00,906987379684182,1팀,120243258462660200,07.크리스피(ASC)(101010)_A+SC 캠페인_구매최적화_수_표준기여_2659_260322,1560,0,0,0
2026-08-10 03:30:34,03:00,906987379684182,1팀,120243592510760200,16.안심크리스피(ASC)(메가딜)_TCPA14000_A+SC 캠페인_ALL_C7_수_표준기여_2863_260327,936,0,0,0
2026-08-10 03:30:34,03:00,906987379684182,1팀,120244128322750200,01.통살(ASC)(101010)_TCPA16000_A+SC 캠페인_ALL_V1C7_수_표준기여_2336_03,857,0,0,0
2026-08-10 03:30:34,03:00,906987379684182,1팀,120244130427210200,07.크리스피(ASC)(메가딜)_A+SC 캠페인_구매최적화_수_표준기여_2464_260404,955,0,0,0
2026-08-10 03:30:34,03:00,906987379684182,1팀,120244370408130200,17.안심볶음밥(ASC)(메가딜)_TCPA_A+SC 캠페인_ALL_C7_수_표준기여_2903_260409,643,0,0,0
2026-08-10 03:30:34,03:00,906987379684182,1팀,120244785115970200,07.크리스피(ASC)(메가딜)_TCPA14000_A+SC 캠페인_ALL_C7_수_표준기여_2464_260416_intern,0,0,0,0
2026-08-10 03:30:34,03:00,906987379684182,1팀,120246157174550200,17.안심볶음밥(ASC)(메가딜)_A+SC 캠페인_구매최적화_수_표준기여_2903_260507_남자,99,0,0,0
2026-08-10 03:30:34,03:00,906987379684182,1팀,120246224683700200,17.안심볶음밥(ASC)(메가딜)_A+SC 캠페인_구매최적화_수_표준기여_2903_260507_남자_02,3329,0,0,0
2026-08-10 03:30:34,03:00,906987379684182,1팀,120246397028850200,07.크리스피(ASC)(통합)_A+SC 캠페인_구매최적화_수_표준기여_통합_260511,1724,0,0,0
2026-08-10 03:30:34,03:00,906987379684182,1팀,120246898203940200,03.닭다리살(ASC)(1010)_A+SC캠페인_구매최적화_수_표준기여_2604_260519,15,0,0,0
2026-08-10 03:30:34,03:00,906987379684182,1팀,120246898384670200,03.닭다리살(ASC)(1010)_TROAS_A+SC캠페인_구매최적화_값_표준기여_2604_260519,4261,0,0,0
2026-08-10 03:30:34,03:00,906987379684182,1팀,120247354343980200,20.김자반밥바(ASC)(메가딜)_TCPA_A+SC캠페인_ALL_C7_수_표준기여_3003_260527,227,0,0,0
2026-08-10 03:30:34,03:00,906987379684182,1팀,120247354558020200,20.김자반밥바(ASC)(메가딜)_A+SC캠페인_구매최적화_수_표준기여_3003_260527,650,0,0,0
2026-08-10 03:30:34,03:00,906987379684182,1팀,120247379361950200,07.크리스피(ASC)(1010)_A+SC캠페인_구매최적화_수_표준기여_2992_260527,241,0,0,0
2026-08-10 03:30:34,03:00,906987379684182,1팀,120247379587080200,07.크리스피(ASC)(1010)_TROAS_A+SC캠페인_구매최적화_값_표준기여_2992_260527,636,0,0,0
2026-08-10 03:30:34,03:00,906987379684182,1팀,120247842896910200,20.김자반밥바(ASC)(메가딜)_A+SC캠페인_구매최적화_수_표준기여_3003_260603,908,0,0,0
2026-08-10 03:30:34,03:00,906987379684182,1팀,120248207670120200,17.안심볶음밥(ASC)(메가딜)_A+SC 캠페인_구매최적화_수_표준기여_2903_260609_남자(가치조정),869,0,0,0
2026-08-10 03:30:34,03:00,906987379684182,1팀,120248361514480200,01.통살(ASC)(하이브리드)_TCPA_A+SC캠페인_ALL_C7_수_표준기여_3028_260611,36,0,0,0
2026-08-10 03:30:34,03:00,906987379684182,1팀,120248361514580200,01.통살(ASC)(하이브리드)_TROAS_A+SC캠페인_구매최적화_값_표준기여_3028_260611,480,0,0,0
2026-08-10 03:30:34,03:00,906987379684182,1팀,120248762624470200,17.안심볶음밥(ASC)(메가딜)_TROAS_A+SC캠페인_구매최적화_값_표준기여_2903_260705,657,0,0,0
2026-08-10 03:30:34,03:00,906987379684182,1팀,120248762761370200,17.안심볶음밥(ASC)(메가딜)_A+SC캠페인_구매최적화_수_표준기여_2903_260705,508,0,0,0
2026-08-10 03:30:34,03:00,906987379684182,1팀,120248762858730200,16.안심크리스피(ASC)(메가딜)_A+SC 캠페인_구매최적화_수_표준기여_2908_260720(페르소나),434,0,0,0
2026-08-10 03:30:34,03:00,906987379684182,1팀,120248763306900200,16.안심크리스피(ASC)(메가딜)_TCPA_A+SC캠페인_ALL_C7_수_표준기여_2908_260621,875,0,0,0
2026-08-10 03:30:34,03:00,906987379684182,1팀,120248763797300200,21.통살+그릴드(ASC)(메가딜)_TROAS_A+SC캠페인_구매최적화_값_표준기여_3068_260617,644,0,0,0
2026-08-10 03:30:34,03:00,906987379684182,1팀,120248763797350200,21.통살+그릴드(ASC)(메가딜)_A+SC캠페인_구매최적화_수_표준기여_3068_260617,106,0,0,0
2026-08-10 03:30:34,03:00,906987379684182,1팀,120249317264110200,07.크리스피(ASC)(하이브리드)_A+SC캠페인_구매최적화_수_표준기여_3078_260713,5251,0,0,0
2026-08-10 03:30:34,03:00,906987379684182,1팀,120249317264120200,07.크리스피(ASC)(하이브리드)_TCPA_A+SC캠페인_ALL_C7_수_표준기여_3078_260713,731,0,0,0
2026-08-10 03:30:34,03:00,906987379684182,1팀,120249317264140200,07.크리스피(ASC)(하이브리드)_TROAS_A+SC캠페인_구매최적화_값_표준기여_3078_260713,4066,0,0,0
2026-08-10 03:30:34,03:00,906987379684182,1팀,120249873291990200,07.크리스피(ASC)(1010)_TROAS_A+SC캠페인_구매최적화_값_표준기여_2992_260705,920,0,0,0
2026-08-10 03:30:34,03:00,906987379684182,1팀,120249873905240200,07.크리스피(ASC)(101010)_TROAS_A+SC캠페인_구매최적화_값_표준기여_2659_260705,399,0,0,0
2026-08-10 03:30:34,03:00,906987379684182,1팀,120249873905280200,07.크리스피(ASC)(101010)_A+SC캠페인_구매최적화_수_표준기여_2659_260705,458,0,0,0
2026-08-10 03:30:34,03:00,906987379684182,1팀,120249875227840200,16.안심크리스피(ASC)(메가딜)_A+SC캠페인_구매최적화_수_표준기여_2908_260705,25,0,0,0
2026-08-10 03:30:34,03:00,906987379684182,1팀,120249876219490200,20.김자반밥바(ASC)(메가딜)_A+SC캠페인_구매최적화_수_표준기여_3003_260705,374,0,0,0
2026-08-10 03:30:34,03:00,906987379684182,1팀,120249876219520200,20.김자반밥바(ASC)(메가딜)_TROAS_A+SC캠페인_구매최적화_값_표준기여_3003_260705,1934,0,0,0
2026-08-10 03:30:34,03:00,906987379684182,1팀,120249878429160200,01.통살(ASC)(하이브리드)_TROAS_A+SC캠페인_구매최적화_값_표준기여_3028_260705,1737,0,0,0
2026-08-10 03:30:34,03:00,906987379684182,1팀,120249878429240200,01.통살(ASC)(하이브리드)_A+SC캠페인_구매최적화_수_표준기여_3028_260705,584,0,0,0
2026-08-10 03:30:34,03:00,906987379684182,1팀,120250098930220200,01.통살(ASC)(101010)_TROAS_A+SC캠페인_구매최적화_값_표준기여_2336_260712,1358,0,0,0
2026-08-10 03:30:34,03:00,906987379684182,1팀,120250099159310200,07.크리스피(ASC)(메가딜)_A+SC캠페인_구매최적화_수_표준기여_2464_260712,396,0,0,0
2026-08-10 03:30:34,03:00,906987379684182,1팀,120250099159320200,07.크리스피(ASC)(메가딜)_TROAS_A+SC캠페인_구매최적화_값_표준기여_2464_260712,771,0,0,0
2026-08-10 03:30:34,03:00,906987379684182,1팀,120250099159330200,07.크리스피(ASC)(메가딜)_TCPA_A+SC캠페인_ALL_C7_수_표준기여_2464_260712,705,0,0,0
2026-08-10 03:30:34,03:00,906987379684182,1팀,120250099335020200,77.프로모션(ASC)(줄리엔강)_TCPA_A+SC캠페인_ALL_C7_수_표준기여_260713,555,0,0,0
2026-08-10 03:30:34,03:00,906987379684182,1팀,120250099335030200,77.프로모션(ASC)(줄리엔강)_TROAS_A+SC캠페인_구매최적화_값_표준기여_260713,296,0,0,0
2026-08-10 03:30:34,03:00,906987379684182,1팀,120250268133470200,03.닭다리살(ASC)(하이브리드)_TROAS_A+SC캠페인_구매최적화_값_표준기여_3111_260726,642,0,0,0
2026-08-10 03:30:34,03:00,906987379684182,1팀,120250444210730200,20.김자반밥바(ASC)(하이브리드)_TROAS_A+SC캠페인_구매최적화_값_표준기여_3159_260726,2757,0,0,0
2026-08-10 03:30:34,03:00,906987379684182,1팀,120250444210740200,20.김자반밥바(ASC)(하이브리드)_A+SC캠페인_구매최적화_수_표준기여_3159_260726,634,0,0,0
2026-08-10 03:30:34,03:00,906987379684182,1팀,120250444210900200,20.김자반밥바(ASC)(하이브리드)_TCPA_A+SC캠페인_ALL_C7_수_표준기여_3159_260726,276,0,0,0
2026-08-10 03:30:34,03:00,906987379684182,1팀,120250444423310200,21.통살+그릴드(ASC)(하이브리드)_TROAS_A+SC캠페인_구매최적화_값_표준기여_3162_260726,620,0,0,0
2026-08-10 03:30:34,03:00,906987379684182,1팀,120250444423320200,21.통살+그릴드(ASC)(하이브리드)_TCPA_A+SC캠페인_ALL_C7_수_표준기여_3162_260726,80,0,0,0
2026-08-10 03:30:34,03:00,906987379684182,1팀,120250444423330200,21.통살+그릴드(ASC)(하이브리드)_A+SC캠페인_구매최적화_수_표준기여_3162_260726,320,0,0,0
2026-08-10 03:30:34,03:00,906987379684182,1팀,120250475752460200,07.크리스피(ASC)(하이브리드)_TROAS_A+SC캠페인_구매최적화_값_표준기여_3078_260722(페르소나),49,0,0,0
2026-08-10 03:30:34,03:00,906987379684182,1팀,120250614451020200,07.크리스피(ASC)(하이브리드)_A+SC캠페인_구매최적화_수_표준기여_3078_260728,310,0,0,0
2026-08-10 03:30:34,03:00,906987379684182,1팀,120250614451040200,07.크리스피(ASC)(하이브리드)_TROAS_A+SC캠페인_구매최적화_값_표준기여_3078_260728,54,0,0,0
2026-08-10 03:30:34,03:00,906987379684182,1팀,120250649570130200,07.크리스피(ASC)(하이브리드)_TROAS_A+SC캠페인_구매최적화_값_표준기여_3078_260802_AI,5241,0,0,0
2026-08-10 03:30:34,03:00,906987379684182,1팀,120250649570180200,07.크리스피(ASC)(하이브리드)_A+SC캠페인_구매최적화_수_표준기여_3078_260802_AI,1352,0,0,0
2026-08-10 03:30:34,03:00,906987379684182,1팀,120250856737330200,77.프로모션(ASC)(통크크)_TROAS_A+SC캠페인_구매최적화_값_표준기여_260806,1658,0,0,0
2026-08-10 03:30:34,03:00,906987379684182,1팀,120250856737340200,77.프로모션(ASC)(통크크)_TCPA_A+SC캠페인_ALL_C7_수_표준기여_260806,476,0,0,0
2026-08-10 03:30:34,03:00,906987379684182,1팀,120250856737350200,77.프로모션(ASC)(통크크)_A+SC캠페인_구매최적화_수_표준기여_260806,23,0,0,0
2026-08-10 03:30:34,03:00,906987379684182,1팀,120250858093370200,01.통살(ASC)(하이브리드)_TROAS_A+SC캠페인_구매최적화_값_표준기여_3028_260806,1062,0,0,0
2026-08-10 03:30:34,03:00,906987379684182,1팀,120250858456470200,01.통살(ASC)(하이브리드)_A+SC캠페인_구매최적화_수_표준기여_3028_260806,378,0,0,0
2026-08-10 03:30:34,03:00,906987379684182,1팀,120250858902230200,07.크리스피(ASC)(메가딜)_A+SC캠페인_구매최적화_수_표준기여_2464_260806,384,0,0,0
2026-08-10 03:30:34,03:00,906987379684182,1팀,120250858902240200,07.크리스피(ASC)(메가딜)_TCPA_A+SC캠페인_ALL_C7_수_표준기여_2464_260806,152,0,0,0
2026-08-10 03:30:34,03:00,906987379684182,1팀,120250858902260200,07.크리스피(ASC)(메가딜)_TROAS_A+SC캠페인_구매최적화_값_표준기여_2464_260806,32,0,0,0
2026-08-10 03:30:34,03:00,906987379684182,1팀,120250859130300200,16.안심크리스피(ASC)(메가딜)_TROAS_A+SC캠페인_구매최적화_값_표준기여_2908_260806,68,0,0,0
2026-08-10 03:30:34,03:00,906987379684182,1팀,120250859130310200,16.안심크리스피(ASC)(메가딜)_TCPA_A+SC캠페인_ALL_C7_수_표준기여_2908_260806,8,0,0,0
2026-08-10 03:30:34,03:00,906987379684182,1팀,120250859130340200,16.안심크리스피(ASC)(메가딜)_A+SC캠페인_구매최적화_수_표준기여_2908_260806,1304,0,0,0
2026-08-10 03:30:34,03:00,906987379684182,1팀,120250859189800200,17.안심볶음밥(ASC)(메가딜)_A+SC캠페인_구매최적화_수_표준기여_2903_260806,561,0,0,0
2026-08-10 03:30:34,03:00,906987379684182,1팀,120250859189810200,17.안심볶음밥(ASC)(메가딜)_TCPA_A+SC캠페인_ALL_C7_수_표준기여_2903_260806,2,0,0,0
2026-08-10 03:30:34,03:00,906987379684182,1팀,120250859189820200,17.안심볶음밥(ASC)(메가딜)_TROAS_A+SC캠페인_구매최적화_값_표준기여_2903_260806,870,0,0,0
2026-08-10 03:30:34,03:00,906987379684182,1팀,120250859259390200,20.김자반밥바(ASC)(메가딜)_TROAS_A+SC캠페인_구매최적화_값_표준기여_3003_260806,413,0,0,0
2026-08-10 03:30:34,03:00,906987379684182,1팀,120250859259410200,20.김자반밥바(ASC)(메가딜)_TCPA_A+SC캠페인_ALL_C7_수_표준기여_3003_260806,523,0,0,0
2026-08-10 03:30:34,03:00,906987379684182,1팀,120250859259430200,20.김자반밥바(ASC)(메가딜)_A+SC캠페인_구매최적화_수_가치조정_3003_260806,1249,0,0,0
2026-08-10 03:30:34,03:00,906987379684182,1팀,120250859367430200,20.김자반밥바(ASC)(하이브리드)_A+SC캠페인_구매최적화_수_가치조정_3159_260806,1314,0,0,0
2026-08-10 03:30:34,03:00,906987379684182,1팀,120250859367440200,20.김자반밥바(ASC)(하이브리드)_TCPA_A+SC캠페인_ALL_C7_수_표준기여_3159_260806,1769,0,0,0
2026-08-10 03:30:34,03:00,906987379684182,1팀,120250859367470200,20.김자반밥바(ASC)(하이브리드)_TROAS_A+SC캠페인_구매최적화_값_표준기여_3159_260806,556,0,0,0
2026-08-10 03:58:43,03:00,906987379684182,1팀,120228320649100200,01.통살(ASC)(101010)_TCPA16000_A+SC 캠페인_ALL_V1C7_수_표준기여_2336,412,0,0,0
2026-08-10 03:58:43,03:00,906987379684182,1팀,120228788396590200,01.통살(ASC)(메가딜)_TCPA20000_A+SC 캠페인_ALL_V1C7_수_표준기여_1874,7753,1,66000,851.2833741777376
2026-08-10 03:58:43,03:00,906987379684182,1팀,120230755324960200,07.크리스피(ASC)(메가딜)_A+SC 캠페인_구매최적화_수_표준기여_2464,1953,0,0,0
2026-08-10 03:58:43,03:00,906987379684182,1팀,120237509836570200,07.크리스피(ASC)(메가딜)_TCPA16000_A+SC 캠페인_ALL_수_표준기여_2464,4298,1,25800,600.2791996277338
2026-08-10 03:58:43,03:00,906987379684182,1팀,120243001852340200,01.통살(ASC)(101010)_TCPA16000_A+SC 캠페인_ALL_V1C7_수_표준기여_2336_02,1178,0,0,0
2026-08-10 03:58:43,03:00,906987379684182,1팀,120243258462660200,07.크리스피(ASC)(101010)_A+SC 캠페인_구매최적화_수_표준기여_2659_260322,3417,0,0,0
2026-08-10 03:58:43,03:00,906987379684182,1팀,120243592510760200,16.안심크리스피(ASC)(메가딜)_TCPA14000_A+SC 캠페인_ALL_C7_수_표준기여_2863_260327,1499,0,0,0
2026-08-10 03:58:43,03:00,906987379684182,1팀,120244128322750200,01.통살(ASC)(101010)_TCPA16000_A+SC 캠페인_ALL_V1C7_수_표준기여_2336_03,1543,0,0,0
2026-08-10 03:58:43,03:00,906987379684182,1팀,120244130427210200,07.크리스피(ASC)(메가딜)_A+SC 캠페인_구매최적화_수_표준기여_2464_260404,1792,0,0,0
2026-08-10 03:58:43,03:00,906987379684182,1팀,120244370408130200,17.안심볶음밥(ASC)(메가딜)_TCPA_A+SC 캠페인_ALL_C7_수_표준기여_2903_260409,1429,1,23900,1672.4982505248427
2026-08-10 03:58:43,03:00,906987379684182,1팀,120244785115970200,07.크리스피(ASC)(메가딜)_TCPA14000_A+SC 캠페인_ALL_C7_수_표준기여_2464_260416_intern,0,0,0,0
2026-08-10 03:58:43,03:00,906987379684182,1팀,120246157174550200,17.안심볶음밥(ASC)(메가딜)_A+SC 캠페인_구매최적화_수_표준기여_2903_260507_남자,476,0,0,0
2026-08-10 03:58:43,03:00,906987379684182,1팀,120246224683700200,17.안심볶음밥(ASC)(메가딜)_A+SC 캠페인_구매최적화_수_표준기여_2903_260507_남자_02,6326,0,0,0
2026-08-10 03:58:43,03:00,906987379684182,1팀,120246397028850200,07.크리스피(ASC)(통합)_A+SC 캠페인_구매최적화_수_표준기여_통합_260511,3774,0,0,0
2026-08-10 03:58:43,03:00,906987379684182,1팀,120246898203940200,03.닭다리살(ASC)(1010)_A+SC캠페인_구매최적화_수_표준기여_2604_260519,138,0,0,0
2026-08-10 03:58:43,03:00,906987379684182,1팀,120246898384670200,03.닭다리살(ASC)(1010)_TROAS_A+SC캠페인_구매최적화_값_표준기여_2604_260519,6435,0,0,0
2026-08-10 03:58:43,03:00,906987379684182,1팀,120247354343980200,20.김자반밥바(ASC)(메가딜)_TCPA_A+SC캠페인_ALL_C7_수_표준기여_3003_260527,909,0,0,0
2026-08-10 03:58:43,03:00,906987379684182,1팀,120247354558020200,20.김자반밥바(ASC)(메가딜)_A+SC캠페인_구매최적화_수_표준기여_3003_260527,1603,0,0,0
2026-08-10 03:58:43,03:00,906987379684182,1팀,120247379361950200,07.크리스피(ASC)(1010)_A+SC캠페인_구매최적화_수_표준기여_2992_260527,514,0,0,0
2026-08-10 03:58:43,03:00,906987379684182,1팀,120247379587080200,07.크리스피(ASC)(1010)_TROAS_A+SC캠페인_구매최적화_값_표준기여_2992_260527,906,0,0,0
2026-08-10 03:58:43,03:00,906987379684182,1팀,120247842896910200,20.김자반밥바(ASC)(메가딜)_A+SC캠페인_구매최적화_수_표준기여_3003_260603,1767,0,0,0
2026-08-10 03:58:43,03:00,906987379684182,1팀,120248207670120200,17.안심볶음밥(ASC)(메가딜)_A+SC 캠페인_구매최적화_수_표준기여_2903_260609_남자(가치조정),1423,0,0,0
2026-08-10 03:58:43,03:00,906987379684182,1팀,120248361514480200,01.통살(ASC)(하이브리드)_TCPA_A+SC캠페인_ALL_C7_수_표준기여_3028_260611,47,0,0,0
2026-08-10 03:58:43,03:00,906987379684182,1팀,120248361514580200,01.통살(ASC)(하이브리드)_TROAS_A+SC캠페인_구매최적화_값_표준기여_3028_260611,1051,0,0,0
2026-08-10 03:58:43,03:00,906987379684182,1팀,120248762624470200,17.안심볶음밥(ASC)(메가딜)_TROAS_A+SC캠페인_구매최적화_값_표준기여_2903_260705,1022,0,0,0
2026-08-10 03:58:43,03:00,906987379684182,1팀,120248762761370200,17.안심볶음밥(ASC)(메가딜)_A+SC캠페인_구매최적화_수_표준기여_2903_260705,838,0,0,0
2026-08-10 03:58:43,03:00,906987379684182,1팀,120248762858730200,16.안심크리스피(ASC)(메가딜)_A+SC 캠페인_구매최적화_수_표준기여_2908_260720(페르소나),927,0,0,0
2026-08-10 03:58:43,03:00,906987379684182,1팀,120248763306900200,16.안심크리스피(ASC)(메가딜)_TCPA_A+SC캠페인_ALL_C7_수_표준기여_2908_260621,1810,0,0,0
2026-08-10 03:58:43,03:00,906987379684182,1팀,120248763797300200,21.통살+그릴드(ASC)(메가딜)_TROAS_A+SC캠페인_구매최적화_값_표준기여_3068_260617,931,0,0,0
2026-08-10 03:58:43,03:00,906987379684182,1팀,120248763797350200,21.통살+그릴드(ASC)(메가딜)_A+SC캠페인_구매최적화_수_표준기여_3068_260617,311,0,0,0
2026-08-10 03:58:43,03:00,906987379684182,1팀,120249317264110200,07.크리스피(ASC)(하이브리드)_A+SC캠페인_구매최적화_수_표준기여_3078_260713,12012,0,0,0
2026-08-10 03:58:43,03:00,906987379684182,1팀,120249317264120200,07.크리스피(ASC)(하이브리드)_TCPA_A+SC캠페인_ALL_C7_수_표준기여_3078_260713,1293,0,0,0
2026-08-10 03:58:43,03:00,906987379684182,1팀,120249317264140200,07.크리스피(ASC)(하이브리드)_TROAS_A+SC캠페인_구매최적화_값_표준기여_3078_260713,8576,0,0,0
2026-08-10 03:58:43,03:00,906987379684182,1팀,120249873291990200,07.크리스피(ASC)(1010)_TROAS_A+SC캠페인_구매최적화_값_표준기여_2992_260705,1395,0,0,0
2026-08-10 03:58:43,03:00,906987379684182,1팀,120249873905240200,07.크리스피(ASC)(101010)_TROAS_A+SC캠페인_구매최적화_값_표준기여_2659_260705,709,0,0,0
2026-08-10 03:58:43,03:00,906987379684182,1팀,120249873905280200,07.크리스피(ASC)(101010)_A+SC캠페인_구매최적화_수_표준기여_2659_260705,656,0,0,0
2026-08-10 03:58:43,03:00,906987379684182,1팀,120249875227840200,16.안심크리스피(ASC)(메가딜)_A+SC캠페인_구매최적화_수_표준기여_2908_260705,591,0,0,0
2026-08-10 03:58:43,03:00,906987379684182,1팀,120249876219490200,20.김자반밥바(ASC)(메가딜)_A+SC캠페인_구매최적화_수_표준기여_3003_260705,818,0,0,0
2026-08-10 03:58:43,03:00,906987379684182,1팀,120249876219520200,20.김자반밥바(ASC)(메가딜)_TROAS_A+SC캠페인_구매최적화_값_표준기여_3003_260705,3801,0,0,0
2026-08-10 03:58:43,03:00,906987379684182,1팀,120249878429160200,01.통살(ASC)(하이브리드)_TROAS_A+SC캠페인_구매최적화_값_표준기여_3028_260705,3171,0,0,0
2026-08-10 03:58:43,03:00,906987379684182,1팀,120249878429240200,01.통살(ASC)(하이브리드)_A+SC캠페인_구매최적화_수_표준기여_3028_260705,988,0,0,0
2026-08-10 03:58:43,03:00,906987379684182,1팀,120250098930220200,01.통살(ASC)(101010)_TROAS_A+SC캠페인_구매최적화_값_표준기여_2336_260712,2884,0,0,0
2026-08-10 03:58:43,03:00,906987379684182,1팀,120250099159310200,07.크리스피(ASC)(메가딜)_A+SC캠페인_구매최적화_수_표준기여_2464_260712,784,0,0,0
2026-08-10 03:58:43,03:00,906987379684182,1팀,120250099159320200,07.크리스피(ASC)(메가딜)_TROAS_A+SC캠페인_구매최적화_값_표준기여_2464_260712,1860,0,0,0
2026-08-10 03:58:43,03:00,906987379684182,1팀,120250099159330200,07.크리스피(ASC)(메가딜)_TCPA_A+SC캠페인_ALL_C7_수_표준기여_2464_260712,1041,0,0,0
2026-08-10 03:58:43,03:00,906987379684182,1팀,120250099335020200,77.프로모션(ASC)(줄리엔강)_TCPA_A+SC캠페인_ALL_C7_수_표준기여_260713,1272,0,0,0
2026-08-10 03:58:43,03:00,906987379684182,1팀,120250099335030200,77.프로모션(ASC)(줄리엔강)_TROAS_A+SC캠페인_구매최적화_값_표준기여_260713,509,0,0,0
2026-08-10 03:58:43,03:00,906987379684182,1팀,120250268133470200,03.닭다리살(ASC)(하이브리드)_TROAS_A+SC캠페인_구매최적화_값_표준기여_3111_260726,1239,0,0,0
2026-08-10 03:58:43,03:00,906987379684182,1팀,120250444210730200,20.김자반밥바(ASC)(하이브리드)_TROAS_A+SC캠페인_구매최적화_값_표준기여_3159_260726,5691,0,0,0
2026-08-10 03:58:43,03:00,906987379684182,1팀,120250444210740200,20.김자반밥바(ASC)(하이브리드)_A+SC캠페인_구매최적화_수_표준기여_3159_260726,1435,0,0,0
2026-08-10 03:58:43,03:00,906987379684182,1팀,120250444210900200,20.김자반밥바(ASC)(하이브리드)_TCPA_A+SC캠페인_ALL_C7_수_표준기여_3159_260726,525,0,0,0
2026-08-10 03:58:43,03:00,906987379684182,1팀,120250444423310200,21.통살+그릴드(ASC)(하이브리드)_TROAS_A+SC캠페인_구매최적화_값_표준기여_3162_260726,1293,0,0,0
2026-08-10 03:58:43,03:00,906987379684182,1팀,120250444423320200,21.통살+그릴드(ASC)(하이브리드)_TCPA_A+SC캠페인_ALL_C7_수_표준기여_3162_260726,144,0,0,0
2026-08-10 03:58:43,03:00,906987379684182,1팀,120250444423330200,21.통살+그릴드(ASC)(하이브리드)_A+SC캠페인_구매최적화_수_표준기여_3162_260726,443,0,0,0
2026-08-10 03:58:43,03:00,906987379684182,1팀,120250475752460200,07.크리스피(ASC)(하이브리드)_TROAS_A+SC캠페인_구매최적화_값_표준기여_3078_260722(페르소나),205,0,0,0
2026-08-10 03:58:43,03:00,906987379684182,1팀,120250614451020200,07.크리스피(ASC)(하이브리드)_A+SC캠페인_구매최적화_수_표준기여_3078_260728,699,0,0,0
2026-08-10 03:58:43,03:00,906987379684182,1팀,120250614451040200,07.크리스피(ASC)(하이브리드)_TROAS_A+SC캠페인_구매최적화_값_표준기여_3078_260728,382,0,0,0
2026-08-10 03:58:43,03:00,906987379684182,1팀,120250614451160200,07.크리스피(ASC)(하이브리드)_TCPA_A+SC캠페인_ALL_C7_수_표준기여_3078_260728,2,0,0,0
2026-08-10 03:58:43,03:00,906987379684182,1팀,120250649570130200,07.크리스피(ASC)(하이브리드)_TROAS_A+SC캠페인_구매최적화_값_표준기여_3078_260802_AI,9676,0,0,0
2026-08-10 03:58:43,03:00,906987379684182,1팀,120250649570180200,07.크리스피(ASC)(하이브리드)_A+SC캠페인_구매최적화_수_표준기여_3078_260802_AI,3056,0,0,0
2026-08-10 03:58:43,03:00,906987379684182,1팀,120250856737330200,77.프로모션(ASC)(통크크)_TROAS_A+SC캠페인_구매최적화_값_표준기여_260806,3097,0,0,0
2026-08-10 03:58:43,03:00,906987379684182,1팀,120250856737340200,77.프로모션(ASC)(통크크)_TCPA_A+SC캠페인_ALL_C7_수_표준기여_260806,706,0,0,0
2026-08-10 03:58:43,03:00,906987379684182,1팀,120250856737350200,77.프로모션(ASC)(통크크)_A+SC캠페인_구매최적화_수_표준기여_260806,63,0,0,0
2026-08-10 03:58:43,03:00,906987379684182,1팀,120250858093370200,01.통살(ASC)(하이브리드)_TROAS_A+SC캠페인_구매최적화_값_표준기여_3028_260806,1401,0,0,0
2026-08-10 03:58:43,03:00,906987379684182,1팀,120250858456470200,01.통살(ASC)(하이브리드)_A+SC캠페인_구매최적화_수_표준기여_3028_260806,510,0,0,0
2026-08-10 03:58:43,03:00,906987379684182,1팀,120250858902230200,07.크리스피(ASC)(메가딜)_A+SC캠페인_구매최적화_수_표준기여_2464_260806,612,0,0,0
2026-08-10 03:58:43,03:00,906987379684182,1팀,120250858902240200,07.크리스피(ASC)(메가딜)_TCPA_A+SC캠페인_ALL_C7_수_표준기여_2464_260806,181,0,0,0
2026-08-10 03:58:43,03:00,906987379684182,1팀,120250858902260200,07.크리스피(ASC)(메가딜)_TROAS_A+SC캠페인_구매최적화_값_표준기여_2464_260806,189,0,0,0
2026-08-10 03:58:43,03:00,906987379684182,1팀,120250859130300200,16.안심크리스피(ASC)(메가딜)_TROAS_A+SC캠페인_구매최적화_값_표준기여_2908_260806,149,0,0,0
2026-08-10 03:58:43,03:00,906987379684182,1팀,120250859130310200,16.안심크리스피(ASC)(메가딜)_TCPA_A+SC캠페인_ALL_C7_수_표준기여_2908_260806,8,0,0,0
2026-08-10 03:58:43,03:00,906987379684182,1팀,120250859130340200,16.안심크리스피(ASC)(메가딜)_A+SC캠페인_구매최적화_수_표준기여_2908_260806,2064,0,0,0
2026-08-10 03:58:43,03:00,906987379684182,1팀,120250859189800200,17.안심볶음밥(ASC)(메가딜)_A+SC캠페인_구매최적화_수_표준기여_2903_260806,717,0,0,0
2026-08-10 03:58:43,03:00,906987379684182,1팀,120250859189810200,17.안심볶음밥(ASC)(메가딜)_TCPA_A+SC캠페인_ALL_C7_수_표준기여_2903_260806,29,0,0,0
2026-08-10 03:58:43,03:00,906987379684182,1팀,120250859189820200,17.안심볶음밥(ASC)(메가딜)_TROAS_A+SC캠페인_구매최적화_값_표준기여_2903_260806,1709,0,0,0
2026-08-10 03:58:43,03:00,906987379684182,1팀,120250859259390200,20.김자반밥바(ASC)(메가딜)_TROAS_A+SC캠페인_구매최적화_값_표준기여_3003_260806,1153,0,0,0
2026-08-10 03:58:43,03:00,906987379684182,1팀,120250859259410200,20.김자반밥바(ASC)(메가딜)_TCPA_A+SC캠페인_ALL_C7_수_표준기여_3003_260806,2550,0,0,0
2026-08-10 03:58:43,03:00,906987379684182,1팀,120250859259430200,20.김자반밥바(ASC)(메가딜)_A+SC캠페인_구매최적화_수_가치조정_3003_260806,2006,0,0,0
2026-08-10 03:58:43,03:00,906987379684182,1팀,120250859367430200,20.김자반밥바(ASC)(하이브리드)_A+SC캠페인_구매최적화_수_가치조정_3159_260806,2543,0,0,0
2026-08-10 03:58:43,03:00,906987379684182,1팀,120250859367440200,20.김자반밥바(ASC)(하이브리드)_TCPA_A+SC캠페인_ALL_C7_수_표준기여_3159_260806,3795,0,0,0
2026-08-10 03:58:43,03:00,906987379684182,1팀,120250859367470200,20.김자반밥바(ASC)(하이브리드)_TROAS_A+SC캠페인_구매최적화_값_표준기여_3159_260806,786,0,0,0
2026-08-10 04:30:33,04:00,906987379684182,1팀,120228320649100200,01.통살(ASC)(101010)_TCPA16000_A+SC 캠페인_ALL_V1C7_수_표준기여_2336,917,0,0,0
2026-08-10 04:30:33,04:00,906987379684182,1팀,120228788396590200,01.통살(ASC)(메가딜)_TCPA20000_A+SC 캠페인_ALL_V1C7_수_표준기여_1874,3677,0,0,0
2026-08-10 04:30:33,04:00,906987379684182,1팀,120230755324960200,07.크리스피(ASC)(메가딜)_A+SC 캠페인_구매최적화_수_표준기여_2464,920,0,0,0
2026-08-10 04:30:33,04:00,906987379684182,1팀,120237509836570200,07.크리스피(ASC)(메가딜)_TCPA16000_A+SC 캠페인_ALL_수_표준기여_2464,1951,0,0,0
2026-08-10 04:30:33,04:00,906987379684182,1팀,120243001852340200,01.통살(ASC)(101010)_TCPA16000_A+SC 캠페인_ALL_V1C7_수_표준기여_2336_02,267,0,0,0
2026-08-10 04:30:33,04:00,906987379684182,1팀,120243258462660200,07.크리스피(ASC)(101010)_A+SC 캠페인_구매최적화_수_표준기여_2659_260322,1552,0,0,0
2026-08-10 04:30:33,04:00,906987379684182,1팀,120243592510760200,16.안심크리스피(ASC)(메가딜)_TCPA14000_A+SC 캠페인_ALL_C7_수_표준기여_2863_260327,613,0,0,0
2026-08-10 04:30:33,04:00,906987379684182,1팀,120244128322750200,01.통살(ASC)(101010)_TCPA16000_A+SC 캠페인_ALL_V1C7_수_표준기여_2336_03,599,0,0,0
2026-08-10 04:30:33,04:00,906987379684182,1팀,120244130427210200,07.크리스피(ASC)(메가딜)_A+SC 캠페인_구매최적화_수_표준기여_2464_260404,1237,0,0,0
2026-08-10 04:30:33,04:00,906987379684182,1팀,120244370408130200,17.안심볶음밥(ASC)(메가딜)_TCPA_A+SC 캠페인_ALL_C7_수_표준기여_2903_260409,987,0,0,0
2026-08-10 04:30:33,04:00,906987379684182,1팀,120246157174550200,17.안심볶음밥(ASC)(메가딜)_A+SC 캠페인_구매최적화_수_표준기여_2903_260507_남자,1123,0,0,0
2026-08-10 04:30:33,04:00,906987379684182,1팀,120246224683700200,17.안심볶음밥(ASC)(메가딜)_A+SC 캠페인_구매최적화_수_표준기여_2903_260507_남자_02,2483,0,0,0
2026-08-10 04:30:33,04:00,906987379684182,1팀,120246397028850200,07.크리스피(ASC)(통합)_A+SC 캠페인_구매최적화_수_표준기여_통합_260511,2730,0,0,0
2026-08-10 04:30:33,04:00,906987379684182,1팀,120246898203940200,03.닭다리살(ASC)(1010)_A+SC캠페인_구매최적화_수_표준기여_2604_260519,820,0,0,0
2026-08-10 04:30:33,04:00,906987379684182,1팀,120246898384670200,03.닭다리살(ASC)(1010)_TROAS_A+SC캠페인_구매최적화_값_표준기여_2604_260519,486,0,0,0
2026-08-10 04:30:33,04:00,906987379684182,1팀,120247354343980200,20.김자반밥바(ASC)(메가딜)_TCPA_A+SC캠페인_ALL_C7_수_표준기여_3003_260527,136,0,0,0
2026-08-10 04:30:33,04:00,906987379684182,1팀,120247354558020200,20.김자반밥바(ASC)(메가딜)_A+SC캠페인_구매최적화_수_표준기여_3003_260527,798,0,0,0
2026-08-10 04:30:33,04:00,906987379684182,1팀,120247379361950200,07.크리스피(ASC)(1010)_A+SC캠페인_구매최적화_수_표준기여_2992_260527,300,0,0,0
2026-08-10 04:30:33,04:00,906987379684182,1팀,120247379587080200,07.크리스피(ASC)(1010)_TROAS_A+SC캠페인_구매최적화_값_표준기여_2992_260527,663,0,0,0
2026-08-10 04:30:33,04:00,906987379684182,1팀,120247842896910200,20.김자반밥바(ASC)(메가딜)_A+SC캠페인_구매최적화_수_표준기여_3003_260603,603,0,0,0
2026-08-10 04:30:33,04:00,906987379684182,1팀,120248207670120200,17.안심볶음밥(ASC)(메가딜)_A+SC 캠페인_구매최적화_수_표준기여_2903_260609_남자(가치조정),474,0,0,0
2026-08-10 04:30:33,04:00,906987379684182,1팀,120248361514480200,01.통살(ASC)(하이브리드)_TCPA_A+SC캠페인_ALL_C7_수_표준기여_3028_260611,62,0,0,0
2026-08-10 04:30:33,04:00,906987379684182,1팀,120248361514580200,01.통살(ASC)(하이브리드)_TROAS_A+SC캠페인_구매최적화_값_표준기여_3028_260611,263,0,0,0
2026-08-10 04:30:33,04:00,906987379684182,1팀,120248762624470200,17.안심볶음밥(ASC)(메가딜)_TROAS_A+SC캠페인_구매최적화_값_표준기여_2903_260705,313,0,0,0
2026-08-10 04:30:33,04:00,906987379684182,1팀,120248762761370200,17.안심볶음밥(ASC)(메가딜)_A+SC캠페인_구매최적화_수_표준기여_2903_260705,122,0,0,0
2026-08-10 04:30:33,04:00,906987379684182,1팀,120248762858730200,16.안심크리스피(ASC)(메가딜)_A+SC 캠페인_구매최적화_수_표준기여_2908_260720(페르소나),446,0,0,0
2026-08-10 04:30:33,04:00,906987379684182,1팀,120248763306900200,16.안심크리스피(ASC)(메가딜)_TCPA_A+SC캠페인_ALL_C7_수_표준기여_2908_260621,832,0,0,0
2026-08-10 04:30:33,04:00,906987379684182,1팀,120248763797300200,21.통살+그릴드(ASC)(메가딜)_TROAS_A+SC캠페인_구매최적화_값_표준기여_3068_260617,240,0,0,0
2026-08-10 04:30:33,04:00,906987379684182,1팀,120248763797350200,21.통살+그릴드(ASC)(메가딜)_A+SC캠페인_구매최적화_수_표준기여_3068_260617,66,0,0,0
2026-08-10 04:30:33,04:00,906987379684182,1팀,120249317264110200,07.크리스피(ASC)(하이브리드)_A+SC캠페인_구매최적화_수_표준기여_3078_260713,5164,0,0,0
2026-08-10 04:30:33,04:00,906987379684182,1팀,120249317264120200,07.크리스피(ASC)(하이브리드)_TCPA_A+SC캠페인_ALL_C7_수_표준기여_3078_260713,301,0,0,0
2026-08-10 04:30:33,04:00,906987379684182,1팀,120249317264140200,07.크리스피(ASC)(하이브리드)_TROAS_A+SC캠페인_구매최적화_값_표준기여_3078_260713,3351,0,0,0
2026-08-10 04:30:33,04:00,906987379684182,1팀,120249873291990200,07.크리스피(ASC)(1010)_TROAS_A+SC캠페인_구매최적화_값_표준기여_2992_260705,137,0,0,0
2026-08-10 04:30:33,04:00,906987379684182,1팀,120249873905240200,07.크리스피(ASC)(101010)_TROAS_A+SC캠페인_구매최적화_값_표준기여_2659_260705,271,0,0,0
2026-08-10 04:30:33,04:00,906987379684182,1팀,120249873905280200,07.크리스피(ASC)(101010)_A+SC캠페인_구매최적화_수_표준기여_2659_260705,762,0,0,0
2026-08-10 04:30:33,04:00,906987379684182,1팀,120249875227840200,16.안심크리스피(ASC)(메가딜)_A+SC캠페인_구매최적화_수_표준기여_2908_260705,701,0,0,0
2026-08-10 04:30:33,04:00,906987379684182,1팀,120249876219490200,20.김자반밥바(ASC)(메가딜)_A+SC캠페인_구매최적화_수_표준기여_3003_260705,255,0,0,0
2026-08-10 04:30:33,04:00,906987379684182,1팀,120249876219520200,20.김자반밥바(ASC)(메가딜)_TROAS_A+SC캠페인_구매최적화_값_표준기여_3003_260705,1218,0,0,0
2026-08-10 04:30:33,04:00,906987379684182,1팀,120249878429160200,01.통살(ASC)(하이브리드)_TROAS_A+SC캠페인_구매최적화_값_표준기여_3028_260705,1637,0,0,0
2026-08-10 04:30:33,04:00,906987379684182,1팀,120249878429240200,01.통살(ASC)(하이브리드)_A+SC캠페인_구매최적화_수_표준기여_3028_260705,430,0,0,0
2026-08-10 04:30:33,04:00,906987379684182,1팀,120250098930220200,01.통살(ASC)(101010)_TROAS_A+SC캠페인_구매최적화_값_표준기여_2336_260712,1286,0,0,0
2026-08-10 04:30:33,04:00,906987379684182,1팀,120250099159310200,07.크리스피(ASC)(메가딜)_A+SC캠페인_구매최적화_수_표준기여_2464_260712,202,0,0,0
2026-08-10 04:30:33,04:00,906987379684182,1팀,120250099159320200,07.크리스피(ASC)(메가딜)_TROAS_A+SC캠페인_구매최적화_값_표준기여_2464_260712,480,0,0,0
2026-08-10 04:30:33,04:00,906987379684182,1팀,120250099159330200,07.크리스피(ASC)(메가딜)_TCPA_A+SC캠페인_ALL_C7_수_표준기여_2464_260712,210,0,0,0
2026-08-10 04:30:33,04:00,906987379684182,1팀,120250099335020200,77.프로모션(ASC)(줄리엔강)_TCPA_A+SC캠페인_ALL_C7_수_표준기여_260713,663,0,0,0
2026-08-10 04:30:33,04:00,906987379684182,1팀,120250099335030200,77.프로모션(ASC)(줄리엔강)_TROAS_A+SC캠페인_구매최적화_값_표준기여_260713,260,0,0,0
2026-08-10 04:30:33,04:00,906987379684182,1팀,120250268133470200,03.닭다리살(ASC)(하이브리드)_TROAS_A+SC캠페인_구매최적화_값_표준기여_3111_260726,403,0,0,0
2026-08-10 04:30:33,04:00,906987379684182,1팀,120250444210730200,20.김자반밥바(ASC)(하이브리드)_TROAS_A+SC캠페인_구매최적화_값_표준기여_3159_260726,895,0,0,0
2026-08-10 04:30:33,04:00,906987379684182,1팀,120250444210740200,20.김자반밥바(ASC)(하이브리드)_A+SC캠페인_구매최적화_수_표준기여_3159_260726,1749,0,0,0
2026-08-10 04:30:33,04:00,906987379684182,1팀,120250444210900200,20.김자반밥바(ASC)(하이브리드)_TCPA_A+SC캠페인_ALL_C7_수_표준기여_3159_260726,191,0,0,0
2026-08-10 04:30:33,04:00,906987379684182,1팀,120250444423310200,21.통살+그릴드(ASC)(하이브리드)_TROAS_A+SC캠페인_구매최적화_값_표준기여_3162_260726,525,0,0,0
2026-08-10 04:30:33,04:00,906987379684182,1팀,120250444423320200,21.통살+그릴드(ASC)(하이브리드)_TCPA_A+SC캠페인_ALL_C7_수_표준기여_3162_260726,6,0,0,0
2026-08-10 04:30:33,04:00,906987379684182,1팀,120250444423330200,21.통살+그릴드(ASC)(하이브리드)_A+SC캠페인_구매최적화_수_표준기여_3162_260726,151,0,0,0
2026-08-10 04:30:33,04:00,906987379684182,1팀,120250475752460200,07.크리스피(ASC)(하이브리드)_TROAS_A+SC캠페인_구매최적화_값_표준기여_3078_260722(페르소나),40,0,0,0
2026-08-10 04:30:33,04:00,906987379684182,1팀,120250614451020200,07.크리스피(ASC)(하이브리드)_A+SC캠페인_구매최적화_수_표준기여_3078_260728,194,0,0,0
2026-08-10 04:30:33,04:00,906987379684182,1팀,120250614451040200,07.크리스피(ASC)(하이브리드)_TROAS_A+SC캠페인_구매최적화_값_표준기여_3078_260728,789,0,0,0
2026-08-10 04:30:33,04:00,906987379684182,1팀,120250614451160200,07.크리스피(ASC)(하이브리드)_TCPA_A+SC캠페인_ALL_C7_수_표준기여_3078_260728,15,0,0,0
2026-08-10 04:30:33,04:00,906987379684182,1팀,120250649570130200,07.크리스피(ASC)(하이브리드)_TROAS_A+SC캠페인_구매최적화_값_표준기여_3078_260802_AI,2839,0,0,0
2026-08-10 04:30:33,04:00,906987379684182,1팀,120250649570180200,07.크리스피(ASC)(하이브리드)_A+SC캠페인_구매최적화_수_표준기여_3078_260802_AI,1477,0,0,0
2026-08-10 04:30:33,04:00,906987379684182,1팀,120250856737330200,77.프로모션(ASC)(통크크)_TROAS_A+SC캠페인_구매최적화_값_표준기여_260806,1494,0,0,0
2026-08-10 04:30:33,04:00,906987379684182,1팀,120250856737340200,77.프로모션(ASC)(통크크)_TCPA_A+SC캠페인_ALL_C7_수_표준기여_260806,160,0,0,0
2026-08-10 04:30:33,04:00,906987379684182,1팀,120250856737350200,77.프로모션(ASC)(통크크)_A+SC캠페인_구매최적화_수_표준기여_260806,31,0,0,0
2026-08-10 04:30:33,04:00,906987379684182,1팀,120250858093370200,01.통살(ASC)(하이브리드)_TROAS_A+SC캠페인_구매최적화_값_표준기여_3028_260806,596,0,0,0
2026-08-10 04:30:33,04:00,906987379684182,1팀,120250858456470200,01.통살(ASC)(하이브리드)_A+SC캠페인_구매최적화_수_표준기여_3028_260806,196,0,0,0
2026-08-10 04:30:33,04:00,906987379684182,1팀,120250858902230200,07.크리스피(ASC)(메가딜)_A+SC캠페인_구매최적화_수_표준기여_2464_260806,399,0,0,0
2026-08-10 04:30:33,04:00,906987379684182,1팀,120250858902240200,07.크리스피(ASC)(메가딜)_TCPA_A+SC캠페인_ALL_C7_수_표준기여_2464_260806,35,0,0,0
2026-08-10 04:30:33,04:00,906987379684182,1팀,120250858902260200,07.크리스피(ASC)(메가딜)_TROAS_A+SC캠페인_구매최적화_값_표준기여_2464_260806,208,0,0,0
2026-08-10 04:30:33,04:00,906987379684182,1팀,120250859130300200,16.안심크리스피(ASC)(메가딜)_TROAS_A+SC캠페인_구매최적화_값_표준기여_2908_260806,103,0,0,0
2026-08-10 04:30:33,04:00,906987379684182,1팀,120250859130310200,16.안심크리스피(ASC)(메가딜)_TCPA_A+SC캠페인_ALL_C7_수_표준기여_2908_260806,23,0,0,0
2026-08-10 04:30:33,04:00,906987379684182,1팀,120250859130340200,16.안심크리스피(ASC)(메가딜)_A+SC캠페인_구매최적화_수_표준기여_2908_260806,501,0,0,0
2026-08-10 04:30:33,04:00,906987379684182,1팀,120250859189800200,17.안심볶음밥(ASC)(메가딜)_A+SC캠페인_구매최적화_수_표준기여_2903_260806,344,0,0,0
2026-08-10 04:30:33,04:00,906987379684182,1팀,120250859189810200,17.안심볶음밥(ASC)(메가딜)_TCPA_A+SC캠페인_ALL_C7_수_표준기여_2903_260806,21,0,0,0
2026-08-10 04:30:33,04:00,906987379684182,1팀,120250859189820200,17.안심볶음밥(ASC)(메가딜)_TROAS_A+SC캠페인_구매최적화_값_표준기여_2903_260806,1130,0,0,0
2026-08-10 04:30:33,04:00,906987379684182,1팀,120250859259390200,20.김자반밥바(ASC)(메가딜)_TROAS_A+SC캠페인_구매최적화_값_표준기여_3003_260806,1422,0,0,0
2026-08-10 04:30:33,04:00,906987379684182,1팀,120250859259410200,20.김자반밥바(ASC)(메가딜)_TCPA_A+SC캠페인_ALL_C7_수_표준기여_3003_260806,1011,0,0,0
2026-08-10 04:30:33,04:00,906987379684182,1팀,120250859259430200,20.김자반밥바(ASC)(메가딜)_A+SC캠페인_구매최적화_수_가치조정_3003_260806,834,0,0,0
2026-08-10 04:30:33,04:00,906987379684182,1팀,120250859367430200,20.김자반밥바(ASC)(하이브리드)_A+SC캠페인_구매최적화_수_가치조정_3159_260806,1188,0,0,0
2026-08-10 04:30:33,04:00,906987379684182,1팀,120250859367440200,20.김자반밥바(ASC)(하이브리드)_TCPA_A+SC캠페인_ALL_C7_수_표준기여_3159_260806,1410,0,0,0
2026-08-10 04:30:33,04:00,906987379684182,1팀,120250859367470200,20.김자반밥바(ASC)(하이브리드)_TROAS_A+SC캠페인_구매최적화_값_표준기여_3159_260806,283,0,0,0
2026-08-10 04:41:01,04:00,906987379684182,1팀,120228320649100200,01.통살(ASC)(101010)_TCPA16000_A+SC 캠페인_ALL_V1C7_수_표준기여_2336,1387,0,0,0
2026-08-10 04:41:01,04:00,906987379684182,1팀,120228788396590200,01.통살(ASC)(메가딜)_TCPA20000_A+SC 캠페인_ALL_V1C7_수_표준기여_1874,4716,0,0,0
2026-08-10 04:41:01,04:00,906987379684182,1팀,120230755324960200,07.크리스피(ASC)(메가딜)_A+SC 캠페인_구매최적화_수_표준기여_2464,1322,0,0,0
2026-08-10 04:41:01,04:00,906987379684182,1팀,120237509836570200,07.크리스피(ASC)(메가딜)_TCPA16000_A+SC 캠페인_ALL_수_표준기여_2464,2856,0,0,0
2026-08-10 04:41:01,04:00,906987379684182,1팀,120243001852340200,01.통살(ASC)(101010)_TCPA16000_A+SC 캠페인_ALL_V1C7_수_표준기여_2336_02,348,0,0,0
2026-08-10 04:41:01,04:00,906987379684182,1팀,120243258462660200,07.크리스피(ASC)(101010)_A+SC 캠페인_구매최적화_수_표준기여_2659_260322,2141,0,0,0
2026-08-10 04:41:01,04:00,906987379684182,1팀,120243592510760200,16.안심크리스피(ASC)(메가딜)_TCPA14000_A+SC 캠페인_ALL_C7_수_표준기여_2863_260327,878,0,0,0
2026-08-10 04:41:01,04:00,906987379684182,1팀,120244128322750200,01.통살(ASC)(101010)_TCPA16000_A+SC 캠페인_ALL_V1C7_수_표준기여_2336_03,893,0,0,0
2026-08-10 04:41:01,04:00,906987379684182,1팀,120244130427210200,07.크리스피(ASC)(메가딜)_A+SC 캠페인_구매최적화_수_표준기여_2464_260404,1697,0,0,0
2026-08-10 04:41:01,04:00,906987379684182,1팀,120244370408130200,17.안심볶음밥(ASC)(메가딜)_TCPA_A+SC 캠페인_ALL_C7_수_표준기여_2903_260409,1310,0,0,0
2026-08-10 04:41:01,04:00,906987379684182,1팀,120246157174550200,17.안심볶음밥(ASC)(메가딜)_A+SC 캠페인_구매최적화_수_표준기여_2903_260507_남자,1364,0,0,0
2026-08-10 04:41:01,04:00,906987379684182,1팀,120246224683700200,17.안심볶음밥(ASC)(메가딜)_A+SC 캠페인_구매최적화_수_표준기여_2903_260507_남자_02,3471,0,0,0
2026-08-10 04:41:01,04:00,906987379684182,1팀,120246397028850200,07.크리스피(ASC)(통합)_A+SC 캠페인_구매최적화_수_표준기여_통합_260511,3047,0,0,0
2026-08-10 04:41:01,04:00,906987379684182,1팀,120246898203940200,03.닭다리살(ASC)(1010)_A+SC캠페인_구매최적화_수_표준기여_2604_260519,1044,0,0,0
2026-08-10 04:41:01,04:00,906987379684182,1팀,120246898384670200,03.닭다리살(ASC)(1010)_TROAS_A+SC캠페인_구매최적화_값_표준기여_2604_260519,613,0,0,0
2026-08-10 04:41:01,04:00,906987379684182,1팀,120247354343980200,20.김자반밥바(ASC)(메가딜)_TCPA_A+SC캠페인_ALL_C7_수_표준기여_3003_260527,148,0,0,0
2026-08-10 04:41:01,04:00,906987379684182,1팀,120247354558020200,20.김자반밥바(ASC)(메가딜)_A+SC캠페인_구매최적화_수_표준기여_3003_260527,1373,0,0,0
2026-08-10 04:41:01,04:00,906987379684182,1팀,120247379361950200,07.크리스피(ASC)(1010)_A+SC캠페인_구매최적화_수_표준기여_2992_260527,357,0,0,0
2026-08-10 04:41:01,04:00,906987379684182,1팀,120247379587080200,07.크리스피(ASC)(1010)_TROAS_A+SC캠페인_구매최적화_값_표준기여_2992_260527,815,0,0,0
2026-08-10 04:41:01,04:00,906987379684182,1팀,120247842896910200,20.김자반밥바(ASC)(메가딜)_A+SC캠페인_구매최적화_수_표준기여_3003_260603,1436,0,0,0
2026-08-10 04:41:01,04:00,906987379684182,1팀,120248207670120200,17.안심볶음밥(ASC)(메가딜)_A+SC 캠페인_구매최적화_수_표준기여_2903_260609_남자(가치조정),613,0,0,0
2026-08-10 04:41:01,04:00,906987379684182,1팀,120248361514480200,01.통살(ASC)(하이브리드)_TCPA_A+SC캠페인_ALL_C7_수_표준기여_3028_260611,68,0,0,0
2026-08-10 04:41:01,04:00,906987379684182,1팀,120248361514580200,01.통살(ASC)(하이브리드)_TROAS_A+SC캠페인_구매최적화_값_표준기여_3028_260611,332,0,0,0
2026-08-10 04:41:01,04:00,906987379684182,1팀,120248762624470200,17.안심볶음밥(ASC)(메가딜)_TROAS_A+SC캠페인_구매최적화_값_표준기여_2903_260705,415,0,0,0
2026-08-10 04:41:01,04:00,906987379684182,1팀,120248762761370200,17.안심볶음밥(ASC)(메가딜)_A+SC캠페인_구매최적화_수_표준기여_2903_260705,151,0,0,0
2026-08-10 04:41:01,04:00,906987379684182,1팀,120248762858730200,16.안심크리스피(ASC)(메가딜)_A+SC 캠페인_구매최적화_수_표준기여_2908_260720(페르소나),554,0,0,0
2026-08-10 04:41:01,04:00,906987379684182,1팀,120248763306900200,16.안심크리스피(ASC)(메가딜)_TCPA_A+SC캠페인_ALL_C7_수_표준기여_2908_260621,1043,0,0,0
2026-08-10 04:41:01,04:00,906987379684182,1팀,120248763797300200,21.통살+그릴드(ASC)(메가딜)_TROAS_A+SC캠페인_구매최적화_값_표준기여_3068_260617,292,0,0,0
2026-08-10 04:41:01,04:00,906987379684182,1팀,120248763797350200,21.통살+그릴드(ASC)(메가딜)_A+SC캠페인_구매최적화_수_표준기여_3068_260617,98,0,0,0
2026-08-10 04:41:01,04:00,906987379684182,1팀,120249317264110200,07.크리스피(ASC)(하이브리드)_A+SC캠페인_구매최적화_수_표준기여_3078_260713,7016,0,0,0
2026-08-10 04:41:01,04:00,906987379684182,1팀,120249317264120200,07.크리스피(ASC)(하이브리드)_TCPA_A+SC캠페인_ALL_C7_수_표준기여_3078_260713,446,0,0,0
2026-08-10 04:41:01,04:00,906987379684182,1팀,120249317264140200,07.크리스피(ASC)(하이브리드)_TROAS_A+SC캠페인_구매최적화_값_표준기여_3078_260713,5153,0,0,0
2026-08-10 04:41:01,04:00,906987379684182,1팀,120249873291990200,07.크리스피(ASC)(1010)_TROAS_A+SC캠페인_구매최적화_값_표준기여_2992_260705,244,0,0,0
2026-08-10 04:41:01,04:00,906987379684182,1팀,120249873905240200,07.크리스피(ASC)(101010)_TROAS_A+SC캠페인_구매최적화_값_표준기여_2659_260705,325,0,0,0
2026-08-10 04:41:01,04:00,906987379684182,1팀,120249873905280200,07.크리스피(ASC)(101010)_A+SC캠페인_구매최적화_수_표준기여_2659_260705,1077,0,0,0
2026-08-10 04:41:01,04:00,906987379684182,1팀,120249875227840200,16.안심크리스피(ASC)(메가딜)_A+SC캠페인_구매최적화_수_표준기여_2908_260705,987,0,0,0
2026-08-10 04:41:01,04:00,906987379684182,1팀,120249876219490200,20.김자반밥바(ASC)(메가딜)_A+SC캠페인_구매최적화_수_표준기여_3003_260705,647,0,0,0
2026-08-10 04:41:01,04:00,906987379684182,1팀,120249876219520200,20.김자반밥바(ASC)(메가딜)_TROAS_A+SC캠페인_구매최적화_값_표준기여_3003_260705,1657,0,0,0
2026-08-10 04:41:01,04:00,906987379684182,1팀,120249878429160200,01.통살(ASC)(하이브리드)_TROAS_A+SC캠페인_구매최적화_값_표준기여_3028_260705,1848,0,0,0
2026-08-10 04:41:01,04:00,906987379684182,1팀,120249878429240200,01.통살(ASC)(하이브리드)_A+SC캠페인_구매최적화_수_표준기여_3028_260705,523,0,0,0
2026-08-10 04:41:01,04:00,906987379684182,1팀,120250098930220200,01.통살(ASC)(101010)_TROAS_A+SC캠페인_구매최적화_값_표준기여_2336_260712,2629,0,0,0
2026-08-10 04:41:01,04:00,906987379684182,1팀,120250099159310200,07.크리스피(ASC)(메가딜)_A+SC캠페인_구매최적화_수_표준기여_2464_260712,277,0,0,0
2026-08-10 04:41:01,04:00,906987379684182,1팀,120250099159320200,07.크리스피(ASC)(메가딜)_TROAS_A+SC캠페인_구매최적화_값_표준기여_2464_260712,695,0,0,0
2026-08-10 04:41:01,04:00,906987379684182,1팀,120250099159330200,07.크리스피(ASC)(메가딜)_TCPA_A+SC캠페인_ALL_C7_수_표준기여_2464_260712,294,0,0,0
2026-08-10 04:41:01,04:00,906987379684182,1팀,120250099335020200,77.프로모션(ASC)(줄리엔강)_TCPA_A+SC캠페인_ALL_C7_수_표준기여_260713,938,0,0,0
2026-08-10 04:41:01,04:00,906987379684182,1팀,120250099335030200,77.프로모션(ASC)(줄리엔강)_TROAS_A+SC캠페인_구매최적화_값_표준기여_260713,339,0,0,0
2026-08-10 04:41:01,04:00,906987379684182,1팀,120250268133470200,03.닭다리살(ASC)(하이브리드)_TROAS_A+SC캠페인_구매최적화_값_표준기여_3111_260726,535,0,0,0
2026-08-10 04:41:01,04:00,906987379684182,1팀,120250444210730200,20.김자반밥바(ASC)(하이브리드)_TROAS_A+SC캠페인_구매최적화_값_표준기여_3159_260726,1234,0,0,0
2026-08-10 04:41:01,04:00,906987379684182,1팀,120250444210740200,20.김자반밥바(ASC)(하이브리드)_A+SC캠페인_구매최적화_수_표준기여_3159_260726,1817,0,0,0
2026-08-10 04:41:01,04:00,906987379684182,1팀,120250444210900200,20.김자반밥바(ASC)(하이브리드)_TCPA_A+SC캠페인_ALL_C7_수_표준기여_3159_260726,269,0,0,0
2026-08-10 04:41:01,04:00,906987379684182,1팀,120250444423310200,21.통살+그릴드(ASC)(하이브리드)_TROAS_A+SC캠페인_구매최적화_값_표준기여_3162_260726,681,0,0,0
2026-08-10 04:41:01,04:00,906987379684182,1팀,120250444423320200,21.통살+그릴드(ASC)(하이브리드)_TCPA_A+SC캠페인_ALL_C7_수_표준기여_3162_260726,10,0,0,0
2026-08-10 04:41:01,04:00,906987379684182,1팀,120250444423330200,21.통살+그릴드(ASC)(하이브리드)_A+SC캠페인_구매최적화_수_표준기여_3162_260726,172,0,0,0
2026-08-10 04:41:01,04:00,906987379684182,1팀,120250475752460200,07.크리스피(ASC)(하이브리드)_TROAS_A+SC캠페인_구매최적화_값_표준기여_3078_260722(페르소나),80,0,0,0
2026-08-10 04:41:01,04:00,906987379684182,1팀,120250614451020200,07.크리스피(ASC)(하이브리드)_A+SC캠페인_구매최적화_수_표준기여_3078_260728,263,0,0,0
2026-08-10 04:41:01,04:00,906987379684182,1팀,120250614451040200,07.크리스피(ASC)(하이브리드)_TROAS_A+SC캠페인_구매최적화_값_표준기여_3078_260728,1338,0,0,0
2026-08-10 04:41:01,04:00,906987379684182,1팀,120250614451160200,07.크리스피(ASC)(하이브리드)_TCPA_A+SC캠페인_ALL_C7_수_표준기여_3078_260728,15,0,0,0
2026-08-10 04:41:01,04:00,906987379684182,1팀,120250649570130200,07.크리스피(ASC)(하이브리드)_TROAS_A+SC캠페인_구매최적화_값_표준기여_3078_260802_AI,3775,0,0,0
2026-08-10 04:41:01,04:00,906987379684182,1팀,120250649570180200,07.크리스피(ASC)(하이브리드)_A+SC캠페인_구매최적화_수_표준기여_3078_260802_AI,2001,0,0,0
2026-08-10 04:41:01,04:00,906987379684182,1팀,120250856737330200,77.프로모션(ASC)(통크크)_TROAS_A+SC캠페인_구매최적화_값_표준기여_260806,1861,0,0,0
2026-08-10 04:41:01,04:00,906987379684182,1팀,120250856737340200,77.프로모션(ASC)(통크크)_TCPA_A+SC캠페인_ALL_C7_수_표준기여_260806,196,0,0,0
2026-08-10 04:41:01,04:00,906987379684182,1팀,120250856737350200,77.프로모션(ASC)(통크크)_A+SC캠페인_구매최적화_수_표준기여_260806,39,0,0,0
2026-08-10 04:41:01,04:00,906987379684182,1팀,120250858093370200,01.통살(ASC)(하이브리드)_TROAS_A+SC캠페인_구매최적화_값_표준기여_3028_260806,800,0,0,0
2026-08-10 04:41:01,04:00,906987379684182,1팀,120250858456470200,01.통살(ASC)(하이브리드)_A+SC캠페인_구매최적화_수_표준기여_3028_260806,296,0,0,0
2026-08-10 04:41:01,04:00,906987379684182,1팀,120250858902230200,07.크리스피(ASC)(메가딜)_A+SC캠페인_구매최적화_수_표준기여_2464_260806,624,0,0,0
2026-08-10 04:41:01,04:00,906987379684182,1팀,120250858902240200,07.크리스피(ASC)(메가딜)_TCPA_A+SC캠페인_ALL_C7_수_표준기여_2464_260806,64,0,0,0
2026-08-10 04:41:01,04:00,906987379684182,1팀,120250858902260200,07.크리스피(ASC)(메가딜)_TROAS_A+SC캠페인_구매최적화_값_표준기여_2464_260806,270,0,0,0
2026-08-10 04:41:01,04:00,906987379684182,1팀,120250859130300200,16.안심크리스피(ASC)(메가딜)_TROAS_A+SC캠페인_구매최적화_값_표준기여_2908_260806,125,0,0,0
2026-08-10 04:41:01,04:00,906987379684182,1팀,120250859130310200,16.안심크리스피(ASC)(메가딜)_TCPA_A+SC캠페인_ALL_C7_수_표준기여_2908_260806,39,0,0,0
2026-08-10 04:41:01,04:00,906987379684182,1팀,120250859130340200,16.안심크리스피(ASC)(메가딜)_A+SC캠페인_구매최적화_수_표준기여_2908_260806,641,0,0,0
2026-08-10 04:41:01,04:00,906987379684182,1팀,120250859189800200,17.안심볶음밥(ASC)(메가딜)_A+SC캠페인_구매최적화_수_표준기여_2903_260806,554,0,0,0
2026-08-10 04:41:01,04:00,906987379684182,1팀,120250859189810200,17.안심볶음밥(ASC)(메가딜)_TCPA_A+SC캠페인_ALL_C7_수_표준기여_2903_260806,30,0,0,0
2026-08-10 04:41:01,04:00,906987379684182,1팀,120250859189820200,17.안심볶음밥(ASC)(메가딜)_TROAS_A+SC캠페인_구매최적화_값_표준기여_2903_260806,1990,0,0,0
2026-08-10 04:41:01,04:00,906987379684182,1팀,120250859259390200,20.김자반밥바(ASC)(메가딜)_TROAS_A+SC캠페인_구매최적화_값_표준기여_3003_260806,2127,1,53900,2534.0855665256227
2026-08-10 04:41:01,04:00,906987379684182,1팀,120250859259410200,20.김자반밥바(ASC)(메가딜)_TCPA_A+SC캠페인_ALL_C7_수_표준기여_3003_260806,1395,0,0,0
2026-08-10 04:41:01,04:00,906987379684182,1팀,120250859259430200,20.김자반밥바(ASC)(메가딜)_A+SC캠페인_구매최적화_수_가치조정_3003_260806,1104,0,0,0
2026-08-10 04:41:01,04:00,906987379684182,1팀,120250859367430200,20.김자반밥바(ASC)(하이브리드)_A+SC캠페인_구매최적화_수_가치조정_3159_260806,1495,0,0,0
2026-08-10 04:41:01,04:00,906987379684182,1팀,120250859367440200,20.김자반밥바(ASC)(하이브리드)_TCPA_A+SC캠페인_ALL_C7_수_표준기여_3159_260806,2556,0,0,0
2026-08-10 04:41:01,04:00,906987379684182,1팀,120250859367470200,20.김자반밥바(ASC)(하이브리드)_TROAS_A+SC캠페인_구매최적화_값_표준기여_3159_260806,397,0,0,0
2026-08-10 05:13:41,05:00,906987379684182,1팀,120228320649100200,01.통살(ASC)(101010)_TCPA16000_A+SC 캠페인_ALL_V1C7_수_표준기여_2336,524,0,0,0
2026-08-10 05:13:41,05:00,906987379684182,1팀,120228788396590200,01.통살(ASC)(메가딜)_TCPA20000_A+SC 캠페인_ALL_V1C7_수_표준기여_1874,1095,0,0,0
2026-08-10 05:13:41,05:00,906987379684182,1팀,120230755324960200,07.크리스피(ASC)(메가딜)_A+SC 캠페인_구매최적화_수_표준기여_2464,273,0,0,0
2026-08-10 05:13:41,05:00,906987379684182,1팀,120237509836570200,07.크리스피(ASC)(메가딜)_TCPA16000_A+SC 캠페인_ALL_수_표준기여_2464,1056,0,0,0
2026-08-10 05:13:41,05:00,906987379684182,1팀,120243001852340200,01.통살(ASC)(101010)_TCPA16000_A+SC 캠페인_ALL_V1C7_수_표준기여_2336_02,208,0,0,0
2026-08-10 05:13:41,05:00,906987379684182,1팀,120243258462660200,07.크리스피(ASC)(101010)_A+SC 캠페인_구매최적화_수_표준기여_2659_260322,294,0,0,0
2026-08-10 05:13:41,05:00,906987379684182,1팀,120243592510760200,16.안심크리스피(ASC)(메가딜)_TCPA14000_A+SC 캠페인_ALL_C7_수_표준기여_2863_260327,298,0,0,0
2026-08-10 05:13:41,05:00,906987379684182,1팀,120244128322750200,01.통살(ASC)(101010)_TCPA16000_A+SC 캠페인_ALL_V1C7_수_표준기여_2336_03,223,0,0,0
2026-08-10 05:13:41,05:00,906987379684182,1팀,120244130427210200,07.크리스피(ASC)(메가딜)_A+SC 캠페인_구매최적화_수_표준기여_2464_260404,324,0,0,0
2026-08-10 05:13:41,05:00,906987379684182,1팀,120244370408130200,17.안심볶음밥(ASC)(메가딜)_TCPA_A+SC 캠페인_ALL_C7_수_표준기여_2903_260409,200,0,0,0
2026-08-10 05:13:41,05:00,906987379684182,1팀,120246157174550200,17.안심볶음밥(ASC)(메가딜)_A+SC 캠페인_구매최적화_수_표준기여_2903_260507_남자,748,0,0,0
2026-08-10 05:13:41,05:00,906987379684182,1팀,120246224683700200,17.안심볶음밥(ASC)(메가딜)_A+SC 캠페인_구매최적화_수_표준기여_2903_260507_남자_02,426,0,0,0
2026-08-10 05:13:41,05:00,906987379684182,1팀,120246397028850200,07.크리스피(ASC)(통합)_A+SC 캠페인_구매최적화_수_표준기여_통합_260511,802,0,0,0
2026-08-10 05:13:41,05:00,906987379684182,1팀,120246898203940200,03.닭다리살(ASC)(1010)_A+SC캠페인_구매최적화_수_표준기여_2604_260519,417,0,0,0
2026-08-10 05:13:41,05:00,906987379684182,1팀,120246898384670200,03.닭다리살(ASC)(1010)_TROAS_A+SC캠페인_구매최적화_값_표준기여_2604_260519,180,0,0,0
2026-08-10 05:13:41,05:00,906987379684182,1팀,120247354343980200,20.김자반밥바(ASC)(메가딜)_TCPA_A+SC캠페인_ALL_C7_수_표준기여_3003_260527,186,0,0,0
2026-08-10 05:13:41,05:00,906987379684182,1팀,120247354558020200,20.김자반밥바(ASC)(메가딜)_A+SC캠페인_구매최적화_수_표준기여_3003_260527,430,0,0,0
2026-08-10 05:13:41,05:00,906987379684182,1팀,120247379361950200,07.크리스피(ASC)(1010)_A+SC캠페인_구매최적화_수_표준기여_2992_260527,38,0,0,0
2026-08-10 05:13:41,05:00,906987379684182,1팀,120247379587080200,07.크리스피(ASC)(1010)_TROAS_A+SC캠페인_구매최적화_값_표준기여_2992_260527,94,0,0,0
2026-08-10 05:13:41,05:00,906987379684182,1팀,120247842896910200,20.김자반밥바(ASC)(메가딜)_A+SC캠페인_구매최적화_수_표준기여_3003_260603,192,0,0,0
2026-08-10 05:13:41,05:00,906987379684182,1팀,120248207670120200,17.안심볶음밥(ASC)(메가딜)_A+SC 캠페인_구매최적화_수_표준기여_2903_260609_남자(가치조정),506,0,0,0
2026-08-10 05:13:41,05:00,906987379684182,1팀,120248361514480200,01.통살(ASC)(하이브리드)_TCPA_A+SC캠페인_ALL_C7_수_표준기여_3028_260611,3,0,0,0
2026-08-10 05:13:41,05:00,906987379684182,1팀,120248361514580200,01.통살(ASC)(하이브리드)_TROAS_A+SC캠페인_구매최적화_값_표준기여_3028_260611,195,0,0,0
2026-08-10 05:13:41,05:00,906987379684182,1팀,120248762624470200,17.안심볶음밥(ASC)(메가딜)_TROAS_A+SC캠페인_구매최적화_값_표준기여_2903_260705,84,0,0,0
2026-08-10 05:13:41,05:00,906987379684182,1팀,120248762761370200,17.안심볶음밥(ASC)(메가딜)_A+SC캠페인_구매최적화_수_표준기여_2903_260705,58,0,0,0
2026-08-10 05:13:41,05:00,906987379684182,1팀,120248762858730200,16.안심크리스피(ASC)(메가딜)_A+SC 캠페인_구매최적화_수_표준기여_2908_260720(페르소나),101,0,0,0
2026-08-10 05:13:41,05:00,906987379684182,1팀,120248763306900200,16.안심크리스피(ASC)(메가딜)_TCPA_A+SC캠페인_ALL_C7_수_표준기여_2908_260621,280,0,0,0
2026-08-10 05:13:41,05:00,906987379684182,1팀,120248763797300200,21.통살+그릴드(ASC)(메가딜)_TROAS_A+SC캠페인_구매최적화_값_표준기여_3068_260617,42,0,0,0
2026-08-10 05:13:41,05:00,906987379684182,1팀,120248763797350200,21.통살+그릴드(ASC)(메가딜)_A+SC캠페인_구매최적화_수_표준기여_3068_260617,26,0,0,0
2026-08-10 05:13:41,05:00,906987379684182,1팀,120249317264110200,07.크리스피(ASC)(하이브리드)_A+SC캠페인_구매최적화_수_표준기여_3078_260713,1245,0,0,0
2026-08-10 05:13:41,05:00,906987379684182,1팀,120249317264120200,07.크리스피(ASC)(하이브리드)_TCPA_A+SC캠페인_ALL_C7_수_표준기여_3078_260713,257,0,0,0
2026-08-10 05:13:41,05:00,906987379684182,1팀,120249317264140200,07.크리스피(ASC)(하이브리드)_TROAS_A+SC캠페인_구매최적화_값_표준기여_3078_260713,805,0,0,0
2026-08-10 05:13:41,05:00,906987379684182,1팀,120249873291990200,07.크리스피(ASC)(1010)_TROAS_A+SC캠페인_구매최적화_값_표준기여_2992_260705,180,0,0,0
2026-08-10 05:13:41,05:00,906987379684182,1팀,120249873905240200,07.크리스피(ASC)(101010)_TROAS_A+SC캠페인_구매최적화_값_표준기여_2659_260705,160,0,0,0
2026-08-10 05:13:41,05:00,906987379684182,1팀,120249873905280200,07.크리스피(ASC)(101010)_A+SC캠페인_구매최적화_수_표준기여_2659_260705,157,0,0,0
2026-08-10 05:13:41,05:00,906987379684182,1팀,120249875227840200,16.안심크리스피(ASC)(메가딜)_A+SC캠페인_구매최적화_수_표준기여_2908_260705,171,0,0,0
2026-08-10 05:13:41,05:00,906987379684182,1팀,120249876219490200,20.김자반밥바(ASC)(메가딜)_A+SC캠페인_구매최적화_수_표준기여_3003_260705,205,0,0,0
2026-08-10 05:13:41,05:00,906987379684182,1팀,120249876219520200,20.김자반밥바(ASC)(메가딜)_TROAS_A+SC캠페인_구매최적화_값_표준기여_3003_260705,306,0,0,0
2026-08-10 05:13:41,05:00,906987379684182,1팀,120249878429160200,01.통살(ASC)(하이브리드)_TROAS_A+SC캠페인_구매최적화_값_표준기여_3028_260705,385,0,0,0
2026-08-10 05:13:41,05:00,906987379684182,1팀,120249878429240200,01.통살(ASC)(하이브리드)_A+SC캠페인_구매최적화_수_표준기여_3028_260705,536,0,0,0
2026-08-10 05:13:41,05:00,906987379684182,1팀,120250098930220200,01.통살(ASC)(101010)_TROAS_A+SC캠페인_구매최적화_값_표준기여_2336_260712,384,0,0,0
2026-08-10 05:13:41,05:00,906987379684182,1팀,120250099159310200,07.크리스피(ASC)(메가딜)_A+SC캠페인_구매최적화_수_표준기여_2464_260712,47,0,0,0
2026-08-10 05:13:41,05:00,906987379684182,1팀,120250099159320200,07.크리스피(ASC)(메가딜)_TROAS_A+SC캠페인_구매최적화_값_표준기여_2464_260712,95,0,0,0
2026-08-10 05:13:41,05:00,906987379684182,1팀,120250099159330200,07.크리스피(ASC)(메가딜)_TCPA_A+SC캠페인_ALL_C7_수_표준기여_2464_260712,69,0,0,0
2026-08-10 05:13:41,05:00,906987379684182,1팀,120250099335020200,77.프로모션(ASC)(줄리엔강)_TCPA_A+SC캠페인_ALL_C7_수_표준기여_260713,71,0,0,0
2026-08-10 05:13:41,05:00,906987379684182,1팀,120250099335030200,77.프로모션(ASC)(줄리엔강)_TROAS_A+SC캠페인_구매최적화_값_표준기여_260713,74,0,0,0
2026-08-10 05:13:41,05:00,906987379684182,1팀,120250268133470200,03.닭다리살(ASC)(하이브리드)_TROAS_A+SC캠페인_구매최적화_값_표준기여_3111_260726,55,0,0,0
2026-08-10 05:13:41,05:00,906987379684182,1팀,120250444210730200,20.김자반밥바(ASC)(하이브리드)_TROAS_A+SC캠페인_구매최적화_값_표준기여_3159_260726,355,0,0,0
2026-08-10 05:13:41,05:00,906987379684182,1팀,120250444210740200,20.김자반밥바(ASC)(하이브리드)_A+SC캠페인_구매최적화_수_표준기여_3159_260726,82,0,0,0
2026-08-10 05:13:41,05:00,906987379684182,1팀,120250444210900200,20.김자반밥바(ASC)(하이브리드)_TCPA_A+SC캠페인_ALL_C7_수_표준기여_3159_260726,118,0,0,0
2026-08-10 05:13:41,05:00,906987379684182,1팀,120250444423310200,21.통살+그릴드(ASC)(하이브리드)_TROAS_A+SC캠페인_구매최적화_값_표준기여_3162_260726,78,0,0,0
2026-08-10 05:13:41,05:00,906987379684182,1팀,120250444423320200,21.통살+그릴드(ASC)(하이브리드)_TCPA_A+SC캠페인_ALL_C7_수_표준기여_3162_260726,5,0,0,0
2026-08-10 05:13:41,05:00,906987379684182,1팀,120250444423330200,21.통살+그릴드(ASC)(하이브리드)_A+SC캠페인_구매최적화_수_표준기여_3162_260726,27,0,0,0
2026-08-10 05:13:41,05:00,906987379684182,1팀,120250475752460200,07.크리스피(ASC)(하이브리드)_TROAS_A+SC캠페인_구매최적화_값_표준기여_3078_260722(페르소나),73,0,0,0
2026-08-10 05:13:41,05:00,906987379684182,1팀,120250614451020200,07.크리스피(ASC)(하이브리드)_A+SC캠페인_구매최적화_수_표준기여_3078_260728,26,0,0,0
2026-08-10 05:13:41,05:00,906987379684182,1팀,120250614451040200,07.크리스피(ASC)(하이브리드)_TROAS_A+SC캠페인_구매최적화_값_표준기여_3078_260728,245,0,0,0
2026-08-10 05:13:41,05:00,906987379684182,1팀,120250614451160200,07.크리스피(ASC)(하이브리드)_TCPA_A+SC캠페인_ALL_C7_수_표준기여_3078_260728,4,0,0,0
2026-08-10 05:13:41,05:00,906987379684182,1팀,120250649570130200,07.크리스피(ASC)(하이브리드)_TROAS_A+SC캠페인_구매최적화_값_표준기여_3078_260802_AI,2582,0,0,0
2026-08-10 05:13:41,05:00,906987379684182,1팀,120250649570180200,07.크리스피(ASC)(하이브리드)_A+SC캠페인_구매최적화_수_표준기여_3078_260802_AI,650,0,0,0
2026-08-10 05:13:41,05:00,906987379684182,1팀,120250856737330200,77.프로모션(ASC)(통크크)_TROAS_A+SC캠페인_구매최적화_값_표준기여_260806,415,0,0,0
2026-08-10 05:13:41,05:00,906987379684182,1팀,120250856737340200,77.프로모션(ASC)(통크크)_TCPA_A+SC캠페인_ALL_C7_수_표준기여_260806,96,0,0,0
2026-08-10 05:13:41,05:00,906987379684182,1팀,120250856737350200,77.프로모션(ASC)(통크크)_A+SC캠페인_구매최적화_수_표준기여_260806,1,0,0,0
2026-08-10 05:13:41,05:00,906987379684182,1팀,120250858093370200,01.통살(ASC)(하이브리드)_TROAS_A+SC캠페인_구매최적화_값_표준기여_3028_260806,113,0,0,0
2026-08-10 05:13:41,05:00,906987379684182,1팀,120250858456470200,01.통살(ASC)(하이브리드)_A+SC캠페인_구매최적화_수_표준기여_3028_260806,194,0,0,0
2026-08-10 05:13:41,05:00,906987379684182,1팀,120250858902230200,07.크리스피(ASC)(메가딜)_A+SC캠페인_구매최적화_수_표준기여_2464_260806,299,0,0,0
2026-08-10 05:13:41,05:00,906987379684182,1팀,120250858902240200,07.크리스피(ASC)(메가딜)_TCPA_A+SC캠페인_ALL_C7_수_표준기여_2464_260806,34,0,0,0
2026-08-10 05:13:41,05:00,906987379684182,1팀,120250858902260200,07.크리스피(ASC)(메가딜)_TROAS_A+SC캠페인_구매최적화_값_표준기여_2464_260806,110,0,0,0
2026-08-10 05:13:41,05:00,906987379684182,1팀,120250859130300200,16.안심크리스피(ASC)(메가딜)_TROAS_A+SC캠페인_구매최적화_값_표준기여_2908_260806,14,0,0,0
2026-08-10 05:13:41,05:00,906987379684182,1팀,120250859130340200,16.안심크리스피(ASC)(메가딜)_A+SC캠페인_구매최적화_수_표준기여_2908_260806,101,0,0,0
2026-08-10 05:13:41,05:00,906987379684182,1팀,120250859189800200,17.안심볶음밥(ASC)(메가딜)_A+SC캠페인_구매최적화_수_표준기여_2903_260806,78,0,0,0
2026-08-10 05:13:41,05:00,906987379684182,1팀,120250859189820200,17.안심볶음밥(ASC)(메가딜)_TROAS_A+SC캠페인_구매최적화_값_표준기여_2903_260806,289,0,0,0
2026-08-10 05:13:41,05:00,906987379684182,1팀,120250859259390200,20.김자반밥바(ASC)(메가딜)_TROAS_A+SC캠페인_구매최적화_값_표준기여_3003_260806,945,0,0,0
2026-08-10 05:13:41,05:00,906987379684182,1팀,120250859259410200,20.김자반밥바(ASC)(메가딜)_TCPA_A+SC캠페인_ALL_C7_수_표준기여_3003_260806,118,0,0,0
2026-08-10 05:13:41,05:00,906987379684182,1팀,120250859259430200,20.김자반밥바(ASC)(메가딜)_A+SC캠페인_구매최적화_수_가치조정_3003_260806,333,0,0,0
2026-08-10 05:13:41,05:00,906987379684182,1팀,120250859367430200,20.김자반밥바(ASC)(하이브리드)_A+SC캠페인_구매최적화_수_가치조정_3159_260806,202,0,0,0
2026-08-10 05:13:41,05:00,906987379684182,1팀,120250859367440200,20.김자반밥바(ASC)(하이브리드)_TCPA_A+SC캠페인_ALL_C7_수_표준기여_3159_260806,515,0,0,0
2026-08-10 05:13:41,05:00,906987379684182,1팀,120250859367470200,20.김자반밥바(ASC)(하이브리드)_TROAS_A+SC캠페인_구매최적화_값_표준기여_3159_260806,65,0,0,0
2026-08-10 05:30:36,05:00,906987379684182,1팀,120228320649100200,01.통살(ASC)(101010)_TCPA16000_A+SC 캠페인_ALL_V1C7_수_표준기여_2336,836,0,0,0
2026-08-10 05:30:36,05:00,906987379684182,1팀,120228788396590200,01.통살(ASC)(메가딜)_TCPA20000_A+SC 캠페인_ALL_V1C7_수_표준기여_1874,2212,0,0,0
2026-08-10 05:30:36,05:00,906987379684182,1팀,120230755324960200,07.크리스피(ASC)(메가딜)_A+SC 캠페인_구매최적화_수_표준기여_2464,580,0,0,0
2026-08-10 05:30:36,05:00,906987379684182,1팀,120237509836570200,07.크리스피(ASC)(메가딜)_TCPA16000_A+SC 캠페인_ALL_수_표준기여_2464,3317,0,0,0
2026-08-10 05:30:36,05:00,906987379684182,1팀,120243001852340200,01.통살(ASC)(101010)_TCPA16000_A+SC 캠페인_ALL_V1C7_수_표준기여_2336_02,409,0,0,0
2026-08-10 05:30:36,05:00,906987379684182,1팀,120243258462660200,07.크리스피(ASC)(101010)_A+SC 캠페인_구매최적화_수_표준기여_2659_260322,1681,0,0,0
2026-08-10 05:30:36,05:00,906987379684182,1팀,120243592510760200,16.안심크리스피(ASC)(메가딜)_TCPA14000_A+SC 캠페인_ALL_C7_수_표준기여_2863_260327,685,0,0,0
2026-08-10 05:30:36,05:00,906987379684182,1팀,120244128322750200,01.통살(ASC)(101010)_TCPA16000_A+SC 캠페인_ALL_V1C7_수_표준기여_2336_03,607,0,0,0
2026-08-10 05:30:36,05:00,906987379684182,1팀,120244130427210200,07.크리스피(ASC)(메가딜)_A+SC 캠페인_구매최적화_수_표준기여_2464_260404,1298,0,0,0
2026-08-10 05:30:36,05:00,906987379684182,1팀,120244370408130200,17.안심볶음밥(ASC)(메가딜)_TCPA_A+SC 캠페인_ALL_C7_수_표준기여_2903_260409,653,0,0,0
2026-08-10 05:30:36,05:00,906987379684182,1팀,120246157174550200,17.안심볶음밥(ASC)(메가딜)_A+SC 캠페인_구매최적화_수_표준기여_2903_260507_남자,1324,0,0,0
2026-08-10 05:30:36,05:00,906987379684182,1팀,120246224683700200,17.안심볶음밥(ASC)(메가딜)_A+SC 캠페인_구매최적화_수_표준기여_2903_260507_남자_02,1815,0,0,0
2026-08-10 05:30:36,05:00,906987379684182,1팀,120246397028850200,07.크리스피(ASC)(통합)_A+SC 캠페인_구매최적화_수_표준기여_통합_260511,2249,0,0,0
2026-08-10 05:30:36,05:00,906987379684182,1팀,120246898203940200,03.닭다리살(ASC)(1010)_A+SC캠페인_구매최적화_수_표준기여_2604_260519,1045,0,0,0
2026-08-10 05:30:36,05:00,906987379684182,1팀,120246898384670200,03.닭다리살(ASC)(1010)_TROAS_A+SC캠페인_구매최적화_값_표준기여_2604_260519,1104,0,0,0
2026-08-10 05:30:36,05:00,906987379684182,1팀,120247354343980200,20.김자반밥바(ASC)(메가딜)_TCPA_A+SC캠페인_ALL_C7_수_표준기여_3003_260527,384,0,0,0
2026-08-10 05:30:36,05:00,906987379684182,1팀,120247354558020200,20.김자반밥바(ASC)(메가딜)_A+SC캠페인_구매최적화_수_표준기여_3003_260527,1218,0,0,0
2026-08-10 05:30:36,05:00,906987379684182,1팀,120247379361950200,07.크리스피(ASC)(1010)_A+SC캠페인_구매최적화_수_표준기여_2992_260527,324,0,0,0
2026-08-10 05:30:36,05:00,906987379684182,1팀,120247379587080200,07.크리스피(ASC)(1010)_TROAS_A+SC캠페인_구매최적화_값_표준기여_2992_260527,226,0,0,0
2026-08-10 05:30:36,05:00,906987379684182,1팀,120247842896910200,20.김자반밥바(ASC)(메가딜)_A+SC캠페인_구매최적화_수_표준기여_3003_260603,559,0,0,0
2026-08-10 05:30:36,05:00,906987379684182,1팀,120248207670120200,17.안심볶음밥(ASC)(메가딜)_A+SC 캠페인_구매최적화_수_표준기여_2903_260609_남자(가치조정),937,0,0,0
2026-08-10 05:30:36,05:00,906987379684182,1팀,120248361514480200,01.통살(ASC)(하이브리드)_TCPA_A+SC캠페인_ALL_C7_수_표준기여_3028_260611,15,0,0,0
2026-08-10 05:30:36,05:00,906987379684182,1팀,120248361514580200,01.통살(ASC)(하이브리드)_TROAS_A+SC캠페인_구매최적화_값_표준기여_3028_260611,458,0,0,0
2026-08-10 05:30:36,05:00,906987379684182,1팀,120248762624190200,17.안심볶음밥(ASC)(메가딜)_TCPA_A+SC캠페인_ALL_C7_수_표준기여_2903_260705,6,0,0,0
2026-08-10 05:30:36,05:00,906987379684182,1팀,120248762624470200,17.안심볶음밥(ASC)(메가딜)_TROAS_A+SC캠페인_구매최적화_값_표준기여_2903_260705,256,0,0,0
2026-08-10 05:30:36,05:00,906987379684182,1팀,120248762761370200,17.안심볶음밥(ASC)(메가딜)_A+SC캠페인_구매최적화_수_표준기여_2903_260705,271,0,0,0
2026-08-10 05:30:36,05:00,906987379684182,1팀,120248762858730200,16.안심크리스피(ASC)(메가딜)_A+SC 캠페인_구매최적화_수_표준기여_2908_260720(페르소나),262,0,0,0
2026-08-10 05:30:36,05:00,906987379684182,1팀,120248763306900200,16.안심크리스피(ASC)(메가딜)_TCPA_A+SC캠페인_ALL_C7_수_표준기여_2908_260621,585,0,0,0
2026-08-10 05:30:36,05:00,906987379684182,1팀,120248763797300200,21.통살+그릴드(ASC)(메가딜)_TROAS_A+SC캠페인_구매최적화_값_표준기여_3068_260617,170,0,0,0
2026-08-10 05:30:36,05:00,906987379684182,1팀,120248763797350200,21.통살+그릴드(ASC)(메가딜)_A+SC캠페인_구매최적화_수_표준기여_3068_260617,133,0,0,0
2026-08-10 05:30:36,05:00,906987379684182,1팀,120249317264110200,07.크리스피(ASC)(하이브리드)_A+SC캠페인_구매최적화_수_표준기여_3078_260713,2627,0,0,0
2026-08-10 05:30:36,05:00,906987379684182,1팀,120249317264120200,07.크리스피(ASC)(하이브리드)_TCPA_A+SC캠페인_ALL_C7_수_표준기여_3078_260713,633,0,0,0
2026-08-10 05:30:36,05:00,906987379684182,1팀,120249317264140200,07.크리스피(ASC)(하이브리드)_TROAS_A+SC캠페인_구매최적화_값_표준기여_3078_260713,2112,0,0,0
2026-08-10 05:30:36,05:00,906987379684182,1팀,120249873291990200,07.크리스피(ASC)(1010)_TROAS_A+SC캠페인_구매최적화_값_표준기여_2992_260705,337,0,0,0
2026-08-10 05:30:36,05:00,906987379684182,1팀,120249873905240200,07.크리스피(ASC)(101010)_TROAS_A+SC캠페인_구매최적화_값_표준기여_2659_260705,301,0,0,0
2026-08-10 05:30:36,05:00,906987379684182,1팀,120249873905280200,07.크리스피(ASC)(101010)_A+SC캠페인_구매최적화_수_표준기여_2659_260705,376,0,0,0
2026-08-10 05:30:36,05:00,906987379684182,1팀,120249875227840200,16.안심크리스피(ASC)(메가딜)_A+SC캠페인_구매최적화_수_표준기여_2908_260705,755,0,0,0
2026-08-10 05:30:36,05:00,906987379684182,1팀,120249875227870200,16.안심크리스피(ASC)(메가딜)_TCPA_A+SC캠페인_ALL_C7_수_표준기여_2908_260705,30,0,0,0
2026-08-10 05:30:36,05:00,906987379684182,1팀,120249876219490200,20.김자반밥바(ASC)(메가딜)_A+SC캠페인_구매최적화_수_표준기여_3003_260705,387,1,18900,4883.720930232558
2026-08-10 05:30:36,05:00,906987379684182,1팀,120249876219520200,20.김자반밥바(ASC)(메가딜)_TROAS_A+SC캠페인_구매최적화_값_표준기여_3003_260705,692,0,0,0
2026-08-10 05:30:36,05:00,906987379684182,1팀,120249878429160200,01.통살(ASC)(하이브리드)_TROAS_A+SC캠페인_구매최적화_값_표준기여_3028_260705,938,0,0,0
2026-08-10 05:30:36,05:00,906987379684182,1팀,120249878429240200,01.통살(ASC)(하이브리드)_A+SC캠페인_구매최적화_수_표준기여_3028_260705,1541,0,0,0
2026-08-10 05:30:36,05:00,906987379684182,1팀,120250098930220200,01.통살(ASC)(101010)_TROAS_A+SC캠페인_구매최적화_값_표준기여_2336_260712,1005,0,0,0
2026-08-10 05:30:36,05:00,906987379684182,1팀,120250099159310200,07.크리스피(ASC)(메가딜)_A+SC캠페인_구매최적화_수_표준기여_2464_260712,169,0,0,0
2026-08-10 05:30:36,05:00,906987379684182,1팀,120250099159320200,07.크리스피(ASC)(메가딜)_TROAS_A+SC캠페인_구매최적화_값_표준기여_2464_260712,453,0,0,0
2026-08-10 05:30:36,05:00,906987379684182,1팀,120250099159330200,07.크리스피(ASC)(메가딜)_TCPA_A+SC캠페인_ALL_C7_수_표준기여_2464_260712,89,0,0,0
2026-08-10 05:30:36,05:00,906987379684182,1팀,120250099335020200,77.프로모션(ASC)(줄리엔강)_TCPA_A+SC캠페인_ALL_C7_수_표준기여_260713,411,1,68400,16642.33576642336
2026-08-10 05:30:36,05:00,906987379684182,1팀,120250099335030200,77.프로모션(ASC)(줄리엔강)_TROAS_A+SC캠페인_구매최적화_값_표준기여_260713,385,0,0,0
2026-08-10 05:30:36,05:00,906987379684182,1팀,120250268133470200,03.닭다리살(ASC)(하이브리드)_TROAS_A+SC캠페인_구매최적화_값_표준기여_3111_260726,287,0,0,0
2026-08-10 05:30:36,05:00,906987379684182,1팀,120250444210730200,20.김자반밥바(ASC)(하이브리드)_TROAS_A+SC캠페인_구매최적화_값_표준기여_3159_260726,828,0,0,0
2026-08-10 05:30:36,05:00,906987379684182,1팀,120250444210740200,20.김자반밥바(ASC)(하이브리드)_A+SC캠페인_구매최적화_수_표준기여_3159_260726,246,0,0,0
2026-08-10 05:30:36,05:00,906987379684182,1팀,120250444210900200,20.김자반밥바(ASC)(하이브리드)_TCPA_A+SC캠페인_ALL_C7_수_표준기여_3159_260726,255,0,0,0
2026-08-10 05:30:36,05:00,906987379684182,1팀,120250444423310200,21.통살+그릴드(ASC)(하이브리드)_TROAS_A+SC캠페인_구매최적화_값_표준기여_3162_260726,164,0,0,0
2026-08-10 05:30:36,05:00,906987379684182,1팀,120250444423320200,21.통살+그릴드(ASC)(하이브리드)_TCPA_A+SC캠페인_ALL_C7_수_표준기여_3162_260726,79,0,0,0
2026-08-10 05:30:36,05:00,906987379684182,1팀,120250444423330200,21.통살+그릴드(ASC)(하이브리드)_A+SC캠페인_구매최적화_수_표준기여_3162_260726,112,0,0,0
2026-08-10 05:30:36,05:00,906987379684182,1팀,120250475752460200,07.크리스피(ASC)(하이브리드)_TROAS_A+SC캠페인_구매최적화_값_표준기여_3078_260722(페르소나),100,0,0,0
2026-08-10 05:30:36,05:00,906987379684182,1팀,120250614451020200,07.크리스피(ASC)(하이브리드)_A+SC캠페인_구매최적화_수_표준기여_3078_260728,106,0,0,0
2026-08-10 05:30:36,05:00,906987379684182,1팀,120250614451040200,07.크리스피(ASC)(하이브리드)_TROAS_A+SC캠페인_구매최적화_값_표준기여_3078_260728,1192,0,0,0
2026-08-10 05:30:36,05:00,906987379684182,1팀,120250614451160200,07.크리스피(ASC)(하이브리드)_TCPA_A+SC캠페인_ALL_C7_수_표준기여_3078_260728,4,0,0,0
2026-08-10 05:30:36,05:00,906987379684182,1팀,120250649570130200,07.크리스피(ASC)(하이브리드)_TROAS_A+SC캠페인_구매최적화_값_표준기여_3078_260802_AI,5140,0,0,0
2026-08-10 05:30:36,05:00,906987379684182,1팀,120250649570180200,07.크리스피(ASC)(하이브리드)_A+SC캠페인_구매최적화_수_표준기여_3078_260802_AI,1483,0,0,0
2026-08-10 05:30:36,05:00,906987379684182,1팀,120250856737330200,77.프로모션(ASC)(통크크)_TROAS_A+SC캠페인_구매최적화_값_표준기여_260806,1293,0,0,0
2026-08-10 05:30:36,05:00,906987379684182,1팀,120250856737340200,77.프로모션(ASC)(통크크)_TCPA_A+SC캠페인_ALL_C7_수_표준기여_260806,295,0,0,0
2026-08-10 05:30:36,05:00,906987379684182,1팀,120250856737350200,77.프로모션(ASC)(통크크)_A+SC캠페인_구매최적화_수_표준기여_260806,25,0,0,0
2026-08-10 05:30:36,05:00,906987379684182,1팀,120250858093370200,01.통살(ASC)(하이브리드)_TROAS_A+SC캠페인_구매최적화_값_표준기여_3028_260806,347,0,0,0
2026-08-10 05:30:36,05:00,906987379684182,1팀,120250858456470200,01.통살(ASC)(하이브리드)_A+SC캠페인_구매최적화_수_표준기여_3028_260806,413,0,0,0
2026-08-10 05:30:36,05:00,906987379684182,1팀,120250858902230200,07.크리스피(ASC)(메가딜)_A+SC캠페인_구매최적화_수_표준기여_2464_260806,686,0,0,0
2026-08-10 05:30:36,05:00,906987379684182,1팀,120250858902240200,07.크리스피(ASC)(메가딜)_TCPA_A+SC캠페인_ALL_C7_수_표준기여_2464_260806,46,0,0,0
2026-08-10 05:30:36,05:00,906987379684182,1팀,120250858902260200,07.크리스피(ASC)(메가딜)_TROAS_A+SC캠페인_구매최적화_값_표준기여_2464_260806,256,0,0,0
2026-08-10 05:30:36,05:00,906987379684182,1팀,120250859130300200,16.안심크리스피(ASC)(메가딜)_TROAS_A+SC캠페인_구매최적화_값_표준기여_2908_260806,102,0,0,0
2026-08-10 05:30:36,05:00,906987379684182,1팀,120250859130340200,16.안심크리스피(ASC)(메가딜)_A+SC캠페인_구매최적화_수_표준기여_2908_260806,255,0,0,0
2026-08-10 05:30:36,05:00,906987379684182,1팀,120250859189800200,17.안심볶음밥(ASC)(메가딜)_A+SC캠페인_구매최적화_수_표준기여_2903_260806,330,0,0,0
2026-08-10 05:30:36,05:00,906987379684182,1팀,120250859189820200,17.안심볶음밥(ASC)(메가딜)_TROAS_A+SC캠페인_구매최적화_값_표준기여_2903_260806,922,0,0,0
2026-08-10 05:30:36,05:00,906987379684182,1팀,120250859259390200,20.김자반밥바(ASC)(메가딜)_TROAS_A+SC캠페인_구매최적화_값_표준기여_3003_260806,2246,0,0,0
2026-08-10 05:30:36,05:00,906987379684182,1팀,120250859259410200,20.김자반밥바(ASC)(메가딜)_TCPA_A+SC캠페인_ALL_C7_수_표준기여_3003_260806,379,0,0,0
2026-08-10 05:30:36,05:00,906987379684182,1팀,120250859259430200,20.김자반밥바(ASC)(메가딜)_A+SC캠페인_구매최적화_수_가치조정_3003_260806,1464,0,0,0
2026-08-10 05:30:36,05:00,906987379684182,1팀,120250859367430200,20.김자반밥바(ASC)(하이브리드)_A+SC캠페인_구매최적화_수_가치조정_3159_260806,974,0,0,0
2026-08-10 05:30:36,05:00,906987379684182,1팀,120250859367440200,20.김자반밥바(ASC)(하이브리드)_TCPA_A+SC캠페인_ALL_C7_수_표준기여_3159_260806,1500,0,0,0
2026-08-10 05:30:36,05:00,906987379684182,1팀,120250859367470200,20.김자반밥바(ASC)(하이브리드)_TROAS_A+SC캠페인_구매최적화_값_표준기여_3159_260806,138,0,0,0
2026-08-10 05:56:01,05:00,906987379684182,1팀,120228320649100200,01.통살(ASC)(101010)_TCPA16000_A+SC 캠페인_ALL_V1C7_수_표준기여_2336,1748,0,0,0
2026-08-10 05:56:01,05:00,906987379684182,1팀,120228788396590200,01.통살(ASC)(메가딜)_TCPA20000_A+SC 캠페인_ALL_V1C7_수_표준기여_1874,5716,0,0,0
2026-08-10 05:56:01,05:00,906987379684182,1팀,120230755324960200,07.크리스피(ASC)(메가딜)_A+SC 캠페인_구매최적화_수_표준기여_2464,928,0,0,0
2026-08-10 05:56:01,05:00,906987379684182,1팀,120237509836570200,07.크리스피(ASC)(메가딜)_TCPA16000_A+SC 캠페인_ALL_수_표준기여_2464,5632,1,77600,1377.8409090909092
2026-08-10 05:56:01,05:00,906987379684182,1팀,120243001852340200,01.통살(ASC)(101010)_TCPA16000_A+SC 캠페인_ALL_V1C7_수_표준기여_2336_02,868,0,0,0
2026-08-10 05:56:01,05:00,906987379684182,1팀,120243258462660200,07.크리스피(ASC)(101010)_A+SC 캠페인_구매최적화_수_표준기여_2659_260322,2929,0,0,0
2026-08-10 05:56:01,05:00,906987379684182,1팀,120243592510760200,16.안심크리스피(ASC)(메가딜)_TCPA14000_A+SC 캠페인_ALL_C7_수_표준기여_2863_260327,1601,1,25900,1617.738913179263
2026-08-10 05:56:01,05:00,906987379684182,1팀,120244128322750200,01.통살(ASC)(101010)_TCPA16000_A+SC 캠페인_ALL_V1C7_수_표준기여_2336_03,1162,0,0,0
2026-08-10 05:56:01,05:00,906987379684182,1팀,120244130427210200,07.크리스피(ASC)(메가딜)_A+SC 캠페인_구매최적화_수_표준기여_2464_260404,1738,0,0,0
2026-08-10 05:56:01,05:00,906987379684182,1팀,120244370408130200,17.안심볶음밥(ASC)(메가딜)_TCPA_A+SC 캠페인_ALL_C7_수_표준기여_2903_260409,1120,0,0,0
2026-08-10 05:56:01,05:00,906987379684182,1팀,120246157174550200,17.안심볶음밥(ASC)(메가딜)_A+SC 캠페인_구매최적화_수_표준기여_2903_260507_남자,2155,0,0,0
2026-08-10 05:56:01,05:00,906987379684182,1팀,120246224683700200,17.안심볶음밥(ASC)(메가딜)_A+SC 캠페인_구매최적화_수_표준기여_2903_260507_남자_02,4258,0,0,0
2026-08-10 05:56:01,05:00,906987379684182,1팀,120246397028850200,07.크리스피(ASC)(통합)_A+SC 캠페인_구매최적화_수_표준기여_통합_260511,5012,0,0,0
2026-08-10 05:56:01,05:00,906987379684182,1팀,120246898203940200,03.닭다리살(ASC)(1010)_A+SC캠페인_구매최적화_수_표준기여_2604_260519,1661,0,0,0
2026-08-10 05:56:01,05:00,906987379684182,1팀,120246898384670200,03.닭다리살(ASC)(1010)_TROAS_A+SC캠페인_구매최적화_값_표준기여_2604_260519,4726,0,0,0
2026-08-10 05:56:01,05:00,906987379684182,1팀,120247354343980200,20.김자반밥바(ASC)(메가딜)_TCPA_A+SC캠페인_ALL_C7_수_표준기여_3003_260527,787,0,0,0
2026-08-10 05:56:01,05:00,906987379684182,1팀,120247354558020200,20.김자반밥바(ASC)(메가딜)_A+SC캠페인_구매최적화_수_표준기여_3003_260527,2053,0,0,0
2026-08-10 05:56:01,05:00,906987379684182,1팀,120247379361950200,07.크리스피(ASC)(1010)_A+SC캠페인_구매최적화_수_표준기여_2992_260527,718,1,44000,6128.133704735375
2026-08-10 05:56:01,05:00,906987379684182,1팀,120247379587080200,07.크리스피(ASC)(1010)_TROAS_A+SC캠페인_구매최적화_값_표준기여_2992_260527,811,0,0,0
2026-08-10 05:56:01,05:00,906987379684182,1팀,120247842896910200,20.김자반밥바(ASC)(메가딜)_A+SC캠페인_구매최적화_수_표준기여_3003_260603,1289,0,0,0
2026-08-10 05:56:01,05:00,906987379684182,1팀,120248207670120200,17.안심볶음밥(ASC)(메가딜)_A+SC 캠페인_구매최적화_수_표준기여_2903_260609_남자(가치조정),1504,0,0,0
2026-08-10 05:56:01,05:00,906987379684182,1팀,120248361514480200,01.통살(ASC)(하이브리드)_TCPA_A+SC캠페인_ALL_C7_수_표준기여_3028_260611,41,0,0,0
2026-08-10 05:56:01,05:00,906987379684182,1팀,120248361514580200,01.통살(ASC)(하이브리드)_TROAS_A+SC캠페인_구매최적화_값_표준기여_3028_260611,1074,0,0,0
2026-08-10 05:56:01,05:00,906987379684182,1팀,120248762624190200,17.안심볶음밥(ASC)(메가딜)_TCPA_A+SC캠페인_ALL_C7_수_표준기여_2903_260705,6,0,0,0
2026-08-10 05:56:01,05:00,906987379684182,1팀,120248762624470200,17.안심볶음밥(ASC)(메가딜)_TROAS_A+SC캠페인_구매최적화_값_표준기여_2903_260705,660,0,0,0
2026-08-10 05:56:01,05:00,906987379684182,1팀,120248762761370200,17.안심볶음밥(ASC)(메가딜)_A+SC캠페인_구매최적화_수_표준기여_2903_260705,496,0,0,0
2026-08-10 05:56:01,05:00,906987379684182,1팀,120248762858730200,16.안심크리스피(ASC)(메가딜)_A+SC 캠페인_구매최적화_수_표준기여_2908_260720(페르소나),778,0,0,0
2026-08-10 05:56:01,05:00,906987379684182,1팀,120248763306900200,16.안심크리스피(ASC)(메가딜)_TCPA_A+SC캠페인_ALL_C7_수_표준기여_2908_260621,1415,0,0,0
2026-08-10 05:56:01,05:00,906987379684182,1팀,120248763797300200,21.통살+그릴드(ASC)(메가딜)_TROAS_A+SC캠페인_구매최적화_값_표준기여_3068_260617,445,0,0,0
2026-08-10 05:56:01,05:00,906987379684182,1팀,120248763797350200,21.통살+그릴드(ASC)(메가딜)_A+SC캠페인_구매최적화_수_표준기여_3068_260617,421,0,0,0
2026-08-10 05:56:01,05:00,906987379684182,1팀,120249317264110200,07.크리스피(ASC)(하이브리드)_A+SC캠페인_구매최적화_수_표준기여_3078_260713,5191,0,0,0
2026-08-10 05:56:01,05:00,906987379684182,1팀,120249317264120200,07.크리스피(ASC)(하이브리드)_TCPA_A+SC캠페인_ALL_C7_수_표준기여_3078_260713,1132,0,0,0
2026-08-10 05:56:01,05:00,906987379684182,1팀,120249317264140200,07.크리스피(ASC)(하이브리드)_TROAS_A+SC캠페인_구매최적화_값_표준기여_3078_260713,6025,0,0,0
2026-08-10 05:56:01,05:00,906987379684182,1팀,120249873291990200,07.크리스피(ASC)(1010)_TROAS_A+SC캠페인_구매최적화_값_표준기여_2992_260705,506,0,0,0
2026-08-10 05:56:01,05:00,906987379684182,1팀,120249873905240200,07.크리스피(ASC)(101010)_TROAS_A+SC캠페인_구매최적화_값_표준기여_2659_260705,557,0,0,0
2026-08-10 05:56:01,05:00,906987379684182,1팀,120249873905280200,07.크리스피(ASC)(101010)_A+SC캠페인_구매최적화_수_표준기여_2659_260705,874,0,0,0
2026-08-10 05:56:01,05:00,906987379684182,1팀,120249875227840200,16.안심크리스피(ASC)(메가딜)_A+SC캠페인_구매최적화_수_표준기여_2908_260705,1874,0,0,0
2026-08-10 05:56:01,05:00,906987379684182,1팀,120249875227870200,16.안심크리스피(ASC)(메가딜)_TCPA_A+SC캠페인_ALL_C7_수_표준기여_2908_260705,30,0,0,0
2026-08-10 05:56:01,05:00,906987379684182,1팀,120249876219490200,20.김자반밥바(ASC)(메가딜)_A+SC캠페인_구매최적화_수_표준기여_3003_260705,1555,1,18900,1215.4340836012861
2026-08-10 05:56:01,05:00,906987379684182,1팀,120249876219520200,20.김자반밥바(ASC)(메가딜)_TROAS_A+SC캠페인_구매최적화_값_표준기여_3003_260705,1723,0,0,0
2026-08-10 05:56:01,05:00,906987379684182,1팀,120249878429160200,01.통살(ASC)(하이브리드)_TROAS_A+SC캠페인_구매최적화_값_표준기여_3028_260705,1776,0,0,0
2026-08-10 05:56:01,05:00,906987379684182,1팀,120249878429240200,01.통살(ASC)(하이브리드)_A+SC캠페인_구매최적화_수_표준기여_3028_260705,2088,0,0,0
2026-08-10 05:56:01,05:00,906987379684182,1팀,120250098930220200,01.통살(ASC)(101010)_TROAS_A+SC캠페인_구매최적화_값_표준기여_2336_260712,2175,0,0,0
2026-08-10 05:56:01,05:00,906987379684182,1팀,120250099159310200,07.크리스피(ASC)(메가딜)_A+SC캠페인_구매최적화_수_표준기여_2464_260712,608,0,0,0
2026-08-10 05:56:01,05:00,906987379684182,1팀,120250099159320200,07.크리스피(ASC)(메가딜)_TROAS_A+SC캠페인_구매최적화_값_표준기여_2464_260712,698,0,0,0
2026-08-10 05:56:01,05:00,906987379684182,1팀,120250099159330200,07.크리스피(ASC)(메가딜)_TCPA_A+SC캠페인_ALL_C7_수_표준기여_2464_260712,824,0,0,0
2026-08-10 05:56:01,05:00,906987379684182,1팀,120250099335020200,77.프로모션(ASC)(줄리엔강)_TCPA_A+SC캠페인_ALL_C7_수_표준기여_260713,1096,1,68400,6240.875912408759
2026-08-10 05:56:01,05:00,906987379684182,1팀,120250099335030200,77.프로모션(ASC)(줄리엔강)_TROAS_A+SC캠페인_구매최적화_값_표준기여_260713,728,0,0,0
2026-08-10 05:56:01,05:00,906987379684182,1팀,120250268133470200,03.닭다리살(ASC)(하이브리드)_TROAS_A+SC캠페인_구매최적화_값_표준기여_3111_260726,732,0,0,0
2026-08-10 05:56:01,05:00,906987379684182,1팀,120250444210730200,20.김자반밥바(ASC)(하이브리드)_TROAS_A+SC캠페인_구매최적화_값_표준기여_3159_260726,2153,0,0,0
2026-08-10 05:56:01,05:00,906987379684182,1팀,120250444210740200,20.김자반밥바(ASC)(하이브리드)_A+SC캠페인_구매최적화_수_표준기여_3159_260726,411,0,0,0
2026-08-10 05:56:01,05:00,906987379684182,1팀,120250444210900200,20.김자반밥바(ASC)(하이브리드)_TCPA_A+SC캠페인_ALL_C7_수_표준기여_3159_260726,422,0,0,0
2026-08-10 05:56:01,05:00,906987379684182,1팀,120250444423310200,21.통살+그릴드(ASC)(하이브리드)_TROAS_A+SC캠페인_구매최적화_값_표준기여_3162_260726,566,1,180000,31802.120141342755
2026-08-10 05:56:01,05:00,906987379684182,1팀,120250444423320200,21.통살+그릴드(ASC)(하이브리드)_TCPA_A+SC캠페인_ALL_C7_수_표준기여_3162_260726,188,0,0,0
2026-08-10 05:56:01,05:00,906987379684182,1팀,120250444423330200,21.통살+그릴드(ASC)(하이브리드)_A+SC캠페인_구매최적화_수_표준기여_3162_260726,236,0,0,0
2026-08-10 05:56:01,05:00,906987379684182,1팀,120250475752460200,07.크리스피(ASC)(하이브리드)_TROAS_A+SC캠페인_구매최적화_값_표준기여_3078_260722(페르소나),150,0,0,0
2026-08-10 05:56:01,05:00,906987379684182,1팀,120250614451020200,07.크리스피(ASC)(하이브리드)_A+SC캠페인_구매최적화_수_표준기여_3078_260728,319,0,0,0
2026-08-10 05:56:01,05:00,906987379684182,1팀,120250614451040200,07.크리스피(ASC)(하이브리드)_TROAS_A+SC캠페인_구매최적화_값_표준기여_3078_260728,2311,0,0,0
2026-08-10 05:56:01,05:00,906987379684182,1팀,120250614451160200,07.크리스피(ASC)(하이브리드)_TCPA_A+SC캠페인_ALL_C7_수_표준기여_3078_260728,4,0,0,0
2026-08-10 05:56:01,05:00,906987379684182,1팀,120250649570130200,07.크리스피(ASC)(하이브리드)_TROAS_A+SC캠페인_구매최적화_값_표준기여_3078_260802_AI,11355,0,0,0
2026-08-10 05:56:01,05:00,906987379684182,1팀,120250649570180200,07.크리스피(ASC)(하이브리드)_A+SC캠페인_구매최적화_수_표준기여_3078_260802_AI,3374,0,0,0
2026-08-10 05:56:01,05:00,906987379684182,1팀,120250856737330200,77.프로모션(ASC)(통크크)_TROAS_A+SC캠페인_구매최적화_값_표준기여_260806,3734,0,0,0
2026-08-10 05:56:01,05:00,906987379684182,1팀,120250856737340200,77.프로모션(ASC)(통크크)_TCPA_A+SC캠페인_ALL_C7_수_표준기여_260806,582,0,0,0
2026-08-10 05:56:01,05:00,906987379684182,1팀,120250856737350200,77.프로모션(ASC)(통크크)_A+SC캠페인_구매최적화_수_표준기여_260806,58,0,0,0
2026-08-10 05:56:01,05:00,906987379684182,1팀,120250858093370200,01.통살(ASC)(하이브리드)_TROAS_A+SC캠페인_구매최적화_값_표준기여_3028_260806,568,0,0,0
2026-08-10 05:56:01,05:00,906987379684182,1팀,120250858456470200,01.통살(ASC)(하이브리드)_A+SC캠페인_구매최적화_수_표준기여_3028_260806,558,0,0,0
2026-08-10 05:56:01,05:00,906987379684182,1팀,120250858902230200,07.크리스피(ASC)(메가딜)_A+SC캠페인_구매최적화_수_표준기여_2464_260806,698,0,0,0
2026-08-10 05:56:01,05:00,906987379684182,1팀,120250858902240200,07.크리스피(ASC)(메가딜)_TCPA_A+SC캠페인_ALL_C7_수_표준기여_2464_260806,49,0,0,0
2026-08-10 05:56:01,05:00,906987379684182,1팀,120250858902260200,07.크리스피(ASC)(메가딜)_TROAS_A+SC캠페인_구매최적화_값_표준기여_2464_260806,280,0,0,0
2026-08-10 05:56:01,05:00,906987379684182,1팀,120250859130300200,16.안심크리스피(ASC)(메가딜)_TROAS_A+SC캠페인_구매최적화_값_표준기여_2908_260806,102,0,0,0
2026-08-10 05:56:01,05:00,906987379684182,1팀,120250859130310200,16.안심크리스피(ASC)(메가딜)_TCPA_A+SC캠페인_ALL_C7_수_표준기여_2908_260806,24,0,0,0
2026-08-10 05:56:01,05:00,906987379684182,1팀,120250859130340200,16.안심크리스피(ASC)(메가딜)_A+SC캠페인_구매최적화_수_표준기여_2908_260806,554,0,0,0
2026-08-10 05:56:01,05:00,906987379684182,1팀,120250859189800200,17.안심볶음밥(ASC)(메가딜)_A+SC캠페인_구매최적화_수_표준기여_2903_260806,445,0,0,0
2026-08-10 05:56:01,05:00,906987379684182,1팀,120250859189810200,17.안심볶음밥(ASC)(메가딜)_TCPA_A+SC캠페인_ALL_C7_수_표준기여_2903_260806,65,0,0,0
2026-08-10 05:56:01,05:00,906987379684182,1팀,120250859189820200,17.안심볶음밥(ASC)(메가딜)_TROAS_A+SC캠페인_구매최적화_값_표준기여_2903_260806,1253,0,0,0
2026-08-10 05:56:01,05:00,906987379684182,1팀,120250859259390200,20.김자반밥바(ASC)(메가딜)_TROAS_A+SC캠페인_구매최적화_값_표준기여_3003_260806,4356,0,0,0
2026-08-10 05:56:01,05:00,906987379684182,1팀,120250859259410200,20.김자반밥바(ASC)(메가딜)_TCPA_A+SC캠페인_ALL_C7_수_표준기여_3003_260806,925,0,0,0
2026-08-10 05:56:01,05:00,906987379684182,1팀,120250859259430200,20.김자반밥바(ASC)(메가딜)_A+SC캠페인_구매최적화_수_가치조정_3003_260806,3486,0,0,0
2026-08-10 05:56:01,05:00,906987379684182,1팀,120250859367430200,20.김자반밥바(ASC)(하이브리드)_A+SC캠페인_구매최적화_수_가치조정_3159_260806,2105,0,0,0
2026-08-10 05:56:01,05:00,906987379684182,1팀,120250859367440200,20.김자반밥바(ASC)(하이브리드)_TCPA_A+SC캠페인_ALL_C7_수_표준기여_3159_260806,4171,0,0,0
2026-08-10 05:56:01,05:00,906987379684182,1팀,120250859367470200,20.김자반밥바(ASC)(하이브리드)_TROAS_A+SC캠페인_구매최적화_값_표준기여_3159_260806,482,0,0,0
2026-08-10 06:30:34,06:00,906987379684182,1팀,120228320649100200,01.통살(ASC)(101010)_TCPA16000_A+SC 캠페인_ALL_V1C7_수_표준기여_2336,594,0,0,0
2026-08-10 06:30:34,06:00,906987379684182,1팀,120228788396590200,01.통살(ASC)(메가딜)_TCPA20000_A+SC 캠페인_ALL_V1C7_수_표준기여_1874,5565,0,0,0
2026-08-10 06:30:34,06:00,906987379684182,1팀,120230755324960200,07.크리스피(ASC)(메가딜)_A+SC 캠페인_구매최적화_수_표준기여_2464,179,0,0,0
2026-08-10 06:30:34,06:00,906987379684182,1팀,120237509836570200,07.크리스피(ASC)(메가딜)_TCPA16000_A+SC 캠페인_ALL_수_표준기여_2464,2993,0,0,0
2026-08-10 06:30:34,06:00,906987379684182,1팀,120243001852340200,01.통살(ASC)(101010)_TCPA16000_A+SC 캠페인_ALL_V1C7_수_표준기여_2336_02,459,0,0,0
2026-08-10 06:30:34,06:00,906987379684182,1팀,120243258462660200,07.크리스피(ASC)(101010)_A+SC 캠페인_구매최적화_수_표준기여_2659_260322,1029,0,0,0
2026-08-10 06:30:34,06:00,906987379684182,1팀,120243592510760200,16.안심크리스피(ASC)(메가딜)_TCPA14000_A+SC 캠페인_ALL_C7_수_표준기여_2863_260327,686,0,0,0
2026-08-10 06:30:34,06:00,906987379684182,1팀,120244042753880200,07.크리스피(ASC)(메가딜)_TCPA16000_A+SC 캠페인_ALL_수_표준기여_2464_260403,0,0,0,0
2026-08-10 06:30:34,06:00,906987379684182,1팀,120244128322750200,01.통살(ASC)(101010)_TCPA16000_A+SC 캠페인_ALL_V1C7_수_표준기여_2336_03,1656,0,0,0
2026-08-10 06:30:34,06:00,906987379684182,1팀,120244130427210200,07.크리스피(ASC)(메가딜)_A+SC 캠페인_구매최적화_수_표준기여_2464_260404,668,0,0,0
2026-08-10 06:30:34,06:00,906987379684182,1팀,120244370408130200,17.안심볶음밥(ASC)(메가딜)_TCPA_A+SC 캠페인_ALL_C7_수_표준기여_2903_260409,720,0,0,0
2026-08-10 06:30:34,06:00,906987379684182,1팀,120246157174550200,17.안심볶음밥(ASC)(메가딜)_A+SC 캠페인_구매최적화_수_표준기여_2903_260507_남자,816,0,0,0
2026-08-10 06:30:34,06:00,906987379684182,1팀,120246224683700200,17.안심볶음밥(ASC)(메가딜)_A+SC 캠페인_구매최적화_수_표준기여_2903_260507_남자_02,2728,0,0,0
2026-08-10 06:30:34,06:00,906987379684182,1팀,120246397028850200,07.크리스피(ASC)(통합)_A+SC 캠페인_구매최적화_수_표준기여_통합_260511,3985,0,0,0
2026-08-10 06:30:34,06:00,906987379684182,1팀,120246898203940200,03.닭다리살(ASC)(1010)_A+SC캠페인_구매최적화_수_표준기여_2604_260519,635,0,0,0
2026-08-10 06:30:34,06:00,906987379684182,1팀,120246898384670200,03.닭다리살(ASC)(1010)_TROAS_A+SC캠페인_구매최적화_값_표준기여_2604_260519,4898,2,101800,2078.399346672111
2026-08-10 06:30:34,06:00,906987379684182,1팀,120247354343980200,20.김자반밥바(ASC)(메가딜)_TCPA_A+SC캠페인_ALL_C7_수_표준기여_3003_260527,674,0,0,0
2026-08-10 06:30:34,06:00,906987379684182,1팀,120247354558020200,20.김자반밥바(ASC)(메가딜)_A+SC캠페인_구매최적화_수_표준기여_3003_260527,1503,0,0,0
2026-08-10 06:30:34,06:00,906987379684182,1팀,120247379361950200,07.크리스피(ASC)(1010)_A+SC캠페인_구매최적화_수_표준기여_2992_260527,142,0,0,0
2026-08-10 06:30:34,06:00,906987379684182,1팀,120247379587080200,07.크리스피(ASC)(1010)_TROAS_A+SC캠페인_구매최적화_값_표준기여_2992_260527,1602,0,0,0
2026-08-10 06:30:34,06:00,906987379684182,1팀,120247842896910200,20.김자반밥바(ASC)(메가딜)_A+SC캠페인_구매최적화_수_표준기여_3003_260603,346,0,0,0
2026-08-10 06:30:34,06:00,906987379684182,1팀,120248207670120200,17.안심볶음밥(ASC)(메가딜)_A+SC 캠페인_구매최적화_수_표준기여_2903_260609_남자(가치조정),367,0,0,0
2026-08-10 06:30:34,06:00,906987379684182,1팀,120248361514480200,01.통살(ASC)(하이브리드)_TCPA_A+SC캠페인_ALL_C7_수_표준기여_3028_260611,15,0,0,0
2026-08-10 06:30:34,06:00,906987379684182,1팀,120248361514580200,01.통살(ASC)(하이브리드)_TROAS_A+SC캠페인_구매최적화_값_표준기여_3028_260611,678,0,0,0
2026-08-10 06:30:34,06:00,906987379684182,1팀,120248762624470200,17.안심볶음밥(ASC)(메가딜)_TROAS_A+SC캠페인_구매최적화_값_표준기여_2903_260705,717,0,0,0
2026-08-10 06:30:34,06:00,906987379684182,1팀,120248762761370200,17.안심볶음밥(ASC)(메가딜)_A+SC캠페인_구매최적화_수_표준기여_2903_260705,424,0,0,0
2026-08-10 06:30:34,06:00,906987379684182,1팀,120248762858730200,16.안심크리스피(ASC)(메가딜)_A+SC 캠페인_구매최적화_수_표준기여_2908_260720(페르소나),533,0,0,0
2026-08-10 06:30:34,06:00,906987379684182,1팀,120248763306900200,16.안심크리스피(ASC)(메가딜)_TCPA_A+SC캠페인_ALL_C7_수_표준기여_2908_260621,495,0,0,0
2026-08-10 06:30:34,06:00,906987379684182,1팀,120248763797300200,21.통살+그릴드(ASC)(메가딜)_TROAS_A+SC캠페인_구매최적화_값_표준기여_3068_260617,582,0,0,0
2026-08-10 06:30:34,06:00,906987379684182,1팀,120248763797350200,21.통살+그릴드(ASC)(메가딜)_A+SC캠페인_구매최적화_수_표준기여_3068_260617,504,0,0,0
2026-08-10 06:30:34,06:00,906987379684182,1팀,120249317264110200,07.크리스피(ASC)(하이브리드)_A+SC캠페인_구매최적화_수_표준기여_3078_260713,3717,0,0,0
2026-08-10 06:30:34,06:00,906987379684182,1팀,120249317264120200,07.크리스피(ASC)(하이브리드)_TCPA_A+SC캠페인_ALL_C7_수_표준기여_3078_260713,1202,0,0,0
2026-08-10 06:30:34,06:00,906987379684182,1팀,120249317264140200,07.크리스피(ASC)(하이브리드)_TROAS_A+SC캠페인_구매최적화_값_표준기여_3078_260713,5004,0,0,0
2026-08-10 06:30:34,06:00,906987379684182,1팀,120249873291990200,07.크리스피(ASC)(1010)_TROAS_A+SC캠페인_구매최적화_값_표준기여_2992_260705,483,0,0,0
2026-08-10 06:30:34,06:00,906987379684182,1팀,120249873905240200,07.크리스피(ASC)(101010)_TROAS_A+SC캠페인_구매최적화_값_표준기여_2659_260705,597,0,0,0
2026-08-10 06:30:34,06:00,906987379684182,1팀,120249873905280200,07.크리스피(ASC)(101010)_A+SC캠페인_구매최적화_수_표준기여_2659_260705,530,0,0,0
2026-08-10 06:30:34,06:00,906987379684182,1팀,120249875227840200,16.안심크리스피(ASC)(메가딜)_A+SC캠페인_구매최적화_수_표준기여_2908_260705,807,0,0,0
2026-08-10 06:30:34,06:00,906987379684182,1팀,120249876219490200,20.김자반밥바(ASC)(메가딜)_A+SC캠페인_구매최적화_수_표준기여_3003_260705,638,0,0,0
2026-08-10 06:30:34,06:00,906987379684182,1팀,120249876219520200,20.김자반밥바(ASC)(메가딜)_TROAS_A+SC캠페인_구매최적화_값_표준기여_3003_260705,1887,0,0,0
2026-08-10 06:30:34,06:00,906987379684182,1팀,120249878429160200,01.통살(ASC)(하이브리드)_TROAS_A+SC캠페인_구매최적화_값_표준기여_3028_260705,767,0,0,0
2026-08-10 06:30:34,06:00,906987379684182,1팀,120249878429240200,01.통살(ASC)(하이브리드)_A+SC캠페인_구매최적화_수_표준기여_3028_260705,1075,0,0,0
2026-08-10 06:30:34,06:00,906987379684182,1팀,120250098930220200,01.통살(ASC)(101010)_TROAS_A+SC캠페인_구매최적화_값_표준기여_2336_260712,1154,0,0,0
2026-08-10 06:30:34,06:00,906987379684182,1팀,120250099159310200,07.크리스피(ASC)(메가딜)_A+SC캠페인_구매최적화_수_표준기여_2464_260712,374,0,0,0
2026-08-10 06:30:34,06:00,906987379684182,1팀,120250099159320200,07.크리스피(ASC)(메가딜)_TROAS_A+SC캠페인_구매최적화_값_표준기여_2464_260712,486,0,0,0
2026-08-10 06:30:34,06:00,906987379684182,1팀,120250099159330200,07.크리스피(ASC)(메가딜)_TCPA_A+SC캠페인_ALL_C7_수_표준기여_2464_260712,1126,0,0,0
2026-08-10 06:30:34,06:00,906987379684182,1팀,120250099335020200,77.프로모션(ASC)(줄리엔강)_TCPA_A+SC캠페인_ALL_C7_수_표준기여_260713,1376,0,0,0
2026-08-10 06:30:34,06:00,906987379684182,1팀,120250099335030200,77.프로모션(ASC)(줄리엔강)_TROAS_A+SC캠페인_구매최적화_값_표준기여_260713,596,0,0,0
2026-08-10 06:30:34,06:00,906987379684182,1팀,120250268133470200,03.닭다리살(ASC)(하이브리드)_TROAS_A+SC캠페인_구매최적화_값_표준기여_3111_260726,392,0,0,0
2026-08-10 06:30:34,06:00,906987379684182,1팀,120250444210730200,20.김자반밥바(ASC)(하이브리드)_TROAS_A+SC캠페인_구매최적화_값_표준기여_3159_260726,2273,0,0,0
2026-08-10 06:30:34,06:00,906987379684182,1팀,120250444210740200,20.김자반밥바(ASC)(하이브리드)_A+SC캠페인_구매최적화_수_표준기여_3159_260726,239,0,0,0
2026-08-10 06:30:34,06:00,906987379684182,1팀,120250444210900200,20.김자반밥바(ASC)(하이브리드)_TCPA_A+SC캠페인_ALL_C7_수_표준기여_3159_260726,344,0,0,0
2026-08-10 06:30:34,06:00,906987379684182,1팀,120250444423310200,21.통살+그릴드(ASC)(하이브리드)_TROAS_A+SC캠페인_구매최적화_값_표준기여_3162_260726,1017,0,0,0
2026-08-10 06:30:34,06:00,906987379684182,1팀,120250444423320200,21.통살+그릴드(ASC)(하이브리드)_TCPA_A+SC캠페인_ALL_C7_수_표준기여_3162_260726,24,0,0,0
2026-08-10 06:30:34,06:00,906987379684182,1팀,120250444423330200,21.통살+그릴드(ASC)(하이브리드)_A+SC캠페인_구매최적화_수_표준기여_3162_260726,1836,0,0,0
2026-08-10 06:30:34,06:00,906987379684182,1팀,120250475752460200,07.크리스피(ASC)(하이브리드)_TROAS_A+SC캠페인_구매최적화_값_표준기여_3078_260722(페르소나),69,0,0,0
2026-08-10 06:30:34,06:00,906987379684182,1팀,120250614451020200,07.크리스피(ASC)(하이브리드)_A+SC캠페인_구매최적화_수_표준기여_3078_260728,170,0,0,0
2026-08-10 06:30:34,06:00,906987379684182,1팀,120250614451040200,07.크리스피(ASC)(하이브리드)_TROAS_A+SC캠페인_구매최적화_값_표준기여_3078_260728,2417,0,0,0
2026-08-10 06:30:34,06:00,906987379684182,1팀,120250649570130200,07.크리스피(ASC)(하이브리드)_TROAS_A+SC캠페인_구매최적화_값_표준기여_3078_260802_AI,7618,0,0,0
2026-08-10 06:30:34,06:00,906987379684182,1팀,120250649570180200,07.크리스피(ASC)(하이브리드)_A+SC캠페인_구매최적화_수_표준기여_3078_260802_AI,3236,0,0,0
2026-08-10 06:30:34,06:00,906987379684182,1팀,120250856737330200,77.프로모션(ASC)(통크크)_TROAS_A+SC캠페인_구매최적화_값_표준기여_260806,2945,0,0,0
2026-08-10 06:30:34,06:00,906987379684182,1팀,120250856737340200,77.프로모션(ASC)(통크크)_TCPA_A+SC캠페인_ALL_C7_수_표준기여_260806,183,0,0,0
2026-08-10 06:30:34,06:00,906987379684182,1팀,120250856737350200,77.프로모션(ASC)(통크크)_A+SC캠페인_구매최적화_수_표준기여_260806,153,0,0,0
2026-08-10 06:30:34,06:00,906987379684182,1팀,120250858093370200,01.통살(ASC)(하이브리드)_TROAS_A+SC캠페인_구매최적화_값_표준기여_3028_260806,973,0,0,0
2026-08-10 06:30:34,06:00,906987379684182,1팀,120250858456470200,01.통살(ASC)(하이브리드)_A+SC캠페인_구매최적화_수_표준기여_3028_260806,442,0,0,0
2026-08-10 06:30:34,06:00,906987379684182,1팀,120250858902230200,07.크리스피(ASC)(메가딜)_A+SC캠페인_구매최적화_수_표준기여_2464_260806,14,0,0,0
2026-08-10 06:30:34,06:00,906987379684182,1팀,120250858902240200,07.크리스피(ASC)(메가딜)_TCPA_A+SC캠페인_ALL_C7_수_표준기여_2464_260806,21,0,0,0
2026-08-10 06:30:34,06:00,906987379684182,1팀,120250859130300200,16.안심크리스피(ASC)(메가딜)_TROAS_A+SC캠페인_구매최적화_값_표준기여_2908_260806,79,0,0,0
2026-08-10 06:30:34,06:00,906987379684182,1팀,120250859130310200,16.안심크리스피(ASC)(메가딜)_TCPA_A+SC캠페인_ALL_C7_수_표준기여_2908_260806,4,0,0,0
2026-08-10 06:30:34,06:00,906987379684182,1팀,120250859130340200,16.안심크리스피(ASC)(메가딜)_A+SC캠페인_구매최적화_수_표준기여_2908_260806,416,0,0,0
2026-08-10 06:30:34,06:00,906987379684182,1팀,120250859189800200,17.안심볶음밥(ASC)(메가딜)_A+SC캠페인_구매최적화_수_표준기여_2903_260806,476,0,0,0
2026-08-10 06:30:34,06:00,906987379684182,1팀,120250859189810200,17.안심볶음밥(ASC)(메가딜)_TCPA_A+SC캠페인_ALL_C7_수_표준기여_2903_260806,337,0,0,0
2026-08-10 06:30:34,06:00,906987379684182,1팀,120250859189820200,17.안심볶음밥(ASC)(메가딜)_TROAS_A+SC캠페인_구매최적화_값_표준기여_2903_260806,1479,0,0,0
2026-08-10 06:30:34,06:00,906987379684182,1팀,120250859259390200,20.김자반밥바(ASC)(메가딜)_TROAS_A+SC캠페인_구매최적화_값_표준기여_3003_260806,1085,0,0,0
2026-08-10 06:30:34,06:00,906987379684182,1팀,120250859259410200,20.김자반밥바(ASC)(메가딜)_TCPA_A+SC캠페인_ALL_C7_수_표준기여_3003_260806,175,0,0,0
2026-08-10 06:30:34,06:00,906987379684182,1팀,120250859259430200,20.김자반밥바(ASC)(메가딜)_A+SC캠페인_구매최적화_수_가치조정_3003_260806,1650,0,0,0
2026-08-10 06:30:34,06:00,906987379684182,1팀,120250859367430200,20.김자반밥바(ASC)(하이브리드)_A+SC캠페인_구매최적화_수_가치조정_3159_260806,3393,0,0,0
2026-08-10 06:30:34,06:00,906987379684182,1팀,120250859367440200,20.김자반밥바(ASC)(하이브리드)_TCPA_A+SC캠페인_ALL_C7_수_표준기여_3159_260806,1482,0,0,0
2026-08-10 06:30:34,06:00,906987379684182,1팀,120250859367470200,20.김자반밥바(ASC)(하이브리드)_TROAS_A+SC캠페인_구매최적화_값_표준기여_3159_260806,626,0,0,0
2026-08-10 06:37:49,06:00,906987379684182,1팀,120228320649100200,01.통살(ASC)(101010)_TCPA16000_A+SC 캠페인_ALL_V1C7_수_표준기여_2336,1461,0,0,0
2026-08-10 06:37:49,06:00,906987379684182,1팀,120228788396590200,01.통살(ASC)(메가딜)_TCPA20000_A+SC 캠페인_ALL_V1C7_수_표준기여_1874,7425,0,0,0
2026-08-10 06:37:49,06:00,906987379684182,1팀,120230755324960200,07.크리스피(ASC)(메가딜)_A+SC 캠페인_구매최적화_수_표준기여_2464,298,0,0,0
2026-08-10 06:37:49,06:00,906987379684182,1팀,120237509836570200,07.크리스피(ASC)(메가딜)_TCPA16000_A+SC 캠페인_ALL_수_표준기여_2464,5298,0,0,0
2026-08-10 06:37:49,06:00,906987379684182,1팀,120243001852340200,01.통살(ASC)(101010)_TCPA16000_A+SC 캠페인_ALL_V1C7_수_표준기여_2336_02,551,0,0,0
2026-08-10 06:37:49,06:00,906987379684182,1팀,120243258462660200,07.크리스피(ASC)(101010)_A+SC 캠페인_구매최적화_수_표준기여_2659_260322,1246,0,0,0
2026-08-10 06:37:49,06:00,906987379684182,1팀,120243592510760200,16.안심크리스피(ASC)(메가딜)_TCPA14000_A+SC 캠페인_ALL_C7_수_표준기여_2863_260327,897,0,0,0
2026-08-10 06:37:49,06:00,906987379684182,1팀,120244042753880200,07.크리스피(ASC)(메가딜)_TCPA16000_A+SC 캠페인_ALL_수_표준기여_2464_260403,0,0,0,0
2026-08-10 06:37:49,06:00,906987379684182,1팀,120244128322750200,01.통살(ASC)(101010)_TCPA16000_A+SC 캠페인_ALL_V1C7_수_표준기여_2336_03,2215,0,0,0
2026-08-10 06:37:49,06:00,906987379684182,1팀,120244130427210200,07.크리스피(ASC)(메가딜)_A+SC 캠페인_구매최적화_수_표준기여_2464_260404,841,0,0,0
2026-08-10 06:37:49,06:00,906987379684182,1팀,120244370408130200,17.안심볶음밥(ASC)(메가딜)_TCPA_A+SC 캠페인_ALL_C7_수_표준기여_2903_260409,960,0,0,0
2026-08-10 06:37:49,06:00,906987379684182,1팀,120246157174550200,17.안심볶음밥(ASC)(메가딜)_A+SC 캠페인_구매최적화_수_표준기여_2903_260507_남자,1034,0,0,0
2026-08-10 06:37:49,06:00,906987379684182,1팀,120246224683700200,17.안심볶음밥(ASC)(메가딜)_A+SC 캠페인_구매최적화_수_표준기여_2903_260507_남자_02,3565,0,0,0
2026-08-10 06:37:49,06:00,906987379684182,1팀,120246397028850200,07.크리스피(ASC)(통합)_A+SC 캠페인_구매최적화_수_표준기여_통합_260511,5110,0,0,0
2026-08-10 06:37:49,06:00,906987379684182,1팀,120246898203940200,03.닭다리살(ASC)(1010)_A+SC캠페인_구매최적화_수_표준기여_2604_260519,1498,0,0,0
2026-08-10 06:37:49,06:00,906987379684182,1팀,120246898384670200,03.닭다리살(ASC)(1010)_TROAS_A+SC캠페인_구매최적화_값_표준기여_2604_260519,7649,2,101800,1330.8929271800234
2026-08-10 06:37:49,06:00,906987379684182,1팀,120247354343980200,20.김자반밥바(ASC)(메가딜)_TCPA_A+SC캠페인_ALL_C7_수_표준기여_3003_260527,944,0,0,0
2026-08-10 06:37:49,06:00,906987379684182,1팀,120247354558020200,20.김자반밥바(ASC)(메가딜)_A+SC캠페인_구매최적화_수_표준기여_3003_260527,2375,0,0,0
2026-08-10 06:37:49,06:00,906987379684182,1팀,120247379361950200,07.크리스피(ASC)(1010)_A+SC캠페인_구매최적화_수_표준기여_2992_260527,385,0,0,0
2026-08-10 06:37:49,06:00,906987379684182,1팀,120247379587080200,07.크리스피(ASC)(1010)_TROAS_A+SC캠페인_구매최적화_값_표준기여_2992_260527,1921,0,0,0
2026-08-10 06:37:49,06:00,906987379684182,1팀,120247842896910200,20.김자반밥바(ASC)(메가딜)_A+SC캠페인_구매최적화_수_표준기여_3003_260603,587,0,0,0
2026-08-10 06:37:49,06:00,906987379684182,1팀,120248207670120200,17.안심볶음밥(ASC)(메가딜)_A+SC 캠페인_구매최적화_수_표준기여_2903_260609_남자(가치조정),566,0,0,0
2026-08-10 06:37:49,06:00,906987379684182,1팀,120248361514480200,01.통살(ASC)(하이브리드)_TCPA_A+SC캠페인_ALL_C7_수_표준기여_3028_260611,38,0,0,0
2026-08-10 06:37:49,06:00,906987379684182,1팀,120248361514580200,01.통살(ASC)(하이브리드)_TROAS_A+SC캠페인_구매최적화_값_표준기여_3028_260611,833,0,0,0
2026-08-10 06:37:49,06:00,906987379684182,1팀,120248762624470200,17.안심볶음밥(ASC)(메가딜)_TROAS_A+SC캠페인_구매최적화_값_표준기여_2903_260705,993,0,0,0
2026-08-10 06:37:49,06:00,906987379684182,1팀,120248762761370200,17.안심볶음밥(ASC)(메가딜)_A+SC캠페인_구매최적화_수_표준기여_2903_260705,549,0,0,0
2026-08-10 06:37:49,06:00,906987379684182,1팀,120248762858730200,16.안심크리스피(ASC)(메가딜)_A+SC 캠페인_구매최적화_수_표준기여_2908_260720(페르소나),789,0,0,0
2026-08-10 06:37:49,06:00,906987379684182,1팀,120248763306900200,16.안심크리스피(ASC)(메가딜)_TCPA_A+SC캠페인_ALL_C7_수_표준기여_2908_260621,635,0,0,0
2026-08-10 06:37:49,06:00,906987379684182,1팀,120248763797300200,21.통살+그릴드(ASC)(메가딜)_TROAS_A+SC캠페인_구매최적화_값_표준기여_3068_260617,797,0,0,0
2026-08-10 06:37:49,06:00,906987379684182,1팀,120248763797350200,21.통살+그릴드(ASC)(메가딜)_A+SC캠페인_구매최적화_수_표준기여_3068_260617,580,0,0,0
2026-08-10 06:37:49,06:00,906987379684182,1팀,120249317264110200,07.크리스피(ASC)(하이브리드)_A+SC캠페인_구매최적화_수_표준기여_3078_260713,6704,0,0,0
2026-08-10 06:37:49,06:00,906987379684182,1팀,120249317264120200,07.크리스피(ASC)(하이브리드)_TCPA_A+SC캠페인_ALL_C7_수_표준기여_3078_260713,2306,0,0,0
2026-08-10 06:37:49,06:00,906987379684182,1팀,120249317264140200,07.크리스피(ASC)(하이브리드)_TROAS_A+SC캠페인_구매최적화_값_표준기여_3078_260713,8452,0,0,0
2026-08-10 06:37:49,06:00,906987379684182,1팀,120249873291990200,07.크리스피(ASC)(1010)_TROAS_A+SC캠페인_구매최적화_값_표준기여_2992_260705,577,0,0,0
2026-08-10 06:37:49,06:00,906987379684182,1팀,120249873905240200,07.크리스피(ASC)(101010)_TROAS_A+SC캠페인_구매최적화_값_표준기여_2659_260705,716,0,0,0
2026-08-10 06:37:49,06:00,906987379684182,1팀,120249873905280200,07.크리스피(ASC)(101010)_A+SC캠페인_구매최적화_수_표준기여_2659_260705,1127,0,0,0
2026-08-10 06:37:49,06:00,906987379684182,1팀,120249875227840200,16.안심크리스피(ASC)(메가딜)_A+SC캠페인_구매최적화_수_표준기여_2908_260705,1304,0,0,0
2026-08-10 06:37:49,06:00,906987379684182,1팀,120249876219490200,20.김자반밥바(ASC)(메가딜)_A+SC캠페인_구매최적화_수_표준기여_3003_260705,782,0,0,0
2026-08-10 06:37:49,06:00,906987379684182,1팀,120249876219520200,20.김자반밥바(ASC)(메가딜)_TROAS_A+SC캠페인_구매최적화_값_표준기여_3003_260705,2459,0,0,0
2026-08-10 06:37:49,06:00,906987379684182,1팀,120249878429160200,01.통살(ASC)(하이브리드)_TROAS_A+SC캠페인_구매최적화_값_표준기여_3028_260705,1170,0,0,0
2026-08-10 06:37:49,06:00,906987379684182,1팀,120249878429240200,01.통살(ASC)(하이브리드)_A+SC캠페인_구매최적화_수_표준기여_3028_260705,1551,0,0,0
2026-08-10 06:37:49,06:00,906987379684182,1팀,120250098930220200,01.통살(ASC)(101010)_TROAS_A+SC캠페인_구매최적화_값_표준기여_2336_260712,1504,0,0,0
2026-08-10 06:37:49,06:00,906987379684182,1팀,120250099159310200,07.크리스피(ASC)(메가딜)_A+SC캠페인_구매최적화_수_표준기여_2464_260712,896,0,0,0
2026-08-10 06:37:49,06:00,906987379684182,1팀,120250099159320200,07.크리스피(ASC)(메가딜)_TROAS_A+SC캠페인_구매최적화_값_표준기여_2464_260712,824,0,0,0
2026-08-10 06:37:49,06:00,906987379684182,1팀,120250099159330200,07.크리스피(ASC)(메가딜)_TCPA_A+SC캠페인_ALL_C7_수_표준기여_2464_260712,1342,0,0,0
2026-08-10 06:37:49,06:00,906987379684182,1팀,120250099335020200,77.프로모션(ASC)(줄리엔강)_TCPA_A+SC캠페인_ALL_C7_수_표준기여_260713,1771,0,0,0
2026-08-10 06:37:49,06:00,906987379684182,1팀,120250099335030200,77.프로모션(ASC)(줄리엔강)_TROAS_A+SC캠페인_구매최적화_값_표준기여_260713,1218,0,0,0
2026-08-10 06:37:49,06:00,906987379684182,1팀,120250268133470200,03.닭다리살(ASC)(하이브리드)_TROAS_A+SC캠페인_구매최적화_값_표준기여_3111_260726,484,0,0,0
2026-08-10 06:37:49,06:00,906987379684182,1팀,120250444210730200,20.김자반밥바(ASC)(하이브리드)_TROAS_A+SC캠페인_구매최적화_값_표준기여_3159_260726,2981,0,0,0
2026-08-10 06:37:49,06:00,906987379684182,1팀,120250444210740200,20.김자반밥바(ASC)(하이브리드)_A+SC캠페인_구매최적화_수_표준기여_3159_260726,634,0,0,0
2026-08-10 06:37:49,06:00,906987379684182,1팀,120250444210900200,20.김자반밥바(ASC)(하이브리드)_TCPA_A+SC캠페인_ALL_C7_수_표준기여_3159_260726,478,0,0,0
2026-08-10 06:37:49,06:00,906987379684182,1팀,120250444423310200,21.통살+그릴드(ASC)(하이브리드)_TROAS_A+SC캠페인_구매최적화_값_표준기여_3162_260726,1393,0,0,0
2026-08-10 06:37:49,06:00,906987379684182,1팀,120250444423320200,21.통살+그릴드(ASC)(하이브리드)_TCPA_A+SC캠페인_ALL_C7_수_표준기여_3162_260726,25,0,0,0
2026-08-10 06:37:49,06:00,906987379684182,1팀,120250444423330200,21.통살+그릴드(ASC)(하이브리드)_A+SC캠페인_구매최적화_수_표준기여_3162_260726,1903,0,0,0
2026-08-10 06:37:49,06:00,906987379684182,1팀,120250475752460200,07.크리스피(ASC)(하이브리드)_TROAS_A+SC캠페인_구매최적화_값_표준기여_3078_260722(페르소나),93,0,0,0
2026-08-10 06:37:49,06:00,906987379684182,1팀,120250614451020200,07.크리스피(ASC)(하이브리드)_A+SC캠페인_구매최적화_수_표준기여_3078_260728,244,0,0,0
2026-08-10 06:37:49,06:00,906987379684182,1팀,120250614451040200,07.크리스피(ASC)(하이브리드)_TROAS_A+SC캠페인_구매최적화_값_표준기여_3078_260728,3302,0,0,0
2026-08-10 06:37:49,06:00,906987379684182,1팀,120250649570130200,07.크리스피(ASC)(하이브리드)_TROAS_A+SC캠페인_구매최적화_값_표준기여_3078_260802_AI,10181,1,94500,928.19958746685
2026-08-10 06:37:49,06:00,906987379684182,1팀,120250649570180200,07.크리스피(ASC)(하이브리드)_A+SC캠페인_구매최적화_수_표준기여_3078_260802_AI,4701,0,0,0
2026-08-10 06:37:49,06:00,906987379684182,1팀,120250856737330200,77.프로모션(ASC)(통크크)_TROAS_A+SC캠페인_구매최적화_값_표준기여_260806,3902,0,0,0
2026-08-10 06:37:49,06:00,906987379684182,1팀,120250856737340200,77.프로모션(ASC)(통크크)_TCPA_A+SC캠페인_ALL_C7_수_표준기여_260806,338,0,0,0
2026-08-10 06:37:49,06:00,906987379684182,1팀,120250856737350200,77.프로모션(ASC)(통크크)_A+SC캠페인_구매최적화_수_표준기여_260806,260,0,0,0
2026-08-10 06:37:49,06:00,906987379684182,1팀,120250858093370200,01.통살(ASC)(하이브리드)_TROAS_A+SC캠페인_구매최적화_값_표준기여_3028_260806,1221,0,0,0
2026-08-10 06:37:49,06:00,906987379684182,1팀,120250858456470200,01.통살(ASC)(하이브리드)_A+SC캠페인_구매최적화_수_표준기여_3028_260806,587,0,0,0
2026-08-10 06:37:49,06:00,906987379684182,1팀,120250858902230200,07.크리스피(ASC)(메가딜)_A+SC캠페인_구매최적화_수_표준기여_2464_260806,28,0,0,0
2026-08-10 06:37:49,06:00,906987379684182,1팀,120250858902240200,07.크리스피(ASC)(메가딜)_TCPA_A+SC캠페인_ALL_C7_수_표준기여_2464_260806,43,0,0,0
2026-08-10 06:37:49,06:00,906987379684182,1팀,120250859130300200,16.안심크리스피(ASC)(메가딜)_TROAS_A+SC캠페인_구매최적화_값_표준기여_2908_260806,161,0,0,0
2026-08-10 06:37:49,06:00,906987379684182,1팀,120250859130310200,16.안심크리스피(ASC)(메가딜)_TCPA_A+SC캠페인_ALL_C7_수_표준기여_2908_260806,45,0,0,0
2026-08-10 06:37:49,06:00,906987379684182,1팀,120250859130340200,16.안심크리스피(ASC)(메가딜)_A+SC캠페인_구매최적화_수_표준기여_2908_260806,555,0,0,0
2026-08-10 06:37:49,06:00,906987379684182,1팀,120250859189800200,17.안심볶음밥(ASC)(메가딜)_A+SC캠페인_구매최적화_수_표준기여_2903_260806,640,0,0,0
2026-08-10 06:37:49,06:00,906987379684182,1팀,120250859189810200,17.안심볶음밥(ASC)(메가딜)_TCPA_A+SC캠페인_ALL_C7_수_표준기여_2903_260806,521,0,0,0
2026-08-10 06:37:49,06:00,906987379684182,1팀,120250859189820200,17.안심볶음밥(ASC)(메가딜)_TROAS_A+SC캠페인_구매최적화_값_표준기여_2903_260806,2509,0,0,0
2026-08-10 06:37:49,06:00,906987379684182,1팀,120250859259390200,20.김자반밥바(ASC)(메가딜)_TROAS_A+SC캠페인_구매최적화_값_표준기여_3003_260806,1416,0,0,0
2026-08-10 06:37:49,06:00,906987379684182,1팀,120250859259410200,20.김자반밥바(ASC)(메가딜)_TCPA_A+SC캠페인_ALL_C7_수_표준기여_3003_260806,254,0,0,0
2026-08-10 06:37:49,06:00,906987379684182,1팀,120250859259430200,20.김자반밥바(ASC)(메가딜)_A+SC캠페인_구매최적화_수_가치조정_3003_260806,2878,0,0,0
2026-08-10 06:37:49,06:00,906987379684182,1팀,120250859367430200,20.김자반밥바(ASC)(하이브리드)_A+SC캠페인_구매최적화_수_가치조정_3159_260806,4161,0,0,0
2026-08-10 06:37:49,06:00,906987379684182,1팀,120250859367440200,20.김자반밥바(ASC)(하이브리드)_TCPA_A+SC캠페인_ALL_C7_수_표준기여_3159_260806,2091,0,0,0
2026-08-10 06:37:49,06:00,906987379684182,1팀,120250859367470200,20.김자반밥바(ASC)(하이브리드)_TROAS_A+SC캠페인_구매최적화_값_표준기여_3159_260806,863,0,0,0
