pollTime,hour,account,accountLabel,campaignId,campaignName,spend,purchases,purchaseValue,roas
2026-09-15 00:30:47,00:00,906987379684182,1팀,120228320649100200,01.통살(ASC)(101010)_TCPA16000_A+SC 캠페인_ALL_V1C7_수_표준기여_2336,24896,0,0,0
2026-09-15 00:30:47,00:00,906987379684182,1팀,120228788396590200,01.통살(ASC)(메가딜)_TCPA20000_A+SC 캠페인_ALL_V1C7_수_표준기여_1874,8405,1,133900,1593.0993456276026
2026-09-15 00:30:47,00:00,906987379684182,1팀,120237509836570200,07.크리스피(ASC)(메가딜)_TCPA16000_A+SC 캠페인_ALL_수_표준기여_2464,3471,0,0,0
2026-09-15 00:30:47,00:00,906987379684182,1팀,120243001852340200,01.통살(ASC)(101010)_TCPA16000_A+SC 캠페인_ALL_V1C7_수_표준기여_2336_02,8424,0,0,0
2026-09-15 00:30:47,00:00,906987379684182,1팀,120244128322750200,01.통살(ASC)(101010)_TCPA16000_A+SC 캠페인_ALL_V1C7_수_표준기여_2336_03,6889,0,0,0
2026-09-15 00:30:47,00:00,906987379684182,1팀,120246397028850200,07.크리스피(ASC)(통합)_A+SC 캠페인_구매최적화_수_표준기여_통합_260511,1465,0,0,0
2026-09-15 00:30:47,00:00,906987379684182,1팀,120246898203940200,03.닭다리살(ASC)(1010)_A+SC캠페인_구매최적화_수_표준기여_2604_260519,16690,0,0,0
2026-09-15 00:30:47,00:00,906987379684182,1팀,120246898384670200,03.닭다리살(ASC)(1010)_TROAS_A+SC캠페인_구매최적화_값_표준기여_2604_260519,47151,0,0,0
2026-09-15 00:30:47,00:00,906987379684182,1팀,120247379587080200,07.크리스피(ASC)(1010)_TROAS_A+SC캠페인_구매최적화_값_표준기여_2992_260527,6160,0,0,0
2026-09-15 00:30:47,00:00,906987379684182,1팀,120248361514480200,01.통살(ASC)(하이브리드)_TCPA_A+SC캠페인_ALL_C7_수_표준기여_3028_260611,3586,0,0,0
2026-09-15 00:30:47,00:00,906987379684182,1팀,120249317264140200,07.크리스피(ASC)(하이브리드)_TROAS_A+SC캠페인_구매최적화_값_표준기여_3078_260713,12345,0,0,0
2026-09-15 00:30:47,00:00,906987379684182,1팀,120249873905240200,07.크리스피(ASC)(101010)_TROAS_A+SC캠페인_구매최적화_값_표준기여_2659_260705,4860,0,0,0
2026-09-15 00:30:47,00:00,906987379684182,1팀,120249878429160200,01.통살(ASC)(하이브리드)_TROAS_A+SC캠페인_구매최적화_값_표준기여_3028_260705,10866,0,0,0
2026-09-15 00:30:47,00:00,906987379684182,1팀,120250099159330200,07.크리스피(ASC)(메가딜)_TCPA_A+SC캠페인_ALL_C7_수_표준기여_2464_260712,2067,0,0,0
2026-09-15 00:30:47,00:00,906987379684182,1팀,120250268133470200,03.닭다리살(ASC)(하이브리드)_TROAS_A+SC캠페인_구매최적화_값_표준기여_3111_260726,3925,0,0,0
2026-09-15 00:30:47,00:00,906987379684182,1팀,120250614451040200,07.크리스피(ASC)(하이브리드)_TROAS_A+SC캠페인_구매최적화_값_표준기여_3078_260728,7013,1,29900,426.3510623128476
2026-09-15 00:30:47,00:00,906987379684182,1팀,120250649570130200,07.크리스피(ASC)(하이브리드)_TROAS_A+SC캠페인_구매최적화_값_표준기여_3078_260802_AI,14717,0,0,0
2026-09-15 00:30:47,00:00,906987379684182,1팀,120250649570180200,07.크리스피(ASC)(하이브리드)_A+SC캠페인_구매최적화_수_표준기여_3078_260802_AI,14967,0,0,0
2026-09-15 00:30:47,00:00,906987379684182,1팀,120250858093370200,01.통살(ASC)(하이브리드)_TROAS_A+SC캠페인_구매최적화_값_표준기여_3028_260806,15805,0,0,0
2026-09-15 00:30:47,00:00,906987379684182,1팀,120250858093380200,01.통살(ASC)(하이브리드)_TCPA_A+SC캠페인_ALL_C7_수_표준기여_3028_260806,126,0,0,0
2026-09-15 00:30:47,00:00,906987379684182,1팀,120250858456470200,01.통살(ASC)(하이브리드)_A+SC캠페인_구매최적화_수_표준기여_3028_260806,13144,0,0,0
2026-09-15 00:30:47,00:00,906987379684182,1팀,120250858902230200,07.크리스피(ASC)(메가딜)_A+SC캠페인_구매최적화_수_표준기여_2464_260806,16902,0,0,0
2026-09-15 00:30:47,00:00,906987379684182,1팀,120250858902240200,07.크리스피(ASC)(메가딜)_TCPA_A+SC캠페인_ALL_C7_수_표준기여_2464_260806,3377,0,0,0
2026-09-15 00:30:47,00:00,906987379684182,1팀,120250858902260200,07.크리스피(ASC)(메가딜)_TROAS_A+SC캠페인_구매최적화_값_표준기여_2464_260806,7371,1,114500,1553.38488671822
2026-09-15 00:30:47,00:00,906987379684182,1팀,120250859189800200,17.안심볶음밥(ASC)(메가딜)_A+SC캠페인_구매최적화_수_표준기여_2903_260907,24278,1,75500,310.9811351841173
2026-09-15 00:30:47,00:00,906987379684182,1팀,120250859189820200,17.안심볶음밥(ASC)(메가딜)_TROAS_A+SC캠페인_구매최적화_값_표준기여_2903_260907,13068,1,42000,321.39577594123045
2026-09-15 00:30:47,00:00,906987379684182,1팀,120250859367430200,20.김자반밥바(ASC)(하이브리드)_A+SC캠페인_구매최적화_수_가치조정_3159_260806,3956,0,0,0
2026-09-15 00:30:47,00:00,906987379684182,1팀,120251066794820200,07.크리스피(ASC)(하이브리드)_A+SC캠페인_구매최적화_수_표준기여_3078_260816_AI _2,5084,0,0,0
2026-09-15 00:30:47,00:00,906987379684182,1팀,120251066794930200,07.크리스피(ASC)(하이브리드)_TROAS_A+SC캠페인_구매최적화_값_표준기여_3078_260816_AI _2,21403,1,132900,620.9409895808999
2026-09-15 00:30:47,00:00,906987379684182,1팀,120251169199390200,07.크리스피(ASC)(하이브리드)_TROAS_A+SC캠페인_구매최적화_값_표준기여_3078_260817(페르소나2),9319,0,0,0
2026-09-15 00:30:47,00:00,906987379684182,1팀,120251209789390200,07.크리스피(ASC)(하이브리드)_ABO캠페인_구매최적화_수_표준기여_3078_260819,13472,0,0,0
2026-09-15 00:30:47,00:00,906987379684182,1팀,120251211164300200,07.크리스피(ASC)(하이브리드)_TCPA_A+SC캠페인_ALL_C7_수_표준기여_3078_260819(테무콘),265,0,0,0
2026-09-15 00:30:47,00:00,906987379684182,1팀,120251211164310200,07.크리스피(ASC)(하이브리드)_TROAS_A+SC캠페인_구매최적화_값_표준기여_3078_260819(테무콘),3581,0,0,0
2026-09-15 00:30:47,00:00,906987379684182,1팀,120251211164320200,07.크리스피(ASC)(하이브리드)_A+SC캠페인_구매최적화_수_표준기여_3078_260819(테무콘),8908,0,0,0
2026-09-15 00:30:47,00:00,906987379684182,1팀,120251251665220200,07.크리스피(ASC)(하이브리드)_TROAS_ABO캠페인_구매최적화_수_표준기여_3078_260821,17819,1,99800,560.0763230259835
2026-09-15 00:30:47,00:00,906987379684182,1팀,120251327515450200,07.크리스피(ASC)(메가딜)_ABO캠페인_구매최적화_수_표준기여_2464_260825,14855,0,0,0
2026-09-15 00:30:47,00:00,906987379684182,1팀,120251328004940200,07.크리스피(ASC)(메가딜)_TROAS_ABO캠페인_구매최적화_수_표준기여_2464_260825,12052,0,0,0
2026-09-15 00:30:47,00:00,906987379684182,1팀,120251367693570200,07.크리스피(ASC)(하이브리드)_TCPA_ABO캠페인_구매최적화_수_표준기여_3078_260827,1174,0,0,0
2026-09-15 00:30:47,00:00,906987379684182,1팀,120251367790160200,07.크리스피(ASC)(메가딜)_TCPA_ABO캠페인_구매최적화_수_표준기여_2464_260827,15701,0,0,0
2026-09-15 00:30:47,00:00,906987379684182,1팀,120251368155020200,01.통살(ASC)(하이브리드)_ABO캠페인_구매최적화_수_표준기여_3028_260827,5169,0,0,0
2026-09-15 00:30:47,00:00,906987379684182,1팀,120251368716980200,01.통살(ASC)(하이브리드)_TPCA_ABO캠페인_구매최적화_수_표준기여_3028_260827,2701,0,0,0
2026-09-15 00:30:47,00:00,906987379684182,1팀,120251368728810200,01.통살(ASC)(하이브리드)_TROAS_ABO캠페인_구매최적화_수_표준기여_3028_260827,818,0,0,0
2026-09-15 00:30:47,00:00,906987379684182,1팀,120251369567610200,20.김자반밥바(ASC)(메가딜)_TCPA_ABO캠페인_구매최적화_수_표준기여_3003_260827,16193,0,0,0
2026-09-15 00:30:47,00:00,906987379684182,1팀,120251369567620200,20.김자반밥바(ASC)(메가딜)_TROAS_ABO캠페인_구매최적화_수_표준기여_3003_260827,4226,0,0,0
2026-09-15 00:30:47,00:00,906987379684182,1팀,120251369567660200,20.김자반밥바(ASC)(메가딜)_ABO캠페인_구매최적화_수_표준기여_3003_260827,5288,0,0,0
2026-09-15 00:30:47,00:00,906987379684182,1팀,120251444359310200,07.크리스피(ASC)(하이브리드)_TROAS_A+SC캠페인_구매최적화_값_표준기여_3078_260901(테무콘2),1532,0,0,0
2026-09-15 00:30:47,00:00,906987379684182,1팀,120251466594180200,22.닭가슴살볼(ASC)(메가딜)_ABO캠페인_구매최적화_수_표준기여_2905_260906,25630,0,0,0
2026-09-15 00:30:47,00:00,906987379684182,1팀,120251466785500200,22.닭가슴살볼(ASC)(메가딜)_TROAS_A+SC캠페인_구매최적화_값_표준기여_2905_260906,2514,0,0,0
2026-09-15 00:30:47,00:00,906987379684182,1팀,120251503407460200,22.닭가슴살볼(ASC)(메가딜)_TROAS_A+SC캠페인_구매최적화_값_표준기여_2905_260906(김혜선),7717,0,0,0
2026-09-15 01:30:46,01:00,906987379684182,1팀,120228320649100200,01.통살(ASC)(101010)_TCPA16000_A+SC 캠페인_ALL_V1C7_수_표준기여_2336,10320,0,0,0
2026-09-15 01:30:46,01:00,906987379684182,1팀,120228788396590200,01.통살(ASC)(메가딜)_TCPA20000_A+SC 캠페인_ALL_V1C7_수_표준기여_1874,4640,0,0,0
2026-09-15 01:30:46,01:00,906987379684182,1팀,120237509836570200,07.크리스피(ASC)(메가딜)_TCPA16000_A+SC 캠페인_ALL_수_표준기여_2464,2217,0,0,0
2026-09-15 01:30:46,01:00,906987379684182,1팀,120243001852340200,01.통살(ASC)(101010)_TCPA16000_A+SC 캠페인_ALL_V1C7_수_표준기여_2336_02,2575,0,0,0
2026-09-15 01:30:46,01:00,906987379684182,1팀,120244128322750200,01.통살(ASC)(101010)_TCPA16000_A+SC 캠페인_ALL_V1C7_수_표준기여_2336_03,2271,0,0,0
2026-09-15 01:30:46,01:00,906987379684182,1팀,120246397028850200,07.크리스피(ASC)(통합)_A+SC 캠페인_구매최적화_수_표준기여_통합_260511,1485,0,0,0
2026-09-15 01:30:46,01:00,906987379684182,1팀,120246898203940200,03.닭다리살(ASC)(1010)_A+SC캠페인_구매최적화_수_표준기여_2604_260519,10262,0,0,0
2026-09-15 01:30:46,01:00,906987379684182,1팀,120246898384670200,03.닭다리살(ASC)(1010)_TROAS_A+SC캠페인_구매최적화_값_표준기여_2604_260519,34891,1,50900,145.88289243644493
2026-09-15 01:30:46,01:00,906987379684182,1팀,120247379587080200,07.크리스피(ASC)(1010)_TROAS_A+SC캠페인_구매최적화_값_표준기여_2992_260527,4167,0,0,0
2026-09-15 01:30:46,01:00,906987379684182,1팀,120248361514480200,01.통살(ASC)(하이브리드)_TCPA_A+SC캠페인_ALL_C7_수_표준기여_3028_260611,1869,0,0,0
2026-09-15 01:30:46,01:00,906987379684182,1팀,120249317264140200,07.크리스피(ASC)(하이브리드)_TROAS_A+SC캠페인_구매최적화_값_표준기여_3078_260713,8025,0,0,0
2026-09-15 01:30:46,01:00,906987379684182,1팀,120249873905240200,07.크리스피(ASC)(101010)_TROAS_A+SC캠페인_구매최적화_값_표준기여_2659_260705,5794,0,0,0
2026-09-15 01:30:46,01:00,906987379684182,1팀,120249878429160200,01.통살(ASC)(하이브리드)_TROAS_A+SC캠페인_구매최적화_값_표준기여_3028_260705,10605,0,0,0
2026-09-15 01:30:46,01:00,906987379684182,1팀,120250099159330200,07.크리스피(ASC)(메가딜)_TCPA_A+SC캠페인_ALL_C7_수_표준기여_2464_260712,3909,0,0,0
2026-09-15 01:30:46,01:00,906987379684182,1팀,120250268133470200,03.닭다리살(ASC)(하이브리드)_TROAS_A+SC캠페인_구매최적화_값_표준기여_3111_260726,4699,0,0,0
2026-09-15 01:30:46,01:00,906987379684182,1팀,120250614451040200,07.크리스피(ASC)(하이브리드)_TROAS_A+SC캠페인_구매최적화_값_표준기여_3078_260728,9017,0,0,0
2026-09-15 01:30:46,01:00,906987379684182,1팀,120250649570130200,07.크리스피(ASC)(하이브리드)_TROAS_A+SC캠페인_구매최적화_값_표준기여_3078_260802_AI,9047,0,0,0
2026-09-15 01:30:46,01:00,906987379684182,1팀,120250649570180200,07.크리스피(ASC)(하이브리드)_A+SC캠페인_구매최적화_수_표준기여_3078_260802_AI,6789,0,0,0
2026-09-15 01:30:46,01:00,906987379684182,1팀,120250858093370200,01.통살(ASC)(하이브리드)_TROAS_A+SC캠페인_구매최적화_값_표준기여_3028_260806,19322,1,83700,433.1849704999483
2026-09-15 01:30:46,01:00,906987379684182,1팀,120250858456470200,01.통살(ASC)(하이브리드)_A+SC캠페인_구매최적화_수_표준기여_3028_260806,8637,0,0,0
2026-09-15 01:30:46,01:00,906987379684182,1팀,120250858902230200,07.크리스피(ASC)(메가딜)_A+SC캠페인_구매최적화_수_표준기여_2464_260806,9907,0,0,0
2026-09-15 01:30:46,01:00,906987379684182,1팀,120250858902240200,07.크리스피(ASC)(메가딜)_TCPA_A+SC캠페인_ALL_C7_수_표준기여_2464_260806,916,0,0,0
2026-09-15 01:30:46,01:00,906987379684182,1팀,120250858902260200,07.크리스피(ASC)(메가딜)_TROAS_A+SC캠페인_구매최적화_값_표준기여_2464_260806,2719,1,60300,2217.727105553512
2026-09-15 01:30:46,01:00,906987379684182,1팀,120250859189800200,17.안심볶음밥(ASC)(메가딜)_A+SC캠페인_구매최적화_수_표준기여_2903_260907,16302,0,0,0
2026-09-15 01:30:46,01:00,906987379684182,1팀,120250859189820200,17.안심볶음밥(ASC)(메가딜)_TROAS_A+SC캠페인_구매최적화_값_표준기여_2903_260907,14332,0,0,0
2026-09-15 01:30:46,01:00,906987379684182,1팀,120250859367430200,20.김자반밥바(ASC)(하이브리드)_A+SC캠페인_구매최적화_수_가치조정_3159_260806,2001,0,0,0
2026-09-15 01:30:46,01:00,906987379684182,1팀,120250859367440200,20.김자반밥바(ASC)(하이브리드)_TCPA_A+SC캠페인_ALL_C7_수_표준기여_3159_260806,0,0,0,0
2026-09-15 01:30:46,01:00,906987379684182,1팀,120251066794820200,07.크리스피(ASC)(하이브리드)_A+SC캠페인_구매최적화_수_표준기여_3078_260816_AI _2,2566,0,0,0
2026-09-15 01:30:46,01:00,906987379684182,1팀,120251066794930200,07.크리스피(ASC)(하이브리드)_TROAS_A+SC캠페인_구매최적화_값_표준기여_3078_260816_AI _2,8215,0,0,0
2026-09-15 01:30:46,01:00,906987379684182,1팀,120251169199390200,07.크리스피(ASC)(하이브리드)_TROAS_A+SC캠페인_구매최적화_값_표준기여_3078_260817(페르소나2),8555,0,0,0
2026-09-15 01:30:46,01:00,906987379684182,1팀,120251209789390200,07.크리스피(ASC)(하이브리드)_ABO캠페인_구매최적화_수_표준기여_3078_260819,3438,0,0,0
2026-09-15 01:30:46,01:00,906987379684182,1팀,120251211164300200,07.크리스피(ASC)(하이브리드)_TCPA_A+SC캠페인_ALL_C7_수_표준기여_3078_260819(테무콘),66,0,0,0
2026-09-15 01:30:46,01:00,906987379684182,1팀,120251211164310200,07.크리스피(ASC)(하이브리드)_TROAS_A+SC캠페인_구매최적화_값_표준기여_3078_260819(테무콘),5441,0,0,0
2026-09-15 01:30:46,01:00,906987379684182,1팀,120251211164320200,07.크리스피(ASC)(하이브리드)_A+SC캠페인_구매최적화_수_표준기여_3078_260819(테무콘),2089,0,0,0
2026-09-15 01:30:46,01:00,906987379684182,1팀,120251251665220200,07.크리스피(ASC)(하이브리드)_TROAS_ABO캠페인_구매최적화_수_표준기여_3078_260821,17164,0,0,0
2026-09-15 01:30:46,01:00,906987379684182,1팀,120251327515450200,07.크리스피(ASC)(메가딜)_ABO캠페인_구매최적화_수_표준기여_2464_260825,4541,0,0,0
2026-09-15 01:30:46,01:00,906987379684182,1팀,120251328004940200,07.크리스피(ASC)(메가딜)_TROAS_ABO캠페인_구매최적화_수_표준기여_2464_260825,7530,0,0,0
2026-09-15 01:30:46,01:00,906987379684182,1팀,120251367693570200,07.크리스피(ASC)(하이브리드)_TCPA_ABO캠페인_구매최적화_수_표준기여_3078_260827,211,0,0,0
2026-09-15 01:30:46,01:00,906987379684182,1팀,120251367790160200,07.크리스피(ASC)(메가딜)_TCPA_ABO캠페인_구매최적화_수_표준기여_2464_260827,4486,0,0,0
2026-09-15 01:30:46,01:00,906987379684182,1팀,120251368155020200,01.통살(ASC)(하이브리드)_ABO캠페인_구매최적화_수_표준기여_3028_260827,2611,0,0,0
2026-09-15 01:30:46,01:00,906987379684182,1팀,120251368716980200,01.통살(ASC)(하이브리드)_TPCA_ABO캠페인_구매최적화_수_표준기여_3028_260827,1228,0,0,0
2026-09-15 01:30:46,01:00,906987379684182,1팀,120251368728810200,01.통살(ASC)(하이브리드)_TROAS_ABO캠페인_구매최적화_수_표준기여_3028_260827,1960,0,0,0
2026-09-15 01:30:46,01:00,906987379684182,1팀,120251369567610200,20.김자반밥바(ASC)(메가딜)_TCPA_ABO캠페인_구매최적화_수_표준기여_3003_260827,10804,1,33800,312.8470936690115
2026-09-15 01:30:46,01:00,906987379684182,1팀,120251369567620200,20.김자반밥바(ASC)(메가딜)_TROAS_ABO캠페인_구매최적화_수_표준기여_3003_260827,4167,1,18900,453.56371490280776
2026-09-15 01:30:46,01:00,906987379684182,1팀,120251369567660200,20.김자반밥바(ASC)(메가딜)_ABO캠페인_구매최적화_수_표준기여_3003_260827,1535,0,0,0
2026-09-15 01:30:46,01:00,906987379684182,1팀,120251444359310200,07.크리스피(ASC)(하이브리드)_TROAS_A+SC캠페인_구매최적화_값_표준기여_3078_260901(테무콘2),1286,0,0,0
2026-09-15 01:30:46,01:00,906987379684182,1팀,120251466594180200,22.닭가슴살볼(ASC)(메가딜)_ABO캠페인_구매최적화_수_표준기여_2905_260906,4039,0,0,0
2026-09-15 01:30:46,01:00,906987379684182,1팀,120251466785500200,22.닭가슴살볼(ASC)(메가딜)_TROAS_A+SC캠페인_구매최적화_값_표준기여_2905_260906,2126,0,0,0
2026-09-15 01:30:46,01:00,906987379684182,1팀,120251503407460200,22.닭가슴살볼(ASC)(메가딜)_TROAS_A+SC캠페인_구매최적화_값_표준기여_2905_260906(김혜선),4527,0,0,0
2026-09-15 02:30:46,02:00,906987379684182,1팀,120228320649100200,01.통살(ASC)(101010)_TCPA16000_A+SC 캠페인_ALL_V1C7_수_표준기여_2336,9601,1,59700,621.8102281012394
2026-09-15 02:30:46,02:00,906987379684182,1팀,120228788396590200,01.통살(ASC)(메가딜)_TCPA20000_A+SC 캠페인_ALL_V1C7_수_표준기여_1874,4848,0,0,0
2026-09-15 02:30:46,02:00,906987379684182,1팀,120237509836570200,07.크리스피(ASC)(메가딜)_TCPA16000_A+SC 캠페인_ALL_수_표준기여_2464,1539,0,0,0
2026-09-15 02:30:46,02:00,906987379684182,1팀,120243001852340200,01.통살(ASC)(101010)_TCPA16000_A+SC 캠페인_ALL_V1C7_수_표준기여_2336_02,3096,0,0,0
2026-09-15 02:30:46,02:00,906987379684182,1팀,120244128322750200,01.통살(ASC)(101010)_TCPA16000_A+SC 캠페인_ALL_V1C7_수_표준기여_2336_03,1131,0,0,0
2026-09-15 02:30:46,02:00,906987379684182,1팀,120246397028850200,07.크리스피(ASC)(통합)_A+SC 캠페인_구매최적화_수_표준기여_통합_260511,1551,0,0,0
2026-09-15 02:30:46,02:00,906987379684182,1팀,120246898203940200,03.닭다리살(ASC)(1010)_A+SC캠페인_구매최적화_수_표준기여_2604_260519,7177,0,0,0
2026-09-15 02:30:46,02:00,906987379684182,1팀,120246898384670200,03.닭다리살(ASC)(1010)_TROAS_A+SC캠페인_구매최적화_값_표준기여_2604_260519,18430,0,0,0
2026-09-15 02:30:46,02:00,906987379684182,1팀,120247379587080200,07.크리스피(ASC)(1010)_TROAS_A+SC캠페인_구매최적화_값_표준기여_2992_260527,2127,0,0,0
2026-09-15 02:30:46,02:00,906987379684182,1팀,120248361514480200,01.통살(ASC)(하이브리드)_TCPA_A+SC캠페인_ALL_C7_수_표준기여_3028_260611,1304,0,0,0
2026-09-15 02:30:46,02:00,906987379684182,1팀,120249317264140200,07.크리스피(ASC)(하이브리드)_TROAS_A+SC캠페인_구매최적화_값_표준기여_3078_260713,4400,0,0,0
2026-09-15 02:30:46,02:00,906987379684182,1팀,120249873905240200,07.크리스피(ASC)(101010)_TROAS_A+SC캠페인_구매최적화_값_표준기여_2659_260705,2159,0,0,0
2026-09-15 02:30:46,02:00,906987379684182,1팀,120249878429160200,01.통살(ASC)(하이브리드)_TROAS_A+SC캠페인_구매최적화_값_표준기여_3028_260705,6868,0,0,0
2026-09-15 02:30:46,02:00,906987379684182,1팀,120250099159330200,07.크리스피(ASC)(메가딜)_TCPA_A+SC캠페인_ALL_C7_수_표준기여_2464_260712,4018,1,43900,1092.58337481334
2026-09-15 02:30:46,02:00,906987379684182,1팀,120250268133470200,03.닭다리살(ASC)(하이브리드)_TROAS_A+SC캠페인_구매최적화_값_표준기여_3111_260726,1826,0,0,0
2026-09-15 02:30:46,02:00,906987379684182,1팀,120250614451040200,07.크리스피(ASC)(하이브리드)_TROAS_A+SC캠페인_구매최적화_값_표준기여_3078_260728,4628,0,0,0
2026-09-15 02:30:46,02:00,906987379684182,1팀,120250649570130200,07.크리스피(ASC)(하이브리드)_TROAS_A+SC캠페인_구매최적화_값_표준기여_3078_260802_AI,8089,0,0,0
2026-09-15 02:30:46,02:00,906987379684182,1팀,120250649570180200,07.크리스피(ASC)(하이브리드)_A+SC캠페인_구매최적화_수_표준기여_3078_260802_AI,2036,0,0,0
2026-09-15 02:30:46,02:00,906987379684182,1팀,120250858093370200,01.통살(ASC)(하이브리드)_TROAS_A+SC캠페인_구매최적화_값_표준기여_3028_260806,9566,0,0,0
2026-09-15 02:30:46,02:00,906987379684182,1팀,120250858456470200,01.통살(ASC)(하이브리드)_A+SC캠페인_구매최적화_수_표준기여_3028_260806,8868,0,0,0
2026-09-15 02:30:46,02:00,906987379684182,1팀,120250858902230200,07.크리스피(ASC)(메가딜)_A+SC캠페인_구매최적화_수_표준기여_2464_260806,5576,0,0,0
2026-09-15 02:30:46,02:00,906987379684182,1팀,120250858902240200,07.크리스피(ASC)(메가딜)_TCPA_A+SC캠페인_ALL_C7_수_표준기여_2464_260806,1276,0,0,0
2026-09-15 02:30:46,02:00,906987379684182,1팀,120250858902260200,07.크리스피(ASC)(메가딜)_TROAS_A+SC캠페인_구매최적화_값_표준기여_2464_260806,2700,0,0,0
2026-09-15 02:30:46,02:00,906987379684182,1팀,120250859189800200,17.안심볶음밥(ASC)(메가딜)_A+SC캠페인_구매최적화_수_표준기여_2903_260907,9910,0,0,0
2026-09-15 02:30:46,02:00,906987379684182,1팀,120250859189820200,17.안심볶음밥(ASC)(메가딜)_TROAS_A+SC캠페인_구매최적화_값_표준기여_2903_260907,9507,0,0,0
2026-09-15 02:30:46,02:00,906987379684182,1팀,120250859367430200,20.김자반밥바(ASC)(하이브리드)_A+SC캠페인_구매최적화_수_가치조정_3159_260806,1423,0,0,0
2026-09-15 02:30:46,02:00,906987379684182,1팀,120251066794820200,07.크리스피(ASC)(하이브리드)_A+SC캠페인_구매최적화_수_표준기여_3078_260816_AI _2,864,0,0,0
2026-09-15 02:30:46,02:00,906987379684182,1팀,120251066794930200,07.크리스피(ASC)(하이브리드)_TROAS_A+SC캠페인_구매최적화_값_표준기여_3078_260816_AI _2,10058,0,0,0
2026-09-15 02:30:46,02:00,906987379684182,1팀,120251169199390200,07.크리스피(ASC)(하이브리드)_TROAS_A+SC캠페인_구매최적화_값_표준기여_3078_260817(페르소나2),5017,0,0,0
2026-09-15 02:30:46,02:00,906987379684182,1팀,120251209789390200,07.크리스피(ASC)(하이브리드)_ABO캠페인_구매최적화_수_표준기여_3078_260819,2056,0,0,0
2026-09-15 02:30:46,02:00,906987379684182,1팀,120251211164300200,07.크리스피(ASC)(하이브리드)_TCPA_A+SC캠페인_ALL_C7_수_표준기여_3078_260819(테무콘),78,0,0,0
2026-09-15 02:30:46,02:00,906987379684182,1팀,120251211164310200,07.크리스피(ASC)(하이브리드)_TROAS_A+SC캠페인_구매최적화_값_표준기여_3078_260819(테무콘),5189,0,0,0
2026-09-15 02:30:46,02:00,906987379684182,1팀,120251211164320200,07.크리스피(ASC)(하이브리드)_A+SC캠페인_구매최적화_수_표준기여_3078_260819(테무콘),1236,0,0,0
2026-09-15 02:30:46,02:00,906987379684182,1팀,120251251665220200,07.크리스피(ASC)(하이브리드)_TROAS_ABO캠페인_구매최적화_수_표준기여_3078_260821,8942,0,0,0
2026-09-15 02:30:46,02:00,906987379684182,1팀,120251327515450200,07.크리스피(ASC)(메가딜)_ABO캠페인_구매최적화_수_표준기여_2464_260825,2815,0,0,0
2026-09-15 02:30:46,02:00,906987379684182,1팀,120251328004940200,07.크리스피(ASC)(메가딜)_TROAS_ABO캠페인_구매최적화_수_표준기여_2464_260825,5964,0,0,0
2026-09-15 02:30:46,02:00,906987379684182,1팀,120251367693570200,07.크리스피(ASC)(하이브리드)_TCPA_ABO캠페인_구매최적화_수_표준기여_3078_260827,164,0,0,0
2026-09-15 02:30:46,02:00,906987379684182,1팀,120251367790160200,07.크리스피(ASC)(메가딜)_TCPA_ABO캠페인_구매최적화_수_표준기여_2464_260827,3395,0,0,0
2026-09-15 02:30:46,02:00,906987379684182,1팀,120251368155020200,01.통살(ASC)(하이브리드)_ABO캠페인_구매최적화_수_표준기여_3028_260827,2567,0,0,0
2026-09-15 02:30:46,02:00,906987379684182,1팀,120251368716980200,01.통살(ASC)(하이브리드)_TPCA_ABO캠페인_구매최적화_수_표준기여_3028_260827,334,0,0,0
2026-09-15 02:30:46,02:00,906987379684182,1팀,120251368728810200,01.통살(ASC)(하이브리드)_TROAS_ABO캠페인_구매최적화_수_표준기여_3028_260827,1062,0,0,0
2026-09-15 02:30:46,02:00,906987379684182,1팀,120251369567610200,20.김자반밥바(ASC)(메가딜)_TCPA_ABO캠페인_구매최적화_수_표준기여_3003_260827,3948,0,0,0
2026-09-15 02:30:46,02:00,906987379684182,1팀,120251369567620200,20.김자반밥바(ASC)(메가딜)_TROAS_ABO캠페인_구매최적화_수_표준기여_3003_260827,2173,0,0,0
2026-09-15 02:30:46,02:00,906987379684182,1팀,120251369567660200,20.김자반밥바(ASC)(메가딜)_ABO캠페인_구매최적화_수_표준기여_3003_260827,2977,0,0,0
2026-09-15 02:30:46,02:00,906987379684182,1팀,120251444359310200,07.크리스피(ASC)(하이브리드)_TROAS_A+SC캠페인_구매최적화_값_표준기여_3078_260901(테무콘2),1033,0,0,0
2026-09-15 02:30:46,02:00,906987379684182,1팀,120251466594180200,22.닭가슴살볼(ASC)(메가딜)_ABO캠페인_구매최적화_수_표준기여_2905_260906,2095,0,0,0
2026-09-15 02:30:46,02:00,906987379684182,1팀,120251466785500200,22.닭가슴살볼(ASC)(메가딜)_TROAS_A+SC캠페인_구매최적화_값_표준기여_2905_260906,1866,0,0,0
2026-09-15 02:30:46,02:00,906987379684182,1팀,120251503407460200,22.닭가슴살볼(ASC)(메가딜)_TROAS_A+SC캠페인_구매최적화_값_표준기여_2905_260906(김혜선),1343,0,0,0
2026-09-15 03:30:42,03:00,906987379684182,1팀,120228320649100200,01.통살(ASC)(101010)_TCPA16000_A+SC 캠페인_ALL_V1C7_수_표준기여_2336,4631,0,0,0
2026-09-15 03:30:42,03:00,906987379684182,1팀,120228788396590200,01.통살(ASC)(메가딜)_TCPA20000_A+SC 캠페인_ALL_V1C7_수_표준기여_1874,2037,0,0,0
2026-09-15 03:30:42,03:00,906987379684182,1팀,120237509836570200,07.크리스피(ASC)(메가딜)_TCPA16000_A+SC 캠페인_ALL_수_표준기여_2464,1268,0,0,0
2026-09-15 03:30:42,03:00,906987379684182,1팀,120243001852340200,01.통살(ASC)(101010)_TCPA16000_A+SC 캠페인_ALL_V1C7_수_표준기여_2336_02,823,0,0,0
2026-09-15 03:30:42,03:00,906987379684182,1팀,120244128322750200,01.통살(ASC)(101010)_TCPA16000_A+SC 캠페인_ALL_V1C7_수_표준기여_2336_03,615,0,0,0
2026-09-15 03:30:42,03:00,906987379684182,1팀,120246397028850200,07.크리스피(ASC)(통합)_A+SC 캠페인_구매최적화_수_표준기여_통합_260511,342,0,0,0
2026-09-15 03:30:42,03:00,906987379684182,1팀,120246898203940200,03.닭다리살(ASC)(1010)_A+SC캠페인_구매최적화_수_표준기여_2604_260519,4781,0,0,0
2026-09-15 03:30:42,03:00,906987379684182,1팀,120246898384670200,03.닭다리살(ASC)(1010)_TROAS_A+SC캠페인_구매최적화_값_표준기여_2604_260519,9994,0,0,0
2026-09-15 03:30:42,03:00,906987379684182,1팀,120247379587080200,07.크리스피(ASC)(1010)_TROAS_A+SC캠페인_구매최적화_값_표준기여_2992_260527,2286,0,0,0
2026-09-15 03:30:42,03:00,906987379684182,1팀,120248361514480200,01.통살(ASC)(하이브리드)_TCPA_A+SC캠페인_ALL_C7_수_표준기여_3028_260611,397,0,0,0
2026-09-15 03:30:42,03:00,906987379684182,1팀,120249317264140200,07.크리스피(ASC)(하이브리드)_TROAS_A+SC캠페인_구매최적화_값_표준기여_3078_260713,4679,0,0,0
2026-09-15 03:30:42,03:00,906987379684182,1팀,120249873905240200,07.크리스피(ASC)(101010)_TROAS_A+SC캠페인_구매최적화_값_표준기여_2659_260705,941,0,0,0
2026-09-15 03:30:42,03:00,906987379684182,1팀,120249878429160200,01.통살(ASC)(하이브리드)_TROAS_A+SC캠페인_구매최적화_값_표준기여_3028_260705,4040,0,0,0
2026-09-15 03:30:42,03:00,906987379684182,1팀,120250099159330200,07.크리스피(ASC)(메가딜)_TCPA_A+SC캠페인_ALL_C7_수_표준기여_2464_260712,2763,0,0,0
2026-09-15 03:30:42,03:00,906987379684182,1팀,120250268133470200,03.닭다리살(ASC)(하이브리드)_TROAS_A+SC캠페인_구매최적화_값_표준기여_3111_260726,1145,0,0,0
2026-09-15 03:30:42,03:00,906987379684182,1팀,120250614451040200,07.크리스피(ASC)(하이브리드)_TROAS_A+SC캠페인_구매최적화_값_표준기여_3078_260728,2497,0,0,0
2026-09-15 03:30:42,03:00,906987379684182,1팀,120250649570130200,07.크리스피(ASC)(하이브리드)_TROAS_A+SC캠페인_구매최적화_값_표준기여_3078_260802_AI,3623,0,0,0
2026-09-15 03:30:42,03:00,906987379684182,1팀,120250649570180200,07.크리스피(ASC)(하이브리드)_A+SC캠페인_구매최적화_수_표준기여_3078_260802_AI,2144,0,0,0
2026-09-15 03:30:42,03:00,906987379684182,1팀,120250858093370200,01.통살(ASC)(하이브리드)_TROAS_A+SC캠페인_구매최적화_값_표준기여_3028_260806,5077,0,0,0
2026-09-15 03:30:42,03:00,906987379684182,1팀,120250858456470200,01.통살(ASC)(하이브리드)_A+SC캠페인_구매최적화_수_표준기여_3028_260806,2736,0,0,0
2026-09-15 03:30:42,03:00,906987379684182,1팀,120250858902230200,07.크리스피(ASC)(메가딜)_A+SC캠페인_구매최적화_수_표준기여_2464_260806,3013,0,0,0
2026-09-15 03:30:42,03:00,906987379684182,1팀,120250858902240200,07.크리스피(ASC)(메가딜)_TCPA_A+SC캠페인_ALL_C7_수_표준기여_2464_260806,475,0,0,0
2026-09-15 03:30:42,03:00,906987379684182,1팀,120250858902260200,07.크리스피(ASC)(메가딜)_TROAS_A+SC캠페인_구매최적화_값_표준기여_2464_260806,930,0,0,0
2026-09-15 03:30:42,03:00,906987379684182,1팀,120250859189800200,17.안심볶음밥(ASC)(메가딜)_A+SC캠페인_구매최적화_수_표준기여_2903_260907,5500,0,0,0
2026-09-15 03:30:42,03:00,906987379684182,1팀,120250859189820200,17.안심볶음밥(ASC)(메가딜)_TROAS_A+SC캠페인_구매최적화_값_표준기여_2903_260907,3991,0,0,0
2026-09-15 03:30:42,03:00,906987379684182,1팀,120250859367430200,20.김자반밥바(ASC)(하이브리드)_A+SC캠페인_구매최적화_수_가치조정_3159_260806,1098,0,0,0
2026-09-15 03:30:42,03:00,906987379684182,1팀,120251066794820200,07.크리스피(ASC)(하이브리드)_A+SC캠페인_구매최적화_수_표준기여_3078_260816_AI _2,930,0,0,0
2026-09-15 03:30:42,03:00,906987379684182,1팀,120251066794930200,07.크리스피(ASC)(하이브리드)_TROAS_A+SC캠페인_구매최적화_값_표준기여_3078_260816_AI _2,4534,0,0,0
2026-09-15 03:30:42,03:00,906987379684182,1팀,120251169199390200,07.크리스피(ASC)(하이브리드)_TROAS_A+SC캠페인_구매최적화_값_표준기여_3078_260817(페르소나2),2989,0,0,0
2026-09-15 03:30:42,03:00,906987379684182,1팀,120251209789390200,07.크리스피(ASC)(하이브리드)_ABO캠페인_구매최적화_수_표준기여_3078_260819,1015,0,0,0
2026-09-15 03:30:42,03:00,906987379684182,1팀,120251211164300200,07.크리스피(ASC)(하이브리드)_TCPA_A+SC캠페인_ALL_C7_수_표준기여_3078_260819(테무콘),41,0,0,0
2026-09-15 03:30:42,03:00,906987379684182,1팀,120251211164310200,07.크리스피(ASC)(하이브리드)_TROAS_A+SC캠페인_구매최적화_값_표준기여_3078_260819(테무콘),3118,0,0,0
2026-09-15 03:30:42,03:00,906987379684182,1팀,120251211164320200,07.크리스피(ASC)(하이브리드)_A+SC캠페인_구매최적화_수_표준기여_3078_260819(테무콘),922,0,0,0
2026-09-15 03:30:42,03:00,906987379684182,1팀,120251251665220200,07.크리스피(ASC)(하이브리드)_TROAS_ABO캠페인_구매최적화_수_표준기여_3078_260821,6123,0,0,0
2026-09-15 03:30:42,03:00,906987379684182,1팀,120251327515450200,07.크리스피(ASC)(메가딜)_ABO캠페인_구매최적화_수_표준기여_2464_260825,1664,0,0,0
2026-09-15 03:30:42,03:00,906987379684182,1팀,120251328004940200,07.크리스피(ASC)(메가딜)_TROAS_ABO캠페인_구매최적화_수_표준기여_2464_260825,2418,0,0,0
2026-09-15 03:30:42,03:00,906987379684182,1팀,120251367693570200,07.크리스피(ASC)(하이브리드)_TCPA_ABO캠페인_구매최적화_수_표준기여_3078_260827,140,0,0,0
2026-09-15 03:30:42,03:00,906987379684182,1팀,120251367790160200,07.크리스피(ASC)(메가딜)_TCPA_ABO캠페인_구매최적화_수_표준기여_2464_260827,1589,0,0,0
2026-09-15 03:30:42,03:00,906987379684182,1팀,120251368155020200,01.통살(ASC)(하이브리드)_ABO캠페인_구매최적화_수_표준기여_3028_260827,1316,0,0,0
2026-09-15 03:30:42,03:00,906987379684182,1팀,120251368716980200,01.통살(ASC)(하이브리드)_TPCA_ABO캠페인_구매최적화_수_표준기여_3028_260827,101,0,0,0
2026-09-15 03:30:42,03:00,906987379684182,1팀,120251368728810200,01.통살(ASC)(하이브리드)_TROAS_ABO캠페인_구매최적화_수_표준기여_3028_260827,709,0,0,0
2026-09-15 03:30:42,03:00,906987379684182,1팀,120251369567610200,20.김자반밥바(ASC)(메가딜)_TCPA_ABO캠페인_구매최적화_수_표준기여_3003_260827,2810,0,0,0
2026-09-15 03:30:42,03:00,906987379684182,1팀,120251369567620200,20.김자반밥바(ASC)(메가딜)_TROAS_ABO캠페인_구매최적화_수_표준기여_3003_260827,1422,0,0,0
2026-09-15 03:30:42,03:00,906987379684182,1팀,120251369567660200,20.김자반밥바(ASC)(메가딜)_ABO캠페인_구매최적화_수_표준기여_3003_260827,732,0,0,0
2026-09-15 03:30:42,03:00,906987379684182,1팀,120251444359310200,07.크리스피(ASC)(하이브리드)_TROAS_A+SC캠페인_구매최적화_값_표준기여_3078_260901(테무콘2),2612,0,0,0
2026-09-15 03:30:42,03:00,906987379684182,1팀,120251466594180200,22.닭가슴살볼(ASC)(메가딜)_ABO캠페인_구매최적화_수_표준기여_2905_260906,1418,0,0,0
2026-09-15 03:30:42,03:00,906987379684182,1팀,120251466785500200,22.닭가슴살볼(ASC)(메가딜)_TROAS_A+SC캠페인_구매최적화_값_표준기여_2905_260906,958,0,0,0
2026-09-15 03:30:42,03:00,906987379684182,1팀,120251503407460200,22.닭가슴살볼(ASC)(메가딜)_TROAS_A+SC캠페인_구매최적화_값_표준기여_2905_260906(김혜선),711,0,0,0
2026-09-15 04:28:34,04:00,906987379684182,1팀,120228320649100200,01.통살(ASC)(101010)_TCPA16000_A+SC 캠페인_ALL_V1C7_수_표준기여_2336,2447,0,0,0
2026-09-15 04:28:34,04:00,906987379684182,1팀,120228788396590200,01.통살(ASC)(메가딜)_TCPA20000_A+SC 캠페인_ALL_V1C7_수_표준기여_1874,1644,0,0,0
2026-09-15 04:28:34,04:00,906987379684182,1팀,120237509836570200,07.크리스피(ASC)(메가딜)_TCPA16000_A+SC 캠페인_ALL_수_표준기여_2464,381,0,0,0
2026-09-15 04:28:34,04:00,906987379684182,1팀,120243001852340200,01.통살(ASC)(101010)_TCPA16000_A+SC 캠페인_ALL_V1C7_수_표준기여_2336_02,691,0,0,0
2026-09-15 04:28:34,04:00,906987379684182,1팀,120244128322750200,01.통살(ASC)(101010)_TCPA16000_A+SC 캠페인_ALL_V1C7_수_표준기여_2336_03,599,0,0,0
2026-09-15 04:28:34,04:00,906987379684182,1팀,120246397028850200,07.크리스피(ASC)(통합)_A+SC 캠페인_구매최적화_수_표준기여_통합_260511,157,0,0,0
2026-09-15 04:28:34,04:00,906987379684182,1팀,120246898203940200,03.닭다리살(ASC)(1010)_A+SC캠페인_구매최적화_수_표준기여_2604_260519,2357,0,0,0
2026-09-15 04:28:34,04:00,906987379684182,1팀,120246898384670200,03.닭다리살(ASC)(1010)_TROAS_A+SC캠페인_구매최적화_값_표준기여_2604_260519,6672,0,0,0
2026-09-15 04:28:34,04:00,906987379684182,1팀,120247379587080200,07.크리스피(ASC)(1010)_TROAS_A+SC캠페인_구매최적화_값_표준기여_2992_260527,1233,0,0,0
2026-09-15 04:28:34,04:00,906987379684182,1팀,120248361514480200,01.통살(ASC)(하이브리드)_TCPA_A+SC캠페인_ALL_C7_수_표준기여_3028_260611,236,0,0,0
2026-09-15 04:28:34,04:00,906987379684182,1팀,120249317264140200,07.크리스피(ASC)(하이브리드)_TROAS_A+SC캠페인_구매최적화_값_표준기여_3078_260713,4340,0,0,0
2026-09-15 04:28:34,04:00,906987379684182,1팀,120249873905240200,07.크리스피(ASC)(101010)_TROAS_A+SC캠페인_구매최적화_값_표준기여_2659_260705,706,0,0,0
2026-09-15 04:28:34,04:00,906987379684182,1팀,120249878429160200,01.통살(ASC)(하이브리드)_TROAS_A+SC캠페인_구매최적화_값_표준기여_3028_260705,3068,0,0,0
2026-09-15 04:28:34,04:00,906987379684182,1팀,120250099159330200,07.크리스피(ASC)(메가딜)_TCPA_A+SC캠페인_ALL_C7_수_표준기여_2464_260712,980,0,0,0
2026-09-15 04:28:34,04:00,906987379684182,1팀,120250268133470200,03.닭다리살(ASC)(하이브리드)_TROAS_A+SC캠페인_구매최적화_값_표준기여_3111_260726,514,0,0,0
2026-09-15 04:28:34,04:00,906987379684182,1팀,120250614451040200,07.크리스피(ASC)(하이브리드)_TROAS_A+SC캠페인_구매최적화_값_표준기여_3078_260728,1464,0,0,0
2026-09-15 04:28:34,04:00,906987379684182,1팀,120250649570130200,07.크리스피(ASC)(하이브리드)_TROAS_A+SC캠페인_구매최적화_값_표준기여_3078_260802_AI,3541,0,0,0
2026-09-15 04:28:34,04:00,906987379684182,1팀,120250649570180200,07.크리스피(ASC)(하이브리드)_A+SC캠페인_구매최적화_수_표준기여_3078_260802_AI,1139,0,0,0
2026-09-15 04:28:34,04:00,906987379684182,1팀,120250858093370200,01.통살(ASC)(하이브리드)_TROAS_A+SC캠페인_구매최적화_값_표준기여_3028_260806,2833,0,0,0
2026-09-15 04:28:34,04:00,906987379684182,1팀,120250858456470200,01.통살(ASC)(하이브리드)_A+SC캠페인_구매최적화_수_표준기여_3028_260806,1876,0,0,0
2026-09-15 04:28:34,04:00,906987379684182,1팀,120250858902230200,07.크리스피(ASC)(메가딜)_A+SC캠페인_구매최적화_수_표준기여_2464_260806,2413,0,0,0
2026-09-15 04:28:34,04:00,906987379684182,1팀,120250858902240200,07.크리스피(ASC)(메가딜)_TCPA_A+SC캠페인_ALL_C7_수_표준기여_2464_260806,434,0,0,0
2026-09-15 04:28:34,04:00,906987379684182,1팀,120250858902260200,07.크리스피(ASC)(메가딜)_TROAS_A+SC캠페인_구매최적화_값_표준기여_2464_260806,839,0,0,0
2026-09-15 04:28:34,04:00,906987379684182,1팀,120250859189800200,17.안심볶음밥(ASC)(메가딜)_A+SC캠페인_구매최적화_수_표준기여_2903_260907,3571,0,0,0
2026-09-15 04:28:34,04:00,906987379684182,1팀,120250859189820200,17.안심볶음밥(ASC)(메가딜)_TROAS_A+SC캠페인_구매최적화_값_표준기여_2903_260907,2349,0,0,0
2026-09-15 04:28:34,04:00,906987379684182,1팀,120250859367430200,20.김자반밥바(ASC)(하이브리드)_A+SC캠페인_구매최적화_수_가치조정_3159_260806,556,0,0,0
2026-09-15 04:28:34,04:00,906987379684182,1팀,120251066794820200,07.크리스피(ASC)(하이브리드)_A+SC캠페인_구매최적화_수_표준기여_3078_260816_AI _2,650,0,0,0
2026-09-15 04:28:34,04:00,906987379684182,1팀,120251066794930200,07.크리스피(ASC)(하이브리드)_TROAS_A+SC캠페인_구매최적화_값_표준기여_3078_260816_AI _2,2861,0,0,0
2026-09-15 04:28:34,04:00,906987379684182,1팀,120251169199390200,07.크리스피(ASC)(하이브리드)_TROAS_A+SC캠페인_구매최적화_값_표준기여_3078_260817(페르소나2),2560,0,0,0
2026-09-15 04:28:34,04:00,906987379684182,1팀,120251209789390200,07.크리스피(ASC)(하이브리드)_ABO캠페인_구매최적화_수_표준기여_3078_260819,1124,0,0,0
2026-09-15 04:28:34,04:00,906987379684182,1팀,120251211164310200,07.크리스피(ASC)(하이브리드)_TROAS_A+SC캠페인_구매최적화_값_표준기여_3078_260819(테무콘),2536,0,0,0
2026-09-15 04:28:34,04:00,906987379684182,1팀,120251211164320200,07.크리스피(ASC)(하이브리드)_A+SC캠페인_구매최적화_수_표준기여_3078_260819(테무콘),683,0,0,0
2026-09-15 04:28:34,04:00,906987379684182,1팀,120251251665220200,07.크리스피(ASC)(하이브리드)_TROAS_ABO캠페인_구매최적화_수_표준기여_3078_260821,4615,0,0,0
2026-09-15 04:28:34,04:00,906987379684182,1팀,120251327515450200,07.크리스피(ASC)(메가딜)_ABO캠페인_구매최적화_수_표준기여_2464_260825,1081,0,0,0
2026-09-15 04:28:34,04:00,906987379684182,1팀,120251328004940200,07.크리스피(ASC)(메가딜)_TROAS_ABO캠페인_구매최적화_수_표준기여_2464_260825,1417,0,0,0
2026-09-15 04:28:34,04:00,906987379684182,1팀,120251367693570200,07.크리스피(ASC)(하이브리드)_TCPA_ABO캠페인_구매최적화_수_표준기여_3078_260827,1159,0,0,0
2026-09-15 04:28:34,04:00,906987379684182,1팀,120251367790160200,07.크리스피(ASC)(메가딜)_TCPA_ABO캠페인_구매최적화_수_표준기여_2464_260827,1288,0,0,0
2026-09-15 04:28:34,04:00,906987379684182,1팀,120251368155020200,01.통살(ASC)(하이브리드)_ABO캠페인_구매최적화_수_표준기여_3028_260827,1770,0,0,0
2026-09-15 04:28:34,04:00,906987379684182,1팀,120251368716980200,01.통살(ASC)(하이브리드)_TPCA_ABO캠페인_구매최적화_수_표준기여_3028_260827,272,0,0,0
2026-09-15 04:28:34,04:00,906987379684182,1팀,120251368728810200,01.통살(ASC)(하이브리드)_TROAS_ABO캠페인_구매최적화_수_표준기여_3028_260827,478,0,0,0
2026-09-15 04:28:34,04:00,906987379684182,1팀,120251369567610200,20.김자반밥바(ASC)(메가딜)_TCPA_ABO캠페인_구매최적화_수_표준기여_3003_260827,1218,0,0,0
2026-09-15 04:28:34,04:00,906987379684182,1팀,120251369567620200,20.김자반밥바(ASC)(메가딜)_TROAS_ABO캠페인_구매최적화_수_표준기여_3003_260827,543,0,0,0
2026-09-15 04:28:34,04:00,906987379684182,1팀,120251369567660200,20.김자반밥바(ASC)(메가딜)_ABO캠페인_구매최적화_수_표준기여_3003_260827,261,0,0,0
2026-09-15 04:28:34,04:00,906987379684182,1팀,120251444359310200,07.크리스피(ASC)(하이브리드)_TROAS_A+SC캠페인_구매최적화_값_표준기여_3078_260901(테무콘2),112,0,0,0
2026-09-15 04:28:34,04:00,906987379684182,1팀,120251466594180200,22.닭가슴살볼(ASC)(메가딜)_ABO캠페인_구매최적화_수_표준기여_2905_260906,1332,0,0,0
2026-09-15 04:28:34,04:00,906987379684182,1팀,120251466785500200,22.닭가슴살볼(ASC)(메가딜)_TROAS_A+SC캠페인_구매최적화_값_표준기여_2905_260906,432,0,0,0
2026-09-15 04:28:34,04:00,906987379684182,1팀,120251503407460200,22.닭가슴살볼(ASC)(메가딜)_TROAS_A+SC캠페인_구매최적화_값_표준기여_2905_260906(김혜선),1120,0,0,0
2026-09-15 04:30:44,04:00,906987379684182,1팀,120228320649100200,01.통살(ASC)(101010)_TCPA16000_A+SC 캠페인_ALL_V1C7_수_표준기여_2336,2594,0,0,0
2026-09-15 04:30:44,04:00,906987379684182,1팀,120228788396590200,01.통살(ASC)(메가딜)_TCPA20000_A+SC 캠페인_ALL_V1C7_수_표준기여_1874,1803,0,0,0
2026-09-15 04:30:44,04:00,906987379684182,1팀,120237509836570200,07.크리스피(ASC)(메가딜)_TCPA16000_A+SC 캠페인_ALL_수_표준기여_2464,409,0,0,0
2026-09-15 04:30:44,04:00,906987379684182,1팀,120243001852340200,01.통살(ASC)(101010)_TCPA16000_A+SC 캠페인_ALL_V1C7_수_표준기여_2336_02,734,0,0,0
2026-09-15 04:30:44,04:00,906987379684182,1팀,120244128322750200,01.통살(ASC)(101010)_TCPA16000_A+SC 캠페인_ALL_V1C7_수_표준기여_2336_03,616,0,0,0
2026-09-15 04:30:44,04:00,906987379684182,1팀,120246397028850200,07.크리스피(ASC)(통합)_A+SC 캠페인_구매최적화_수_표준기여_통합_260511,167,0,0,0
2026-09-15 04:30:44,04:00,906987379684182,1팀,120246898203940200,03.닭다리살(ASC)(1010)_A+SC캠페인_구매최적화_수_표준기여_2604_260519,2626,0,0,0
2026-09-15 04:30:44,04:00,906987379684182,1팀,120246898384670200,03.닭다리살(ASC)(1010)_TROAS_A+SC캠페인_구매최적화_값_표준기여_2604_260519,7431,0,0,0
2026-09-15 04:30:44,04:00,906987379684182,1팀,120247379587080200,07.크리스피(ASC)(1010)_TROAS_A+SC캠페인_구매최적화_값_표준기여_2992_260527,1461,0,0,0
2026-09-15 04:30:44,04:00,906987379684182,1팀,120248361514480200,01.통살(ASC)(하이브리드)_TCPA_A+SC캠페인_ALL_C7_수_표준기여_3028_260611,265,0,0,0
2026-09-15 04:30:44,04:00,906987379684182,1팀,120249317264140200,07.크리스피(ASC)(하이브리드)_TROAS_A+SC캠페인_구매최적화_값_표준기여_3078_260713,4968,0,0,0
2026-09-15 04:30:44,04:00,906987379684182,1팀,120249873905240200,07.크리스피(ASC)(101010)_TROAS_A+SC캠페인_구매최적화_값_표준기여_2659_260705,762,0,0,0
2026-09-15 04:30:44,04:00,906987379684182,1팀,120249878429160200,01.통살(ASC)(하이브리드)_TROAS_A+SC캠페인_구매최적화_값_표준기여_3028_260705,3443,0,0,0
2026-09-15 04:30:44,04:00,906987379684182,1팀,120250099159330200,07.크리스피(ASC)(메가딜)_TCPA_A+SC캠페인_ALL_C7_수_표준기여_2464_260712,1125,0,0,0
2026-09-15 04:30:44,04:00,906987379684182,1팀,120250268133470200,03.닭다리살(ASC)(하이브리드)_TROAS_A+SC캠페인_구매최적화_값_표준기여_3111_260726,611,0,0,0
2026-09-15 04:30:44,04:00,906987379684182,1팀,120250614451040200,07.크리스피(ASC)(하이브리드)_TROAS_A+SC캠페인_구매최적화_값_표준기여_3078_260728,1821,0,0,0
2026-09-15 04:30:44,04:00,906987379684182,1팀,120250649570130200,07.크리스피(ASC)(하이브리드)_TROAS_A+SC캠페인_구매최적화_값_표준기여_3078_260802_AI,4628,0,0,0
2026-09-15 04:30:44,04:00,906987379684182,1팀,120250649570180200,07.크리스피(ASC)(하이브리드)_A+SC캠페인_구매최적화_수_표준기여_3078_260802_AI,1281,0,0,0
2026-09-15 04:30:44,04:00,906987379684182,1팀,120250858093370200,01.통살(ASC)(하이브리드)_TROAS_A+SC캠페인_구매최적화_값_표준기여_3028_260806,3330,0,0,0
2026-09-15 04:30:44,04:00,906987379684182,1팀,120250858456470200,01.통살(ASC)(하이브리드)_A+SC캠페인_구매최적화_수_표준기여_3028_260806,2123,0,0,0
2026-09-15 04:30:44,04:00,906987379684182,1팀,120250858902230200,07.크리스피(ASC)(메가딜)_A+SC캠페인_구매최적화_수_표준기여_2464_260806,2875,0,0,0
2026-09-15 04:30:44,04:00,906987379684182,1팀,120250858902240200,07.크리스피(ASC)(메가딜)_TCPA_A+SC캠페인_ALL_C7_수_표준기여_2464_260806,480,0,0,0
2026-09-15 04:30:44,04:00,906987379684182,1팀,120250858902260200,07.크리스피(ASC)(메가딜)_TROAS_A+SC캠페인_구매최적화_값_표준기여_2464_260806,1136,0,0,0
2026-09-15 04:30:44,04:00,906987379684182,1팀,120250859189800200,17.안심볶음밥(ASC)(메가딜)_A+SC캠페인_구매최적화_수_표준기여_2903_260907,4243,0,0,0
2026-09-15 04:30:44,04:00,906987379684182,1팀,120250859189820200,17.안심볶음밥(ASC)(메가딜)_TROAS_A+SC캠페인_구매최적화_값_표준기여_2903_260907,2590,0,0,0
2026-09-15 04:30:44,04:00,906987379684182,1팀,120250859367430200,20.김자반밥바(ASC)(하이브리드)_A+SC캠페인_구매최적화_수_가치조정_3159_260806,660,0,0,0
2026-09-15 04:30:44,04:00,906987379684182,1팀,120251066794820200,07.크리스피(ASC)(하이브리드)_A+SC캠페인_구매최적화_수_표준기여_3078_260816_AI _2,800,0,0,0
2026-09-15 04:30:44,04:00,906987379684182,1팀,120251066794930200,07.크리스피(ASC)(하이브리드)_TROAS_A+SC캠페인_구매최적화_값_표준기여_3078_260816_AI _2,3297,0,0,0
2026-09-15 04:30:44,04:00,906987379684182,1팀,120251169199390200,07.크리스피(ASC)(하이브리드)_TROAS_A+SC캠페인_구매최적화_값_표준기여_3078_260817(페르소나2),2629,0,0,0
2026-09-15 04:30:44,04:00,906987379684182,1팀,120251209789390200,07.크리스피(ASC)(하이브리드)_ABO캠페인_구매최적화_수_표준기여_3078_260819,1245,0,0,0
2026-09-15 04:30:44,04:00,906987379684182,1팀,120251211164310200,07.크리스피(ASC)(하이브리드)_TROAS_A+SC캠페인_구매최적화_값_표준기여_3078_260819(테무콘),2893,0,0,0
2026-09-15 04:30:44,04:00,906987379684182,1팀,120251211164320200,07.크리스피(ASC)(하이브리드)_A+SC캠페인_구매최적화_수_표준기여_3078_260819(테무콘),858,0,0,0
2026-09-15 04:30:44,04:00,906987379684182,1팀,120251251665220200,07.크리스피(ASC)(하이브리드)_TROAS_ABO캠페인_구매최적화_수_표준기여_3078_260821,5237,0,0,0
2026-09-15 04:30:44,04:00,906987379684182,1팀,120251327515450200,07.크리스피(ASC)(메가딜)_ABO캠페인_구매최적화_수_표준기여_2464_260825,1269,0,0,0
2026-09-15 04:30:44,04:00,906987379684182,1팀,120251328004940200,07.크리스피(ASC)(메가딜)_TROAS_ABO캠페인_구매최적화_수_표준기여_2464_260825,1549,0,0,0
2026-09-15 04:30:44,04:00,906987379684182,1팀,120251367693570200,07.크리스피(ASC)(하이브리드)_TCPA_ABO캠페인_구매최적화_수_표준기여_3078_260827,1165,0,0,0
2026-09-15 04:30:44,04:00,906987379684182,1팀,120251367790160200,07.크리스피(ASC)(메가딜)_TCPA_ABO캠페인_구매최적화_수_표준기여_2464_260827,1454,0,0,0
2026-09-15 04:30:44,04:00,906987379684182,1팀,120251368155020200,01.통살(ASC)(하이브리드)_ABO캠페인_구매최적화_수_표준기여_3028_260827,1882,0,0,0
2026-09-15 04:30:44,04:00,906987379684182,1팀,120251368716980200,01.통살(ASC)(하이브리드)_TPCA_ABO캠페인_구매최적화_수_표준기여_3028_260827,296,0,0,0
2026-09-15 04:30:44,04:00,906987379684182,1팀,120251368728810200,01.통살(ASC)(하이브리드)_TROAS_ABO캠페인_구매최적화_수_표준기여_3028_260827,520,0,0,0
2026-09-15 04:30:44,04:00,906987379684182,1팀,120251369567610200,20.김자반밥바(ASC)(메가딜)_TCPA_ABO캠페인_구매최적화_수_표준기여_3003_260827,1455,0,0,0
2026-09-15 04:30:44,04:00,906987379684182,1팀,120251369567620200,20.김자반밥바(ASC)(메가딜)_TROAS_ABO캠페인_구매최적화_수_표준기여_3003_260827,643,0,0,0
2026-09-15 04:30:44,04:00,906987379684182,1팀,120251369567660200,20.김자반밥바(ASC)(메가딜)_ABO캠페인_구매최적화_수_표준기여_3003_260827,291,0,0,0
2026-09-15 04:30:44,04:00,906987379684182,1팀,120251444359310200,07.크리스피(ASC)(하이브리드)_TROAS_A+SC캠페인_구매최적화_값_표준기여_3078_260901(테무콘2),162,0,0,0
2026-09-15 04:30:44,04:00,906987379684182,1팀,120251466594180200,22.닭가슴살볼(ASC)(메가딜)_ABO캠페인_구매최적화_수_표준기여_2905_260906,1397,0,0,0
2026-09-15 04:30:44,04:00,906987379684182,1팀,120251466785500200,22.닭가슴살볼(ASC)(메가딜)_TROAS_A+SC캠페인_구매최적화_값_표준기여_2905_260906,520,0,0,0
2026-09-15 04:30:44,04:00,906987379684182,1팀,120251503407460200,22.닭가슴살볼(ASC)(메가딜)_TROAS_A+SC캠페인_구매최적화_값_표준기여_2905_260906(김혜선),1153,0,0,0
2026-09-15 05:30:43,05:00,906987379684182,1팀,120228320649100200,01.통살(ASC)(101010)_TCPA16000_A+SC 캠페인_ALL_V1C7_수_표준기여_2336,1993,0,0,0
2026-09-15 05:30:43,05:00,906987379684182,1팀,120228788396590200,01.통살(ASC)(메가딜)_TCPA20000_A+SC 캠페인_ALL_V1C7_수_표준기여_1874,1013,0,0,0
2026-09-15 05:30:43,05:00,906987379684182,1팀,120237509836570200,07.크리스피(ASC)(메가딜)_TCPA16000_A+SC 캠페인_ALL_수_표준기여_2464,420,0,0,0
2026-09-15 05:30:43,05:00,906987379684182,1팀,120243001852340200,01.통살(ASC)(101010)_TCPA16000_A+SC 캠페인_ALL_V1C7_수_표준기여_2336_02,927,0,0,0
2026-09-15 05:30:43,05:00,906987379684182,1팀,120244128322750200,01.통살(ASC)(101010)_TCPA16000_A+SC 캠페인_ALL_V1C7_수_표준기여_2336_03,1126,0,0,0
2026-09-15 05:30:43,05:00,906987379684182,1팀,120246397028850200,07.크리스피(ASC)(통합)_A+SC 캠페인_구매최적화_수_표준기여_통합_260511,612,0,0,0
2026-09-15 05:30:43,05:00,906987379684182,1팀,120246898203940200,03.닭다리살(ASC)(1010)_A+SC캠페인_구매최적화_수_표준기여_2604_260519,1946,0,0,0
2026-09-15 05:30:43,05:00,906987379684182,1팀,120246898384670200,03.닭다리살(ASC)(1010)_TROAS_A+SC캠페인_구매최적화_값_표준기여_2604_260519,8579,0,0,0
2026-09-15 05:30:43,05:00,906987379684182,1팀,120247379587080200,07.크리스피(ASC)(1010)_TROAS_A+SC캠페인_구매최적화_값_표준기여_2992_260527,1036,0,0,0
2026-09-15 05:30:43,05:00,906987379684182,1팀,120248361514480200,01.통살(ASC)(하이브리드)_TCPA_A+SC캠페인_ALL_C7_수_표준기여_3028_260611,350,0,0,0
2026-09-15 05:30:43,05:00,906987379684182,1팀,120249317264140200,07.크리스피(ASC)(하이브리드)_TROAS_A+SC캠페인_구매최적화_값_표준기여_3078_260713,4299,0,0,0
2026-09-15 05:30:43,05:00,906987379684182,1팀,120249873905240200,07.크리스피(ASC)(101010)_TROAS_A+SC캠페인_구매최적화_값_표준기여_2659_260705,575,0,0,0
2026-09-15 05:30:43,05:00,906987379684182,1팀,120249878429160200,01.통살(ASC)(하이브리드)_TROAS_A+SC캠페인_구매최적화_값_표준기여_3028_260705,3346,0,0,0
2026-09-15 05:30:43,05:00,906987379684182,1팀,120250099159330200,07.크리스피(ASC)(메가딜)_TCPA_A+SC캠페인_ALL_C7_수_표준기여_2464_260712,681,0,0,0
2026-09-15 05:30:43,05:00,906987379684182,1팀,120250268133470200,03.닭다리살(ASC)(하이브리드)_TROAS_A+SC캠페인_구매최적화_값_표준기여_3111_260726,946,0,0,0
2026-09-15 05:30:43,05:00,906987379684182,1팀,120250614451040200,07.크리스피(ASC)(하이브리드)_TROAS_A+SC캠페인_구매최적화_값_표준기여_3078_260728,1396,0,0,0
2026-09-15 05:30:43,05:00,906987379684182,1팀,120250649570130200,07.크리스피(ASC)(하이브리드)_TROAS_A+SC캠페인_구매최적화_값_표준기여_3078_260802_AI,1795,0,0,0
2026-09-15 05:30:43,05:00,906987379684182,1팀,120250649570180200,07.크리스피(ASC)(하이브리드)_A+SC캠페인_구매최적화_수_표준기여_3078_260802_AI,1798,0,0,0
2026-09-15 05:30:43,05:00,906987379684182,1팀,120250858093370200,01.통살(ASC)(하이브리드)_TROAS_A+SC캠페인_구매최적화_값_표준기여_3028_260806,2855,0,0,0
2026-09-15 05:30:43,05:00,906987379684182,1팀,120250858456470200,01.통살(ASC)(하이브리드)_A+SC캠페인_구매최적화_수_표준기여_3028_260806,2922,0,0,0
2026-09-15 05:30:43,05:00,906987379684182,1팀,120250858902230200,07.크리스피(ASC)(메가딜)_A+SC캠페인_구매최적화_수_표준기여_2464_260806,1801,0,0,0
2026-09-15 05:30:43,05:00,906987379684182,1팀,120250858902240200,07.크리스피(ASC)(메가딜)_TCPA_A+SC캠페인_ALL_C7_수_표준기여_2464_260806,436,0,0,0
2026-09-15 05:30:43,05:00,906987379684182,1팀,120250858902260200,07.크리스피(ASC)(메가딜)_TROAS_A+SC캠페인_구매최적화_값_표준기여_2464_260806,1146,0,0,0
2026-09-15 05:30:43,05:00,906987379684182,1팀,120250859189800200,17.안심볶음밥(ASC)(메가딜)_A+SC캠페인_구매최적화_수_표준기여_2903_260907,3139,0,0,0
2026-09-15 05:30:43,05:00,906987379684182,1팀,120250859189820200,17.안심볶음밥(ASC)(메가딜)_TROAS_A+SC캠페인_구매최적화_값_표준기여_2903_260907,1398,0,0,0
2026-09-15 05:30:43,05:00,906987379684182,1팀,120250859367430200,20.김자반밥바(ASC)(하이브리드)_A+SC캠페인_구매최적화_수_가치조정_3159_260806,2190,0,0,0
2026-09-15 05:30:43,05:00,906987379684182,1팀,120251066794820200,07.크리스피(ASC)(하이브리드)_A+SC캠페인_구매최적화_수_표준기여_3078_260816_AI _2,964,0,0,0
2026-09-15 05:30:43,05:00,906987379684182,1팀,120251066794930200,07.크리스피(ASC)(하이브리드)_TROAS_A+SC캠페인_구매최적화_값_표준기여_3078_260816_AI _2,4057,0,0,0
2026-09-15 05:30:43,05:00,906987379684182,1팀,120251169199390200,07.크리스피(ASC)(하이브리드)_TROAS_A+SC캠페인_구매최적화_값_표준기여_3078_260817(페르소나2),2940,0,0,0
2026-09-15 05:30:43,05:00,906987379684182,1팀,120251209789390200,07.크리스피(ASC)(하이브리드)_ABO캠페인_구매최적화_수_표준기여_3078_260819,928,0,0,0
2026-09-15 05:30:43,05:00,906987379684182,1팀,120251211164300200,07.크리스피(ASC)(하이브리드)_TCPA_A+SC캠페인_ALL_C7_수_표준기여_3078_260819(테무콘),26,0,0,0
2026-09-15 05:30:43,05:00,906987379684182,1팀,120251211164310200,07.크리스피(ASC)(하이브리드)_TROAS_A+SC캠페인_구매최적화_값_표준기여_3078_260819(테무콘),4878,0,0,0
2026-09-15 05:30:43,05:00,906987379684182,1팀,120251211164320200,07.크리스피(ASC)(하이브리드)_A+SC캠페인_구매최적화_수_표준기여_3078_260819(테무콘),784,0,0,0
2026-09-15 05:30:43,05:00,906987379684182,1팀,120251251665220200,07.크리스피(ASC)(하이브리드)_TROAS_ABO캠페인_구매최적화_수_표준기여_3078_260821,4162,0,0,0
2026-09-15 05:30:43,05:00,906987379684182,1팀,120251327515450200,07.크리스피(ASC)(메가딜)_ABO캠페인_구매최적화_수_표준기여_2464_260825,1825,0,0,0
2026-09-15 05:30:43,05:00,906987379684182,1팀,120251328004940200,07.크리스피(ASC)(메가딜)_TROAS_ABO캠페인_구매최적화_수_표준기여_2464_260825,1344,0,0,0
2026-09-15 05:30:43,05:00,906987379684182,1팀,120251367693570200,07.크리스피(ASC)(하이브리드)_TCPA_ABO캠페인_구매최적화_수_표준기여_3078_260827,45,0,0,0
2026-09-15 05:30:43,05:00,906987379684182,1팀,120251367790160200,07.크리스피(ASC)(메가딜)_TCPA_ABO캠페인_구매최적화_수_표준기여_2464_260827,937,0,0,0
2026-09-15 05:30:43,05:00,906987379684182,1팀,120251368155020200,01.통살(ASC)(하이브리드)_ABO캠페인_구매최적화_수_표준기여_3028_260827,489,0,0,0
2026-09-15 05:30:43,05:00,906987379684182,1팀,120251368716980200,01.통살(ASC)(하이브리드)_TPCA_ABO캠페인_구매최적화_수_표준기여_3028_260827,139,0,0,0
2026-09-15 05:30:43,05:00,906987379684182,1팀,120251368728810200,01.통살(ASC)(하이브리드)_TROAS_ABO캠페인_구매최적화_수_표준기여_3028_260827,543,0,0,0
2026-09-15 05:30:43,05:00,906987379684182,1팀,120251369567610200,20.김자반밥바(ASC)(메가딜)_TCPA_ABO캠페인_구매최적화_수_표준기여_3003_260827,1530,0,0,0
2026-09-15 05:30:43,05:00,906987379684182,1팀,120251369567620200,20.김자반밥바(ASC)(메가딜)_TROAS_ABO캠페인_구매최적화_수_표준기여_3003_260827,561,0,0,0
2026-09-15 05:30:43,05:00,906987379684182,1팀,120251369567660200,20.김자반밥바(ASC)(메가딜)_ABO캠페인_구매최적화_수_표준기여_3003_260827,132,0,0,0
2026-09-15 05:30:43,05:00,906987379684182,1팀,120251444359310200,07.크리스피(ASC)(하이브리드)_TROAS_A+SC캠페인_구매최적화_값_표준기여_3078_260901(테무콘2),216,0,0,0
2026-09-15 05:30:43,05:00,906987379684182,1팀,120251466594180200,22.닭가슴살볼(ASC)(메가딜)_ABO캠페인_구매최적화_수_표준기여_2905_260906,409,0,0,0
2026-09-15 05:30:43,05:00,906987379684182,1팀,120251466785500200,22.닭가슴살볼(ASC)(메가딜)_TROAS_A+SC캠페인_구매최적화_값_표준기여_2905_260906,582,0,0,0
2026-09-15 05:30:43,05:00,906987379684182,1팀,120251503407460200,22.닭가슴살볼(ASC)(메가딜)_TROAS_A+SC캠페인_구매최적화_값_표준기여_2905_260906(김혜선),495,0,0,0
2026-09-15 06:30:43,06:00,906987379684182,1팀,120228320649100200,01.통살(ASC)(101010)_TCPA16000_A+SC 캠페인_ALL_V1C7_수_표준기여_2336,3624,0,0,0
2026-09-15 06:30:43,06:00,906987379684182,1팀,120228788396590200,01.통살(ASC)(메가딜)_TCPA20000_A+SC 캠페인_ALL_V1C7_수_표준기여_1874,1389,0,0,0
2026-09-15 06:30:43,06:00,906987379684182,1팀,120237509836570200,07.크리스피(ASC)(메가딜)_TCPA16000_A+SC 캠페인_ALL_수_표준기여_2464,979,0,0,0
2026-09-15 06:30:43,06:00,906987379684182,1팀,120243001852340200,01.통살(ASC)(101010)_TCPA16000_A+SC 캠페인_ALL_V1C7_수_표준기여_2336_02,1162,0,0,0
2026-09-15 06:30:43,06:00,906987379684182,1팀,120244128322750200,01.통살(ASC)(101010)_TCPA16000_A+SC 캠페인_ALL_V1C7_수_표준기여_2336_03,830,0,0,0
2026-09-15 06:30:43,06:00,906987379684182,1팀,120246397028850200,07.크리스피(ASC)(통합)_A+SC 캠페인_구매최적화_수_표준기여_통합_260511,2093,0,0,0
2026-09-15 06:30:43,06:00,906987379684182,1팀,120246898203940200,03.닭다리살(ASC)(1010)_A+SC캠페인_구매최적화_수_표준기여_2604_260519,1627,0,0,0
2026-09-15 06:30:43,06:00,906987379684182,1팀,120246898384670200,03.닭다리살(ASC)(1010)_TROAS_A+SC캠페인_구매최적화_값_표준기여_2604_260519,7950,0,0,0
2026-09-15 06:30:43,06:00,906987379684182,1팀,120247379587080200,07.크리스피(ASC)(1010)_TROAS_A+SC캠페인_구매최적화_값_표준기여_2992_260527,2627,0,0,0
2026-09-15 06:30:43,06:00,906987379684182,1팀,120248361514480200,01.통살(ASC)(하이브리드)_TCPA_A+SC캠페인_ALL_C7_수_표준기여_3028_260611,917,0,0,0
2026-09-15 06:30:43,06:00,906987379684182,1팀,120249317264140200,07.크리스피(ASC)(하이브리드)_TROAS_A+SC캠페인_구매최적화_값_표준기여_3078_260713,6216,0,0,0
2026-09-15 06:30:43,06:00,906987379684182,1팀,120249873905240200,07.크리스피(ASC)(101010)_TROAS_A+SC캠페인_구매최적화_값_표준기여_2659_260705,1283,0,0,0
2026-09-15 06:30:43,06:00,906987379684182,1팀,120249878429160200,01.통살(ASC)(하이브리드)_TROAS_A+SC캠페인_구매최적화_값_표준기여_3028_260705,5285,0,0,0
2026-09-15 06:30:43,06:00,906987379684182,1팀,120250099159330200,07.크리스피(ASC)(메가딜)_TCPA_A+SC캠페인_ALL_C7_수_표준기여_2464_260712,2105,0,0,0
2026-09-15 06:30:43,06:00,906987379684182,1팀,120250268133470200,03.닭다리살(ASC)(하이브리드)_TROAS_A+SC캠페인_구매최적화_값_표준기여_3111_260726,958,0,0,0
2026-09-15 06:30:43,06:00,906987379684182,1팀,120250614451040200,07.크리스피(ASC)(하이브리드)_TROAS_A+SC캠페인_구매최적화_값_표준기여_3078_260728,1457,0,0,0
2026-09-15 06:30:43,06:00,906987379684182,1팀,120250649570130200,07.크리스피(ASC)(하이브리드)_TROAS_A+SC캠페인_구매최적화_값_표준기여_3078_260802_AI,6074,0,0,0
2026-09-15 06:30:43,06:00,906987379684182,1팀,120250649570180200,07.크리스피(ASC)(하이브리드)_A+SC캠페인_구매최적화_수_표준기여_3078_260802_AI,2488,0,0,0
2026-09-15 06:30:43,06:00,906987379684182,1팀,120250858093370200,01.통살(ASC)(하이브리드)_TROAS_A+SC캠페인_구매최적화_값_표준기여_3028_260806,5969,0,0,0
2026-09-15 06:30:43,06:00,906987379684182,1팀,120250858456470200,01.통살(ASC)(하이브리드)_A+SC캠페인_구매최적화_수_표준기여_3028_260806,4186,0,0,0
2026-09-15 06:30:43,06:00,906987379684182,1팀,120250858902230200,07.크리스피(ASC)(메가딜)_A+SC캠페인_구매최적화_수_표준기여_2464_260806,3073,0,0,0
2026-09-15 06:30:43,06:00,906987379684182,1팀,120250858902240200,07.크리스피(ASC)(메가딜)_TCPA_A+SC캠페인_ALL_C7_수_표준기여_2464_260806,543,0,0,0
2026-09-15 06:30:43,06:00,906987379684182,1팀,120250858902260200,07.크리스피(ASC)(메가딜)_TROAS_A+SC캠페인_구매최적화_값_표준기여_2464_260806,2874,0,0,0
2026-09-15 06:30:43,06:00,906987379684182,1팀,120250859189800200,17.안심볶음밥(ASC)(메가딜)_A+SC캠페인_구매최적화_수_표준기여_2903_260907,2663,0,0,0
2026-09-15 06:30:43,06:00,906987379684182,1팀,120250859189820200,17.안심볶음밥(ASC)(메가딜)_TROAS_A+SC캠페인_구매최적화_값_표준기여_2903_260907,5438,0,0,0
2026-09-15 06:30:43,06:00,906987379684182,1팀,120250859367430200,20.김자반밥바(ASC)(하이브리드)_A+SC캠페인_구매최적화_수_가치조정_3159_260806,1107,0,0,0
2026-09-15 06:30:43,06:00,906987379684182,1팀,120251066794820200,07.크리스피(ASC)(하이브리드)_A+SC캠페인_구매최적화_수_표준기여_3078_260816_AI _2,2773,0,0,0
2026-09-15 06:30:43,06:00,906987379684182,1팀,120251066794930200,07.크리스피(ASC)(하이브리드)_TROAS_A+SC캠페인_구매최적화_값_표준기여_3078_260816_AI _2,5772,0,0,0
2026-09-15 06:30:43,06:00,906987379684182,1팀,120251169199390200,07.크리스피(ASC)(하이브리드)_TROAS_A+SC캠페인_구매최적화_값_표준기여_3078_260817(페르소나2),5444,0,0,0
2026-09-15 06:30:43,06:00,906987379684182,1팀,120251209789390200,07.크리스피(ASC)(하이브리드)_ABO캠페인_구매최적화_수_표준기여_3078_260819,1360,0,0,0
2026-09-15 06:30:43,06:00,906987379684182,1팀,120251211164300200,07.크리스피(ASC)(하이브리드)_TCPA_A+SC캠페인_ALL_C7_수_표준기여_3078_260819(테무콘),39,0,0,0
2026-09-15 06:30:43,06:00,906987379684182,1팀,120251211164310200,07.크리스피(ASC)(하이브리드)_TROAS_A+SC캠페인_구매최적화_값_표준기여_3078_260819(테무콘),5841,0,0,0
2026-09-15 06:30:43,06:00,906987379684182,1팀,120251211164320200,07.크리스피(ASC)(하이브리드)_A+SC캠페인_구매최적화_수_표준기여_3078_260819(테무콘),2123,0,0,0
2026-09-15 06:30:43,06:00,906987379684182,1팀,120251251665220200,07.크리스피(ASC)(하이브리드)_TROAS_ABO캠페인_구매최적화_수_표준기여_3078_260821,6288,0,0,0
2026-09-15 06:30:43,06:00,906987379684182,1팀,120251327515450200,07.크리스피(ASC)(메가딜)_ABO캠페인_구매최적화_수_표준기여_2464_260825,751,0,0,0
2026-09-15 06:30:43,06:00,906987379684182,1팀,120251328004940200,07.크리스피(ASC)(메가딜)_TROAS_ABO캠페인_구매최적화_수_표준기여_2464_260825,1700,0,0,0
2026-09-15 06:30:43,06:00,906987379684182,1팀,120251367693570200,07.크리스피(ASC)(하이브리드)_TCPA_ABO캠페인_구매최적화_수_표준기여_3078_260827,257,0,0,0
2026-09-15 06:30:43,06:00,906987379684182,1팀,120251367790160200,07.크리스피(ASC)(메가딜)_TCPA_ABO캠페인_구매최적화_수_표준기여_2464_260827,1722,0,0,0
2026-09-15 06:30:43,06:00,906987379684182,1팀,120251368155020200,01.통살(ASC)(하이브리드)_ABO캠페인_구매최적화_수_표준기여_3028_260827,707,0,0,0
2026-09-15 06:30:43,06:00,906987379684182,1팀,120251368716980200,01.통살(ASC)(하이브리드)_TPCA_ABO캠페인_구매최적화_수_표준기여_3028_260827,347,0,0,0
2026-09-15 06:30:43,06:00,906987379684182,1팀,120251368728810200,01.통살(ASC)(하이브리드)_TROAS_ABO캠페인_구매최적화_수_표준기여_3028_260827,502,0,0,0
2026-09-15 06:30:43,06:00,906987379684182,1팀,120251369567610200,20.김자반밥바(ASC)(메가딜)_TCPA_ABO캠페인_구매최적화_수_표준기여_3003_260827,2107,0,0,0
2026-09-15 06:30:43,06:00,906987379684182,1팀,120251369567620200,20.김자반밥바(ASC)(메가딜)_TROAS_ABO캠페인_구매최적화_수_표준기여_3003_260827,1352,0,0,0
2026-09-15 06:30:43,06:00,906987379684182,1팀,120251369567660200,20.김자반밥바(ASC)(메가딜)_ABO캠페인_구매최적화_수_표준기여_3003_260827,277,0,0,0
2026-09-15 06:30:43,06:00,906987379684182,1팀,120251444359310200,07.크리스피(ASC)(하이브리드)_TROAS_A+SC캠페인_구매최적화_값_표준기여_3078_260901(테무콘2),1328,0,0,0
2026-09-15 06:30:43,06:00,906987379684182,1팀,120251466594180200,22.닭가슴살볼(ASC)(메가딜)_ABO캠페인_구매최적화_수_표준기여_2905_260906,854,0,0,0
2026-09-15 06:30:43,06:00,906987379684182,1팀,120251466785500200,22.닭가슴살볼(ASC)(메가딜)_TROAS_A+SC캠페인_구매최적화_값_표준기여_2905_260906,1161,0,0,0
2026-09-15 06:30:43,06:00,906987379684182,1팀,120251503407460200,22.닭가슴살볼(ASC)(메가딜)_TROAS_A+SC캠페인_구매최적화_값_표준기여_2905_260906(김혜선),1696,0,0,0
2026-09-15 07:30:45,07:00,906987379684182,1팀,120228320649100200,01.통살(ASC)(101010)_TCPA16000_A+SC 캠페인_ALL_V1C7_수_표준기여_2336,7063,0,0,0
2026-09-15 07:30:45,07:00,906987379684182,1팀,120228788396590200,01.통살(ASC)(메가딜)_TCPA20000_A+SC 캠페인_ALL_V1C7_수_표준기여_1874,1971,0,0,0
2026-09-15 07:30:45,07:00,906987379684182,1팀,120237509836570200,07.크리스피(ASC)(메가딜)_TCPA16000_A+SC 캠페인_ALL_수_표준기여_2464,2725,0,0,0
2026-09-15 07:30:45,07:00,906987379684182,1팀,120243001852340200,01.통살(ASC)(101010)_TCPA16000_A+SC 캠페인_ALL_V1C7_수_표준기여_2336_02,3387,0,0,0
2026-09-15 07:30:45,07:00,906987379684182,1팀,120244128322750200,01.통살(ASC)(101010)_TCPA16000_A+SC 캠페인_ALL_V1C7_수_표준기여_2336_03,2035,0,0,0
2026-09-15 07:30:45,07:00,906987379684182,1팀,120246397028850200,07.크리스피(ASC)(통합)_A+SC 캠페인_구매최적화_수_표준기여_통합_260511,1908,0,0,0
2026-09-15 07:30:45,07:00,906987379684182,1팀,120246898203940200,03.닭다리살(ASC)(1010)_A+SC캠페인_구매최적화_수_표준기여_2604_260519,3452,0,0,0
2026-09-15 07:30:45,07:00,906987379684182,1팀,120246898384670200,03.닭다리살(ASC)(1010)_TROAS_A+SC캠페인_구매최적화_값_표준기여_2604_260519,11273,0,0,0
2026-09-15 07:30:45,07:00,906987379684182,1팀,120247379587080200,07.크리스피(ASC)(1010)_TROAS_A+SC캠페인_구매최적화_값_표준기여_2992_260527,4037,0,0,0
2026-09-15 07:30:45,07:00,906987379684182,1팀,120248361514480200,01.통살(ASC)(하이브리드)_TCPA_A+SC캠페인_ALL_C7_수_표준기여_3028_260611,1042,0,0,0
2026-09-15 07:30:45,07:00,906987379684182,1팀,120249317264140200,07.크리스피(ASC)(하이브리드)_TROAS_A+SC캠페인_구매최적화_값_표준기여_3078_260713,6573,1,96000,1460.5203103605659
2026-09-15 07:30:45,07:00,906987379684182,1팀,120249873905240200,07.크리스피(ASC)(101010)_TROAS_A+SC캠페인_구매최적화_값_표준기여_2659_260705,1702,0,0,0
2026-09-15 07:30:45,07:00,906987379684182,1팀,120249878429160200,01.통살(ASC)(하이브리드)_TROAS_A+SC캠페인_구매최적화_값_표준기여_3028_260705,9960,0,0,0
2026-09-15 07:30:45,07:00,906987379684182,1팀,120250099159330200,07.크리스피(ASC)(메가딜)_TCPA_A+SC캠페인_ALL_C7_수_표준기여_2464_260712,2141,0,0,0
2026-09-15 07:30:45,07:00,906987379684182,1팀,120250268133470200,03.닭다리살(ASC)(하이브리드)_TROAS_A+SC캠페인_구매최적화_값_표준기여_3111_260726,3406,0,0,0
2026-09-15 07:30:45,07:00,906987379684182,1팀,120250614451040200,07.크리스피(ASC)(하이브리드)_TROAS_A+SC캠페인_구매최적화_값_표준기여_3078_260728,3069,0,0,0
2026-09-15 07:30:45,07:00,906987379684182,1팀,120250649570130200,07.크리스피(ASC)(하이브리드)_TROAS_A+SC캠페인_구매최적화_값_표준기여_3078_260802_AI,8218,0,0,0
2026-09-15 07:30:45,07:00,906987379684182,1팀,120250649570180200,07.크리스피(ASC)(하이브리드)_A+SC캠페인_구매최적화_수_표준기여_3078_260802_AI,6098,0,0,0
2026-09-15 07:30:45,07:00,906987379684182,1팀,120250858093370200,01.통살(ASC)(하이브리드)_TROAS_A+SC캠페인_구매최적화_값_표준기여_3028_260806,10517,0,0,0
2026-09-15 07:30:45,07:00,906987379684182,1팀,120250858093380200,01.통살(ASC)(하이브리드)_TCPA_A+SC캠페인_ALL_C7_수_표준기여_3028_260806,5,0,0,0
2026-09-15 07:30:45,07:00,906987379684182,1팀,120250858456470200,01.통살(ASC)(하이브리드)_A+SC캠페인_구매최적화_수_표준기여_3028_260806,6389,0,0,0
2026-09-15 07:30:45,07:00,906987379684182,1팀,120250858902230200,07.크리스피(ASC)(메가딜)_A+SC캠페인_구매최적화_수_표준기여_2464_260806,3610,0,0,0
2026-09-15 07:30:45,07:00,906987379684182,1팀,120250858902240200,07.크리스피(ASC)(메가딜)_TCPA_A+SC캠페인_ALL_C7_수_표준기여_2464_260806,456,0,0,0
2026-09-15 07:30:45,07:00,906987379684182,1팀,120250858902260200,07.크리스피(ASC)(메가딜)_TROAS_A+SC캠페인_구매최적화_값_표준기여_2464_260806,5273,0,0,0
2026-09-15 07:30:45,07:00,906987379684182,1팀,120250859189800200,17.안심볶음밥(ASC)(메가딜)_A+SC캠페인_구매최적화_수_표준기여_2903_260907,2723,0,0,0
2026-09-15 07:30:45,07:00,906987379684182,1팀,120250859189820200,17.안심볶음밥(ASC)(메가딜)_TROAS_A+SC캠페인_구매최적화_값_표준기여_2903_260907,6272,0,0,0
2026-09-15 07:30:45,07:00,906987379684182,1팀,120250859367430200,20.김자반밥바(ASC)(하이브리드)_A+SC캠페인_구매최적화_수_가치조정_3159_260806,2348,0,0,0
2026-09-15 07:30:45,07:00,906987379684182,1팀,120251066794820200,07.크리스피(ASC)(하이브리드)_A+SC캠페인_구매최적화_수_표준기여_3078_260816_AI _2,2066,0,0,0
2026-09-15 07:30:45,07:00,906987379684182,1팀,120251066794930200,07.크리스피(ASC)(하이브리드)_TROAS_A+SC캠페인_구매최적화_값_표준기여_3078_260816_AI _2,15634,0,0,0
2026-09-15 07:30:45,07:00,906987379684182,1팀,120251169199390200,07.크리스피(ASC)(하이브리드)_TROAS_A+SC캠페인_구매최적화_값_표준기여_3078_260817(페르소나2),7008,0,0,0
2026-09-15 07:30:45,07:00,906987379684182,1팀,120251209789390200,07.크리스피(ASC)(하이브리드)_ABO캠페인_구매최적화_수_표준기여_3078_260819,1794,0,0,0
2026-09-15 07:30:45,07:00,906987379684182,1팀,120251211164300200,07.크리스피(ASC)(하이브리드)_TCPA_A+SC캠페인_ALL_C7_수_표준기여_3078_260819(테무콘),44,0,0,0
2026-09-15 07:30:45,07:00,906987379684182,1팀,120251211164310200,07.크리스피(ASC)(하이브리드)_TROAS_A+SC캠페인_구매최적화_값_표준기여_3078_260819(테무콘),11174,0,0,0
2026-09-15 07:30:45,07:00,906987379684182,1팀,120251211164320200,07.크리스피(ASC)(하이브리드)_A+SC캠페인_구매최적화_수_표준기여_3078_260819(테무콘),3211,0,0,0
2026-09-15 07:30:45,07:00,906987379684182,1팀,120251251665220200,07.크리스피(ASC)(하이브리드)_TROAS_ABO캠페인_구매최적화_수_표준기여_3078_260821,12100,0,0,0
2026-09-15 07:30:45,07:00,906987379684182,1팀,120251327515450200,07.크리스피(ASC)(메가딜)_ABO캠페인_구매최적화_수_표준기여_2464_260825,1401,0,0,0
2026-09-15 07:30:45,07:00,906987379684182,1팀,120251328004940200,07.크리스피(ASC)(메가딜)_TROAS_ABO캠페인_구매최적화_수_표준기여_2464_260825,2404,0,0,0
2026-09-15 07:30:45,07:00,906987379684182,1팀,120251367693570200,07.크리스피(ASC)(하이브리드)_TCPA_ABO캠페인_구매최적화_수_표준기여_3078_260827,676,0,0,0
2026-09-15 07:30:45,07:00,906987379684182,1팀,120251367790160200,07.크리스피(ASC)(메가딜)_TCPA_ABO캠페인_구매최적화_수_표준기여_2464_260827,2227,0,0,0
2026-09-15 07:30:45,07:00,906987379684182,1팀,120251368155020200,01.통살(ASC)(하이브리드)_ABO캠페인_구매최적화_수_표준기여_3028_260827,1780,0,0,0
2026-09-15 07:30:45,07:00,906987379684182,1팀,120251368716980200,01.통살(ASC)(하이브리드)_TPCA_ABO캠페인_구매최적화_수_표준기여_3028_260827,1309,0,0,0
2026-09-15 07:30:45,07:00,906987379684182,1팀,120251368728810200,01.통살(ASC)(하이브리드)_TROAS_ABO캠페인_구매최적화_수_표준기여_3028_260827,756,0,0,0
2026-09-15 07:30:45,07:00,906987379684182,1팀,120251369567610200,20.김자반밥바(ASC)(메가딜)_TCPA_ABO캠페인_구매최적화_수_표준기여_3003_260827,1819,0,0,0
2026-09-15 07:30:45,07:00,906987379684182,1팀,120251369567620200,20.김자반밥바(ASC)(메가딜)_TROAS_ABO캠페인_구매최적화_수_표준기여_3003_260827,6581,0,0,0
2026-09-15 07:30:45,07:00,906987379684182,1팀,120251369567660200,20.김자반밥바(ASC)(메가딜)_ABO캠페인_구매최적화_수_표준기여_3003_260827,412,0,0,0
2026-09-15 07:30:45,07:00,906987379684182,1팀,120251444359310200,07.크리스피(ASC)(하이브리드)_TROAS_A+SC캠페인_구매최적화_값_표준기여_3078_260901(테무콘2),3370,0,0,0
2026-09-15 07:30:45,07:00,906987379684182,1팀,120251466594180200,22.닭가슴살볼(ASC)(메가딜)_ABO캠페인_구매최적화_수_표준기여_2905_260906,1739,0,0,0
2026-09-15 07:30:45,07:00,906987379684182,1팀,120251466785500200,22.닭가슴살볼(ASC)(메가딜)_TROAS_A+SC캠페인_구매최적화_값_표준기여_2905_260906,1008,0,0,0
2026-09-15 07:30:45,07:00,906987379684182,1팀,120251503407460200,22.닭가슴살볼(ASC)(메가딜)_TROAS_A+SC캠페인_구매최적화_값_표준기여_2905_260906(김혜선),3639,0,0,0
2026-09-15 07:42:43,07:00,906987379684182,1팀,120228320649100200,01.통살(ASC)(101010)_TCPA16000_A+SC 캠페인_ALL_V1C7_수_표준기여_2336,11525,0,0,0
2026-09-15 07:42:43,07:00,906987379684182,1팀,120228788396590200,01.통살(ASC)(메가딜)_TCPA20000_A+SC 캠페인_ALL_V1C7_수_표준기여_1874,3944,0,0,0
2026-09-15 07:42:43,07:00,906987379684182,1팀,120237509836570200,07.크리스피(ASC)(메가딜)_TCPA16000_A+SC 캠페인_ALL_수_표준기여_2464,4547,0,0,0
2026-09-15 07:42:43,07:00,906987379684182,1팀,120243001852340200,01.통살(ASC)(101010)_TCPA16000_A+SC 캠페인_ALL_V1C7_수_표준기여_2336_02,4794,0,0,0
2026-09-15 07:42:43,07:00,906987379684182,1팀,120244128322750200,01.통살(ASC)(101010)_TCPA16000_A+SC 캠페인_ALL_V1C7_수_표준기여_2336_03,2959,0,0,0
2026-09-15 07:42:43,07:00,906987379684182,1팀,120246397028850200,07.크리스피(ASC)(통합)_A+SC 캠페인_구매최적화_수_표준기여_통합_260511,2937,0,0,0
2026-09-15 07:42:43,07:00,906987379684182,1팀,120246898203940200,03.닭다리살(ASC)(1010)_A+SC캠페인_구매최적화_수_표준기여_2604_260519,4776,0,0,0
2026-09-15 07:42:43,07:00,906987379684182,1팀,120246898384670200,03.닭다리살(ASC)(1010)_TROAS_A+SC캠페인_구매최적화_값_표준기여_2604_260519,19068,0,0,0
2026-09-15 07:42:43,07:00,906987379684182,1팀,120247379587080200,07.크리스피(ASC)(1010)_TROAS_A+SC캠페인_구매최적화_값_표준기여_2992_260527,6701,0,0,0
2026-09-15 07:42:43,07:00,906987379684182,1팀,120248361514480200,01.통살(ASC)(하이브리드)_TCPA_A+SC캠페인_ALL_C7_수_표준기여_3028_260611,1954,0,0,0
2026-09-15 07:42:43,07:00,906987379684182,1팀,120249317264140200,07.크리스피(ASC)(하이브리드)_TROAS_A+SC캠페인_구매최적화_값_표준기여_3078_260713,10842,1,96000,885.4454897620366
2026-09-15 07:42:43,07:00,906987379684182,1팀,120249873905240200,07.크리스피(ASC)(101010)_TROAS_A+SC캠페인_구매최적화_값_표준기여_2659_260705,2847,0,0,0
2026-09-15 07:42:43,07:00,906987379684182,1팀,120249878429160200,01.통살(ASC)(하이브리드)_TROAS_A+SC캠페인_구매최적화_값_표준기여_3028_260705,16324,0,0,0
2026-09-15 07:42:43,07:00,906987379684182,1팀,120250099159330200,07.크리스피(ASC)(메가딜)_TCPA_A+SC캠페인_ALL_C7_수_표준기여_2464_260712,4395,0,0,0
2026-09-15 07:42:43,07:00,906987379684182,1팀,120250268133470200,03.닭다리살(ASC)(하이브리드)_TROAS_A+SC캠페인_구매최적화_값_표준기여_3111_260726,6596,0,0,0
2026-09-15 07:42:43,07:00,906987379684182,1팀,120250614451040200,07.크리스피(ASC)(하이브리드)_TROAS_A+SC캠페인_구매최적화_값_표준기여_3078_260728,4374,0,0,0
2026-09-15 07:42:43,07:00,906987379684182,1팀,120250649570130200,07.크리스피(ASC)(하이브리드)_TROAS_A+SC캠페인_구매최적화_값_표준기여_3078_260802_AI,14060,0,0,0
2026-09-15 07:42:43,07:00,906987379684182,1팀,120250649570180200,07.크리스피(ASC)(하이브리드)_A+SC캠페인_구매최적화_수_표준기여_3078_260802_AI,8875,0,0,0
2026-09-15 07:42:43,07:00,906987379684182,1팀,120250858093370200,01.통살(ASC)(하이브리드)_TROAS_A+SC캠페인_구매최적화_값_표준기여_3028_260806,17508,0,0,0
2026-09-15 07:42:43,07:00,906987379684182,1팀,120250858093380200,01.통살(ASC)(하이브리드)_TCPA_A+SC캠페인_ALL_C7_수_표준기여_3028_260806,5,0,0,0
2026-09-15 07:42:43,07:00,906987379684182,1팀,120250858456470200,01.통살(ASC)(하이브리드)_A+SC캠페인_구매최적화_수_표준기여_3028_260806,11562,0,0,0
2026-09-15 07:42:43,07:00,906987379684182,1팀,120250858902230200,07.크리스피(ASC)(메가딜)_A+SC캠페인_구매최적화_수_표준기여_2464_260806,6274,0,0,0
2026-09-15 07:42:43,07:00,906987379684182,1팀,120250858902240200,07.크리스피(ASC)(메가딜)_TCPA_A+SC캠페인_ALL_C7_수_표준기여_2464_260806,857,0,0,0
2026-09-15 07:42:43,07:00,906987379684182,1팀,120250858902260200,07.크리스피(ASC)(메가딜)_TROAS_A+SC캠페인_구매최적화_값_표준기여_2464_260806,7641,0,0,0
2026-09-15 07:42:43,07:00,906987379684182,1팀,120250859189800200,17.안심볶음밥(ASC)(메가딜)_A+SC캠페인_구매최적화_수_표준기여_2903_260907,4207,0,0,0
2026-09-15 07:42:43,07:00,906987379684182,1팀,120250859189820200,17.안심볶음밥(ASC)(메가딜)_TROAS_A+SC캠페인_구매최적화_값_표준기여_2903_260907,10128,0,0,0
2026-09-15 07:42:43,07:00,906987379684182,1팀,120250859367430200,20.김자반밥바(ASC)(하이브리드)_A+SC캠페인_구매최적화_수_가치조정_3159_260806,3467,0,0,0
2026-09-15 07:42:43,07:00,906987379684182,1팀,120251066794820200,07.크리스피(ASC)(하이브리드)_A+SC캠페인_구매최적화_수_표준기여_3078_260816_AI _2,3470,0,0,0
2026-09-15 07:42:43,07:00,906987379684182,1팀,120251066794930200,07.크리스피(ASC)(하이브리드)_TROAS_A+SC캠페인_구매최적화_값_표준기여_3078_260816_AI _2,25242,0,0,0
2026-09-15 07:42:43,07:00,906987379684182,1팀,120251169199390200,07.크리스피(ASC)(하이브리드)_TROAS_A+SC캠페인_구매최적화_값_표준기여_3078_260817(페르소나2),11307,0,0,0
2026-09-15 07:42:43,07:00,906987379684182,1팀,120251209789390200,07.크리스피(ASC)(하이브리드)_ABO캠페인_구매최적화_수_표준기여_3078_260819,2828,0,0,0
2026-09-15 07:42:43,07:00,906987379684182,1팀,120251211164300200,07.크리스피(ASC)(하이브리드)_TCPA_A+SC캠페인_ALL_C7_수_표준기여_3078_260819(테무콘),234,0,0,0
2026-09-15 07:42:43,07:00,906987379684182,1팀,120251211164310200,07.크리스피(ASC)(하이브리드)_TROAS_A+SC캠페인_구매최적화_값_표준기여_3078_260819(테무콘),17844,0,0,0
2026-09-15 07:42:43,07:00,906987379684182,1팀,120251211164320200,07.크리스피(ASC)(하이브리드)_A+SC캠페인_구매최적화_수_표준기여_3078_260819(테무콘),4808,0,0,0
2026-09-15 07:42:43,07:00,906987379684182,1팀,120251251665220200,07.크리스피(ASC)(하이브리드)_TROAS_ABO캠페인_구매최적화_수_표준기여_3078_260821,20303,0,0,0
2026-09-15 07:42:43,07:00,906987379684182,1팀,120251327515450200,07.크리스피(ASC)(메가딜)_ABO캠페인_구매최적화_수_표준기여_2464_260825,1781,0,0,0
2026-09-15 07:42:43,07:00,906987379684182,1팀,120251328004940200,07.크리스피(ASC)(메가딜)_TROAS_ABO캠페인_구매최적화_수_표준기여_2464_260825,4043,0,0,0
2026-09-15 07:42:43,07:00,906987379684182,1팀,120251367693570200,07.크리스피(ASC)(하이브리드)_TCPA_ABO캠페인_구매최적화_수_표준기여_3078_260827,1088,0,0,0
2026-09-15 07:42:43,07:00,906987379684182,1팀,120251367790160200,07.크리스피(ASC)(메가딜)_TCPA_ABO캠페인_구매최적화_수_표준기여_2464_260827,4426,0,0,0
2026-09-15 07:42:43,07:00,906987379684182,1팀,120251368155020200,01.통살(ASC)(하이브리드)_ABO캠페인_구매최적화_수_표준기여_3028_260827,3055,0,0,0
2026-09-15 07:42:43,07:00,906987379684182,1팀,120251368716980200,01.통살(ASC)(하이브리드)_TPCA_ABO캠페인_구매최적화_수_표준기여_3028_260827,1723,0,0,0
2026-09-15 07:42:43,07:00,906987379684182,1팀,120251368728810200,01.통살(ASC)(하이브리드)_TROAS_ABO캠페인_구매최적화_수_표준기여_3028_260827,1083,0,0,0
2026-09-15 07:42:43,07:00,906987379684182,1팀,120251369567610200,20.김자반밥바(ASC)(메가딜)_TCPA_ABO캠페인_구매최적화_수_표준기여_3003_260827,2616,0,0,0
2026-09-15 07:42:43,07:00,906987379684182,1팀,120251369567620200,20.김자반밥바(ASC)(메가딜)_TROAS_ABO캠페인_구매최적화_수_표준기여_3003_260827,10687,0,0,0
2026-09-15 07:42:43,07:00,906987379684182,1팀,120251369567660200,20.김자반밥바(ASC)(메가딜)_ABO캠페인_구매최적화_수_표준기여_3003_260827,934,0,0,0
2026-09-15 07:42:43,07:00,906987379684182,1팀,120251444359310200,07.크리스피(ASC)(하이브리드)_TROAS_A+SC캠페인_구매최적화_값_표준기여_3078_260901(테무콘2),5024,0,0,0
2026-09-15 07:42:43,07:00,906987379684182,1팀,120251466594180200,22.닭가슴살볼(ASC)(메가딜)_ABO캠페인_구매최적화_수_표준기여_2905_260906,2574,0,0,0
2026-09-15 07:42:43,07:00,906987379684182,1팀,120251466785500200,22.닭가슴살볼(ASC)(메가딜)_TROAS_A+SC캠페인_구매최적화_값_표준기여_2905_260906,1653,0,0,0
2026-09-15 07:42:43,07:00,906987379684182,1팀,120251503407460200,22.닭가슴살볼(ASC)(메가딜)_TROAS_A+SC캠페인_구매최적화_값_표준기여_2905_260906(김혜선),5885,0,0,0
2026-09-15 08:30:42,08:00,906987379684182,1팀,120228320649100200,01.통살(ASC)(101010)_TCPA16000_A+SC 캠페인_ALL_V1C7_수_표준기여_2336,13645,0,0,0
2026-09-15 08:30:42,08:00,906987379684182,1팀,120228788396590200,01.통살(ASC)(메가딜)_TCPA20000_A+SC 캠페인_ALL_V1C7_수_표준기여_1874,4290,0,0,0
2026-09-15 08:30:42,08:00,906987379684182,1팀,120237509836570200,07.크리스피(ASC)(메가딜)_TCPA16000_A+SC 캠페인_ALL_수_표준기여_2464,5746,0,0,0
2026-09-15 08:30:42,08:00,906987379684182,1팀,120243001852340200,01.통살(ASC)(101010)_TCPA16000_A+SC 캠페인_ALL_V1C7_수_표준기여_2336_02,3241,0,0,0
2026-09-15 08:30:42,08:00,906987379684182,1팀,120244128322750200,01.통살(ASC)(101010)_TCPA16000_A+SC 캠페인_ALL_V1C7_수_표준기여_2336_03,1907,0,0,0
2026-09-15 08:30:42,08:00,906987379684182,1팀,120246397028850200,07.크리스피(ASC)(통합)_A+SC 캠페인_구매최적화_수_표준기여_통합_260511,2516,0,0,0
2026-09-15 08:30:42,08:00,906987379684182,1팀,120246898203940200,03.닭다리살(ASC)(1010)_A+SC캠페인_구매최적화_수_표준기여_2604_260519,5949,0,0,0
2026-09-15 08:30:42,08:00,906987379684182,1팀,120246898384670200,03.닭다리살(ASC)(1010)_TROAS_A+SC캠페인_구매최적화_값_표준기여_2604_260519,22217,0,0,0
2026-09-15 08:30:42,08:00,906987379684182,1팀,120247379587080200,07.크리스피(ASC)(1010)_TROAS_A+SC캠페인_구매최적화_값_표준기여_2992_260527,4384,0,0,0
2026-09-15 08:30:42,08:00,906987379684182,1팀,120248361514480200,01.통살(ASC)(하이브리드)_TCPA_A+SC캠페인_ALL_C7_수_표준기여_3028_260611,2837,0,0,0
2026-09-15 08:30:42,08:00,906987379684182,1팀,120249317264140200,07.크리스피(ASC)(하이브리드)_TROAS_A+SC캠페인_구매최적화_값_표준기여_3078_260713,7581,0,0,0
2026-09-15 08:30:42,08:00,906987379684182,1팀,120249873905240200,07.크리스피(ASC)(101010)_TROAS_A+SC캠페인_구매최적화_값_표준기여_2659_260705,2320,0,0,0
2026-09-15 08:30:42,08:00,906987379684182,1팀,120249878429160200,01.통살(ASC)(하이브리드)_TROAS_A+SC캠페인_구매최적화_값_표준기여_3028_260705,18764,0,0,0
2026-09-15 08:30:42,08:00,906987379684182,1팀,120250099159330200,07.크리스피(ASC)(메가딜)_TCPA_A+SC캠페인_ALL_C7_수_표준기여_2464_260712,4292,0,0,0
2026-09-15 08:30:42,08:00,906987379684182,1팀,120250268133470200,03.닭다리살(ASC)(하이브리드)_TROAS_A+SC캠페인_구매최적화_값_표준기여_3111_260726,5239,0,0,0
2026-09-15 08:30:42,08:00,906987379684182,1팀,120250614451040200,07.크리스피(ASC)(하이브리드)_TROAS_A+SC캠페인_구매최적화_값_표준기여_3078_260728,4086,0,0,0
2026-09-15 08:30:42,08:00,906987379684182,1팀,120250649570130200,07.크리스피(ASC)(하이브리드)_TROAS_A+SC캠페인_구매최적화_값_표준기여_3078_260802_AI,14054,0,0,0
2026-09-15 08:30:42,08:00,906987379684182,1팀,120250649570180200,07.크리스피(ASC)(하이브리드)_A+SC캠페인_구매최적화_수_표준기여_3078_260802_AI,5723,0,0,0
2026-09-15 08:30:42,08:00,906987379684182,1팀,120250858093370200,01.통살(ASC)(하이브리드)_TROAS_A+SC캠페인_구매최적화_값_표준기여_3028_260806,13950,0,0,0
2026-09-15 08:30:42,08:00,906987379684182,1팀,120250858093380200,01.통살(ASC)(하이브리드)_TCPA_A+SC캠페인_ALL_C7_수_표준기여_3028_260806,37,0,0,0
2026-09-15 08:30:42,08:00,906987379684182,1팀,120250858456470200,01.통살(ASC)(하이브리드)_A+SC캠페인_구매최적화_수_표준기여_3028_260806,12940,0,0,0
2026-09-15 08:30:42,08:00,906987379684182,1팀,120250858902230200,07.크리스피(ASC)(메가딜)_A+SC캠페인_구매최적화_수_표준기여_2464_260806,5046,0,0,0
2026-09-15 08:30:42,08:00,906987379684182,1팀,120250858902240200,07.크리스피(ASC)(메가딜)_TCPA_A+SC캠페인_ALL_C7_수_표준기여_2464_260806,3896,0,0,0
2026-09-15 08:30:42,08:00,906987379684182,1팀,120250858902260200,07.크리스피(ASC)(메가딜)_TROAS_A+SC캠페인_구매최적화_값_표준기여_2464_260806,10889,0,0,0
2026-09-15 08:30:42,08:00,906987379684182,1팀,120250859189800200,17.안심볶음밥(ASC)(메가딜)_A+SC캠페인_구매최적화_수_표준기여_2903_260907,5232,0,0,0
2026-09-15 08:30:42,08:00,906987379684182,1팀,120250859189820200,17.안심볶음밥(ASC)(메가딜)_TROAS_A+SC캠페인_구매최적화_값_표준기여_2903_260907,9484,0,0,0
2026-09-15 08:30:42,08:00,906987379684182,1팀,120250859367430200,20.김자반밥바(ASC)(하이브리드)_A+SC캠페인_구매최적화_수_가치조정_3159_260806,4843,1,39400,813.5453231468098
2026-09-15 08:30:42,08:00,906987379684182,1팀,120251066794820200,07.크리스피(ASC)(하이브리드)_A+SC캠페인_구매최적화_수_표준기여_3078_260816_AI _2,2651,0,0,0
2026-09-15 08:30:42,08:00,906987379684182,1팀,120251066794930200,07.크리스피(ASC)(하이브리드)_TROAS_A+SC캠페인_구매최적화_값_표준기여_3078_260816_AI _2,48258,0,0,0
2026-09-15 08:30:42,08:00,906987379684182,1팀,120251169199390200,07.크리스피(ASC)(하이브리드)_TROAS_A+SC캠페인_구매최적화_값_표준기여_3078_260817(페르소나2),14428,0,0,0
2026-09-15 08:30:42,08:00,906987379684182,1팀,120251209789390200,07.크리스피(ASC)(하이브리드)_ABO캠페인_구매최적화_수_표준기여_3078_260819,2611,0,0,0
2026-09-15 08:30:42,08:00,906987379684182,1팀,120251211164300200,07.크리스피(ASC)(하이브리드)_TCPA_A+SC캠페인_ALL_C7_수_표준기여_3078_260819(테무콘),51,0,0,0
2026-09-15 08:30:42,08:00,906987379684182,1팀,120251211164310200,07.크리스피(ASC)(하이브리드)_TROAS_A+SC캠페인_구매최적화_값_표준기여_3078_260819(테무콘),11131,0,0,0
2026-09-15 08:30:42,08:00,906987379684182,1팀,120251211164320200,07.크리스피(ASC)(하이브리드)_A+SC캠페인_구매최적화_수_표준기여_3078_260819(테무콘),8541,0,0,0
2026-09-15 08:30:42,08:00,906987379684182,1팀,120251251665220200,07.크리스피(ASC)(하이브리드)_TROAS_ABO캠페인_구매최적화_수_표준기여_3078_260821,18169,0,0,0
2026-09-15 08:30:42,08:00,906987379684182,1팀,120251327515450200,07.크리스피(ASC)(메가딜)_ABO캠페인_구매최적화_수_표준기여_2464_260825,1386,0,0,0
2026-09-15 08:30:42,08:00,906987379684182,1팀,120251328004940200,07.크리스피(ASC)(메가딜)_TROAS_ABO캠페인_구매최적화_수_표준기여_2464_260825,3481,0,0,0
2026-09-15 08:30:42,08:00,906987379684182,1팀,120251367693570200,07.크리스피(ASC)(하이브리드)_TCPA_ABO캠페인_구매최적화_수_표준기여_3078_260827,1808,0,0,0
2026-09-15 08:30:42,08:00,906987379684182,1팀,120251367790160200,07.크리스피(ASC)(메가딜)_TCPA_ABO캠페인_구매최적화_수_표준기여_2464_260827,6616,0,0,0
2026-09-15 08:30:42,08:00,906987379684182,1팀,120251368155020200,01.통살(ASC)(하이브리드)_ABO캠페인_구매최적화_수_표준기여_3028_260827,3602,0,0,0
2026-09-15 08:30:42,08:00,906987379684182,1팀,120251368716980200,01.통살(ASC)(하이브리드)_TPCA_ABO캠페인_구매최적화_수_표준기여_3028_260827,1686,0,0,0
2026-09-15 08:30:42,08:00,906987379684182,1팀,120251368728810200,01.통살(ASC)(하이브리드)_TROAS_ABO캠페인_구매최적화_수_표준기여_3028_260827,993,0,0,0
2026-09-15 08:30:42,08:00,906987379684182,1팀,120251369567610200,20.김자반밥바(ASC)(메가딜)_TCPA_ABO캠페인_구매최적화_수_표준기여_3003_260827,1951,0,0,0
2026-09-15 08:30:42,08:00,906987379684182,1팀,120251369567620200,20.김자반밥바(ASC)(메가딜)_TROAS_ABO캠페인_구매최적화_수_표준기여_3003_260827,13380,0,0,0
2026-09-15 08:30:42,08:00,906987379684182,1팀,120251369567660200,20.김자반밥바(ASC)(메가딜)_ABO캠페인_구매최적화_수_표준기여_3003_260827,11575,0,0,0
2026-09-15 08:30:42,08:00,906987379684182,1팀,120251444359310200,07.크리스피(ASC)(하이브리드)_TROAS_A+SC캠페인_구매최적화_값_표준기여_3078_260901(테무콘2),1691,0,0,0
2026-09-15 08:30:42,08:00,906987379684182,1팀,120251466594180200,22.닭가슴살볼(ASC)(메가딜)_ABO캠페인_구매최적화_수_표준기여_2905_260906,4884,0,0,0
2026-09-15 08:30:42,08:00,906987379684182,1팀,120251466785500200,22.닭가슴살볼(ASC)(메가딜)_TROAS_A+SC캠페인_구매최적화_값_표준기여_2905_260906,2817,0,0,0
2026-09-15 08:30:42,08:00,906987379684182,1팀,120251503407460200,22.닭가슴살볼(ASC)(메가딜)_TROAS_A+SC캠페인_구매최적화_값_표준기여_2905_260906(김혜선),4490,0,0,0
2026-09-15 09:30:42,09:00,906987379684182,1팀,120228320649100200,01.통살(ASC)(101010)_TCPA16000_A+SC 캠페인_ALL_V1C7_수_표준기여_2336,12217,0,0,0
2026-09-15 09:30:42,09:00,906987379684182,1팀,120228788396590200,01.통살(ASC)(메가딜)_TCPA20000_A+SC 캠페인_ALL_V1C7_수_표준기여_1874,4959,0,0,0
2026-09-15 09:30:42,09:00,906987379684182,1팀,120237509836570200,07.크리스피(ASC)(메가딜)_TCPA16000_A+SC 캠페인_ALL_수_표준기여_2464,6089,0,0,0
2026-09-15 09:30:42,09:00,906987379684182,1팀,120243001852340200,01.통살(ASC)(101010)_TCPA16000_A+SC 캠페인_ALL_V1C7_수_표준기여_2336_02,2805,0,0,0
2026-09-15 09:30:42,09:00,906987379684182,1팀,120244128322750200,01.통살(ASC)(101010)_TCPA16000_A+SC 캠페인_ALL_V1C7_수_표준기여_2336_03,4151,0,0,0
2026-09-15 09:30:42,09:00,906987379684182,1팀,120246397028850200,07.크리스피(ASC)(통합)_A+SC 캠페인_구매최적화_수_표준기여_통합_260511,1368,0,0,0
2026-09-15 09:30:42,09:00,906987379684182,1팀,120246898203940200,03.닭다리살(ASC)(1010)_A+SC캠페인_구매최적화_수_표준기여_2604_260519,9627,0,0,0
2026-09-15 09:30:42,09:00,906987379684182,1팀,120246898384670200,03.닭다리살(ASC)(1010)_TROAS_A+SC캠페인_구매최적화_값_표준기여_2604_260519,24848,0,0,0
2026-09-15 09:30:42,09:00,906987379684182,1팀,120247379587080200,07.크리스피(ASC)(1010)_TROAS_A+SC캠페인_구매최적화_값_표준기여_2992_260527,3934,0,0,0
2026-09-15 09:30:42,09:00,906987379684182,1팀,120248361514480200,01.통살(ASC)(하이브리드)_TCPA_A+SC캠페인_ALL_C7_수_표준기여_3028_260611,2297,0,0,0
2026-09-15 09:30:42,09:00,906987379684182,1팀,120249317264140200,07.크리스피(ASC)(하이브리드)_TROAS_A+SC캠페인_구매최적화_값_표준기여_3078_260713,6428,0,0,0
2026-09-15 09:30:42,09:00,906987379684182,1팀,120249873905240200,07.크리스피(ASC)(101010)_TROAS_A+SC캠페인_구매최적화_값_표준기여_2659_260705,2040,0,0,0
2026-09-15 09:30:42,09:00,906987379684182,1팀,120249878429160200,01.통살(ASC)(하이브리드)_TROAS_A+SC캠페인_구매최적화_값_표준기여_3028_260705,13417,0,0,0
2026-09-15 09:30:42,09:00,906987379684182,1팀,120250099159330200,07.크리스피(ASC)(메가딜)_TCPA_A+SC캠페인_ALL_C7_수_표준기여_2464_260712,6453,0,0,0
2026-09-15 09:30:42,09:00,906987379684182,1팀,120250268133470200,03.닭다리살(ASC)(하이브리드)_TROAS_A+SC캠페인_구매최적화_값_표준기여_3111_260726,6068,0,0,0
2026-09-15 09:30:42,09:00,906987379684182,1팀,120250614451040200,07.크리스피(ASC)(하이브리드)_TROAS_A+SC캠페인_구매최적화_값_표준기여_3078_260728,3836,0,0,0
2026-09-15 09:30:42,09:00,906987379684182,1팀,120250649570130200,07.크리스피(ASC)(하이브리드)_TROAS_A+SC캠페인_구매최적화_값_표준기여_3078_260802_AI,14976,0,0,0
2026-09-15 09:30:42,09:00,906987379684182,1팀,120250649570180200,07.크리스피(ASC)(하이브리드)_A+SC캠페인_구매최적화_수_표준기여_3078_260802_AI,8315,0,0,0
2026-09-15 09:30:42,09:00,906987379684182,1팀,120250858093370200,01.통살(ASC)(하이브리드)_TROAS_A+SC캠페인_구매최적화_값_표준기여_3028_260806,13498,0,0,0
2026-09-15 09:30:42,09:00,906987379684182,1팀,120250858093380200,01.통살(ASC)(하이브리드)_TCPA_A+SC캠페인_ALL_C7_수_표준기여_3028_260806,119,0,0,0
2026-09-15 09:30:42,09:00,906987379684182,1팀,120250858456470200,01.통살(ASC)(하이브리드)_A+SC캠페인_구매최적화_수_표준기여_3028_260806,15932,0,0,0
2026-09-15 09:30:42,09:00,906987379684182,1팀,120250858902230200,07.크리스피(ASC)(메가딜)_A+SC캠페인_구매최적화_수_표준기여_2464_260806,5742,0,0,0
2026-09-15 09:30:42,09:00,906987379684182,1팀,120250858902240200,07.크리스피(ASC)(메가딜)_TCPA_A+SC캠페인_ALL_C7_수_표준기여_2464_260806,2406,0,0,0
2026-09-15 09:30:42,09:00,906987379684182,1팀,120250858902260200,07.크리스피(ASC)(메가딜)_TROAS_A+SC캠페인_구매최적화_값_표준기여_2464_260806,7221,0,0,0
2026-09-15 09:30:42,09:00,906987379684182,1팀,120250859189800200,17.안심볶음밥(ASC)(메가딜)_A+SC캠페인_구매최적화_수_표준기여_2903_260907,9084,0,0,0
2026-09-15 09:30:42,09:00,906987379684182,1팀,120250859189820200,17.안심볶음밥(ASC)(메가딜)_TROAS_A+SC캠페인_구매최적화_값_표준기여_2903_260907,7700,0,0,0
2026-09-15 09:30:42,09:00,906987379684182,1팀,120250859367430200,20.김자반밥바(ASC)(하이브리드)_A+SC캠페인_구매최적화_수_가치조정_3159_260806,6178,0,0,0
2026-09-15 09:30:42,09:00,906987379684182,1팀,120251066794820200,07.크리스피(ASC)(하이브리드)_A+SC캠페인_구매최적화_수_표준기여_3078_260816_AI _2,3094,0,0,0
2026-09-15 09:30:42,09:00,906987379684182,1팀,120251066794930200,07.크리스피(ASC)(하이브리드)_TROAS_A+SC캠페인_구매최적화_값_표준기여_3078_260816_AI _2,35835,0,0,0
2026-09-15 09:30:42,09:00,906987379684182,1팀,120251169199390200,07.크리스피(ASC)(하이브리드)_TROAS_A+SC캠페인_구매최적화_값_표준기여_3078_260817(페르소나2),6963,0,0,0
2026-09-15 09:30:42,09:00,906987379684182,1팀,120251209789390200,07.크리스피(ASC)(하이브리드)_ABO캠페인_구매최적화_수_표준기여_3078_260819,4252,0,0,0
2026-09-15 09:30:42,09:00,906987379684182,1팀,120251211164300200,07.크리스피(ASC)(하이브리드)_TCPA_A+SC캠페인_ALL_C7_수_표준기여_3078_260819(테무콘),217,0,0,0
2026-09-15 09:30:42,09:00,906987379684182,1팀,120251211164310200,07.크리스피(ASC)(하이브리드)_TROAS_A+SC캠페인_구매최적화_값_표준기여_3078_260819(테무콘),8733,0,0,0
2026-09-15 09:30:42,09:00,906987379684182,1팀,120251211164320200,07.크리스피(ASC)(하이브리드)_A+SC캠페인_구매최적화_수_표준기여_3078_260819(테무콘),7715,0,0,0
2026-09-15 09:30:42,09:00,906987379684182,1팀,120251251665220200,07.크리스피(ASC)(하이브리드)_TROAS_ABO캠페인_구매최적화_수_표준기여_3078_260821,12954,0,0,0
2026-09-15 09:30:42,09:00,906987379684182,1팀,120251327515450200,07.크리스피(ASC)(메가딜)_ABO캠페인_구매최적화_수_표준기여_2464_260825,3302,0,0,0
2026-09-15 09:30:42,09:00,906987379684182,1팀,120251328004940200,07.크리스피(ASC)(메가딜)_TROAS_ABO캠페인_구매최적화_수_표준기여_2464_260825,7508,0,0,0
2026-09-15 09:30:42,09:00,906987379684182,1팀,120251367693570200,07.크리스피(ASC)(하이브리드)_TCPA_ABO캠페인_구매최적화_수_표준기여_3078_260827,1190,0,0,0
2026-09-15 09:30:42,09:00,906987379684182,1팀,120251367790160200,07.크리스피(ASC)(메가딜)_TCPA_ABO캠페인_구매최적화_수_표준기여_2464_260827,6506,0,0,0
2026-09-15 09:30:42,09:00,906987379684182,1팀,120251368155020200,01.통살(ASC)(하이브리드)_ABO캠페인_구매최적화_수_표준기여_3028_260827,4694,0,0,0
2026-09-15 09:30:42,09:00,906987379684182,1팀,120251368716980200,01.통살(ASC)(하이브리드)_TPCA_ABO캠페인_구매최적화_수_표준기여_3028_260827,1747,0,0,0
2026-09-15 09:30:42,09:00,906987379684182,1팀,120251368728810200,01.통살(ASC)(하이브리드)_TROAS_ABO캠페인_구매최적화_수_표준기여_3028_260827,1006,0,0,0
2026-09-15 09:30:42,09:00,906987379684182,1팀,120251369567610200,20.김자반밥바(ASC)(메가딜)_TCPA_ABO캠페인_구매최적화_수_표준기여_3003_260827,6682,1,83300,1246.6327446872194
2026-09-15 09:30:42,09:00,906987379684182,1팀,120251369567620200,20.김자반밥바(ASC)(메가딜)_TROAS_ABO캠페인_구매최적화_수_표준기여_3003_260827,11489,0,0,0
2026-09-15 09:30:42,09:00,906987379684182,1팀,120251369567660200,20.김자반밥바(ASC)(메가딜)_ABO캠페인_구매최적화_수_표준기여_3003_260827,3666,0,0,0
2026-09-15 09:30:42,09:00,906987379684182,1팀,120251444359310200,07.크리스피(ASC)(하이브리드)_TROAS_A+SC캠페인_구매최적화_값_표준기여_3078_260901(테무콘2),2787,0,0,0
2026-09-15 09:30:42,09:00,906987379684182,1팀,120251466594180200,22.닭가슴살볼(ASC)(메가딜)_ABO캠페인_구매최적화_수_표준기여_2905_260906,6542,0,0,0
2026-09-15 09:30:42,09:00,906987379684182,1팀,120251466785500200,22.닭가슴살볼(ASC)(메가딜)_TROAS_A+SC캠페인_구매최적화_값_표준기여_2905_260906,1961,0,0,0
2026-09-15 09:30:42,09:00,906987379684182,1팀,120251503407460200,22.닭가슴살볼(ASC)(메가딜)_TROAS_A+SC캠페인_구매최적화_값_표준기여_2905_260906(김혜선),5234,0,0,0
2026-09-15 09:59:28,09:00,906987379684182,1팀,120228320649100200,01.통살(ASC)(101010)_TCPA16000_A+SC 캠페인_ALL_V1C7_수_표준기여_2336,27893,0,0,0
2026-09-15 09:59:28,09:00,906987379684182,1팀,120228788396590200,01.통살(ASC)(메가딜)_TCPA20000_A+SC 캠페인_ALL_V1C7_수_표준기여_1874,9297,0,0,0
2026-09-15 09:59:28,09:00,906987379684182,1팀,120237509836570200,07.크리스피(ASC)(메가딜)_TCPA16000_A+SC 캠페인_ALL_수_표준기여_2464,13541,1,56800,419.4668045196071
2026-09-15 09:59:28,09:00,906987379684182,1팀,120243001852340200,01.통살(ASC)(101010)_TCPA16000_A+SC 캠페인_ALL_V1C7_수_표준기여_2336_02,7570,0,0,0
2026-09-15 09:59:28,09:00,906987379684182,1팀,120244128322750200,01.통살(ASC)(101010)_TCPA16000_A+SC 캠페인_ALL_V1C7_수_표준기여_2336_03,7777,0,0,0
2026-09-15 09:59:28,09:00,906987379684182,1팀,120246397028850200,07.크리스피(ASC)(통합)_A+SC 캠페인_구매최적화_수_표준기여_통합_260511,3799,1,99000,2605.9489339299816
2026-09-15 09:59:28,09:00,906987379684182,1팀,120246898203940200,03.닭다리살(ASC)(1010)_A+SC캠페인_구매최적화_수_표준기여_2604_260519,19972,0,0,0
2026-09-15 09:59:28,09:00,906987379684182,1팀,120246898384670200,03.닭다리살(ASC)(1010)_TROAS_A+SC캠페인_구매최적화_값_표준기여_2604_260519,66412,0,0,0
2026-09-15 09:59:28,09:00,906987379684182,1팀,120247379587080200,07.크리스피(ASC)(1010)_TROAS_A+SC캠페인_구매최적화_값_표준기여_2992_260527,7977,0,0,0
2026-09-15 09:59:28,09:00,906987379684182,1팀,120248361514480200,01.통살(ASC)(하이브리드)_TCPA_A+SC캠페인_ALL_C7_수_표준기여_3028_260611,4394,0,0,0
2026-09-15 09:59:28,09:00,906987379684182,1팀,120249317264140200,07.크리스피(ASC)(하이브리드)_TROAS_A+SC캠페인_구매최적화_값_표준기여_3078_260713,13703,0,0,0
2026-09-15 09:59:28,09:00,906987379684182,1팀,120249873905240200,07.크리스피(ASC)(101010)_TROAS_A+SC캠페인_구매최적화_값_표준기여_2659_260705,4998,0,0,0
2026-09-15 09:59:28,09:00,906987379684182,1팀,120249878429160200,01.통살(ASC)(하이브리드)_TROAS_A+SC캠페인_구매최적화_값_표준기여_3028_260705,32801,0,0,0
2026-09-15 09:59:28,09:00,906987379684182,1팀,120250099159330200,07.크리스피(ASC)(메가딜)_TCPA_A+SC캠페인_ALL_C7_수_표준기여_2464_260712,14809,0,0,0
2026-09-15 09:59:28,09:00,906987379684182,1팀,120250268133470200,03.닭다리살(ASC)(하이브리드)_TROAS_A+SC캠페인_구매최적화_값_표준기여_3111_260726,15333,0,0,0
2026-09-15 09:59:28,09:00,906987379684182,1팀,120250614451040200,07.크리스피(ASC)(하이브리드)_TROAS_A+SC캠페인_구매최적화_값_표준기여_3078_260728,11374,0,0,0
2026-09-15 09:59:28,09:00,906987379684182,1팀,120250649570130200,07.크리스피(ASC)(하이브리드)_TROAS_A+SC캠페인_구매최적화_값_표준기여_3078_260802_AI,36052,0,0,0
2026-09-15 09:59:28,09:00,906987379684182,1팀,120250649570180200,07.크리스피(ASC)(하이브리드)_A+SC캠페인_구매최적화_수_표준기여_3078_260802_AI,17077,0,0,0
2026-09-15 09:59:28,09:00,906987379684182,1팀,120250858093370200,01.통살(ASC)(하이브리드)_TROAS_A+SC캠페인_구매최적화_값_표준기여_3028_260806,33716,0,0,0
2026-09-15 09:59:28,09:00,906987379684182,1팀,120250858093380200,01.통살(ASC)(하이브리드)_TCPA_A+SC캠페인_ALL_C7_수_표준기여_3028_260806,139,0,0,0
2026-09-15 09:59:28,09:00,906987379684182,1팀,120250858456470200,01.통살(ASC)(하이브리드)_A+SC캠페인_구매최적화_수_표준기여_3028_260806,33203,0,0,0
2026-09-15 09:59:28,09:00,906987379684182,1팀,120250858902230200,07.크리스피(ASC)(메가딜)_A+SC캠페인_구매최적화_수_표준기여_2464_260806,14073,1,25800,183.3297804306118
2026-09-15 09:59:28,09:00,906987379684182,1팀,120250858902240200,07.크리스피(ASC)(메가딜)_TCPA_A+SC캠페인_ALL_C7_수_표준기여_2464_260806,5567,0,0,0
2026-09-15 09:59:28,09:00,906987379684182,1팀,120250858902260200,07.크리스피(ASC)(메가딜)_TROAS_A+SC캠페인_구매최적화_값_표준기여_2464_260806,17867,0,0,0
2026-09-15 09:59:28,09:00,906987379684182,1팀,120250859189800200,17.안심볶음밥(ASC)(메가딜)_A+SC캠페인_구매최적화_수_표준기여_2903_260907,20621,0,0,0
2026-09-15 09:59:28,09:00,906987379684182,1팀,120250859189820200,17.안심볶음밥(ASC)(메가딜)_TROAS_A+SC캠페인_구매최적화_값_표준기여_2903_260907,21579,0,0,0
2026-09-15 09:59:28,09:00,906987379684182,1팀,120250859367430200,20.김자반밥바(ASC)(하이브리드)_A+SC캠페인_구매최적화_수_가치조정_3159_260806,11662,0,0,0
2026-09-15 09:59:28,09:00,906987379684182,1팀,120251066794820200,07.크리스피(ASC)(하이브리드)_A+SC캠페인_구매최적화_수_표준기여_3078_260816_AI _2,6021,0,0,0
2026-09-15 09:59:28,09:00,906987379684182,1팀,120251066794930200,07.크리스피(ASC)(하이브리드)_TROAS_A+SC캠페인_구매최적화_값_표준기여_3078_260816_AI _2,73781,0,0,0
2026-09-15 09:59:28,09:00,906987379684182,1팀,120251169199390200,07.크리스피(ASC)(하이브리드)_TROAS_A+SC캠페인_구매최적화_값_표준기여_3078_260817(페르소나2),16191,0,0,0
2026-09-15 09:59:28,09:00,906987379684182,1팀,120251209789390200,07.크리스피(ASC)(하이브리드)_ABO캠페인_구매최적화_수_표준기여_3078_260819,8947,0,0,0
2026-09-15 09:59:28,09:00,906987379684182,1팀,120251211164300200,07.크리스피(ASC)(하이브리드)_TCPA_A+SC캠페인_ALL_C7_수_표준기여_3078_260819(테무콘),384,0,0,0
2026-09-15 09:59:28,09:00,906987379684182,1팀,120251211164310200,07.크리스피(ASC)(하이브리드)_TROAS_A+SC캠페인_구매최적화_값_표준기여_3078_260819(테무콘),19188,0,0,0
2026-09-15 09:59:28,09:00,906987379684182,1팀,120251211164320200,07.크리스피(ASC)(하이브리드)_A+SC캠페인_구매최적화_수_표준기여_3078_260819(테무콘),16002,0,0,0
2026-09-15 09:59:28,09:00,906987379684182,1팀,120251251665220200,07.크리스피(ASC)(하이브리드)_TROAS_ABO캠페인_구매최적화_수_표준기여_3078_260821,34445,0,0,0
2026-09-15 09:59:28,09:00,906987379684182,1팀,120251327515450200,07.크리스피(ASC)(메가딜)_ABO캠페인_구매최적화_수_표준기여_2464_260825,8732,0,0,0
2026-09-15 09:59:28,09:00,906987379684182,1팀,120251328004940200,07.크리스피(ASC)(메가딜)_TROAS_ABO캠페인_구매최적화_수_표준기여_2464_260825,15992,0,0,0
2026-09-15 09:59:28,09:00,906987379684182,1팀,120251367693570200,07.크리스피(ASC)(하이브리드)_TCPA_ABO캠페인_구매최적화_수_표준기여_3078_260827,2379,0,0,0
2026-09-15 09:59:28,09:00,906987379684182,1팀,120251367790160200,07.크리스피(ASC)(메가딜)_TCPA_ABO캠페인_구매최적화_수_표준기여_2464_260827,15197,0,0,0
2026-09-15 09:59:28,09:00,906987379684182,1팀,120251368155020200,01.통살(ASC)(하이브리드)_ABO캠페인_구매최적화_수_표준기여_3028_260827,10625,0,0,0
2026-09-15 09:59:28,09:00,906987379684182,1팀,120251368716980200,01.통살(ASC)(하이브리드)_TPCA_ABO캠페인_구매최적화_수_표준기여_3028_260827,4004,0,0,0
2026-09-15 09:59:28,09:00,906987379684182,1팀,120251368728810200,01.통살(ASC)(하이브리드)_TROAS_ABO캠페인_구매최적화_수_표준기여_3028_260827,2498,0,0,0
2026-09-15 09:59:28,09:00,906987379684182,1팀,120251369567610200,20.김자반밥바(ASC)(메가딜)_TCPA_ABO캠페인_구매최적화_수_표준기여_3003_260827,19072,2,129200,677.4328859060403
2026-09-15 09:59:28,09:00,906987379684182,1팀,120251369567620200,20.김자반밥바(ASC)(메가딜)_TROAS_ABO캠페인_구매최적화_수_표준기여_3003_260827,24672,0,0,0
2026-09-15 09:59:28,09:00,906987379684182,1팀,120251369567660200,20.김자반밥바(ASC)(메가딜)_ABO캠페인_구매최적화_수_표준기여_3003_260827,8572,0,0,0
2026-09-15 09:59:28,09:00,906987379684182,1팀,120251444359310200,07.크리스피(ASC)(하이브리드)_TROAS_A+SC캠페인_구매최적화_값_표준기여_3078_260901(테무콘2),5966,0,0,0
2026-09-15 09:59:28,09:00,906987379684182,1팀,120251466594180200,22.닭가슴살볼(ASC)(메가딜)_ABO캠페인_구매최적화_수_표준기여_2905_260906,15062,0,0,0
2026-09-15 09:59:28,09:00,906987379684182,1팀,120251466785500200,22.닭가슴살볼(ASC)(메가딜)_TROAS_A+SC캠페인_구매최적화_값_표준기여_2905_260906,4925,0,0,0
2026-09-15 09:59:28,09:00,906987379684182,1팀,120251503407460200,22.닭가슴살볼(ASC)(메가딜)_TROAS_A+SC캠페인_구매최적화_값_표준기여_2905_260906(김혜선),9952,0,0,0
2026-09-15 10:30:45,10:00,906987379684182,1팀,120228320649100200,01.통살(ASC)(101010)_TCPA16000_A+SC 캠페인_ALL_V1C7_수_표준기여_2336,15979,0,0,0
2026-09-15 10:30:45,10:00,906987379684182,1팀,120228788396590200,01.통살(ASC)(메가딜)_TCPA20000_A+SC 캠페인_ALL_V1C7_수_표준기여_1874,6048,0,0,0
2026-09-15 10:30:45,10:00,906987379684182,1팀,120237509836570200,07.크리스피(ASC)(메가딜)_TCPA16000_A+SC 캠페인_ALL_수_표준기여_2464,9661,0,0,0
2026-09-15 10:30:45,10:00,906987379684182,1팀,120243001852340200,01.통살(ASC)(101010)_TCPA16000_A+SC 캠페인_ALL_V1C7_수_표준기여_2336_02,4322,0,0,0
2026-09-15 10:30:45,10:00,906987379684182,1팀,120244128322750200,01.통살(ASC)(101010)_TCPA16000_A+SC 캠페인_ALL_V1C7_수_표준기여_2336_03,5838,0,0,0
2026-09-15 10:30:45,10:00,906987379684182,1팀,120246397028850200,07.크리스피(ASC)(통합)_A+SC 캠페인_구매최적화_수_표준기여_통합_260511,1861,0,0,0
2026-09-15 10:30:45,10:00,906987379684182,1팀,120246898203940200,03.닭다리살(ASC)(1010)_A+SC캠페인_구매최적화_수_표준기여_2604_260519,11222,0,0,0
2026-09-15 10:30:45,10:00,906987379684182,1팀,120246898384670200,03.닭다리살(ASC)(1010)_TROAS_A+SC캠페인_구매최적화_값_표준기여_2604_260519,41258,1,59700,144.69920985021088
2026-09-15 10:30:45,10:00,906987379684182,1팀,120247379587080200,07.크리스피(ASC)(1010)_TROAS_A+SC캠페인_구매최적화_값_표준기여_2992_260527,5298,0,0,0
2026-09-15 10:30:45,10:00,906987379684182,1팀,120248361514480200,01.통살(ASC)(하이브리드)_TCPA_A+SC캠페인_ALL_C7_수_표준기여_3028_260611,2922,0,0,0
2026-09-15 10:30:45,10:00,906987379684182,1팀,120249317264140200,07.크리스피(ASC)(하이브리드)_TROAS_A+SC캠페인_구매최적화_값_표준기여_3078_260713,10036,0,0,0
2026-09-15 10:30:45,10:00,906987379684182,1팀,120249873905240200,07.크리스피(ASC)(101010)_TROAS_A+SC캠페인_구매최적화_값_표준기여_2659_260705,3021,0,0,0
2026-09-15 10:30:45,10:00,906987379684182,1팀,120249878429160200,01.통살(ASC)(하이브리드)_TROAS_A+SC캠페인_구매최적화_값_표준기여_3028_260705,16329,0,0,0
2026-09-15 10:30:45,10:00,906987379684182,1팀,120250099159330200,07.크리스피(ASC)(메가딜)_TCPA_A+SC캠페인_ALL_C7_수_표준기여_2464_260712,7340,0,0,0
2026-09-15 10:30:45,10:00,906987379684182,1팀,120250268133470200,03.닭다리살(ASC)(하이브리드)_TROAS_A+SC캠페인_구매최적화_값_표준기여_3111_260726,6384,0,0,0
2026-09-15 10:30:45,10:00,906987379684182,1팀,120250614451040200,07.크리스피(ASC)(하이브리드)_TROAS_A+SC캠페인_구매최적화_값_표준기여_3078_260728,8886,0,0,0
2026-09-15 10:30:45,10:00,906987379684182,1팀,120250649570130200,07.크리스피(ASC)(하이브리드)_TROAS_A+SC캠페인_구매최적화_값_표준기여_3078_260802_AI,20565,0,0,0
2026-09-15 10:30:45,10:00,906987379684182,1팀,120250649570180200,07.크리스피(ASC)(하이브리드)_A+SC캠페인_구매최적화_수_표준기여_3078_260802_AI,6829,1,98000,1435.0563772148191
2026-09-15 10:30:45,10:00,906987379684182,1팀,120250858093370200,01.통살(ASC)(하이브리드)_TROAS_A+SC캠페인_구매최적화_값_표준기여_3028_260806,17139,0,0,0
2026-09-15 10:30:45,10:00,906987379684182,1팀,120250858093380200,01.통살(ASC)(하이브리드)_TCPA_A+SC캠페인_ALL_C7_수_표준기여_3028_260806,55,0,0,0
2026-09-15 10:30:45,10:00,906987379684182,1팀,120250858456470200,01.통살(ASC)(하이브리드)_A+SC캠페인_구매최적화_수_표준기여_3028_260806,14967,0,0,0
2026-09-15 10:30:45,10:00,906987379684182,1팀,120250858902230200,07.크리스피(ASC)(메가딜)_A+SC캠페인_구매최적화_수_표준기여_2464_260806,7030,0,0,0
2026-09-15 10:30:45,10:00,906987379684182,1팀,120250858902240200,07.크리스피(ASC)(메가딜)_TCPA_A+SC캠페인_ALL_C7_수_표준기여_2464_260806,3252,0,0,0
2026-09-15 10:30:45,10:00,906987379684182,1팀,120250858902260200,07.크리스피(ASC)(메가딜)_TROAS_A+SC캠페인_구매최적화_값_표준기여_2464_260806,9560,0,0,0
2026-09-15 10:30:45,10:00,906987379684182,1팀,120250859189800200,17.안심볶음밥(ASC)(메가딜)_A+SC캠페인_구매최적화_수_표준기여_2903_260907,11867,0,0,0
2026-09-15 10:30:45,10:00,906987379684182,1팀,120250859189820200,17.안심볶음밥(ASC)(메가딜)_TROAS_A+SC캠페인_구매최적화_값_표준기여_2903_260907,11836,0,0,0
2026-09-15 10:30:45,10:00,906987379684182,1팀,120250859367430200,20.김자반밥바(ASC)(하이브리드)_A+SC캠페인_구매최적화_수_가치조정_3159_260806,4899,0,0,0
2026-09-15 10:30:45,10:00,906987379684182,1팀,120251066794820200,07.크리스피(ASC)(하이브리드)_A+SC캠페인_구매최적화_수_표준기여_3078_260816_AI _2,6441,0,0,0
2026-09-15 10:30:45,10:00,906987379684182,1팀,120251066794930200,07.크리스피(ASC)(하이브리드)_TROAS_A+SC캠페인_구매최적화_값_표준기여_3078_260816_AI _2,24140,0,0,0
2026-09-15 10:30:45,10:00,906987379684182,1팀,120251169199390200,07.크리스피(ASC)(하이브리드)_TROAS_A+SC캠페인_구매최적화_값_표준기여_3078_260817(페르소나2),9451,0,0,0
2026-09-15 10:30:45,10:00,906987379684182,1팀,120251209789390200,07.크리스피(ASC)(하이브리드)_ABO캠페인_구매최적화_수_표준기여_3078_260819,6112,1,79600,1302.3560209424083
2026-09-15 10:30:45,10:00,906987379684182,1팀,120251211164300200,07.크리스피(ASC)(하이브리드)_TCPA_A+SC캠페인_ALL_C7_수_표준기여_3078_260819(테무콘),392,0,0,0
2026-09-15 10:30:45,10:00,906987379684182,1팀,120251211164310200,07.크리스피(ASC)(하이브리드)_TROAS_A+SC캠페인_구매최적화_값_표준기여_3078_260819(테무콘),8065,0,0,0
2026-09-15 10:30:45,10:00,906987379684182,1팀,120251211164320200,07.크리스피(ASC)(하이브리드)_A+SC캠페인_구매최적화_수_표준기여_3078_260819(테무콘),6481,0,0,0
2026-09-15 10:30:45,10:00,906987379684182,1팀,120251251665220200,07.크리스피(ASC)(하이브리드)_TROAS_ABO캠페인_구매최적화_수_표준기여_3078_260821,18141,0,0,0
2026-09-15 10:30:45,10:00,906987379684182,1팀,120251327515450200,07.크리스피(ASC)(메가딜)_ABO캠페인_구매최적화_수_표준기여_2464_260825,5078,0,0,0
2026-09-15 10:30:45,10:00,906987379684182,1팀,120251328004940200,07.크리스피(ASC)(메가딜)_TROAS_ABO캠페인_구매최적화_수_표준기여_2464_260825,6245,0,0,0
2026-09-15 10:30:45,10:00,906987379684182,1팀,120251367693570200,07.크리스피(ASC)(하이브리드)_TCPA_ABO캠페인_구매최적화_수_표준기여_3078_260827,1266,0,0,0
2026-09-15 10:30:45,10:00,906987379684182,1팀,120251367790160200,07.크리스피(ASC)(메가딜)_TCPA_ABO캠페인_구매최적화_수_표준기여_2464_260827,10402,0,0,0
2026-09-15 10:30:45,10:00,906987379684182,1팀,120251368155020200,01.통살(ASC)(하이브리드)_ABO캠페인_구매최적화_수_표준기여_3028_260827,6699,0,0,0
2026-09-15 10:30:45,10:00,906987379684182,1팀,120251368716980200,01.통살(ASC)(하이브리드)_TPCA_ABO캠페인_구매최적화_수_표준기여_3028_260827,1916,0,0,0
2026-09-15 10:30:45,10:00,906987379684182,1팀,120251368728810200,01.통살(ASC)(하이브리드)_TROAS_ABO캠페인_구매최적화_수_표준기여_3028_260827,2361,0,0,0
2026-09-15 10:30:45,10:00,906987379684182,1팀,120251369567610200,20.김자반밥바(ASC)(메가딜)_TCPA_ABO캠페인_구매최적화_수_표준기여_3003_260827,11619,0,0,0
2026-09-15 10:30:45,10:00,906987379684182,1팀,120251369567620200,20.김자반밥바(ASC)(메가딜)_TROAS_ABO캠페인_구매최적화_수_표준기여_3003_260827,9433,0,0,0
2026-09-15 10:30:45,10:00,906987379684182,1팀,120251369567660200,20.김자반밥바(ASC)(메가딜)_ABO캠페인_구매최적화_수_표준기여_3003_260827,13196,0,0,0
2026-09-15 10:30:45,10:00,906987379684182,1팀,120251444359310200,07.크리스피(ASC)(하이브리드)_TROAS_A+SC캠페인_구매최적화_값_표준기여_3078_260901(테무콘2),2420,0,0,0
2026-09-15 10:30:45,10:00,906987379684182,1팀,120251466594180200,22.닭가슴살볼(ASC)(메가딜)_ABO캠페인_구매최적화_수_표준기여_2905_260906,6318,2,95600,1513.1370686926243
2026-09-15 10:30:45,10:00,906987379684182,1팀,120251466785500200,22.닭가슴살볼(ASC)(메가딜)_TROAS_A+SC캠페인_구매최적화_값_표준기여_2905_260906,3080,0,0,0
2026-09-15 10:30:45,10:00,906987379684182,1팀,120251503407460200,22.닭가슴살볼(ASC)(메가딜)_TROAS_A+SC캠페인_구매최적화_값_표준기여_2905_260906(김혜선),4772,0,0,0
2026-09-15 11:30:44,11:00,906987379684182,1팀,120228320649100200,01.통살(ASC)(101010)_TCPA16000_A+SC 캠페인_ALL_V1C7_수_표준기여_2336,12116,0,0,0
2026-09-15 11:30:44,11:00,906987379684182,1팀,120228788396590200,01.통살(ASC)(메가딜)_TCPA20000_A+SC 캠페인_ALL_V1C7_수_표준기여_1874,7479,0,0,0
2026-09-15 11:30:44,11:00,906987379684182,1팀,120237509836570200,07.크리스피(ASC)(메가딜)_TCPA16000_A+SC 캠페인_ALL_수_표준기여_2464,7648,0,0,0
2026-09-15 11:30:44,11:00,906987379684182,1팀,120243001852340200,01.통살(ASC)(101010)_TCPA16000_A+SC 캠페인_ALL_V1C7_수_표준기여_2336_02,2766,0,0,0
2026-09-15 11:30:44,11:00,906987379684182,1팀,120244128322750200,01.통살(ASC)(101010)_TCPA16000_A+SC 캠페인_ALL_V1C7_수_표준기여_2336_03,3198,0,0,0
2026-09-15 11:30:44,11:00,906987379684182,1팀,120246397028850200,07.크리스피(ASC)(통합)_A+SC 캠페인_구매최적화_수_표준기여_통합_260511,1777,0,0,0
2026-09-15 11:30:44,11:00,906987379684182,1팀,120246898203940200,03.닭다리살(ASC)(1010)_A+SC캠페인_구매최적화_수_표준기여_2604_260519,13127,0,0,0
2026-09-15 11:30:44,11:00,906987379684182,1팀,120246898384670200,03.닭다리살(ASC)(1010)_TROAS_A+SC캠페인_구매최적화_값_표준기여_2604_260519,42857,0,0,0
2026-09-15 11:30:44,11:00,906987379684182,1팀,120247379587080200,07.크리스피(ASC)(1010)_TROAS_A+SC캠페인_구매최적화_값_표준기여_2992_260527,5400,0,0,0
2026-09-15 11:30:44,11:00,906987379684182,1팀,120248361514480200,01.통살(ASC)(하이브리드)_TCPA_A+SC캠페인_ALL_C7_수_표준기여_3028_260611,4828,0,0,0
2026-09-15 11:30:44,11:00,906987379684182,1팀,120249317264140200,07.크리스피(ASC)(하이브리드)_TROAS_A+SC캠페인_구매최적화_값_표준기여_3078_260713,8585,0,0,0
2026-09-15 11:30:44,11:00,906987379684182,1팀,120249873905240200,07.크리스피(ASC)(101010)_TROAS_A+SC캠페인_구매최적화_값_표준기여_2659_260705,4184,0,0,0
2026-09-15 11:30:44,11:00,906987379684182,1팀,120249878429160200,01.통살(ASC)(하이브리드)_TROAS_A+SC캠페인_구매최적화_값_표준기여_3028_260705,16977,0,0,0
2026-09-15 11:30:44,11:00,906987379684182,1팀,120250099159330200,07.크리스피(ASC)(메가딜)_TCPA_A+SC캠페인_ALL_C7_수_표준기여_2464_260712,9365,0,0,0
2026-09-15 11:30:44,11:00,906987379684182,1팀,120250268133470200,03.닭다리살(ASC)(하이브리드)_TROAS_A+SC캠페인_구매최적화_값_표준기여_3111_260726,8279,1,224600,2712.8880299553084
2026-09-15 11:30:44,11:00,906987379684182,1팀,120250614451040200,07.크리스피(ASC)(하이브리드)_TROAS_A+SC캠페인_구매최적화_값_표준기여_3078_260728,8116,1,135000,1663.3809758501727
2026-09-15 11:30:44,11:00,906987379684182,1팀,120250649570130200,07.크리스피(ASC)(하이브리드)_TROAS_A+SC캠페인_구매최적화_값_표준기여_3078_260802_AI,17326,0,0,0
2026-09-15 11:30:44,11:00,906987379684182,1팀,120250649570180200,07.크리스피(ASC)(하이브리드)_A+SC캠페인_구매최적화_수_표준기여_3078_260802_AI,4590,0,0,0
2026-09-15 11:30:44,11:00,906987379684182,1팀,120250858093370200,01.통살(ASC)(하이브리드)_TROAS_A+SC캠페인_구매최적화_값_표준기여_3028_260806,17333,1,43500,250.9663647377834
2026-09-15 11:30:44,11:00,906987379684182,1팀,120250858093380200,01.통살(ASC)(하이브리드)_TCPA_A+SC캠페인_ALL_C7_수_표준기여_3028_260806,8,0,0,0
2026-09-15 11:30:44,11:00,906987379684182,1팀,120250858456470200,01.통살(ASC)(하이브리드)_A+SC캠페인_구매최적화_수_표준기여_3028_260806,13593,0,0,0
2026-09-15 11:30:44,11:00,906987379684182,1팀,120250858902230200,07.크리스피(ASC)(메가딜)_A+SC캠페인_구매최적화_수_표준기여_2464_260806,4898,0,0,0
2026-09-15 11:30:44,11:00,906987379684182,1팀,120250858902240200,07.크리스피(ASC)(메가딜)_TCPA_A+SC캠페인_ALL_C7_수_표준기여_2464_260806,3267,0,0,0
2026-09-15 11:30:44,11:00,906987379684182,1팀,120250858902260200,07.크리스피(ASC)(메가딜)_TROAS_A+SC캠페인_구매최적화_값_표준기여_2464_260806,9143,0,0,0
2026-09-15 11:30:44,11:00,906987379684182,1팀,120250859189800200,17.안심볶음밥(ASC)(메가딜)_A+SC캠페인_구매최적화_수_표준기여_2903_260907,15803,0,0,0
2026-09-15 11:30:44,11:00,906987379684182,1팀,120250859189820200,17.안심볶음밥(ASC)(메가딜)_TROAS_A+SC캠페인_구매최적화_값_표준기여_2903_260907,16133,0,0,0
2026-09-15 11:30:44,11:00,906987379684182,1팀,120250859367430200,20.김자반밥바(ASC)(하이브리드)_A+SC캠페인_구매최적화_수_가치조정_3159_260806,4051,0,0,0
2026-09-15 11:30:44,11:00,906987379684182,1팀,120251066794820200,07.크리스피(ASC)(하이브리드)_A+SC캠페인_구매최적화_수_표준기여_3078_260816_AI _2,3354,0,0,0
2026-09-15 11:30:44,11:00,906987379684182,1팀,120251066794930200,07.크리스피(ASC)(하이브리드)_TROAS_A+SC캠페인_구매최적화_값_표준기여_3078_260816_AI _2,21326,1,38900,182.40645221794992
2026-09-15 11:30:44,11:00,906987379684182,1팀,120251169199390200,07.크리스피(ASC)(하이브리드)_TROAS_A+SC캠페인_구매최적화_값_표준기여_3078_260817(페르소나2),9280,2,260200,2803.879310344828
2026-09-15 11:30:44,11:00,906987379684182,1팀,120251209789390200,07.크리스피(ASC)(하이브리드)_ABO캠페인_구매최적화_수_표준기여_3078_260819,4653,0,0,0
2026-09-15 11:30:44,11:00,906987379684182,1팀,120251211164300200,07.크리스피(ASC)(하이브리드)_TCPA_A+SC캠페인_ALL_C7_수_표준기여_3078_260819(테무콘),275,0,0,0
2026-09-15 11:30:44,11:00,906987379684182,1팀,120251211164310200,07.크리스피(ASC)(하이브리드)_TROAS_A+SC캠페인_구매최적화_값_표준기여_3078_260819(테무콘),6619,1,98600,1489.651004683487
2026-09-15 11:30:44,11:00,906987379684182,1팀,120251211164320200,07.크리스피(ASC)(하이브리드)_A+SC캠페인_구매최적화_수_표준기여_3078_260819(테무콘),3927,0,0,0
2026-09-15 11:30:44,11:00,906987379684182,1팀,120251251665220200,07.크리스피(ASC)(하이브리드)_TROAS_ABO캠페인_구매최적화_수_표준기여_3078_260821,18836,0,0,0
2026-09-15 11:30:44,11:00,906987379684182,1팀,120251327515450200,07.크리스피(ASC)(메가딜)_ABO캠페인_구매최적화_수_표준기여_2464_260825,6645,0,0,0
2026-09-15 11:30:44,11:00,906987379684182,1팀,120251328004940200,07.크리스피(ASC)(메가딜)_TROAS_ABO캠페인_구매최적화_수_표준기여_2464_260825,5485,0,0,0
2026-09-15 11:30:44,11:00,906987379684182,1팀,120251367693570200,07.크리스피(ASC)(하이브리드)_TCPA_ABO캠페인_구매최적화_수_표준기여_3078_260827,1667,0,0,0
2026-09-15 11:30:44,11:00,906987379684182,1팀,120251367790160200,07.크리스피(ASC)(메가딜)_TCPA_ABO캠페인_구매최적화_수_표준기여_2464_260827,8148,0,0,0
2026-09-15 11:30:44,11:00,906987379684182,1팀,120251368155020200,01.통살(ASC)(하이브리드)_ABO캠페인_구매최적화_수_표준기여_3028_260827,7347,0,0,0
2026-09-15 11:30:44,11:00,906987379684182,1팀,120251368716980200,01.통살(ASC)(하이브리드)_TPCA_ABO캠페인_구매최적화_수_표준기여_3028_260827,1941,0,0,0
2026-09-15 11:30:44,11:00,906987379684182,1팀,120251368728810200,01.통살(ASC)(하이브리드)_TROAS_ABO캠페인_구매최적화_수_표준기여_3028_260827,2524,0,0,0
2026-09-15 11:30:44,11:00,906987379684182,1팀,120251369567610200,20.김자반밥바(ASC)(메가딜)_TCPA_ABO캠페인_구매최적화_수_표준기여_3003_260827,13734,1,32900,239.55147808358817
2026-09-15 11:30:44,11:00,906987379684182,1팀,120251369567620200,20.김자반밥바(ASC)(메가딜)_TROAS_ABO캠페인_구매최적화_수_표준기여_3003_260827,8374,0,0,0
2026-09-15 11:30:44,11:00,906987379684182,1팀,120251369567660200,20.김자반밥바(ASC)(메가딜)_ABO캠페인_구매최적화_수_표준기여_3003_260827,11070,0,0,0
2026-09-15 11:30:44,11:00,906987379684182,1팀,120251444359310200,07.크리스피(ASC)(하이브리드)_TROAS_A+SC캠페인_구매최적화_값_표준기여_3078_260901(테무콘2),1468,0,0,0
2026-09-15 11:30:44,11:00,906987379684182,1팀,120251466594180200,22.닭가슴살볼(ASC)(메가딜)_ABO캠페인_구매최적화_수_표준기여_2905_260906,6080,1,47800,786.1842105263157
2026-09-15 11:30:44,11:00,906987379684182,1팀,120251466785500200,22.닭가슴살볼(ASC)(메가딜)_TROAS_A+SC캠페인_구매최적화_값_표준기여_2905_260906,2495,0,0,0
2026-09-15 11:30:44,11:00,906987379684182,1팀,120251503407460200,22.닭가슴살볼(ASC)(메가딜)_TROAS_A+SC캠페인_구매최적화_값_표준기여_2905_260906(김혜선),4916,0,0,0
2026-09-15 12:30:42,12:00,906987379684182,1팀,120228320649100200,01.통살(ASC)(101010)_TCPA16000_A+SC 캠페인_ALL_V1C7_수_표준기여_2336,11191,0,0,0
2026-09-15 12:30:42,12:00,906987379684182,1팀,120228788396590200,01.통살(ASC)(메가딜)_TCPA20000_A+SC 캠페인_ALL_V1C7_수_표준기여_1874,8343,0,0,0
2026-09-15 12:30:42,12:00,906987379684182,1팀,120237509836570200,07.크리스피(ASC)(메가딜)_TCPA16000_A+SC 캠페인_ALL_수_표준기여_2464,8313,0,0,0
2026-09-15 12:30:42,12:00,906987379684182,1팀,120243001852340200,01.통살(ASC)(101010)_TCPA16000_A+SC 캠페인_ALL_V1C7_수_표준기여_2336_02,1599,0,0,0
2026-09-15 12:30:42,12:00,906987379684182,1팀,120244128322750200,01.통살(ASC)(101010)_TCPA16000_A+SC 캠페인_ALL_V1C7_수_표준기여_2336_03,2794,0,0,0
2026-09-15 12:30:42,12:00,906987379684182,1팀,120246397028850200,07.크리스피(ASC)(통합)_A+SC 캠페인_구매최적화_수_표준기여_통합_260511,2663,0,0,0
2026-09-15 12:30:42,12:00,906987379684182,1팀,120246898203940200,03.닭다리살(ASC)(1010)_A+SC캠페인_구매최적화_수_표준기여_2604_260519,13683,0,0,0
2026-09-15 12:30:42,12:00,906987379684182,1팀,120246898384670200,03.닭다리살(ASC)(1010)_TROAS_A+SC캠페인_구매최적화_값_표준기여_2604_260519,44070,0,0,0
2026-09-15 12:30:42,12:00,906987379684182,1팀,120247379587080200,07.크리스피(ASC)(1010)_TROAS_A+SC캠페인_구매최적화_값_표준기여_2992_260527,6476,0,0,0
2026-09-15 12:30:42,12:00,906987379684182,1팀,120248361514480200,01.통살(ASC)(하이브리드)_TCPA_A+SC캠페인_ALL_C7_수_표준기여_3028_260611,5672,0,0,0
2026-09-15 12:30:42,12:00,906987379684182,1팀,120249317264140200,07.크리스피(ASC)(하이브리드)_TROAS_A+SC캠페인_구매최적화_값_표준기여_3078_260713,10747,0,0,0
2026-09-15 12:30:42,12:00,906987379684182,1팀,120249873905240200,07.크리스피(ASC)(101010)_TROAS_A+SC캠페인_구매최적화_값_표준기여_2659_260705,5254,0,0,0
2026-09-15 12:30:42,12:00,906987379684182,1팀,120249878429160200,01.통살(ASC)(하이브리드)_TROAS_A+SC캠페인_구매최적화_값_표준기여_3028_260705,16348,0,0,0
2026-09-15 12:30:42,12:00,906987379684182,1팀,120250099159330200,07.크리스피(ASC)(메가딜)_TCPA_A+SC캠페인_ALL_C7_수_표준기여_2464_260712,10526,0,0,0
2026-09-15 12:30:42,12:00,906987379684182,1팀,120250268133470200,03.닭다리살(ASC)(하이브리드)_TROAS_A+SC캠페인_구매최적화_값_표준기여_3111_260726,8426,0,0,0
2026-09-15 12:30:42,12:00,906987379684182,1팀,120250614451040200,07.크리스피(ASC)(하이브리드)_TROAS_A+SC캠페인_구매최적화_값_표준기여_3078_260728,10862,0,0,0
2026-09-15 12:30:42,12:00,906987379684182,1팀,120250649570130200,07.크리스피(ASC)(하이브리드)_TROAS_A+SC캠페인_구매최적화_값_표준기여_3078_260802_AI,21363,0,0,0
2026-09-15 12:30:42,12:00,906987379684182,1팀,120250649570180200,07.크리스피(ASC)(하이브리드)_A+SC캠페인_구매최적화_수_표준기여_3078_260802_AI,5837,3,218600,3745.074524584547
2026-09-15 12:30:42,12:00,906987379684182,1팀,120250858093370200,01.통살(ASC)(하이브리드)_TROAS_A+SC캠페인_구매최적화_값_표준기여_3028_260806,21319,3,252000,1182.0441859374266
2026-09-15 12:30:42,12:00,906987379684182,1팀,120250858093380200,01.통살(ASC)(하이브리드)_TCPA_A+SC캠페인_ALL_C7_수_표준기여_3028_260806,0,0,0,0
2026-09-15 12:30:42,12:00,906987379684182,1팀,120250858456470200,01.통살(ASC)(하이브리드)_A+SC캠페인_구매최적화_수_표준기여_3028_260806,12450,0,0,0
2026-09-15 12:30:42,12:00,906987379684182,1팀,120250858902230200,07.크리스피(ASC)(메가딜)_A+SC캠페인_구매최적화_수_표준기여_2464_260806,6584,0,0,0
2026-09-15 12:30:42,12:00,906987379684182,1팀,120250858902240200,07.크리스피(ASC)(메가딜)_TCPA_A+SC캠페인_ALL_C7_수_표준기여_2464_260806,3351,0,0,0
2026-09-15 12:30:42,12:00,906987379684182,1팀,120250858902260200,07.크리스피(ASC)(메가딜)_TROAS_A+SC캠페인_구매최적화_값_표준기여_2464_260806,7057,0,0,0
2026-09-15 12:30:42,12:00,906987379684182,1팀,120250859189800200,17.안심볶음밥(ASC)(메가딜)_A+SC캠페인_구매최적화_수_표준기여_2903_260907,21932,0,0,0
2026-09-15 12:30:42,12:00,906987379684182,1팀,120250859189820200,17.안심볶음밥(ASC)(메가딜)_TROAS_A+SC캠페인_구매최적화_값_표준기여_2903_260907,11839,1,93000,785.5393191992567
2026-09-15 12:30:42,12:00,906987379684182,1팀,120250859367430200,20.김자반밥바(ASC)(하이브리드)_A+SC캠페인_구매최적화_수_가치조정_3159_260806,4482,0,0,0
2026-09-15 12:30:42,12:00,906987379684182,1팀,120251066794820200,07.크리스피(ASC)(하이브리드)_A+SC캠페인_구매최적화_수_표준기여_3078_260816_AI _2,4826,0,0,0
2026-09-15 12:30:42,12:00,906987379684182,1팀,120251066794930200,07.크리스피(ASC)(하이브리드)_TROAS_A+SC캠페인_구매최적화_값_표준기여_3078_260816_AI _2,17096,0,0,0
2026-09-15 12:30:42,12:00,906987379684182,1팀,120251169199390200,07.크리스피(ASC)(하이브리드)_TROAS_A+SC캠페인_구매최적화_값_표준기여_3078_260817(페르소나2),8626,0,0,0
2026-09-15 12:30:42,12:00,906987379684182,1팀,120251209789390200,07.크리스피(ASC)(하이브리드)_ABO캠페인_구매최적화_수_표준기여_3078_260819,4929,0,0,0
2026-09-15 12:30:42,12:00,906987379684182,1팀,120251211164300200,07.크리스피(ASC)(하이브리드)_TCPA_A+SC캠페인_ALL_C7_수_표준기여_3078_260819(테무콘),290,0,0,0
2026-09-15 12:30:42,12:00,906987379684182,1팀,120251211164310200,07.크리스피(ASC)(하이브리드)_TROAS_A+SC캠페인_구매최적화_값_표준기여_3078_260819(테무콘),7777,0,0,0
2026-09-15 12:30:42,12:00,906987379684182,1팀,120251211164320200,07.크리스피(ASC)(하이브리드)_A+SC캠페인_구매최적화_수_표준기여_3078_260819(테무콘),6928,0,0,0
2026-09-15 12:30:42,12:00,906987379684182,1팀,120251251665220200,07.크리스피(ASC)(하이브리드)_TROAS_ABO캠페인_구매최적화_수_표준기여_3078_260821,16633,0,0,0
2026-09-15 12:30:42,12:00,906987379684182,1팀,120251327515450200,07.크리스피(ASC)(메가딜)_ABO캠페인_구매최적화_수_표준기여_2464_260825,7431,0,0,0
2026-09-15 12:30:42,12:00,906987379684182,1팀,120251328004940200,07.크리스피(ASC)(메가딜)_TROAS_ABO캠페인_구매최적화_수_표준기여_2464_260825,7373,0,0,0
2026-09-15 12:30:42,12:00,906987379684182,1팀,120251367693570200,07.크리스피(ASC)(하이브리드)_TCPA_ABO캠페인_구매최적화_수_표준기여_3078_260827,1146,0,0,0
2026-09-15 12:30:42,12:00,906987379684182,1팀,120251367790160200,07.크리스피(ASC)(메가딜)_TCPA_ABO캠페인_구매최적화_수_표준기여_2464_260827,8220,0,0,0
2026-09-15 12:30:42,12:00,906987379684182,1팀,120251368155020200,01.통살(ASC)(하이브리드)_ABO캠페인_구매최적화_수_표준기여_3028_260827,6668,0,0,0
2026-09-15 12:30:42,12:00,906987379684182,1팀,120251368716980200,01.통살(ASC)(하이브리드)_TPCA_ABO캠페인_구매최적화_수_표준기여_3028_260827,2340,0,0,0
2026-09-15 12:30:42,12:00,906987379684182,1팀,120251368728810200,01.통살(ASC)(하이브리드)_TROAS_ABO캠페인_구매최적화_수_표준기여_3028_260827,3613,0,0,0
2026-09-15 12:30:42,12:00,906987379684182,1팀,120251369567610200,20.김자반밥바(ASC)(메가딜)_TCPA_ABO캠페인_구매최적화_수_표준기여_3003_260827,7714,0,0,0
2026-09-15 12:30:42,12:00,906987379684182,1팀,120251369567620200,20.김자반밥바(ASC)(메가딜)_TROAS_ABO캠페인_구매최적화_수_표준기여_3003_260827,7986,0,0,0
2026-09-15 12:30:42,12:00,906987379684182,1팀,120251369567660200,20.김자반밥바(ASC)(메가딜)_ABO캠페인_구매최적화_수_표준기여_3003_260827,7486,0,0,0
2026-09-15 12:30:42,12:00,906987379684182,1팀,120251444359310200,07.크리스피(ASC)(하이브리드)_TROAS_A+SC캠페인_구매최적화_값_표준기여_3078_260901(테무콘2),1934,0,0,0
2026-09-15 12:30:42,12:00,906987379684182,1팀,120251466594180200,22.닭가슴살볼(ASC)(메가딜)_ABO캠페인_구매최적화_수_표준기여_2905_260906,6422,0,0,0
2026-09-15 12:30:42,12:00,906987379684182,1팀,120251466785500200,22.닭가슴살볼(ASC)(메가딜)_TROAS_A+SC캠페인_구매최적화_값_표준기여_2905_260906,2518,0,0,0
2026-09-15 12:30:42,12:00,906987379684182,1팀,120251503407460200,22.닭가슴살볼(ASC)(메가딜)_TROAS_A+SC캠페인_구매최적화_값_표준기여_2905_260906(김혜선),7013,0,0,0
2026-09-15 13:30:43,13:00,906987379684182,1팀,120228320649100200,01.통살(ASC)(101010)_TCPA16000_A+SC 캠페인_ALL_V1C7_수_표준기여_2336,9404,0,0,0
2026-09-15 13:30:43,13:00,906987379684182,1팀,120228788396590200,01.통살(ASC)(메가딜)_TCPA20000_A+SC 캠페인_ALL_V1C7_수_표준기여_1874,10159,0,0,0
2026-09-15 13:30:43,13:00,906987379684182,1팀,120237509836570200,07.크리스피(ASC)(메가딜)_TCPA16000_A+SC 캠페인_ALL_수_표준기여_2464,7599,1,106350,1399.5262534544017
2026-09-15 13:30:43,13:00,906987379684182,1팀,120243001852340200,01.통살(ASC)(101010)_TCPA16000_A+SC 캠페인_ALL_V1C7_수_표준기여_2336_02,4405,0,0,0
2026-09-15 13:30:43,13:00,906987379684182,1팀,120244128322750200,01.통살(ASC)(101010)_TCPA16000_A+SC 캠페인_ALL_V1C7_수_표준기여_2336_03,3653,0,0,0
2026-09-15 13:30:43,13:00,906987379684182,1팀,120246397028850200,07.크리스피(ASC)(통합)_A+SC 캠페인_구매최적화_수_표준기여_통합_260511,1964,0,0,0
2026-09-15 13:30:43,13:00,906987379684182,1팀,120246898203940200,03.닭다리살(ASC)(1010)_A+SC캠페인_구매최적화_수_표준기여_2604_260519,8567,0,0,0
2026-09-15 13:30:43,13:00,906987379684182,1팀,120246898384670200,03.닭다리살(ASC)(1010)_TROAS_A+SC캠페인_구매최적화_값_표준기여_2604_260519,27352,1,50900,186.09242468558057
2026-09-15 13:30:43,13:00,906987379684182,1팀,120247379587080200,07.크리스피(ASC)(1010)_TROAS_A+SC캠페인_구매최적화_값_표준기여_2992_260527,5079,0,0,0
2026-09-15 13:30:43,13:00,906987379684182,1팀,120248361514480200,01.통살(ASC)(하이브리드)_TCPA_A+SC캠페인_ALL_C7_수_표준기여_3028_260611,4849,0,0,0
2026-09-15 13:30:43,13:00,906987379684182,1팀,120249317264140200,07.크리스피(ASC)(하이브리드)_TROAS_A+SC캠페인_구매최적화_값_표준기여_3078_260713,10336,0,0,0
2026-09-15 13:30:43,13:00,906987379684182,1팀,120249873905240200,07.크리스피(ASC)(101010)_TROAS_A+SC캠페인_구매최적화_값_표준기여_2659_260705,2734,0,0,0
2026-09-15 13:30:43,13:00,906987379684182,1팀,120249878429160200,01.통살(ASC)(하이브리드)_TROAS_A+SC캠페인_구매최적화_값_표준기여_3028_260705,13267,0,0,0
2026-09-15 13:30:43,13:00,906987379684182,1팀,120250099159330200,07.크리스피(ASC)(메가딜)_TCPA_A+SC캠페인_ALL_C7_수_표준기여_2464_260712,5957,0,0,0
2026-09-15 13:30:43,13:00,906987379684182,1팀,120250268133470200,03.닭다리살(ASC)(하이브리드)_TROAS_A+SC캠페인_구매최적화_값_표준기여_3111_260726,4642,1,30800,663.5071090047394
2026-09-15 13:30:43,13:00,906987379684182,1팀,120250614451040200,07.크리스피(ASC)(하이브리드)_TROAS_A+SC캠페인_구매최적화_값_표준기여_3078_260728,6139,0,0,0
2026-09-15 13:30:43,13:00,906987379684182,1팀,120250649570130200,07.크리스피(ASC)(하이브리드)_TROAS_A+SC캠페인_구매최적화_값_표준기여_3078_260802_AI,16643,1,64200,385.7477618217869
2026-09-15 13:30:43,13:00,906987379684182,1팀,120250649570180200,07.크리스피(ASC)(하이브리드)_A+SC캠페인_구매최적화_수_표준기여_3078_260802_AI,5776,0,0,0
2026-09-15 13:30:43,13:00,906987379684182,1팀,120250858093370200,01.통살(ASC)(하이브리드)_TROAS_A+SC캠페인_구매최적화_값_표준기여_3028_260806,18648,0,0,0
2026-09-15 13:30:43,13:00,906987379684182,1팀,120250858093380200,01.통살(ASC)(하이브리드)_TCPA_A+SC캠페인_ALL_C7_수_표준기여_3028_260806,23,0,0,0
2026-09-15 13:30:43,13:00,906987379684182,1팀,120250858456470200,01.통살(ASC)(하이브리드)_A+SC캠페인_구매최적화_수_표준기여_3028_260806,10766,1,53800,499.72134497492107
2026-09-15 13:30:43,13:00,906987379684182,1팀,120250858902230200,07.크리스피(ASC)(메가딜)_A+SC캠페인_구매최적화_수_표준기여_2464_260806,5550,1,98500,1774.7747747747749
2026-09-15 13:30:43,13:00,906987379684182,1팀,120250858902240200,07.크리스피(ASC)(메가딜)_TCPA_A+SC캠페인_ALL_C7_수_표준기여_2464_260806,1622,0,0,0
2026-09-15 13:30:43,13:00,906987379684182,1팀,120250858902260200,07.크리스피(ASC)(메가딜)_TROAS_A+SC캠페인_구매최적화_값_표준기여_2464_260806,4259,0,0,0
2026-09-15 13:30:43,13:00,906987379684182,1팀,120250859189800200,17.안심볶음밥(ASC)(메가딜)_A+SC캠페인_구매최적화_수_표준기여_2903_260907,14469,1,40300,278.5265049415993
2026-09-15 13:30:43,13:00,906987379684182,1팀,120250859189820200,17.안심볶음밥(ASC)(메가딜)_TROAS_A+SC캠페인_구매최적화_값_표준기여_2903_260907,13400,0,0,0
2026-09-15 13:30:43,13:00,906987379684182,1팀,120250859367430200,20.김자반밥바(ASC)(하이브리드)_A+SC캠페인_구매최적화_수_가치조정_3159_260806,3325,0,0,0
2026-09-15 13:30:43,13:00,906987379684182,1팀,120251066794820200,07.크리스피(ASC)(하이브리드)_A+SC캠페인_구매최적화_수_표준기여_3078_260816_AI _2,3727,0,0,0
2026-09-15 13:30:43,13:00,906987379684182,1팀,120251066794930200,07.크리스피(ASC)(하이브리드)_TROAS_A+SC캠페인_구매최적화_값_표준기여_3078_260816_AI _2,10000,1,60300,603
2026-09-15 13:30:43,13:00,906987379684182,1팀,120251169199390200,07.크리스피(ASC)(하이브리드)_TROAS_A+SC캠페인_구매최적화_값_표준기여_3078_260817(페르소나2),7025,0,0,0
2026-09-15 13:30:43,13:00,906987379684182,1팀,120251209789390200,07.크리스피(ASC)(하이브리드)_ABO캠페인_구매최적화_수_표준기여_3078_260819,4380,0,0,0
2026-09-15 13:30:43,13:00,906987379684182,1팀,120251211164300200,07.크리스피(ASC)(하이브리드)_TCPA_A+SC캠페인_ALL_C7_수_표준기여_3078_260819(테무콘),211,0,0,0
2026-09-15 13:30:43,13:00,906987379684182,1팀,120251211164310200,07.크리스피(ASC)(하이브리드)_TROAS_A+SC캠페인_구매최적화_값_표준기여_3078_260819(테무콘),6765,0,0,0
2026-09-15 13:30:43,13:00,906987379684182,1팀,120251211164320200,07.크리스피(ASC)(하이브리드)_A+SC캠페인_구매최적화_수_표준기여_3078_260819(테무콘),5933,0,0,0
2026-09-15 13:30:43,13:00,906987379684182,1팀,120251251665220200,07.크리스피(ASC)(하이브리드)_TROAS_ABO캠페인_구매최적화_수_표준기여_3078_260821,15835,0,0,0
2026-09-15 13:30:43,13:00,906987379684182,1팀,120251327515450200,07.크리스피(ASC)(메가딜)_ABO캠페인_구매최적화_수_표준기여_2464_260825,5369,0,0,0
2026-09-15 13:30:43,13:00,906987379684182,1팀,120251328004940200,07.크리스피(ASC)(메가딜)_TROAS_ABO캠페인_구매최적화_수_표준기여_2464_260825,4861,0,0,0
2026-09-15 13:30:43,13:00,906987379684182,1팀,120251367693570200,07.크리스피(ASC)(하이브리드)_TCPA_ABO캠페인_구매최적화_수_표준기여_3078_260827,1057,0,0,0
2026-09-15 13:30:43,13:00,906987379684182,1팀,120251367790160200,07.크리스피(ASC)(메가딜)_TCPA_ABO캠페인_구매최적화_수_표준기여_2464_260827,6142,0,0,0
2026-09-15 13:30:43,13:00,906987379684182,1팀,120251368155020200,01.통살(ASC)(하이브리드)_ABO캠페인_구매최적화_수_표준기여_3028_260827,5542,0,0,0
2026-09-15 13:30:43,13:00,906987379684182,1팀,120251368716980200,01.통살(ASC)(하이브리드)_TPCA_ABO캠페인_구매최적화_수_표준기여_3028_260827,1882,0,0,0
2026-09-15 13:30:43,13:00,906987379684182,1팀,120251368728810200,01.통살(ASC)(하이브리드)_TROAS_ABO캠페인_구매최적화_수_표준기여_3028_260827,3402,0,0,0
2026-09-15 13:30:43,13:00,906987379684182,1팀,120251369567610200,20.김자반밥바(ASC)(메가딜)_TCPA_ABO캠페인_구매최적화_수_표준기여_3003_260827,6353,0,0,0
2026-09-15 13:30:43,13:00,906987379684182,1팀,120251369567620200,20.김자반밥바(ASC)(메가딜)_TROAS_ABO캠페인_구매최적화_수_표준기여_3003_260827,4047,0,0,0
2026-09-15 13:30:43,13:00,906987379684182,1팀,120251369567660200,20.김자반밥바(ASC)(메가딜)_ABO캠페인_구매최적화_수_표준기여_3003_260827,6097,0,0,0
2026-09-15 13:30:43,13:00,906987379684182,1팀,120251444359310200,07.크리스피(ASC)(하이브리드)_TROAS_A+SC캠페인_구매최적화_값_표준기여_3078_260901(테무콘2),2008,0,0,0
2026-09-15 13:30:43,13:00,906987379684182,1팀,120251466594180200,22.닭가슴살볼(ASC)(메가딜)_ABO캠페인_구매최적화_수_표준기여_2905_260906,6335,0,0,0
2026-09-15 13:30:43,13:00,906987379684182,1팀,120251466785500200,22.닭가슴살볼(ASC)(메가딜)_TROAS_A+SC캠페인_구매최적화_값_표준기여_2905_260906,3196,0,0,0
2026-09-15 13:30:43,13:00,906987379684182,1팀,120251503407460200,22.닭가슴살볼(ASC)(메가딜)_TROAS_A+SC캠페인_구매최적화_값_표준기여_2905_260906(김혜선),5607,0,0,0
2026-09-15 14:30:46,14:00,906987379684182,1팀,120228320649100200,01.통살(ASC)(101010)_TCPA16000_A+SC 캠페인_ALL_V1C7_수_표준기여_2336,5963,0,0,0
2026-09-15 14:30:46,14:00,906987379684182,1팀,120228788396590200,01.통살(ASC)(메가딜)_TCPA20000_A+SC 캠페인_ALL_V1C7_수_표준기여_1874,6228,0,0,0
2026-09-15 14:30:46,14:00,906987379684182,1팀,120237509836570200,07.크리스피(ASC)(메가딜)_TCPA16000_A+SC 캠페인_ALL_수_표준기여_2464,6616,0,0,0
2026-09-15 14:30:46,14:00,906987379684182,1팀,120243001852340200,01.통살(ASC)(101010)_TCPA16000_A+SC 캠페인_ALL_V1C7_수_표준기여_2336_02,364,0,0,0
2026-09-15 14:30:46,14:00,906987379684182,1팀,120244128322750200,01.통살(ASC)(101010)_TCPA16000_A+SC 캠페인_ALL_V1C7_수_표준기여_2336_03,2194,0,0,0
2026-09-15 14:30:46,14:00,906987379684182,1팀,120246397028850200,07.크리스피(ASC)(통합)_A+SC 캠페인_구매최적화_수_표준기여_통합_260511,1904,0,0,0
2026-09-15 14:30:46,14:00,906987379684182,1팀,120246898203940200,03.닭다리살(ASC)(1010)_A+SC캠페인_구매최적화_수_표준기여_2604_260519,4994,0,0,0
2026-09-15 14:30:46,14:00,906987379684182,1팀,120246898384670200,03.닭다리살(ASC)(1010)_TROAS_A+SC캠페인_구매최적화_값_표준기여_2604_260519,19950,0,0,0
2026-09-15 14:30:46,14:00,906987379684182,1팀,120247379587080200,07.크리스피(ASC)(1010)_TROAS_A+SC캠페인_구매최적화_값_표준기여_2992_260527,2487,0,0,0
2026-09-15 14:30:46,14:00,906987379684182,1팀,120248361514480200,01.통살(ASC)(하이브리드)_TCPA_A+SC캠페인_ALL_C7_수_표준기여_3028_260611,3525,0,0,0
2026-09-15 14:30:46,14:00,906987379684182,1팀,120249317264140200,07.크리스피(ASC)(하이브리드)_TROAS_A+SC캠페인_구매최적화_값_표준기여_3078_260713,7152,0,0,0
2026-09-15 14:30:46,14:00,906987379684182,1팀,120249873905240200,07.크리스피(ASC)(101010)_TROAS_A+SC캠페인_구매최적화_값_표준기여_2659_260705,2150,0,0,0
2026-09-15 14:30:46,14:00,906987379684182,1팀,120249878429160200,01.통살(ASC)(하이브리드)_TROAS_A+SC캠페인_구매최적화_값_표준기여_3028_260705,9559,0,0,0
2026-09-15 14:30:46,14:00,906987379684182,1팀,120250099159330200,07.크리스피(ASC)(메가딜)_TCPA_A+SC캠페인_ALL_C7_수_표준기여_2464_260712,2291,0,0,0
2026-09-15 14:30:46,14:00,906987379684182,1팀,120250268133470200,03.닭다리살(ASC)(하이브리드)_TROAS_A+SC캠페인_구매최적화_값_표준기여_3111_260726,6417,0,0,0
2026-09-15 14:30:46,14:00,906987379684182,1팀,120250614451040200,07.크리스피(ASC)(하이브리드)_TROAS_A+SC캠페인_구매최적화_값_표준기여_3078_260728,3986,0,0,0
2026-09-15 14:30:46,14:00,906987379684182,1팀,120250649570130200,07.크리스피(ASC)(하이브리드)_TROAS_A+SC캠페인_구매최적화_값_표준기여_3078_260802_AI,17689,0,0,0
2026-09-15 14:30:46,14:00,906987379684182,1팀,120250649570180200,07.크리스피(ASC)(하이브리드)_A+SC캠페인_구매최적화_수_표준기여_3078_260802_AI,5710,0,0,0
2026-09-15 14:30:46,14:00,906987379684182,1팀,120250858093370200,01.통살(ASC)(하이브리드)_TROAS_A+SC캠페인_구매최적화_값_표준기여_3028_260806,9028,0,0,0
2026-09-15 14:30:46,14:00,906987379684182,1팀,120250858456470200,01.통살(ASC)(하이브리드)_A+SC캠페인_구매최적화_수_표준기여_3028_260806,8274,0,0,0
2026-09-15 14:30:46,14:00,906987379684182,1팀,120250858902230200,07.크리스피(ASC)(메가딜)_A+SC캠페인_구매최적화_수_표준기여_2464_260806,3978,0,0,0
2026-09-15 14:30:46,14:00,906987379684182,1팀,120250858902240200,07.크리스피(ASC)(메가딜)_TCPA_A+SC캠페인_ALL_C7_수_표준기여_2464_260806,1208,0,0,0
2026-09-15 14:30:46,14:00,906987379684182,1팀,120250858902260200,07.크리스피(ASC)(메가딜)_TROAS_A+SC캠페인_구매최적화_값_표준기여_2464_260806,4412,0,0,0
2026-09-15 14:30:46,14:00,906987379684182,1팀,120250859189800200,17.안심볶음밥(ASC)(메가딜)_A+SC캠페인_구매최적화_수_표준기여_2903_260907,9946,0,0,0
2026-09-15 14:30:46,14:00,906987379684182,1팀,120250859189820200,17.안심볶음밥(ASC)(메가딜)_TROAS_A+SC캠페인_구매최적화_값_표준기여_2903_260907,8594,0,0,0
2026-09-15 14:30:46,14:00,906987379684182,1팀,120250859367430200,20.김자반밥바(ASC)(하이브리드)_A+SC캠페인_구매최적화_수_가치조정_3159_260806,2180,0,0,0
2026-09-15 14:30:46,14:00,906987379684182,1팀,120251066794820200,07.크리스피(ASC)(하이브리드)_A+SC캠페인_구매최적화_수_표준기여_3078_260816_AI _2,3694,0,0,0
2026-09-15 14:30:46,14:00,906987379684182,1팀,120251066794930200,07.크리스피(ASC)(하이브리드)_TROAS_A+SC캠페인_구매최적화_값_표준기여_3078_260816_AI _2,7302,0,0,0
2026-09-15 14:30:46,14:00,906987379684182,1팀,120251169199390200,07.크리스피(ASC)(하이브리드)_TROAS_A+SC캠페인_구매최적화_값_표준기여_3078_260817(페르소나2),4721,0,0,0
2026-09-15 14:30:46,14:00,906987379684182,1팀,120251209789390200,07.크리스피(ASC)(하이브리드)_ABO캠페인_구매최적화_수_표준기여_3078_260819,3361,0,0,0
2026-09-15 14:30:46,14:00,906987379684182,1팀,120251211164300200,07.크리스피(ASC)(하이브리드)_TCPA_A+SC캠페인_ALL_C7_수_표준기여_3078_260819(테무콘),164,0,0,0
2026-09-15 14:30:46,14:00,906987379684182,1팀,120251211164310200,07.크리스피(ASC)(하이브리드)_TROAS_A+SC캠페인_구매최적화_값_표준기여_3078_260819(테무콘),4064,0,0,0
2026-09-15 14:30:46,14:00,906987379684182,1팀,120251211164320200,07.크리스피(ASC)(하이브리드)_A+SC캠페인_구매최적화_수_표준기여_3078_260819(테무콘),5057,0,0,0
2026-09-15 14:30:46,14:00,906987379684182,1팀,120251251665220200,07.크리스피(ASC)(하이브리드)_TROAS_ABO캠페인_구매최적화_수_표준기여_3078_260821,8864,0,0,0
2026-09-15 14:30:46,14:00,906987379684182,1팀,120251327515450200,07.크리스피(ASC)(메가딜)_ABO캠페인_구매최적화_수_표준기여_2464_260825,3982,0,0,0
2026-09-15 14:30:46,14:00,906987379684182,1팀,120251328004940200,07.크리스피(ASC)(메가딜)_TROAS_ABO캠페인_구매최적화_수_표준기여_2464_260825,3586,0,0,0
2026-09-15 14:30:46,14:00,906987379684182,1팀,120251367693570200,07.크리스피(ASC)(하이브리드)_TCPA_ABO캠페인_구매최적화_수_표준기여_3078_260827,1038,0,0,0
2026-09-15 14:30:46,14:00,906987379684182,1팀,120251367790160200,07.크리스피(ASC)(메가딜)_TCPA_ABO캠페인_구매최적화_수_표준기여_2464_260827,6846,0,0,0
2026-09-15 14:30:46,14:00,906987379684182,1팀,120251368155020200,01.통살(ASC)(하이브리드)_ABO캠페인_구매최적화_수_표준기여_3028_260827,4574,0,0,0
2026-09-15 14:30:46,14:00,906987379684182,1팀,120251368716980200,01.통살(ASC)(하이브리드)_TPCA_ABO캠페인_구매최적화_수_표준기여_3028_260827,1716,0,0,0
2026-09-15 14:30:46,14:00,906987379684182,1팀,120251368728810200,01.통살(ASC)(하이브리드)_TROAS_ABO캠페인_구매최적화_수_표준기여_3028_260827,1446,0,0,0
2026-09-15 14:30:46,14:00,906987379684182,1팀,120251369567610200,20.김자반밥바(ASC)(메가딜)_TCPA_ABO캠페인_구매최적화_수_표준기여_3003_260827,4266,0,0,0
2026-09-15 14:30:46,14:00,906987379684182,1팀,120251369567620200,20.김자반밥바(ASC)(메가딜)_TROAS_ABO캠페인_구매최적화_수_표준기여_3003_260827,3260,0,0,0
2026-09-15 14:30:46,14:00,906987379684182,1팀,120251369567660200,20.김자반밥바(ASC)(메가딜)_ABO캠페인_구매최적화_수_표준기여_3003_260827,3790,0,0,0
2026-09-15 14:30:46,14:00,906987379684182,1팀,120251444359310200,07.크리스피(ASC)(하이브리드)_TROAS_A+SC캠페인_구매최적화_값_표준기여_3078_260901(테무콘2),1607,0,0,0
2026-09-15 14:30:46,14:00,906987379684182,1팀,120251466594180200,22.닭가슴살볼(ASC)(메가딜)_ABO캠페인_구매최적화_수_표준기여_2905_260906,4606,0,0,0
2026-09-15 14:30:46,14:00,906987379684182,1팀,120251466785500200,22.닭가슴살볼(ASC)(메가딜)_TROAS_A+SC캠페인_구매최적화_값_표준기여_2905_260906,1246,0,0,0
2026-09-15 14:30:46,14:00,906987379684182,1팀,120251503407460200,22.닭가슴살볼(ASC)(메가딜)_TROAS_A+SC캠페인_구매최적화_값_표준기여_2905_260906(김혜선),3543,0,0,0
2026-09-15 15:05:07,15:00,906987379684182,1팀,120237509836570200,07.크리스피(ASC)(메가딜)_TCPA16000_A+SC 캠페인_ALL_수_표준기여_2464,126,0,0,0
2026-09-15 15:05:07,15:00,906987379684182,1팀,120246898203940200,03.닭다리살(ASC)(1010)_A+SC캠페인_구매최적화_수_표준기여_2604_260519,654,0,0,0
2026-09-15 15:05:07,15:00,906987379684182,1팀,120246898384670200,03.닭다리살(ASC)(1010)_TROAS_A+SC캠페인_구매최적화_값_표준기여_2604_260519,48,0,0,0
2026-09-15 15:05:07,15:00,906987379684182,1팀,120247379587080200,07.크리스피(ASC)(1010)_TROAS_A+SC캠페인_구매최적화_값_표준기여_2992_260527,259,0,0,0
2026-09-15 15:05:07,15:00,906987379684182,1팀,120248361514480200,01.통살(ASC)(하이브리드)_TCPA_A+SC캠페인_ALL_C7_수_표준기여_3028_260611,335,0,0,0
2026-09-15 15:05:07,15:00,906987379684182,1팀,120249317264140200,07.크리스피(ASC)(하이브리드)_TROAS_A+SC캠페인_구매최적화_값_표준기여_3078_260713,80,0,0,0
2026-09-15 15:05:07,15:00,906987379684182,1팀,120249873905240200,07.크리스피(ASC)(101010)_TROAS_A+SC캠페인_구매최적화_값_표준기여_2659_260705,9,0,0,0
2026-09-15 15:05:07,15:00,906987379684182,1팀,120249878429160200,01.통살(ASC)(하이브리드)_TROAS_A+SC캠페인_구매최적화_값_표준기여_3028_260705,46,0,0,0
2026-09-15 15:05:07,15:00,906987379684182,1팀,120250099159330200,07.크리스피(ASC)(메가딜)_TCPA_A+SC캠페인_ALL_C7_수_표준기여_2464_260712,73,0,0,0
2026-09-15 15:05:07,15:00,906987379684182,1팀,120250649570130200,07.크리스피(ASC)(하이브리드)_TROAS_A+SC캠페인_구매최적화_값_표준기여_3078_260802_AI,2449,0,0,0
2026-09-15 15:05:07,15:00,906987379684182,1팀,120250649570180200,07.크리스피(ASC)(하이브리드)_A+SC캠페인_구매최적화_수_표준기여_3078_260802_AI,68,0,0,0
2026-09-15 15:05:07,15:00,906987379684182,1팀,120250858093370200,01.통살(ASC)(하이브리드)_TROAS_A+SC캠페인_구매최적화_값_표준기여_3028_260806,655,0,0,0
2026-09-15 15:05:07,15:00,906987379684182,1팀,120250858902230200,07.크리스피(ASC)(메가딜)_A+SC캠페인_구매최적화_수_표준기여_2464_260806,367,0,0,0
2026-09-15 15:05:07,15:00,906987379684182,1팀,120250858902260200,07.크리스피(ASC)(메가딜)_TROAS_A+SC캠페인_구매최적화_값_표준기여_2464_260806,27,0,0,0
2026-09-15 15:05:07,15:00,906987379684182,1팀,120250859189800200,17.안심볶음밥(ASC)(메가딜)_A+SC캠페인_구매최적화_수_표준기여_2903_260907,5,0,0,0
2026-09-15 15:05:07,15:00,906987379684182,1팀,120250859189820200,17.안심볶음밥(ASC)(메가딜)_TROAS_A+SC캠페인_구매최적화_값_표준기여_2903_260907,21,0,0,0
2026-09-15 15:05:07,15:00,906987379684182,1팀,120251169199390200,07.크리스피(ASC)(하이브리드)_TROAS_A+SC캠페인_구매최적화_값_표준기여_3078_260817(페르소나2),508,0,0,0
2026-09-15 15:05:07,15:00,906987379684182,1팀,120251211164300200,07.크리스피(ASC)(하이브리드)_TCPA_A+SC캠페인_ALL_C7_수_표준기여_3078_260819(테무콘),6,0,0,0
2026-09-15 15:05:07,15:00,906987379684182,1팀,120251211164310200,07.크리스피(ASC)(하이브리드)_TROAS_A+SC캠페인_구매최적화_값_표준기여_3078_260819(테무콘),584,0,0,0
2026-09-15 15:05:07,15:00,906987379684182,1팀,120251211164320200,07.크리스피(ASC)(하이브리드)_A+SC캠페인_구매최적화_수_표준기여_3078_260819(테무콘),23,0,0,0
2026-09-15 15:05:07,15:00,906987379684182,1팀,120251251665220200,07.크리스피(ASC)(하이브리드)_TROAS_ABO캠페인_구매최적화_수_표준기여_3078_260821,23,0,0,0
2026-09-15 15:05:07,15:00,906987379684182,1팀,120251327515450200,07.크리스피(ASC)(메가딜)_ABO캠페인_구매최적화_수_표준기여_2464_260825,15,0,0,0
2026-09-15 15:05:07,15:00,906987379684182,1팀,120251367693570200,07.크리스피(ASC)(하이브리드)_TCPA_ABO캠페인_구매최적화_수_표준기여_3078_260827,2,0,0,0
2026-09-15 15:05:07,15:00,906987379684182,1팀,120251367790160200,07.크리스피(ASC)(메가딜)_TCPA_ABO캠페인_구매최적화_수_표준기여_2464_260827,790,0,0,0
2026-09-15 15:05:07,15:00,906987379684182,1팀,120251368155020200,01.통살(ASC)(하이브리드)_ABO캠페인_구매최적화_수_표준기여_3028_260827,16,0,0,0
2026-09-15 15:05:07,15:00,906987379684182,1팀,120251368716980200,01.통살(ASC)(하이브리드)_TPCA_ABO캠페인_구매최적화_수_표준기여_3028_260827,1,0,0,0
2026-09-15 15:05:07,15:00,906987379684182,1팀,120251368728810200,01.통살(ASC)(하이브리드)_TROAS_ABO캠페인_구매최적화_수_표준기여_3028_260827,1,0,0,0
2026-09-15 15:05:07,15:00,906987379684182,1팀,120251369567610200,20.김자반밥바(ASC)(메가딜)_TCPA_ABO캠페인_구매최적화_수_표준기여_3003_260827,13,0,0,0
2026-09-15 15:05:07,15:00,906987379684182,1팀,120251369567620200,20.김자반밥바(ASC)(메가딜)_TROAS_ABO캠페인_구매최적화_수_표준기여_3003_260827,667,0,0,0
2026-09-15 15:05:07,15:00,906987379684182,1팀,120251466594180200,22.닭가슴살볼(ASC)(메가딜)_ABO캠페인_구매최적화_수_표준기여_2905_260906,26,0,0,0
2026-09-15 15:05:07,15:00,906987379684182,1팀,120251466785500200,22.닭가슴살볼(ASC)(메가딜)_TROAS_A+SC캠페인_구매최적화_값_표준기여_2905_260906,13,0,0,0
2026-09-15 15:05:07,15:00,906987379684182,1팀,120251503407460200,22.닭가슴살볼(ASC)(메가딜)_TROAS_A+SC캠페인_구매최적화_값_표준기여_2905_260906(김혜선),352,0,0,0
2026-09-15 15:30:47,15:00,906987379684182,1팀,120228320649100200,01.통살(ASC)(101010)_TCPA16000_A+SC 캠페인_ALL_V1C7_수_표준기여_2336,11287,0,0,0
2026-09-15 15:30:47,15:00,906987379684182,1팀,120228788396590200,01.통살(ASC)(메가딜)_TCPA20000_A+SC 캠페인_ALL_V1C7_수_표준기여_1874,8620,1,41200,477.9582366589327
2026-09-15 15:30:47,15:00,906987379684182,1팀,120237509836570200,07.크리스피(ASC)(메가딜)_TCPA16000_A+SC 캠페인_ALL_수_표준기여_2464,7259,0,0,0
2026-09-15 15:30:47,15:00,906987379684182,1팀,120243001852340200,01.통살(ASC)(101010)_TCPA16000_A+SC 캠페인_ALL_V1C7_수_표준기여_2336_02,306,0,0,0
2026-09-15 15:30:47,15:00,906987379684182,1팀,120244128322750200,01.통살(ASC)(101010)_TCPA16000_A+SC 캠페인_ALL_V1C7_수_표준기여_2336_03,2296,0,0,0
2026-09-15 15:30:47,15:00,906987379684182,1팀,120246397028850200,07.크리스피(ASC)(통합)_A+SC 캠페인_구매최적화_수_표준기여_통합_260511,1441,0,0,0
2026-09-15 15:30:47,15:00,906987379684182,1팀,120246898203940200,03.닭다리살(ASC)(1010)_A+SC캠페인_구매최적화_수_표준기여_2604_260519,9436,0,0,0
2026-09-15 15:30:47,15:00,906987379684182,1팀,120246898384670200,03.닭다리살(ASC)(1010)_TROAS_A+SC캠페인_구매최적화_값_표준기여_2604_260519,22213,0,0,0
2026-09-15 15:30:47,15:00,906987379684182,1팀,120247379587080200,07.크리스피(ASC)(1010)_TROAS_A+SC캠페인_구매최적화_값_표준기여_2992_260527,2727,0,0,0
2026-09-15 15:30:47,15:00,906987379684182,1팀,120248361514480200,01.통살(ASC)(하이브리드)_TCPA_A+SC캠페인_ALL_C7_수_표준기여_3028_260611,5166,1,20900,404.56833139759965
2026-09-15 15:30:47,15:00,906987379684182,1팀,120249317264140200,07.크리스피(ASC)(하이브리드)_TROAS_A+SC캠페인_구매최적화_값_표준기여_3078_260713,5497,0,0,0
2026-09-15 15:30:47,15:00,906987379684182,1팀,120249873905240200,07.크리스피(ASC)(101010)_TROAS_A+SC캠페인_구매최적화_값_표준기여_2659_260705,2641,0,0,0
2026-09-15 15:30:47,15:00,906987379684182,1팀,120249878429160200,01.통살(ASC)(하이브리드)_TROAS_A+SC캠페인_구매최적화_값_표준기여_3028_260705,10028,0,0,0
2026-09-15 15:30:47,15:00,906987379684182,1팀,120250099159330200,07.크리스피(ASC)(메가딜)_TCPA_A+SC캠페인_ALL_C7_수_표준기여_2464_260712,1289,0,0,0
2026-09-15 15:30:47,15:00,906987379684182,1팀,120250268133470200,03.닭다리살(ASC)(하이브리드)_TROAS_A+SC캠페인_구매최적화_값_표준기여_3111_260726,7563,0,0,0
2026-09-15 15:30:47,15:00,906987379684182,1팀,120250614451040200,07.크리스피(ASC)(하이브리드)_TROAS_A+SC캠페인_구매최적화_값_표준기여_3078_260728,5978,0,0,0
2026-09-15 15:30:47,15:00,906987379684182,1팀,120250649570130200,07.크리스피(ASC)(하이브리드)_TROAS_A+SC캠페인_구매최적화_값_표준기여_3078_260802_AI,20505,0,0,0
2026-09-15 15:30:47,15:00,906987379684182,1팀,120250649570180200,07.크리스피(ASC)(하이브리드)_A+SC캠페인_구매최적화_수_표준기여_3078_260802_AI,6351,0,0,0
2026-09-15 15:30:47,15:00,906987379684182,1팀,120250858093370200,01.통살(ASC)(하이브리드)_TROAS_A+SC캠페인_구매최적화_값_표준기여_3028_260806,11802,0,0,0
2026-09-15 15:30:47,15:00,906987379684182,1팀,120250858093380200,01.통살(ASC)(하이브리드)_TCPA_A+SC캠페인_ALL_C7_수_표준기여_3028_260806,4,0,0,0
2026-09-15 15:30:47,15:00,906987379684182,1팀,120250858456470200,01.통살(ASC)(하이브리드)_A+SC캠페인_구매최적화_수_표준기여_3028_260806,15494,0,0,0
2026-09-15 15:30:47,15:00,906987379684182,1팀,120250858902230200,07.크리스피(ASC)(메가딜)_A+SC캠페인_구매최적화_수_표준기여_2464_260806,6099,0,0,0
2026-09-15 15:30:47,15:00,906987379684182,1팀,120250858902240200,07.크리스피(ASC)(메가딜)_TCPA_A+SC캠페인_ALL_C7_수_표준기여_2464_260806,1477,0,0,0
2026-09-15 15:30:47,15:00,906987379684182,1팀,120250858902260200,07.크리스피(ASC)(메가딜)_TROAS_A+SC캠페인_구매최적화_값_표준기여_2464_260806,7844,0,0,0
2026-09-15 15:30:47,15:00,906987379684182,1팀,120250859189800200,17.안심볶음밥(ASC)(메가딜)_A+SC캠페인_구매최적화_수_표준기여_2903_260907,8336,1,95400,1144.4337811900193
2026-09-15 15:30:47,15:00,906987379684182,1팀,120250859189820200,17.안심볶음밥(ASC)(메가딜)_TROAS_A+SC캠페인_구매최적화_값_표준기여_2903_260907,10896,0,0,0
2026-09-15 15:30:47,15:00,906987379684182,1팀,120250859367430200,20.김자반밥바(ASC)(하이브리드)_A+SC캠페인_구매최적화_수_가치조정_3159_260806,6418,0,0,0
2026-09-15 15:30:47,15:00,906987379684182,1팀,120251066794820200,07.크리스피(ASC)(하이브리드)_A+SC캠페인_구매최적화_수_표준기여_3078_260816_AI _2,2881,0,0,0
2026-09-15 15:30:47,15:00,906987379684182,1팀,120251066794930200,07.크리스피(ASC)(하이브리드)_TROAS_A+SC캠페인_구매최적화_값_표준기여_3078_260816_AI _2,10613,0,0,0
2026-09-15 15:30:47,15:00,906987379684182,1팀,120251169199390200,07.크리스피(ASC)(하이브리드)_TROAS_A+SC캠페인_구매최적화_값_표준기여_3078_260817(페르소나2),8998,0,0,0
2026-09-15 15:30:47,15:00,906987379684182,1팀,120251209789390200,07.크리스피(ASC)(하이브리드)_ABO캠페인_구매최적화_수_표준기여_3078_260819,4591,0,0,0
2026-09-15 15:30:47,15:00,906987379684182,1팀,120251211164300200,07.크리스피(ASC)(하이브리드)_TCPA_A+SC캠페인_ALL_C7_수_표준기여_3078_260819(테무콘),324,0,0,0
2026-09-15 15:30:47,15:00,906987379684182,1팀,120251211164310200,07.크리스피(ASC)(하이브리드)_TROAS_A+SC캠페인_구매최적화_값_표준기여_3078_260819(테무콘),5753,0,0,0
2026-09-15 15:30:47,15:00,906987379684182,1팀,120251211164320200,07.크리스피(ASC)(하이브리드)_A+SC캠페인_구매최적화_수_표준기여_3078_260819(테무콘),6769,0,0,0
2026-09-15 15:30:47,15:00,906987379684182,1팀,120251251665220200,07.크리스피(ASC)(하이브리드)_TROAS_ABO캠페인_구매최적화_수_표준기여_3078_260821,10466,0,0,0
2026-09-15 15:30:47,15:00,906987379684182,1팀,120251327515450200,07.크리스피(ASC)(메가딜)_ABO캠페인_구매최적화_수_표준기여_2464_260825,5772,0,0,0
2026-09-15 15:30:47,15:00,906987379684182,1팀,120251328004940200,07.크리스피(ASC)(메가딜)_TROAS_ABO캠페인_구매최적화_수_표준기여_2464_260825,4615,0,0,0
2026-09-15 15:30:47,15:00,906987379684182,1팀,120251367693570200,07.크리스피(ASC)(하이브리드)_TCPA_ABO캠페인_구매최적화_수_표준기여_3078_260827,1094,0,0,0
2026-09-15 15:30:47,15:00,906987379684182,1팀,120251367790160200,07.크리스피(ASC)(메가딜)_TCPA_ABO캠페인_구매최적화_수_표준기여_2464_260827,9148,0,0,0
2026-09-15 15:30:47,15:00,906987379684182,1팀,120251368155020200,01.통살(ASC)(하이브리드)_ABO캠페인_구매최적화_수_표준기여_3028_260827,6386,0,0,0
2026-09-15 15:30:47,15:00,906987379684182,1팀,120251368716980200,01.통살(ASC)(하이브리드)_TPCA_ABO캠페인_구매최적화_수_표준기여_3028_260827,2166,0,0,0
2026-09-15 15:30:47,15:00,906987379684182,1팀,120251368728810200,01.통살(ASC)(하이브리드)_TROAS_ABO캠페인_구매최적화_수_표준기여_3028_260827,1463,0,0,0
2026-09-15 15:30:47,15:00,906987379684182,1팀,120251369567610200,20.김자반밥바(ASC)(메가딜)_TCPA_ABO캠페인_구매최적화_수_표준기여_3003_260827,5457,1,82300,1508.1546637346528
2026-09-15 15:30:47,15:00,906987379684182,1팀,120251369567620200,20.김자반밥바(ASC)(메가딜)_TROAS_ABO캠페인_구매최적화_수_표준기여_3003_260827,6539,1,18900,289.0350206453586
2026-09-15 15:30:47,15:00,906987379684182,1팀,120251369567660200,20.김자반밥바(ASC)(메가딜)_ABO캠페인_구매최적화_수_표준기여_3003_260827,3431,0,0,0
2026-09-15 15:30:47,15:00,906987379684182,1팀,120251444359310200,07.크리스피(ASC)(하이브리드)_TROAS_A+SC캠페인_구매최적화_값_표준기여_3078_260901(테무콘2),2163,0,0,0
2026-09-15 15:30:47,15:00,906987379684182,1팀,120251466594180200,22.닭가슴살볼(ASC)(메가딜)_ABO캠페인_구매최적화_수_표준기여_2905_260906,5095,0,0,0
2026-09-15 15:30:47,15:00,906987379684182,1팀,120251466785500200,22.닭가슴살볼(ASC)(메가딜)_TROAS_A+SC캠페인_구매최적화_값_표준기여_2905_260906,1402,0,0,0
2026-09-15 15:30:47,15:00,906987379684182,1팀,120251503407460200,22.닭가슴살볼(ASC)(메가딜)_TROAS_A+SC캠페인_구매최적화_값_표준기여_2905_260906(김혜선),2668,0,0,0
2026-09-15 16:30:52,16:00,906987379684182,1팀,120228320649100200,01.통살(ASC)(101010)_TCPA16000_A+SC 캠페인_ALL_V1C7_수_표준기여_2336,11579,1,45300,391.2254944295708
2026-09-15 16:30:52,16:00,906987379684182,1팀,120228788396590200,01.통살(ASC)(메가딜)_TCPA20000_A+SC 캠페인_ALL_V1C7_수_표준기여_1874,11585,0,0,0
2026-09-15 16:30:52,16:00,906987379684182,1팀,120237509836570200,07.크리스피(ASC)(메가딜)_TCPA16000_A+SC 캠페인_ALL_수_표준기여_2464,7345,0,0,0
2026-09-15 16:30:52,16:00,906987379684182,1팀,120243001852340200,01.통살(ASC)(101010)_TCPA16000_A+SC 캠페인_ALL_V1C7_수_표준기여_2336_02,387,0,0,0
2026-09-15 16:30:52,16:00,906987379684182,1팀,120244128322750200,01.통살(ASC)(101010)_TCPA16000_A+SC 캠페인_ALL_V1C7_수_표준기여_2336_03,629,0,0,0
2026-09-15 16:30:52,16:00,906987379684182,1팀,120246397028850200,07.크리스피(ASC)(통합)_A+SC 캠페인_구매최적화_수_표준기여_통합_260511,1997,0,0,0
2026-09-15 16:30:52,16:00,906987379684182,1팀,120246898203940200,03.닭다리살(ASC)(1010)_A+SC캠페인_구매최적화_수_표준기여_2604_260519,12406,0,0,0
2026-09-15 16:30:52,16:00,906987379684182,1팀,120246898384670200,03.닭다리살(ASC)(1010)_TROAS_A+SC캠페인_구매최적화_값_표준기여_2604_260519,28375,0,0,0
2026-09-15 16:30:52,16:00,906987379684182,1팀,120247379587080200,07.크리스피(ASC)(1010)_TROAS_A+SC캠페인_구매최적화_값_표준기여_2992_260527,3674,1,44900,1222.1012520413717
2026-09-15 16:30:52,16:00,906987379684182,1팀,120248361514480200,01.통살(ASC)(하이브리드)_TCPA_A+SC캠페인_ALL_C7_수_표준기여_3028_260611,6994,0,0,0
2026-09-15 16:30:52,16:00,906987379684182,1팀,120249317264140200,07.크리스피(ASC)(하이브리드)_TROAS_A+SC캠페인_구매최적화_값_표준기여_3078_260713,6696,0,0,0
2026-09-15 16:30:52,16:00,906987379684182,1팀,120249873905240200,07.크리스피(ASC)(101010)_TROAS_A+SC캠페인_구매최적화_값_표준기여_2659_260705,3009,0,0,0
2026-09-15 16:30:52,16:00,906987379684182,1팀,120249878429160200,01.통살(ASC)(하이브리드)_TROAS_A+SC캠페인_구매최적화_값_표준기여_3028_260705,12369,0,0,0
2026-09-15 16:30:52,16:00,906987379684182,1팀,120250099159330200,07.크리스피(ASC)(메가딜)_TCPA_A+SC캠페인_ALL_C7_수_표준기여_2464_260712,5303,0,0,0
2026-09-15 16:30:52,16:00,906987379684182,1팀,120250268133470200,03.닭다리살(ASC)(하이브리드)_TROAS_A+SC캠페인_구매최적화_값_표준기여_3111_260726,8414,1,80000,950.7962918944615
2026-09-15 16:30:52,16:00,906987379684182,1팀,120250614451040200,07.크리스피(ASC)(하이브리드)_TROAS_A+SC캠페인_구매최적화_값_표준기여_3078_260728,7072,0,0,0
2026-09-15 16:30:52,16:00,906987379684182,1팀,120250649570130200,07.크리스피(ASC)(하이브리드)_TROAS_A+SC캠페인_구매최적화_값_표준기여_3078_260802_AI,17328,0,0,0
2026-09-15 16:30:52,16:00,906987379684182,1팀,120250649570180200,07.크리스피(ASC)(하이브리드)_A+SC캠페인_구매최적화_수_표준기여_3078_260802_AI,7749,0,0,0
2026-09-15 16:30:52,16:00,906987379684182,1팀,120250858093370200,01.통살(ASC)(하이브리드)_TROAS_A+SC캠페인_구매최적화_값_표준기여_3028_260806,16817,0,0,0
2026-09-15 16:30:52,16:00,906987379684182,1팀,120250858093380200,01.통살(ASC)(하이브리드)_TCPA_A+SC캠페인_ALL_C7_수_표준기여_3028_260806,42,0,0,0
2026-09-15 16:30:52,16:00,906987379684182,1팀,120250858456470200,01.통살(ASC)(하이브리드)_A+SC캠페인_구매최적화_수_표준기여_3028_260806,12331,0,0,0
2026-09-15 16:30:52,16:00,906987379684182,1팀,120250858902230200,07.크리스피(ASC)(메가딜)_A+SC캠페인_구매최적화_수_표준기여_2464_260806,8521,0,0,0
2026-09-15 16:30:52,16:00,906987379684182,1팀,120250858902240200,07.크리스피(ASC)(메가딜)_TCPA_A+SC캠페인_ALL_C7_수_표준기여_2464_260806,2872,0,0,0
2026-09-15 16:30:52,16:00,906987379684182,1팀,120250858902260200,07.크리스피(ASC)(메가딜)_TROAS_A+SC캠페인_구매최적화_값_표준기여_2464_260806,5760,1,81800,1420.138888888889
2026-09-15 16:30:52,16:00,906987379684182,1팀,120250859189800200,17.안심볶음밥(ASC)(메가딜)_A+SC캠페인_구매최적화_수_표준기여_2903_260907,10468,0,0,0
2026-09-15 16:30:52,16:00,906987379684182,1팀,120250859189820200,17.안심볶음밥(ASC)(메가딜)_TROAS_A+SC캠페인_구매최적화_값_표준기여_2903_260907,11863,0,0,0
2026-09-15 16:30:52,16:00,906987379684182,1팀,120250859367430200,20.김자반밥바(ASC)(하이브리드)_A+SC캠페인_구매최적화_수_가치조정_3159_260806,6456,0,0,0
2026-09-15 16:30:52,16:00,906987379684182,1팀,120250859367440200,20.김자반밥바(ASC)(하이브리드)_TCPA_A+SC캠페인_ALL_C7_수_표준기여_3159_260806,0,0,0,0
2026-09-15 16:30:52,16:00,906987379684182,1팀,120251066794820200,07.크리스피(ASC)(하이브리드)_A+SC캠페인_구매최적화_수_표준기여_3078_260816_AI _2,4475,0,0,0
2026-09-15 16:30:52,16:00,906987379684182,1팀,120251066794930200,07.크리스피(ASC)(하이브리드)_TROAS_A+SC캠페인_구매최적화_값_표준기여_3078_260816_AI _2,12491,0,0,0
2026-09-15 16:30:52,16:00,906987379684182,1팀,120251169199390200,07.크리스피(ASC)(하이브리드)_TROAS_A+SC캠페인_구매최적화_값_표준기여_3078_260817(페르소나2),8240,0,0,0
2026-09-15 16:30:52,16:00,906987379684182,1팀,120251209789390200,07.크리스피(ASC)(하이브리드)_ABO캠페인_구매최적화_수_표준기여_3078_260819,3597,0,0,0
2026-09-15 16:30:52,16:00,906987379684182,1팀,120251211164300200,07.크리스피(ASC)(하이브리드)_TCPA_A+SC캠페인_ALL_C7_수_표준기여_3078_260819(테무콘),581,0,0,0
2026-09-15 16:30:52,16:00,906987379684182,1팀,120251211164310200,07.크리스피(ASC)(하이브리드)_TROAS_A+SC캠페인_구매최적화_값_표준기여_3078_260819(테무콘),4969,0,0,0
2026-09-15 16:30:52,16:00,906987379684182,1팀,120251211164320200,07.크리스피(ASC)(하이브리드)_A+SC캠페인_구매최적화_수_표준기여_3078_260819(테무콘),6404,0,0,0
2026-09-15 16:30:52,16:00,906987379684182,1팀,120251251665220200,07.크리스피(ASC)(하이브리드)_TROAS_ABO캠페인_구매최적화_수_표준기여_3078_260821,11617,0,0,0
2026-09-15 16:30:52,16:00,906987379684182,1팀,120251327515450200,07.크리스피(ASC)(메가딜)_ABO캠페인_구매최적화_수_표준기여_2464_260825,5899,0,0,0
2026-09-15 16:30:52,16:00,906987379684182,1팀,120251328004940200,07.크리스피(ASC)(메가딜)_TROAS_ABO캠페인_구매최적화_수_표준기여_2464_260825,4666,0,0,0
2026-09-15 16:30:52,16:00,906987379684182,1팀,120251367693570200,07.크리스피(ASC)(하이브리드)_TCPA_ABO캠페인_구매최적화_수_표준기여_3078_260827,1975,0,0,0
2026-09-15 16:30:52,16:00,906987379684182,1팀,120251367790160200,07.크리스피(ASC)(메가딜)_TCPA_ABO캠페인_구매최적화_수_표준기여_2464_260827,10116,1,25700,254.05298536971137
2026-09-15 16:30:52,16:00,906987379684182,1팀,120251368155020200,01.통살(ASC)(하이브리드)_ABO캠페인_구매최적화_수_표준기여_3028_260827,7868,0,0,0
2026-09-15 16:30:52,16:00,906987379684182,1팀,120251368716980200,01.통살(ASC)(하이브리드)_TPCA_ABO캠페인_구매최적화_수_표준기여_3028_260827,2641,0,0,0
2026-09-15 16:30:52,16:00,906987379684182,1팀,120251368728810200,01.통살(ASC)(하이브리드)_TROAS_ABO캠페인_구매최적화_수_표준기여_3028_260827,2610,0,0,0
2026-09-15 16:30:52,16:00,906987379684182,1팀,120251369567610200,20.김자반밥바(ASC)(메가딜)_TCPA_ABO캠페인_구매최적화_수_표준기여_3003_260827,8744,0,0,0
2026-09-15 16:30:52,16:00,906987379684182,1팀,120251369567620200,20.김자반밥바(ASC)(메가딜)_TROAS_ABO캠페인_구매최적화_수_표준기여_3003_260827,7318,1,53900,736.5400382618201
2026-09-15 16:30:52,16:00,906987379684182,1팀,120251369567660200,20.김자반밥바(ASC)(메가딜)_ABO캠페인_구매최적화_수_표준기여_3003_260827,3829,0,0,0
2026-09-15 16:30:52,16:00,906987379684182,1팀,120251444359310200,07.크리스피(ASC)(하이브리드)_TROAS_A+SC캠페인_구매최적화_값_표준기여_3078_260901(테무콘2),3630,0,0,0
2026-09-15 16:30:52,16:00,906987379684182,1팀,120251466594180200,22.닭가슴살볼(ASC)(메가딜)_ABO캠페인_구매최적화_수_표준기여_2905_260906,8402,0,0,0
2026-09-15 16:30:52,16:00,906987379684182,1팀,120251466785500200,22.닭가슴살볼(ASC)(메가딜)_TROAS_A+SC캠페인_구매최적화_값_표준기여_2905_260906,2479,0,0,0
2026-09-15 16:30:52,16:00,906987379684182,1팀,120251503407460200,22.닭가슴살볼(ASC)(메가딜)_TROAS_A+SC캠페인_구매최적화_값_표준기여_2905_260906(김혜선),2981,0,0,0
2026-09-15 17:30:47,17:00,906987379684182,1팀,120228320649100200,01.통살(ASC)(101010)_TCPA16000_A+SC 캠페인_ALL_V1C7_수_표준기여_2336,19107,1,59700,312.45093421259224
2026-09-15 17:30:47,17:00,906987379684182,1팀,120228788396590200,01.통살(ASC)(메가딜)_TCPA20000_A+SC 캠페인_ALL_V1C7_수_표준기여_1874,15546,1,65500,421.33024572237235
2026-09-15 17:30:47,17:00,906987379684182,1팀,120237509836570200,07.크리스피(ASC)(메가딜)_TCPA16000_A+SC 캠페인_ALL_수_표준기여_2464,3910,0,0,0
2026-09-15 17:30:47,17:00,906987379684182,1팀,120243001852340200,01.통살(ASC)(101010)_TCPA16000_A+SC 캠페인_ALL_V1C7_수_표준기여_2336_02,1426,1,98250,6889.901823281907
2026-09-15 17:30:47,17:00,906987379684182,1팀,120244128322750200,01.통살(ASC)(101010)_TCPA16000_A+SC 캠페인_ALL_V1C7_수_표준기여_2336_03,317,0,0,0
2026-09-15 17:30:47,17:00,906987379684182,1팀,120246397028850200,07.크리스피(ASC)(통합)_A+SC 캠페인_구매최적화_수_표준기여_통합_260511,1716,0,0,0
2026-09-15 17:30:47,17:00,906987379684182,1팀,120246898203940200,03.닭다리살(ASC)(1010)_A+SC캠페인_구매최적화_수_표준기여_2604_260519,12052,0,0,0
2026-09-15 17:30:47,17:00,906987379684182,1팀,120246898384670200,03.닭다리살(ASC)(1010)_TROAS_A+SC캠페인_구매최적화_값_표준기여_2604_260519,38162,0,0,0
2026-09-15 17:30:47,17:00,906987379684182,1팀,120247379587080200,07.크리스피(ASC)(1010)_TROAS_A+SC캠페인_구매최적화_값_표준기여_2992_260527,6323,1,43900,694.2906848015182
2026-09-15 17:30:47,17:00,906987379684182,1팀,120248361514480200,01.통살(ASC)(하이브리드)_TCPA_A+SC캠페인_ALL_C7_수_표준기여_3028_260611,8122,0,0,0
2026-09-15 17:30:47,17:00,906987379684182,1팀,120249317264140200,07.크리스피(ASC)(하이브리드)_TROAS_A+SC캠페인_구매최적화_값_표준기여_3078_260713,6915,1,62690,906.5798987707881
2026-09-15 17:30:47,17:00,906987379684182,1팀,120249873905240200,07.크리스피(ASC)(101010)_TROAS_A+SC캠페인_구매최적화_값_표준기여_2659_260705,4537,0,0,0
2026-09-15 17:30:47,17:00,906987379684182,1팀,120249878429160200,01.통살(ASC)(하이브리드)_TROAS_A+SC캠페인_구매최적화_값_표준기여_3028_260705,12125,0,0,0
2026-09-15 17:30:47,17:00,906987379684182,1팀,120250099159330200,07.크리스피(ASC)(메가딜)_TCPA_A+SC캠페인_ALL_C7_수_표준기여_2464_260712,4842,0,0,0
2026-09-15 17:30:47,17:00,906987379684182,1팀,120250268133470200,03.닭다리살(ASC)(하이브리드)_TROAS_A+SC캠페인_구매최적화_값_표준기여_3111_260726,10065,1,66600,661.6989567809239
2026-09-15 17:30:47,17:00,906987379684182,1팀,120250614451040200,07.크리스피(ASC)(하이브리드)_TROAS_A+SC캠페인_구매최적화_값_표준기여_3078_260728,8351,1,80100,959.1665668782182
2026-09-15 17:30:47,17:00,906987379684182,1팀,120250649570130200,07.크리스피(ASC)(하이브리드)_TROAS_A+SC캠페인_구매최적화_값_표준기여_3078_260802_AI,21034,0,0,0
2026-09-15 17:30:47,17:00,906987379684182,1팀,120250649570180200,07.크리스피(ASC)(하이브리드)_A+SC캠페인_구매최적화_수_표준기여_3078_260802_AI,6345,0,0,0
2026-09-15 17:30:47,17:00,906987379684182,1팀,120250858093370200,01.통살(ASC)(하이브리드)_TROAS_A+SC캠페인_구매최적화_값_표준기여_3028_260806,12502,0,0,0
2026-09-15 17:30:47,17:00,906987379684182,1팀,120250858093380200,01.통살(ASC)(하이브리드)_TCPA_A+SC캠페인_ALL_C7_수_표준기여_3028_260806,29,0,0,0
2026-09-15 17:30:47,17:00,906987379684182,1팀,120250858456470200,01.통살(ASC)(하이브리드)_A+SC캠페인_구매최적화_수_표준기여_3028_260806,11891,0,0,0
2026-09-15 17:30:47,17:00,906987379684182,1팀,120250858902230200,07.크리스피(ASC)(메가딜)_A+SC캠페인_구매최적화_수_표준기여_2464_260806,8737,0,0,0
2026-09-15 17:30:47,17:00,906987379684182,1팀,120250858902240200,07.크리스피(ASC)(메가딜)_TCPA_A+SC캠페인_ALL_C7_수_표준기여_2464_260806,1904,0,0,0
2026-09-15 17:30:47,17:00,906987379684182,1팀,120250858902260200,07.크리스피(ASC)(메가딜)_TROAS_A+SC캠페인_구매최적화_값_표준기여_2464_260806,6342,1,43900,692.2106590980763
2026-09-15 17:30:47,17:00,906987379684182,1팀,120250859189800200,17.안심볶음밥(ASC)(메가딜)_A+SC캠페인_구매최적화_수_표준기여_2903_260907,9727,0,0,0
2026-09-15 17:30:47,17:00,906987379684182,1팀,120250859189820200,17.안심볶음밥(ASC)(메가딜)_TROAS_A+SC캠페인_구매최적화_값_표준기여_2903_260907,12414,1,24000,193.3301111648139
2026-09-15 17:30:47,17:00,906987379684182,1팀,120250859367430200,20.김자반밥바(ASC)(하이브리드)_A+SC캠페인_구매최적화_수_가치조정_3159_260806,6307,0,0,0
2026-09-15 17:30:47,17:00,906987379684182,1팀,120251066794820200,07.크리스피(ASC)(하이브리드)_A+SC캠페인_구매최적화_수_표준기여_3078_260816_AI _2,5222,1,99000,1895.8253542703942
2026-09-15 17:30:47,17:00,906987379684182,1팀,120251066794930200,07.크리스피(ASC)(하이브리드)_TROAS_A+SC캠페인_구매최적화_값_표준기여_3078_260816_AI _2,10555,0,0,0
2026-09-15 17:30:47,17:00,906987379684182,1팀,120251169199390200,07.크리스피(ASC)(하이브리드)_TROAS_A+SC캠페인_구매최적화_값_표준기여_3078_260817(페르소나2),8420,0,0,0
2026-09-15 17:30:47,17:00,906987379684182,1팀,120251209789390200,07.크리스피(ASC)(하이브리드)_ABO캠페인_구매최적화_수_표준기여_3078_260819,5419,0,0,0
2026-09-15 17:30:47,17:00,906987379684182,1팀,120251211164300200,07.크리스피(ASC)(하이브리드)_TCPA_A+SC캠페인_ALL_C7_수_표준기여_3078_260819(테무콘),572,0,0,0
2026-09-15 17:30:47,17:00,906987379684182,1팀,120251211164310200,07.크리스피(ASC)(하이브리드)_TROAS_A+SC캠페인_구매최적화_값_표준기여_3078_260819(테무콘),5462,0,0,0
2026-09-15 17:30:47,17:00,906987379684182,1팀,120251211164320200,07.크리스피(ASC)(하이브리드)_A+SC캠페인_구매최적화_수_표준기여_3078_260819(테무콘),4822,0,0,0
2026-09-15 17:30:47,17:00,906987379684182,1팀,120251251665220200,07.크리스피(ASC)(하이브리드)_TROAS_ABO캠페인_구매최적화_수_표준기여_3078_260821,11779,0,0,0
2026-09-15 17:30:47,17:00,906987379684182,1팀,120251327515450200,07.크리스피(ASC)(메가딜)_ABO캠페인_구매최적화_수_표준기여_2464_260825,7734,0,0,0
2026-09-15 17:30:47,17:00,906987379684182,1팀,120251328004940200,07.크리스피(ASC)(메가딜)_TROAS_ABO캠페인_구매최적화_수_표준기여_2464_260825,5708,0,0,0
2026-09-15 17:30:47,17:00,906987379684182,1팀,120251367693570200,07.크리스피(ASC)(하이브리드)_TCPA_ABO캠페인_구매최적화_수_표준기여_3078_260827,1673,0,0,0
2026-09-15 17:30:47,17:00,906987379684182,1팀,120251367790160200,07.크리스피(ASC)(메가딜)_TCPA_ABO캠페인_구매최적화_수_표준기여_2464_260827,10778,0,0,0
2026-09-15 17:30:47,17:00,906987379684182,1팀,120251368155020200,01.통살(ASC)(하이브리드)_ABO캠페인_구매최적화_수_표준기여_3028_260827,7772,0,0,0
2026-09-15 17:30:47,17:00,906987379684182,1팀,120251368716980200,01.통살(ASC)(하이브리드)_TPCA_ABO캠페인_구매최적화_수_표준기여_3028_260827,2074,0,0,0
2026-09-15 17:30:47,17:00,906987379684182,1팀,120251368728810200,01.통살(ASC)(하이브리드)_TROAS_ABO캠페인_구매최적화_수_표준기여_3028_260827,4309,0,0,0
2026-09-15 17:30:47,17:00,906987379684182,1팀,120251369567610200,20.김자반밥바(ASC)(메가딜)_TCPA_ABO캠페인_구매최적화_수_표준기여_3003_260827,15234,0,0,0
2026-09-15 17:30:47,17:00,906987379684182,1팀,120251369567620200,20.김자반밥바(ASC)(메가딜)_TROAS_ABO캠페인_구매최적화_수_표준기여_3003_260827,7908,0,0,0
2026-09-15 17:30:47,17:00,906987379684182,1팀,120251369567660200,20.김자반밥바(ASC)(메가딜)_ABO캠페인_구매최적화_수_표준기여_3003_260827,7239,0,0,0
2026-09-15 17:30:47,17:00,906987379684182,1팀,120251444359310200,07.크리스피(ASC)(하이브리드)_TROAS_A+SC캠페인_구매최적화_값_표준기여_3078_260901(테무콘2),1809,0,0,0
2026-09-15 17:30:47,17:00,906987379684182,1팀,120251466594180200,22.닭가슴살볼(ASC)(메가딜)_ABO캠페인_구매최적화_수_표준기여_2905_260906,10024,0,0,0
2026-09-15 17:30:47,17:00,906987379684182,1팀,120251466785500200,22.닭가슴살볼(ASC)(메가딜)_TROAS_A+SC캠페인_구매최적화_값_표준기여_2905_260906,2280,0,0,0
2026-09-15 17:30:47,17:00,906987379684182,1팀,120251503407460200,22.닭가슴살볼(ASC)(메가딜)_TROAS_A+SC캠페인_구매최적화_값_표준기여_2905_260906(김혜선),3501,0,0,0
2026-09-15 18:30:49,18:00,906987379684182,1팀,120228320649100200,01.통살(ASC)(101010)_TCPA16000_A+SC 캠페인_ALL_V1C7_수_표준기여_2336,20095,1,58800,292.6101020154267
2026-09-15 18:30:49,18:00,906987379684182,1팀,120228788396590200,01.통살(ASC)(메가딜)_TCPA20000_A+SC 캠페인_ALL_V1C7_수_표준기여_1874,19714,0,0,0
2026-09-15 18:30:49,18:00,906987379684182,1팀,120237509836570200,07.크리스피(ASC)(메가딜)_TCPA16000_A+SC 캠페인_ALL_수_표준기여_2464,4140,0,0,0
2026-09-15 18:30:49,18:00,906987379684182,1팀,120243001852340200,01.통살(ASC)(101010)_TCPA16000_A+SC 캠페인_ALL_V1C7_수_표준기여_2336_02,13243,0,0,0
2026-09-15 18:30:49,18:00,906987379684182,1팀,120244128322750200,01.통살(ASC)(101010)_TCPA16000_A+SC 캠페인_ALL_V1C7_수_표준기여_2336_03,831,0,0,0
2026-09-15 18:30:49,18:00,906987379684182,1팀,120246397028850200,07.크리스피(ASC)(통합)_A+SC 캠페인_구매최적화_수_표준기여_통합_260511,3358,0,0,0
2026-09-15 18:30:49,18:00,906987379684182,1팀,120246898203940200,03.닭다리살(ASC)(1010)_A+SC캠페인_구매최적화_수_표준기여_2604_260519,15804,0,0,0
2026-09-15 18:30:49,18:00,906987379684182,1팀,120246898384670200,03.닭다리살(ASC)(1010)_TROAS_A+SC캠페인_구매최적화_값_표준기여_2604_260519,50003,0,0,0
2026-09-15 18:30:49,18:00,906987379684182,1팀,120247379587080200,07.크리스피(ASC)(1010)_TROAS_A+SC캠페인_구매최적화_값_표준기여_2992_260527,5194,0,0,0
2026-09-15 18:30:49,18:00,906987379684182,1팀,120248361514480200,01.통살(ASC)(하이브리드)_TCPA_A+SC캠페인_ALL_C7_수_표준기여_3028_260611,10270,0,0,0
2026-09-15 18:30:49,18:00,906987379684182,1팀,120249317264140200,07.크리스피(ASC)(하이브리드)_TROAS_A+SC캠페인_구매최적화_값_표준기여_3078_260713,8248,0,0,0
2026-09-15 18:30:49,18:00,906987379684182,1팀,120249873905240200,07.크리스피(ASC)(101010)_TROAS_A+SC캠페인_구매최적화_값_표준기여_2659_260705,8057,0,0,0
2026-09-15 18:30:49,18:00,906987379684182,1팀,120249878429160200,01.통살(ASC)(하이브리드)_TROAS_A+SC캠페인_구매최적화_값_표준기여_3028_260705,14700,0,0,0
2026-09-15 18:30:49,18:00,906987379684182,1팀,120250099159330200,07.크리스피(ASC)(메가딜)_TCPA_A+SC캠페인_ALL_C7_수_표준기여_2464_260712,8349,0,0,0
2026-09-15 18:30:49,18:00,906987379684182,1팀,120250268133470200,03.닭다리살(ASC)(하이브리드)_TROAS_A+SC캠페인_구매최적화_값_표준기여_3111_260726,9246,0,0,0
2026-09-15 18:30:49,18:00,906987379684182,1팀,120250614451040200,07.크리스피(ASC)(하이브리드)_TROAS_A+SC캠페인_구매최적화_값_표준기여_3078_260728,14611,0,0,0
2026-09-15 18:30:49,18:00,906987379684182,1팀,120250649570130200,07.크리스피(ASC)(하이브리드)_TROAS_A+SC캠페인_구매최적화_값_표준기여_3078_260802_AI,24529,0,0,0
2026-09-15 18:30:49,18:00,906987379684182,1팀,120250649570180200,07.크리스피(ASC)(하이브리드)_A+SC캠페인_구매최적화_수_표준기여_3078_260802_AI,7557,0,0,0
2026-09-15 18:30:49,18:00,906987379684182,1팀,120250858093370200,01.통살(ASC)(하이브리드)_TROAS_A+SC캠페인_구매최적화_값_표준기여_3028_260806,18416,0,0,0
2026-09-15 18:30:49,18:00,906987379684182,1팀,120250858093380200,01.통살(ASC)(하이브리드)_TCPA_A+SC캠페인_ALL_C7_수_표준기여_3028_260806,23,0,0,0
2026-09-15 18:30:49,18:00,906987379684182,1팀,120250858456470200,01.통살(ASC)(하이브리드)_A+SC캠페인_구매최적화_수_표준기여_3028_260806,11505,1,63000,547.5880052151239
2026-09-15 18:30:49,18:00,906987379684182,1팀,120250858902230200,07.크리스피(ASC)(메가딜)_A+SC캠페인_구매최적화_수_표준기여_2464_260806,7205,0,0,0
2026-09-15 18:30:49,18:00,906987379684182,1팀,120250858902240200,07.크리스피(ASC)(메가딜)_TCPA_A+SC캠페인_ALL_C7_수_표준기여_2464_260806,3964,0,0,0
2026-09-15 18:30:49,18:00,906987379684182,1팀,120250858902260200,07.크리스피(ASC)(메가딜)_TROAS_A+SC캠페인_구매최적화_값_표준기여_2464_260806,11764,0,0,0
2026-09-15 18:30:49,18:00,906987379684182,1팀,120250859189800200,17.안심볶음밥(ASC)(메가딜)_A+SC캠페인_구매최적화_수_표준기여_2903_260907,10529,0,0,0
2026-09-15 18:30:49,18:00,906987379684182,1팀,120250859189820200,17.안심볶음밥(ASC)(메가딜)_TROAS_A+SC캠페인_구매최적화_값_표준기여_2903_260907,15022,0,0,0
2026-09-15 18:30:49,18:00,906987379684182,1팀,120250859367430200,20.김자반밥바(ASC)(하이브리드)_A+SC캠페인_구매최적화_수_가치조정_3159_260806,6333,1,18400,290.54160745302386
2026-09-15 18:30:49,18:00,906987379684182,1팀,120251066794820200,07.크리스피(ASC)(하이브리드)_A+SC캠페인_구매최적화_수_표준기여_3078_260816_AI _2,6031,0,0,0
2026-09-15 18:30:49,18:00,906987379684182,1팀,120251066794930200,07.크리스피(ASC)(하이브리드)_TROAS_A+SC캠페인_구매최적화_값_표준기여_3078_260816_AI _2,16315,0,0,0
2026-09-15 18:30:49,18:00,906987379684182,1팀,120251169199390200,07.크리스피(ASC)(하이브리드)_TROAS_A+SC캠페인_구매최적화_값_표준기여_3078_260817(페르소나2),9986,0,0,0
2026-09-15 18:30:49,18:00,906987379684182,1팀,120251209789390200,07.크리스피(ASC)(하이브리드)_ABO캠페인_구매최적화_수_표준기여_3078_260819,5333,0,0,0
2026-09-15 18:30:49,18:00,906987379684182,1팀,120251211164300200,07.크리스피(ASC)(하이브리드)_TCPA_A+SC캠페인_ALL_C7_수_표준기여_3078_260819(테무콘),343,0,0,0
2026-09-15 18:30:49,18:00,906987379684182,1팀,120251211164310200,07.크리스피(ASC)(하이브리드)_TROAS_A+SC캠페인_구매최적화_값_표준기여_3078_260819(테무콘),6676,0,0,0
2026-09-15 18:30:49,18:00,906987379684182,1팀,120251211164320200,07.크리스피(ASC)(하이브리드)_A+SC캠페인_구매최적화_수_표준기여_3078_260819(테무콘),5827,0,0,0
2026-09-15 18:30:49,18:00,906987379684182,1팀,120251251665220200,07.크리스피(ASC)(하이브리드)_TROAS_ABO캠페인_구매최적화_수_표준기여_3078_260821,14842,0,0,0
2026-09-15 18:30:49,18:00,906987379684182,1팀,120251327515450200,07.크리스피(ASC)(메가딜)_ABO캠페인_구매최적화_수_표준기여_2464_260825,10476,0,0,0
2026-09-15 18:30:49,18:00,906987379684182,1팀,120251328004940200,07.크리스피(ASC)(메가딜)_TROAS_ABO캠페인_구매최적화_수_표준기여_2464_260825,6622,0,0,0
2026-09-15 18:30:49,18:00,906987379684182,1팀,120251367693570200,07.크리스피(ASC)(하이브리드)_TCPA_ABO캠페인_구매최적화_수_표준기여_3078_260827,1478,0,0,0
2026-09-15 18:30:49,18:00,906987379684182,1팀,120251367790160200,07.크리스피(ASC)(메가딜)_TCPA_ABO캠페인_구매최적화_수_표준기여_2464_260827,10872,0,0,0
2026-09-15 18:30:49,18:00,906987379684182,1팀,120251368155020200,01.통살(ASC)(하이브리드)_ABO캠페인_구매최적화_수_표준기여_3028_260827,9557,0,0,0
2026-09-15 18:30:49,18:00,906987379684182,1팀,120251368716980200,01.통살(ASC)(하이브리드)_TPCA_ABO캠페인_구매최적화_수_표준기여_3028_260827,3199,0,0,0
2026-09-15 18:30:49,18:00,906987379684182,1팀,120251368728810200,01.통살(ASC)(하이브리드)_TROAS_ABO캠페인_구매최적화_수_표준기여_3028_260827,4003,0,0,0
2026-09-15 18:30:49,18:00,906987379684182,1팀,120251369567610200,20.김자반밥바(ASC)(메가딜)_TCPA_ABO캠페인_구매최적화_수_표준기여_3003_260827,17326,0,0,0
2026-09-15 18:30:49,18:00,906987379684182,1팀,120251369567620200,20.김자반밥바(ASC)(메가딜)_TROAS_ABO캠페인_구매최적화_수_표준기여_3003_260827,9714,0,0,0
2026-09-15 18:30:49,18:00,906987379684182,1팀,120251369567660200,20.김자반밥바(ASC)(메가딜)_ABO캠페인_구매최적화_수_표준기여_3003_260827,8366,0,0,0
2026-09-15 18:30:49,18:00,906987379684182,1팀,120251444359310200,07.크리스피(ASC)(하이브리드)_TROAS_A+SC캠페인_구매최적화_값_표준기여_3078_260901(테무콘2),1169,0,0,0
2026-09-15 18:30:49,18:00,906987379684182,1팀,120251466594180200,22.닭가슴살볼(ASC)(메가딜)_ABO캠페인_구매최적화_수_표준기여_2905_260906,12173,0,0,0
2026-09-15 18:30:49,18:00,906987379684182,1팀,120251466785500200,22.닭가슴살볼(ASC)(메가딜)_TROAS_A+SC캠페인_구매최적화_값_표준기여_2905_260906,3970,0,0,0
2026-09-15 18:30:49,18:00,906987379684182,1팀,120251503407460200,22.닭가슴살볼(ASC)(메가딜)_TROAS_A+SC캠페인_구매최적화_값_표준기여_2905_260906(김혜선),6677,0,0,0
2026-09-15 19:30:45,19:00,906987379684182,1팀,120228320649100200,01.통살(ASC)(101010)_TCPA16000_A+SC 캠페인_ALL_V1C7_수_표준기여_2336,13350,0,0,0
2026-09-15 19:30:45,19:00,906987379684182,1팀,120228788396590200,01.통살(ASC)(메가딜)_TCPA20000_A+SC 캠페인_ALL_V1C7_수_표준기여_1874,22122,0,0,0
2026-09-15 19:30:45,19:00,906987379684182,1팀,120237509836570200,07.크리스피(ASC)(메가딜)_TCPA16000_A+SC 캠페인_ALL_수_표준기여_2464,3412,1,45500,1333.5287221570927
2026-09-15 19:30:45,19:00,906987379684182,1팀,120246898203940200,03.닭다리살(ASC)(1010)_A+SC캠페인_구매최적화_수_표준기여_2604_260519,14879,0,0,0
2026-09-15 19:30:45,19:00,906987379684182,1팀,120246898384670200,03.닭다리살(ASC)(1010)_TROAS_A+SC캠페인_구매최적화_값_표준기여_2604_260519,44685,0,0,0
2026-09-15 19:30:45,19:00,906987379684182,1팀,120248361514480200,01.통살(ASC)(하이브리드)_TCPA_A+SC캠페인_ALL_C7_수_표준기여_3028_260611,19101,0,0,0
2026-09-15 19:30:45,19:00,906987379684182,1팀,120249317264140200,07.크리스피(ASC)(하이브리드)_TROAS_A+SC캠페인_구매최적화_값_표준기여_3078_260713,14432,0,0,0
2026-09-15 19:30:45,19:00,906987379684182,1팀,120249878429160200,01.통살(ASC)(하이브리드)_TROAS_A+SC캠페인_구매최적화_값_표준기여_3028_260705,18296,3,239500,1309.029296020988
2026-09-15 19:30:45,19:00,906987379684182,1팀,120250099159330200,07.크리스피(ASC)(메가딜)_TCPA_A+SC캠페인_ALL_C7_수_표준기여_2464_260712,10962,0,0,0
2026-09-15 19:30:45,19:00,906987379684182,1팀,120250268133470200,03.닭다리살(ASC)(하이브리드)_TROAS_A+SC캠페인_구매최적화_값_표준기여_3111_260726,9613,0,0,0
2026-09-15 19:30:45,19:00,906987379684182,1팀,120250649570130200,07.크리스피(ASC)(하이브리드)_TROAS_A+SC캠페인_구매최적화_값_표준기여_3078_260802_AI,28857,0,0,0
2026-09-15 19:30:45,19:00,906987379684182,1팀,120250649570180200,07.크리스피(ASC)(하이브리드)_A+SC캠페인_구매최적화_수_표준기여_3078_260802_AI,11353,0,0,0
2026-09-15 19:30:45,19:00,906987379684182,1팀,120250858093370200,01.통살(ASC)(하이브리드)_TROAS_A+SC캠페인_구매최적화_값_표준기여_3028_260806,25475,0,0,0
2026-09-15 19:30:45,19:00,906987379684182,1팀,120250858456470200,01.통살(ASC)(하이브리드)_A+SC캠페인_구매최적화_수_표준기여_3028_260806,11398,1,42700,374.6271275662397
2026-09-15 19:30:45,19:00,906987379684182,1팀,120250858902230200,07.크리스피(ASC)(메가딜)_A+SC캠페인_구매최적화_수_표준기여_2464_260806,0,0,0,0
2026-09-15 19:30:45,19:00,906987379684182,1팀,120250858902260200,07.크리스피(ASC)(메가딜)_TROAS_A+SC캠페인_구매최적화_값_표준기여_2464_260806,7640,0,0,0
2026-09-15 19:30:45,19:00,906987379684182,1팀,120250859189800200,17.안심볶음밥(ASC)(메가딜)_A+SC캠페인_구매최적화_수_표준기여_2903_260907,11637,1,57900,497.55091518432585
2026-09-15 19:30:45,19:00,906987379684182,1팀,120250859189820200,17.안심볶음밥(ASC)(메가딜)_TROAS_A+SC캠페인_구매최적화_값_표준기여_2903_260907,16161,0,0,0
2026-09-15 19:30:45,19:00,906987379684182,1팀,120250859367430200,20.김자반밥바(ASC)(하이브리드)_A+SC캠페인_구매최적화_수_가치조정_3159_260806,6898,0,0,0
2026-09-15 19:30:45,19:00,906987379684182,1팀,120251066794820200,07.크리스피(ASC)(하이브리드)_A+SC캠페인_구매최적화_수_표준기여_3078_260816_AI _2,6894,0,0,0
2026-09-15 19:30:45,19:00,906987379684182,1팀,120251169199390200,07.크리스피(ASC)(하이브리드)_TROAS_A+SC캠페인_구매최적화_값_표준기여_3078_260817(페르소나2),14350,0,0,0
2026-09-15 19:30:45,19:00,906987379684182,1팀,120251209789390200,07.크리스피(ASC)(하이브리드)_ABO캠페인_구매최적화_수_표준기여_3078_260819,0,0,0,0
2026-09-15 19:30:45,19:00,906987379684182,1팀,120251211164300200,07.크리스피(ASC)(하이브리드)_TCPA_A+SC캠페인_ALL_C7_수_표준기여_3078_260819(테무콘),459,0,0,0
2026-09-15 19:30:45,19:00,906987379684182,1팀,120251211164310200,07.크리스피(ASC)(하이브리드)_TROAS_A+SC캠페인_구매최적화_값_표준기여_3078_260819(테무콘),0,0,0,0
2026-09-15 19:30:45,19:00,906987379684182,1팀,120251328004940200,07.크리스피(ASC)(메가딜)_TROAS_ABO캠페인_구매최적화_수_표준기여_2464_260825,0,0,0,0
2026-09-15 19:30:45,19:00,906987379684182,1팀,120251367693570200,07.크리스피(ASC)(하이브리드)_TCPA_ABO캠페인_구매최적화_수_표준기여_3078_260827,0,0,0,0
2026-09-15 19:30:45,19:00,906987379684182,1팀,120251367790160200,07.크리스피(ASC)(메가딜)_TCPA_ABO캠페인_구매최적화_수_표준기여_2464_260827,0,0,0,0
2026-09-15 19:30:45,19:00,906987379684182,1팀,120251368155020200,01.통살(ASC)(하이브리드)_ABO캠페인_구매최적화_수_표준기여_3028_260827,8920,0,0,0
2026-09-15 19:30:45,19:00,906987379684182,1팀,120251369567610200,20.김자반밥바(ASC)(메가딜)_TCPA_ABO캠페인_구매최적화_수_표준기여_3003_260827,11124,0,0,0
2026-09-15 19:30:45,19:00,906987379684182,1팀,120251369567620200,20.김자반밥바(ASC)(메가딜)_TROAS_ABO캠페인_구매최적화_수_표준기여_3003_260827,8079,0,0,0
2026-09-15 19:30:45,19:00,906987379684182,1팀,120251369567660200,20.김자반밥바(ASC)(메가딜)_ABO캠페인_구매최적화_수_표준기여_3003_260827,7238,0,0,0
2026-09-15 19:30:45,19:00,906987379684182,1팀,120251444359310200,07.크리스피(ASC)(하이브리드)_TROAS_A+SC캠페인_구매최적화_값_표준기여_3078_260901(테무콘2),4891,0,0,0
2026-09-15 19:30:45,19:00,906987379684182,1팀,120251466594180200,22.닭가슴살볼(ASC)(메가딜)_ABO캠페인_구매최적화_수_표준기여_2905_260906,0,0,0,0
2026-09-15 20:30:41,20:00,906987379684182,1팀,120228320649100200,01.통살(ASC)(101010)_TCPA16000_A+SC 캠페인_ALL_V1C7_수_표준기여_2336,0,0,0,0
2026-09-15 20:30:41,20:00,906987379684182,1팀,120228788396590200,01.통살(ASC)(메가딜)_TCPA20000_A+SC 캠페인_ALL_V1C7_수_표준기여_1874,30118,1,92900,308.45341656152465
2026-09-15 20:30:41,20:00,906987379684182,1팀,120237509836570200,07.크리스피(ASC)(메가딜)_TCPA16000_A+SC 캠페인_ALL_수_표준기여_2464,4103,1,58700,1430.6604923226907
2026-09-15 20:30:41,20:00,906987379684182,1팀,120246898203940200,03.닭다리살(ASC)(1010)_A+SC캠페인_구매최적화_수_표준기여_2604_260519,14243,0,0,0
2026-09-15 20:30:41,20:00,906987379684182,1팀,120246898384670200,03.닭다리살(ASC)(1010)_TROAS_A+SC캠페인_구매최적화_값_표준기여_2604_260519,38533,3,152700,396.28370487633975
2026-09-15 20:30:41,20:00,906987379684182,1팀,120248361514480200,01.통살(ASC)(하이브리드)_TCPA_A+SC캠페인_ALL_C7_수_표준기여_3028_260611,7417,0,0,0
2026-09-15 20:30:41,20:00,906987379684182,1팀,120249317264140200,07.크리스피(ASC)(하이브리드)_TROAS_A+SC캠페인_구매최적화_값_표준기여_3078_260713,7511,0,0,0
2026-09-15 20:30:41,20:00,906987379684182,1팀,120249878429160200,01.통살(ASC)(하이브리드)_TROAS_A+SC캠페인_구매최적화_값_표준기여_3028_260705,18793,0,0,0
2026-09-15 20:30:41,20:00,906987379684182,1팀,120250099159330200,07.크리스피(ASC)(메가딜)_TCPA_A+SC캠페인_ALL_C7_수_표준기여_2464_260712,7696,1,43900,570.4261954261955
2026-09-15 20:30:41,20:00,906987379684182,1팀,120250268133470200,03.닭다리살(ASC)(하이브리드)_TROAS_A+SC캠페인_구매최적화_값_표준기여_3111_260726,10417,0,0,0
2026-09-15 20:30:41,20:00,906987379684182,1팀,120250614451040200,07.크리스피(ASC)(하이브리드)_TROAS_A+SC캠페인_구매최적화_값_표준기여_3078_260728,0,0,0,0
2026-09-15 20:30:41,20:00,906987379684182,1팀,120250649570130200,07.크리스피(ASC)(하이브리드)_TROAS_A+SC캠페인_구매최적화_값_표준기여_3078_260802_AI,39736,0,0,0
2026-09-15 20:30:41,20:00,906987379684182,1팀,120250649570180200,07.크리스피(ASC)(하이브리드)_A+SC캠페인_구매최적화_수_표준기여_3078_260802_AI,9015,0,0,0
2026-09-15 20:30:41,20:00,906987379684182,1팀,120250858093370200,01.통살(ASC)(하이브리드)_TROAS_A+SC캠페인_구매최적화_값_표준기여_3028_260806,21544,1,59500,276.17898254734496
2026-09-15 20:30:41,20:00,906987379684182,1팀,120250858093380200,01.통살(ASC)(하이브리드)_TCPA_A+SC캠페인_ALL_C7_수_표준기여_3028_260806,619,0,0,0
2026-09-15 20:30:41,20:00,906987379684182,1팀,120250858456470200,01.통살(ASC)(하이브리드)_A+SC캠페인_구매최적화_수_표준기여_3028_260806,18065,1,59500,329.366177691669
2026-09-15 20:30:41,20:00,906987379684182,1팀,120250858902260200,07.크리스피(ASC)(메가딜)_TROAS_A+SC캠페인_구매최적화_값_표준기여_2464_260806,8617,0,0,0
2026-09-15 20:30:41,20:00,906987379684182,1팀,120250859189800200,17.안심볶음밥(ASC)(메가딜)_A+SC캠페인_구매최적화_수_표준기여_2903_260907,12642,0,0,0
2026-09-15 20:30:41,20:00,906987379684182,1팀,120250859189820200,17.안심볶음밥(ASC)(메가딜)_TROAS_A+SC캠페인_구매최적화_값_표준기여_2903_260907,13677,0,0,0
2026-09-15 20:30:41,20:00,906987379684182,1팀,120250859367430200,20.김자반밥바(ASC)(하이브리드)_A+SC캠페인_구매최적화_수_가치조정_3159_260806,7158,0,0,0
2026-09-15 20:30:41,20:00,906987379684182,1팀,120251066794820200,07.크리스피(ASC)(하이브리드)_A+SC캠페인_구매최적화_수_표준기여_3078_260816_AI _2,7109,0,0,0
2026-09-15 20:30:41,20:00,906987379684182,1팀,120251169199390200,07.크리스피(ASC)(하이브리드)_TROAS_A+SC캠페인_구매최적화_값_표준기여_3078_260817(페르소나2),12523,1,131400,1049.2693444062925
2026-09-15 20:30:41,20:00,906987379684182,1팀,120251209789390200,07.크리스피(ASC)(하이브리드)_ABO캠페인_구매최적화_수_표준기여_3078_260819,0,0,0,0
2026-09-15 20:30:41,20:00,906987379684182,1팀,120251211164300200,07.크리스피(ASC)(하이브리드)_TCPA_A+SC캠페인_ALL_C7_수_표준기여_3078_260819(테무콘),463,0,0,0
2026-09-15 20:30:41,20:00,906987379684182,1팀,120251327515450200,07.크리스피(ASC)(메가딜)_ABO캠페인_구매최적화_수_표준기여_2464_260825,0,0,0,0
2026-09-15 20:30:41,20:00,906987379684182,1팀,120251368155020200,01.통살(ASC)(하이브리드)_ABO캠페인_구매최적화_수_표준기여_3028_260827,6044,0,0,0
2026-09-15 20:30:41,20:00,906987379684182,1팀,120251368716980200,01.통살(ASC)(하이브리드)_TCPA_ABO캠페인_구매최적화_수_표준기여_3028_260827,0,0,0,0
2026-09-15 20:30:41,20:00,906987379684182,1팀,120251369567610200,20.김자반밥바(ASC)(메가딜)_TCPA_ABO캠페인_구매최적화_수_표준기여_3003_260827,9555,0,0,0
2026-09-15 20:30:41,20:00,906987379684182,1팀,120251369567620200,20.김자반밥바(ASC)(메가딜)_TROAS_ABO캠페인_구매최적화_수_표준기여_3003_260827,6043,0,0,0
2026-09-15 20:30:41,20:00,906987379684182,1팀,120251369567660200,20.김자반밥바(ASC)(메가딜)_ABO캠페인_구매최적화_수_표준기여_3003_260827,4024,0,0,0
2026-09-15 20:30:41,20:00,906987379684182,1팀,120251444359310200,07.크리스피(ASC)(하이브리드)_TROAS_A+SC캠페인_구매최적화_값_표준기여_3078_260901(테무콘2),1955,0,0,0
2026-09-15 20:30:41,20:00,906987379684182,1팀,120251466785500200,22.닭가슴살볼(ASC)(메가딜)_TROAS_A+SC캠페인_구매최적화_값_표준기여_2905_260906,0,1,136500,0
2026-09-15 20:30:41,20:00,906987379684182,1팀,120251503407460200,22.닭가슴살볼(ASC)(메가딜)_TROAS_A+SC캠페인_구매최적화_값_표준기여_2905_260906(김혜선),0,0,0,0
2026-09-15 20:30:41,20:00,906987379684182,1팀,120251679454250200,01_소스통살(3028)_1_ABO_전환값최대_신규확보,2471,0,0,0
2026-09-15 20:30:41,20:00,906987379684182,1팀,120251679607360200,01_소스통살(3028)_1_ABO_전환수최대_신규확보,10291,0,0,0
2026-09-15 20:39:25,20:00,906987379684182,1팀,120228320649100200,01.통살(ASC)(101010)_TCPA16000_A+SC 캠페인_ALL_V1C7_수_표준기여_2336,0,0,0,0
2026-09-15 20:39:25,20:00,906987379684182,1팀,120228788396590200,01.통살(ASC)(메가딜)_TCPA20000_A+SC 캠페인_ALL_V1C7_수_표준기여_1874,45060,1,92900,206.16955170883267
2026-09-15 20:39:25,20:00,906987379684182,1팀,120237509836570200,07.크리스피(ASC)(메가딜)_TCPA16000_A+SC 캠페인_ALL_수_표준기여_2464,6441,1,58700,911.3491693836361
2026-09-15 20:39:25,20:00,906987379684182,1팀,120246397028850200,07.크리스피(ASC)(통합)_A+SC 캠페인_구매최적화_수_표준기여_통합_260511,0,0,0,0
2026-09-15 20:39:25,20:00,906987379684182,1팀,120246898203940200,03.닭다리살(ASC)(1010)_A+SC캠페인_구매최적화_수_표준기여_2604_260519,19568,0,0,0
2026-09-15 20:39:25,20:00,906987379684182,1팀,120246898384670200,03.닭다리살(ASC)(1010)_TROAS_A+SC캠페인_구매최적화_값_표준기여_2604_260519,51917,3,152700,294.12331220987346
2026-09-15 20:39:25,20:00,906987379684182,1팀,120248361514480200,01.통살(ASC)(하이브리드)_TCPA_A+SC캠페인_ALL_C7_수_표준기여_3028_260611,10359,1,59400,573.4144222415291
2026-09-15 20:39:25,20:00,906987379684182,1팀,120249317264140200,07.크리스피(ASC)(하이브리드)_TROAS_A+SC캠페인_구매최적화_값_표준기여_3078_260713,10795,0,0,0
2026-09-15 20:39:25,20:00,906987379684182,1팀,120249878429160200,01.통살(ASC)(하이브리드)_TROAS_A+SC캠페인_구매최적화_값_표준기여_3028_260705,26453,0,0,0
2026-09-15 20:39:25,20:00,906987379684182,1팀,120250099159330200,07.크리스피(ASC)(메가딜)_TCPA_A+SC캠페인_ALL_C7_수_표준기여_2464_260712,11112,1,43900,395.0683945284377
2026-09-15 20:39:25,20:00,906987379684182,1팀,120250268133470200,03.닭다리살(ASC)(하이브리드)_TROAS_A+SC캠페인_구매최적화_값_표준기여_3111_260726,14602,0,0,0
2026-09-15 20:39:25,20:00,906987379684182,1팀,120250614451040200,07.크리스피(ASC)(하이브리드)_TROAS_A+SC캠페인_구매최적화_값_표준기여_3078_260728,0,1,42700,0
2026-09-15 20:39:25,20:00,906987379684182,1팀,120250649570130200,07.크리스피(ASC)(하이브리드)_TROAS_A+SC캠페인_구매최적화_값_표준기여_3078_260802_AI,53337,0,0,0
2026-09-15 20:39:25,20:00,906987379684182,1팀,120250649570180200,07.크리스피(ASC)(하이브리드)_A+SC캠페인_구매최적화_수_표준기여_3078_260802_AI,12375,0,0,0
2026-09-15 20:39:25,20:00,906987379684182,1팀,120250858093370200,01.통살(ASC)(하이브리드)_TROAS_A+SC캠페인_구매최적화_값_표준기여_3028_260806,29222,1,59500,203.61371569365545
2026-09-15 20:39:25,20:00,906987379684182,1팀,120250858093380200,01.통살(ASC)(하이브리드)_TCPA_A+SC캠페인_ALL_C7_수_표준기여_3028_260806,694,0,0,0
2026-09-15 20:39:25,20:00,906987379684182,1팀,120250858456470200,01.통살(ASC)(하이브리드)_A+SC캠페인_구매최적화_수_표준기여_3028_260806,23259,1,59500,255.81495335139084
2026-09-15 20:39:25,20:00,906987379684182,1팀,120250858902230200,07.크리스피(ASC)(메가딜)_A+SC캠페인_구매최적화_수_표준기여_2464_260806,0,0,0,0
2026-09-15 20:39:25,20:00,906987379684182,1팀,120250858902260200,07.크리스피(ASC)(메가딜)_TROAS_A+SC캠페인_구매최적화_값_표준기여_2464_260806,12627,0,0,0
2026-09-15 20:39:25,20:00,906987379684182,1팀,120250859189800200,17.안심볶음밥(ASC)(메가딜)_A+SC캠페인_구매최적화_수_표준기여_2903_260907,18263,0,0,0
2026-09-15 20:39:25,20:00,906987379684182,1팀,120250859189820200,17.안심볶음밥(ASC)(메가딜)_TROAS_A+SC캠페인_구매최적화_값_표준기여_2903_260907,19818,0,0,0
2026-09-15 20:39:25,20:00,906987379684182,1팀,120250859367430200,20.김자반밥바(ASC)(하이브리드)_A+SC캠페인_구매최적화_수_가치조정_3159_260806,10207,0,0,0
2026-09-15 20:39:25,20:00,906987379684182,1팀,120251066794820200,07.크리스피(ASC)(하이브리드)_A+SC캠페인_구매최적화_수_표준기여_3078_260816_AI _2,9209,0,0,0
2026-09-15 20:39:25,20:00,906987379684182,1팀,120251066794930200,07.크리스피(ASC)(하이브리드)_TROAS_A+SC캠페인_구매최적화_값_표준기여_3078_260816_AI _2,0,0,0,0
2026-09-15 20:39:25,20:00,906987379684182,1팀,120251169199390200,07.크리스피(ASC)(하이브리드)_TROAS_A+SC캠페인_구매최적화_값_표준기여_3078_260817(페르소나2),17101,1,131400,768.3761183556517
2026-09-15 20:39:25,20:00,906987379684182,1팀,120251209789390200,07.크리스피(ASC)(하이브리드)_ABO캠페인_구매최적화_수_표준기여_3078_260819,0,0,0,0
2026-09-15 20:39:25,20:00,906987379684182,1팀,120251211164300200,07.크리스피(ASC)(하이브리드)_TCPA_A+SC캠페인_ALL_C7_수_표준기여_3078_260819(테무콘),652,0,0,0
2026-09-15 20:39:25,20:00,906987379684182,1팀,120251251665220200,07.크리스피(ASC)(하이브리드)_TROAS_ABO캠페인_구매최적화_수_표준기여_3078_260821,0,0,0,0
2026-09-15 20:39:25,20:00,906987379684182,1팀,120251327515450200,07.크리스피(ASC)(메가딜)_ABO캠페인_구매최적화_수_표준기여_2464_260825,0,0,0,0
2026-09-15 20:39:25,20:00,906987379684182,1팀,120251367693570200,07.크리스피(ASC)(하이브리드)_TCPA_ABO캠페인_구매최적화_수_표준기여_3078_260827,0,0,0,0
2026-09-15 20:39:25,20:00,906987379684182,1팀,120251367790160200,07.크리스피(ASC)(메가딜)_TCPA_ABO캠페인_구매최적화_수_표준기여_2464_260827,0,0,0,0
2026-09-15 20:39:25,20:00,906987379684182,1팀,120251368155020200,01.통살(ASC)(하이브리드)_ABO캠페인_구매최적화_수_표준기여_3028_260827,7983,0,0,0
2026-09-15 20:39:25,20:00,906987379684182,1팀,120251368716980200,01.통살(ASC)(하이브리드)_TCPA_ABO캠페인_구매최적화_수_표준기여_3028_260827,0,0,0,0
2026-09-15 20:39:25,20:00,906987379684182,1팀,120251369567610200,20.김자반밥바(ASC)(메가딜)_TCPA_ABO캠페인_구매최적화_수_표준기여_3003_260827,13141,0,0,0
2026-09-15 20:39:25,20:00,906987379684182,1팀,120251369567620200,20.김자반밥바(ASC)(메가딜)_TROAS_ABO캠페인_구매최적화_수_표준기여_3003_260827,8318,0,0,0
2026-09-15 20:39:25,20:00,906987379684182,1팀,120251369567660200,20.김자반밥바(ASC)(메가딜)_ABO캠페인_구매최적화_수_표준기여_3003_260827,5690,0,0,0
2026-09-15 20:39:25,20:00,906987379684182,1팀,120251444359310200,07.크리스피(ASC)(하이브리드)_TROAS_A+SC캠페인_구매최적화_값_표준기여_3078_260901(테무콘2),4656,0,0,0
2026-09-15 20:39:25,20:00,906987379684182,1팀,120251466785500200,22.닭가슴살볼(ASC)(메가딜)_TROAS_A+SC캠페인_구매최적화_값_표준기여_2905_260906,0,1,136500,0
2026-09-15 20:39:25,20:00,906987379684182,1팀,120251503407460200,22.닭가슴살볼(ASC)(메가딜)_TROAS_A+SC캠페인_구매최적화_값_표준기여_2905_260906(김혜선),0,0,0,0
2026-09-15 20:39:25,20:00,906987379684182,1팀,120251679454250200,01_소스통살(3028)_1_ABO_전환값최대_신규확보,5436,0,0,0
2026-09-15 20:39:25,20:00,906987379684182,1팀,120251679607360200,01_소스통살(3028)_1_ABO_전환수최대_신규확보,14619,0,0,0
