pollTime,hour,account,accountLabel,campaignId,campaignName,spend,purchases,purchaseValue,roas
2026-08-08 00:30:38,00:00,906987379684182,1팀,120228320649100200,01.통살(ASC)(101010)_TCPA16000_A+SC 캠페인_ALL_V1C7_수_표준기여_2336,1634,0,0,0
2026-08-08 00:30:38,00:00,906987379684182,1팀,120228788396590200,01.통살(ASC)(메가딜)_TCPA20000_A+SC 캠페인_ALL_V1C7_수_표준기여_1874,6616,0,0,0
2026-08-08 00:30:38,00:00,906987379684182,1팀,120230755324960200,07.크리스피(ASC)(메가딜)_A+SC 캠페인_구매최적화_수_표준기여_2464,1295,0,0,0
2026-08-08 00:30:38,00:00,906987379684182,1팀,120237509836570200,07.크리스피(ASC)(메가딜)_TCPA16000_A+SC 캠페인_ALL_수_표준기여_2464,6982,1,128900,1846.1758808364366
2026-08-08 00:30:38,00:00,906987379684182,1팀,120243001852340200,01.통살(ASC)(101010)_TCPA16000_A+SC 캠페인_ALL_V1C7_수_표준기여_2336_02,1495,0,0,0
2026-08-08 00:30:38,00:00,906987379684182,1팀,120243258462660200,07.크리스피(ASC)(101010)_A+SC 캠페인_구매최적화_수_표준기여_2659_260322,7259,0,0,0
2026-08-08 00:30:38,00:00,906987379684182,1팀,120243592510760200,16.안심크리스피(ASC)(메가딜)_TCPA14000_A+SC 캠페인_ALL_C7_수_표준기여_2863_260327,2121,0,0,0
2026-08-08 00:30:38,00:00,906987379684182,1팀,120244042753880200,07.크리스피(ASC)(메가딜)_TCPA16000_A+SC 캠페인_ALL_수_표준기여_2464_260403,976,0,0,0
2026-08-08 00:30:38,00:00,906987379684182,1팀,120244128322750200,01.통살(ASC)(101010)_TCPA16000_A+SC 캠페인_ALL_V1C7_수_표준기여_2336_03,1632,0,0,0
2026-08-08 00:30:38,00:00,906987379684182,1팀,120244130427210200,07.크리스피(ASC)(메가딜)_A+SC 캠페인_구매최적화_수_표준기여_2464_260404,4981,0,0,0
2026-08-08 00:30:38,00:00,906987379684182,1팀,120244370408130200,17.안심볶음밥(ASC)(메가딜)_TCPA_A+SC 캠페인_ALL_C7_수_표준기여_2903_260409,1822,0,0,0
2026-08-08 00:30:38,00:00,906987379684182,1팀,120244785115700200,07.크리스피(ASC)(메가딜)_A+SC 캠페인_구매최적화_수_표준기여_2464_260416_intern,4612,0,0,0
2026-08-08 00:30:38,00:00,906987379684182,1팀,120244785115970200,07.크리스피(ASC)(메가딜)_TCPA14000_A+SC 캠페인_ALL_C7_수_표준기여_2464_260416_intern,3682,0,0,0
2026-08-08 00:30:38,00:00,906987379684182,1팀,120246157174550200,17.안심볶음밥(ASC)(메가딜)_A+SC 캠페인_구매최적화_수_표준기여_2903_260507_남자,2779,0,0,0
2026-08-08 00:30:38,00:00,906987379684182,1팀,120246224683700200,17.안심볶음밥(ASC)(메가딜)_A+SC 캠페인_구매최적화_수_표준기여_2903_260507_남자_02,2676,0,0,0
2026-08-08 00:30:38,00:00,906987379684182,1팀,120246397028850200,07.크리스피(ASC)(통합)_A+SC 캠페인_구매최적화_수_표준기여_통합_260511,6452,0,0,0
2026-08-08 00:30:38,00:00,906987379684182,1팀,120246898203940200,03.닭다리살(ASC)(1010)_A+SC캠페인_구매최적화_수_표준기여_2604_260519,3488,0,0,0
2026-08-08 00:30:38,00:00,906987379684182,1팀,120246898384670200,03.닭다리살(ASC)(1010)_TROAS_A+SC캠페인_구매최적화_값_표준기여_2604_260519,48777,1,62300,127.72413227545769
2026-08-08 00:30:38,00:00,906987379684182,1팀,120247354343980200,20.김자반밥바(ASC)(메가딜)_TCPA_A+SC캠페인_ALL_C7_수_표준기여_3003_260527,5802,0,0,0
2026-08-08 00:30:38,00:00,906987379684182,1팀,120247354558020200,20.김자반밥바(ASC)(메가딜)_A+SC캠페인_구매최적화_수_표준기여_3003_260527,3190,0,0,0
2026-08-08 00:30:38,00:00,906987379684182,1팀,120247379361950200,07.크리스피(ASC)(1010)_A+SC캠페인_구매최적화_수_표준기여_2992_260527,1536,0,0,0
2026-08-08 00:30:38,00:00,906987379684182,1팀,120247379587080200,07.크리스피(ASC)(1010)_TROAS_A+SC캠페인_구매최적화_값_표준기여_2992_260527,1394,0,0,0
2026-08-08 00:30:38,00:00,906987379684182,1팀,120247842896910200,20.김자반밥바(ASC)(메가딜)_A+SC캠페인_구매최적화_수_표준기여_3003_260603,9925,0,0,0
2026-08-08 00:30:38,00:00,906987379684182,1팀,120248207670120200,17.안심볶음밥(ASC)(메가딜)_A+SC 캠페인_구매최적화_수_표준기여_2903_260609_남자(가치조정),2474,0,0,0
2026-08-08 00:30:38,00:00,906987379684182,1팀,120248361514480200,01.통살(ASC)(하이브리드)_TCPA_A+SC캠페인_ALL_C7_수_표준기여_3028_260611,1158,0,0,0
2026-08-08 00:30:38,00:00,906987379684182,1팀,120248361514580200,01.통살(ASC)(하이브리드)_TROAS_A+SC캠페인_구매최적화_값_표준기여_3028_260611,1329,0,0,0
2026-08-08 00:30:38,00:00,906987379684182,1팀,120248762624190200,17.안심볶음밥(ASC)(메가딜)_TCPA_A+SC캠페인_ALL_C7_수_표준기여_2903_260705,3,0,0,0
2026-08-08 00:30:38,00:00,906987379684182,1팀,120248762624470200,17.안심볶음밥(ASC)(메가딜)_TROAS_A+SC캠페인_구매최적화_값_표준기여_2903_260705,2927,0,0,0
2026-08-08 00:30:38,00:00,906987379684182,1팀,120248762761370200,17.안심볶음밥(ASC)(메가딜)_A+SC캠페인_구매최적화_수_표준기여_2903_260705,1154,0,0,0
2026-08-08 00:30:38,00:00,906987379684182,1팀,120248762858730200,16.안심크리스피(ASC)(메가딜)_A+SC 캠페인_구매최적화_수_표준기여_2908_260720(페르소나),3909,0,0,0
2026-08-08 00:30:38,00:00,906987379684182,1팀,120248763306900200,16.안심크리스피(ASC)(메가딜)_TCPA_A+SC캠페인_ALL_C7_수_표준기여_2908_260621,1923,0,0,0
2026-08-08 00:30:38,00:00,906987379684182,1팀,120248763797300200,21.통살+그릴드(ASC)(메가딜)_TROAS_A+SC캠페인_구매최적화_값_표준기여_3068_260617,1041,0,0,0
2026-08-08 00:30:38,00:00,906987379684182,1팀,120248763797350200,21.통살+그릴드(ASC)(메가딜)_A+SC캠페인_구매최적화_수_표준기여_3068_260617,540,0,0,0
2026-08-08 00:30:38,00:00,906987379684182,1팀,120249317264110200,07.크리스피(ASC)(하이브리드)_A+SC캠페인_구매최적화_수_표준기여_3078_260713,13857,0,0,0
2026-08-08 00:30:38,00:00,906987379684182,1팀,120249317264120200,07.크리스피(ASC)(하이브리드)_TCPA_A+SC캠페인_ALL_C7_수_표준기여_3078_260713,4355,0,0,0
2026-08-08 00:30:38,00:00,906987379684182,1팀,120249317264140200,07.크리스피(ASC)(하이브리드)_TROAS_A+SC캠페인_구매최적화_값_표준기여_3078_260713,25582,1,89600,350.24626690641855
2026-08-08 00:30:38,00:00,906987379684182,1팀,120249873291990200,07.크리스피(ASC)(1010)_TROAS_A+SC캠페인_구매최적화_값_표준기여_2992_260705,1887,0,0,0
2026-08-08 00:30:38,00:00,906987379684182,1팀,120249873905240200,07.크리스피(ASC)(101010)_TROAS_A+SC캠페인_구매최적화_값_표준기여_2659_260705,1624,0,0,0
2026-08-08 00:30:38,00:00,906987379684182,1팀,120249875227840200,16.안심크리스피(ASC)(메가딜)_A+SC캠페인_구매최적화_수_표준기여_2908_260705,5329,0,0,0
2026-08-08 00:30:38,00:00,906987379684182,1팀,120249875227870200,16.안심크리스피(ASC)(메가딜)_TCPA_A+SC캠페인_ALL_C7_수_표준기여_2908_260705,72,0,0,0
2026-08-08 00:30:38,00:00,906987379684182,1팀,120249876219490200,20.김자반밥바(ASC)(메가딜)_A+SC캠페인_구매최적화_수_표준기여_3003_260705,1876,0,0,0
2026-08-08 00:30:38,00:00,906987379684182,1팀,120249876219520200,20.김자반밥바(ASC)(메가딜)_TROAS_A+SC캠페인_구매최적화_값_표준기여_3003_260705,2168,0,0,0
2026-08-08 00:30:38,00:00,906987379684182,1팀,120249878429160200,01.통살(ASC)(하이브리드)_TROAS_A+SC캠페인_구매최적화_값_표준기여_3028_260705,2260,0,0,0
2026-08-08 00:30:38,00:00,906987379684182,1팀,120249878429240200,01.통살(ASC)(하이브리드)_A+SC캠페인_구매최적화_수_표준기여_3028_260705,1842,0,0,0
2026-08-08 00:30:38,00:00,906987379684182,1팀,120250098930220200,01.통살(ASC)(101010)_TROAS_A+SC캠페인_구매최적화_값_표준기여_2336_260712,6057,0,0,0
2026-08-08 00:30:38,00:00,906987379684182,1팀,120250099159310200,07.크리스피(ASC)(메가딜)_A+SC캠페인_구매최적화_수_표준기여_2464_260712,3994,0,0,0
2026-08-08 00:30:38,00:00,906987379684182,1팀,120250099159320200,07.크리스피(ASC)(메가딜)_TROAS_A+SC캠페인_구매최적화_값_표준기여_2464_260712,6762,0,0,0
2026-08-08 00:30:38,00:00,906987379684182,1팀,120250099159330200,07.크리스피(ASC)(메가딜)_TCPA_A+SC캠페인_ALL_C7_수_표준기여_2464_260712,2148,0,0,0
2026-08-08 00:30:38,00:00,906987379684182,1팀,120250099335020200,77.프로모션(ASC)(줄리엔강)_TCPA_A+SC캠페인_ALL_C7_수_표준기여_260713,2833,0,0,0
2026-08-08 00:30:38,00:00,906987379684182,1팀,120250099335030200,77.프로모션(ASC)(줄리엔강)_TROAS_A+SC캠페인_구매최적화_값_표준기여_260713,3029,0,0,0
2026-08-08 00:30:38,00:00,906987379684182,1팀,120250268133470200,03.닭다리살(ASC)(하이브리드)_TROAS_A+SC캠페인_구매최적화_값_표준기여_3111_260726,1997,0,0,0
2026-08-08 00:30:38,00:00,906987379684182,1팀,120250444210730200,20.김자반밥바(ASC)(하이브리드)_TROAS_A+SC캠페인_구매최적화_값_표준기여_3159_260726,1311,0,0,0
2026-08-08 00:30:38,00:00,906987379684182,1팀,120250444210740200,20.김자반밥바(ASC)(하이브리드)_A+SC캠페인_구매최적화_수_표준기여_3159_260726,2076,0,0,0
2026-08-08 00:30:38,00:00,906987379684182,1팀,120250444210900200,20.김자반밥바(ASC)(하이브리드)_TCPA_A+SC캠페인_ALL_C7_수_표준기여_3159_260726,1186,0,0,0
2026-08-08 00:30:38,00:00,906987379684182,1팀,120250444423310200,21.통살+그릴드(ASC)(하이브리드)_TROAS_A+SC캠페인_구매최적화_값_표준기여_3162_260726,1513,0,0,0
2026-08-08 00:30:38,00:00,906987379684182,1팀,120250444423320200,21.통살+그릴드(ASC)(하이브리드)_TCPA_A+SC캠페인_ALL_C7_수_표준기여_3162_260726,694,0,0,0
2026-08-08 00:30:38,00:00,906987379684182,1팀,120250444423330200,21.통살+그릴드(ASC)(하이브리드)_A+SC캠페인_구매최적화_수_표준기여_3162_260726,1749,0,0,0
2026-08-08 00:30:38,00:00,906987379684182,1팀,120250475752460200,07.크리스피(ASC)(하이브리드)_TROAS_A+SC캠페인_구매최적화_값_표준기여_3078_260722(페르소나),38,0,0,0
2026-08-08 00:30:38,00:00,906987379684182,1팀,120250614451020200,07.크리스피(ASC)(하이브리드)_A+SC캠페인_구매최적화_수_표준기여_3078_260728,1400,0,0,0
2026-08-08 00:30:38,00:00,906987379684182,1팀,120250614451040200,07.크리스피(ASC)(하이브리드)_TROAS_A+SC캠페인_구매최적화_값_표준기여_3078_260728,4296,0,0,0
2026-08-08 00:30:38,00:00,906987379684182,1팀,120250614451160200,07.크리스피(ASC)(하이브리드)_TCPA_A+SC캠페인_ALL_C7_수_표준기여_3078_260728,53,0,0,0
2026-08-08 00:30:38,00:00,906987379684182,1팀,120250649570130200,07.크리스피(ASC)(하이브리드)_TROAS_A+SC캠페인_구매최적화_값_표준기여_3078_260802_AI,4872,0,0,0
2026-08-08 00:30:38,00:00,906987379684182,1팀,120250649570150200,07.크리스피(ASC)(하이브리드)_TCPA_A+SC캠페인_ALL_C7_수_표준기여_3078_260802_AI,413,0,0,0
2026-08-08 00:30:38,00:00,906987379684182,1팀,120250649570180200,07.크리스피(ASC)(하이브리드)_A+SC캠페인_구매최적화_수_표준기여_3078_260802_AI,1150,0,0,0
2026-08-08 00:30:38,00:00,906987379684182,1팀,120250856737330200,77.프로모션(ASC)(통크크)_TROAS_A+SC캠페인_구매최적화_값_표준기여_260806,7068,0,0,0
2026-08-08 00:30:38,00:00,906987379684182,1팀,120250856737340200,77.프로모션(ASC)(통크크)_TCPA_A+SC캠페인_ALL_C7_수_표준기여_260806,2413,0,0,0
2026-08-08 00:30:38,00:00,906987379684182,1팀,120250856737350200,77.프로모션(ASC)(통크크)_A+SC캠페인_구매최적화_수_표준기여_260806,3019,0,0,0
2026-08-08 00:30:38,00:00,906987379684182,1팀,120250859367430200,20.김자반밥바(ASC)(하이브리드)_A+SC캠페인_구매최적화_수_가치조정_3159_260806,5709,0,0,0
2026-08-08 00:30:38,00:00,906987379684182,1팀,120250859367440200,20.김자반밥바(ASC)(하이브리드)_TCPA_A+SC캠페인_ALL_C7_수_표준기여_3159_260806,1424,0,0,0
2026-08-08 00:30:38,00:00,906987379684182,1팀,120250859367470200,20.김자반밥바(ASC)(하이브리드)_TROAS_A+SC캠페인_구매최적화_값_표준기여_3159_260806,1672,0,0,0
2026-08-08 00:35:34,00:00,906987379684182,1팀,120228320649100200,01.통살(ASC)(101010)_TCPA16000_A+SC 캠페인_ALL_V1C7_수_표준기여_2336,1634,0,0,0
2026-08-08 00:35:34,00:00,906987379684182,1팀,120228788396590200,01.통살(ASC)(메가딜)_TCPA20000_A+SC 캠페인_ALL_V1C7_수_표준기여_1874,6616,0,0,0
2026-08-08 00:35:34,00:00,906987379684182,1팀,120230755324960200,07.크리스피(ASC)(메가딜)_A+SC 캠페인_구매최적화_수_표준기여_2464,1295,0,0,0
2026-08-08 00:35:34,00:00,906987379684182,1팀,120237509836570200,07.크리스피(ASC)(메가딜)_TCPA16000_A+SC 캠페인_ALL_수_표준기여_2464,6982,1,128900,1846.1758808364366
2026-08-08 00:35:34,00:00,906987379684182,1팀,120243001852340200,01.통살(ASC)(101010)_TCPA16000_A+SC 캠페인_ALL_V1C7_수_표준기여_2336_02,1495,0,0,0
2026-08-08 00:35:34,00:00,906987379684182,1팀,120243258462660200,07.크리스피(ASC)(101010)_A+SC 캠페인_구매최적화_수_표준기여_2659_260322,7259,0,0,0
2026-08-08 00:35:34,00:00,906987379684182,1팀,120243592510760200,16.안심크리스피(ASC)(메가딜)_TCPA14000_A+SC 캠페인_ALL_C7_수_표준기여_2863_260327,2121,0,0,0
2026-08-08 00:35:34,00:00,906987379684182,1팀,120244042753880200,07.크리스피(ASC)(메가딜)_TCPA16000_A+SC 캠페인_ALL_수_표준기여_2464_260403,976,0,0,0
2026-08-08 00:35:34,00:00,906987379684182,1팀,120244128322750200,01.통살(ASC)(101010)_TCPA16000_A+SC 캠페인_ALL_V1C7_수_표준기여_2336_03,1632,0,0,0
2026-08-08 00:35:34,00:00,906987379684182,1팀,120244130427210200,07.크리스피(ASC)(메가딜)_A+SC 캠페인_구매최적화_수_표준기여_2464_260404,4981,0,0,0
2026-08-08 00:35:34,00:00,906987379684182,1팀,120244370408130200,17.안심볶음밥(ASC)(메가딜)_TCPA_A+SC 캠페인_ALL_C7_수_표준기여_2903_260409,1822,0,0,0
2026-08-08 00:35:34,00:00,906987379684182,1팀,120244785115700200,07.크리스피(ASC)(메가딜)_A+SC 캠페인_구매최적화_수_표준기여_2464_260416_intern,4612,0,0,0
2026-08-08 00:35:34,00:00,906987379684182,1팀,120244785115970200,07.크리스피(ASC)(메가딜)_TCPA14000_A+SC 캠페인_ALL_C7_수_표준기여_2464_260416_intern,3682,0,0,0
2026-08-08 00:35:34,00:00,906987379684182,1팀,120246157174550200,17.안심볶음밥(ASC)(메가딜)_A+SC 캠페인_구매최적화_수_표준기여_2903_260507_남자,2779,0,0,0
2026-08-08 00:35:34,00:00,906987379684182,1팀,120246224683700200,17.안심볶음밥(ASC)(메가딜)_A+SC 캠페인_구매최적화_수_표준기여_2903_260507_남자_02,2676,0,0,0
2026-08-08 00:35:34,00:00,906987379684182,1팀,120246397028850200,07.크리스피(ASC)(통합)_A+SC 캠페인_구매최적화_수_표준기여_통합_260511,6452,0,0,0
2026-08-08 00:35:34,00:00,906987379684182,1팀,120246898203940200,03.닭다리살(ASC)(1010)_A+SC캠페인_구매최적화_수_표준기여_2604_260519,3488,0,0,0
2026-08-08 00:35:34,00:00,906987379684182,1팀,120246898384670200,03.닭다리살(ASC)(1010)_TROAS_A+SC캠페인_구매최적화_값_표준기여_2604_260519,48777,1,62300,127.72413227545769
2026-08-08 00:35:34,00:00,906987379684182,1팀,120247354343980200,20.김자반밥바(ASC)(메가딜)_TCPA_A+SC캠페인_ALL_C7_수_표준기여_3003_260527,5802,0,0,0
2026-08-08 00:35:34,00:00,906987379684182,1팀,120247354558020200,20.김자반밥바(ASC)(메가딜)_A+SC캠페인_구매최적화_수_표준기여_3003_260527,3190,0,0,0
2026-08-08 00:35:34,00:00,906987379684182,1팀,120247379361950200,07.크리스피(ASC)(1010)_A+SC캠페인_구매최적화_수_표준기여_2992_260527,1536,0,0,0
2026-08-08 00:35:34,00:00,906987379684182,1팀,120247379587080200,07.크리스피(ASC)(1010)_TROAS_A+SC캠페인_구매최적화_값_표준기여_2992_260527,1394,0,0,0
2026-08-08 00:35:34,00:00,906987379684182,1팀,120247842896910200,20.김자반밥바(ASC)(메가딜)_A+SC캠페인_구매최적화_수_표준기여_3003_260603,9925,0,0,0
2026-08-08 00:35:34,00:00,906987379684182,1팀,120248207670120200,17.안심볶음밥(ASC)(메가딜)_A+SC 캠페인_구매최적화_수_표준기여_2903_260609_남자(가치조정),2474,0,0,0
2026-08-08 00:35:34,00:00,906987379684182,1팀,120248361514480200,01.통살(ASC)(하이브리드)_TCPA_A+SC캠페인_ALL_C7_수_표준기여_3028_260611,1158,0,0,0
2026-08-08 00:35:34,00:00,906987379684182,1팀,120248361514580200,01.통살(ASC)(하이브리드)_TROAS_A+SC캠페인_구매최적화_값_표준기여_3028_260611,1329,0,0,0
2026-08-08 00:35:34,00:00,906987379684182,1팀,120248762624190200,17.안심볶음밥(ASC)(메가딜)_TCPA_A+SC캠페인_ALL_C7_수_표준기여_2903_260705,3,0,0,0
2026-08-08 00:35:34,00:00,906987379684182,1팀,120248762624470200,17.안심볶음밥(ASC)(메가딜)_TROAS_A+SC캠페인_구매최적화_값_표준기여_2903_260705,2927,0,0,0
2026-08-08 00:35:34,00:00,906987379684182,1팀,120248762761370200,17.안심볶음밥(ASC)(메가딜)_A+SC캠페인_구매최적화_수_표준기여_2903_260705,1154,0,0,0
2026-08-08 00:35:34,00:00,906987379684182,1팀,120248762858730200,16.안심크리스피(ASC)(메가딜)_A+SC 캠페인_구매최적화_수_표준기여_2908_260720(페르소나),3909,0,0,0
2026-08-08 00:35:34,00:00,906987379684182,1팀,120248763306900200,16.안심크리스피(ASC)(메가딜)_TCPA_A+SC캠페인_ALL_C7_수_표준기여_2908_260621,1923,0,0,0
2026-08-08 00:35:34,00:00,906987379684182,1팀,120248763797300200,21.통살+그릴드(ASC)(메가딜)_TROAS_A+SC캠페인_구매최적화_값_표준기여_3068_260617,1041,0,0,0
2026-08-08 00:35:34,00:00,906987379684182,1팀,120248763797350200,21.통살+그릴드(ASC)(메가딜)_A+SC캠페인_구매최적화_수_표준기여_3068_260617,540,0,0,0
2026-08-08 00:35:34,00:00,906987379684182,1팀,120249317264110200,07.크리스피(ASC)(하이브리드)_A+SC캠페인_구매최적화_수_표준기여_3078_260713,13857,0,0,0
2026-08-08 00:35:34,00:00,906987379684182,1팀,120249317264120200,07.크리스피(ASC)(하이브리드)_TCPA_A+SC캠페인_ALL_C7_수_표준기여_3078_260713,4355,0,0,0
2026-08-08 00:35:34,00:00,906987379684182,1팀,120249317264140200,07.크리스피(ASC)(하이브리드)_TROAS_A+SC캠페인_구매최적화_값_표준기여_3078_260713,25582,1,89600,350.24626690641855
2026-08-08 00:35:34,00:00,906987379684182,1팀,120249873291990200,07.크리스피(ASC)(1010)_TROAS_A+SC캠페인_구매최적화_값_표준기여_2992_260705,1887,0,0,0
2026-08-08 00:35:34,00:00,906987379684182,1팀,120249873905240200,07.크리스피(ASC)(101010)_TROAS_A+SC캠페인_구매최적화_값_표준기여_2659_260705,1624,0,0,0
2026-08-08 00:35:34,00:00,906987379684182,1팀,120249875227840200,16.안심크리스피(ASC)(메가딜)_A+SC캠페인_구매최적화_수_표준기여_2908_260705,5329,0,0,0
2026-08-08 00:35:34,00:00,906987379684182,1팀,120249875227870200,16.안심크리스피(ASC)(메가딜)_TCPA_A+SC캠페인_ALL_C7_수_표준기여_2908_260705,72,0,0,0
2026-08-08 00:35:34,00:00,906987379684182,1팀,120249876219490200,20.김자반밥바(ASC)(메가딜)_A+SC캠페인_구매최적화_수_표준기여_3003_260705,1876,0,0,0
2026-08-08 00:35:34,00:00,906987379684182,1팀,120249876219520200,20.김자반밥바(ASC)(메가딜)_TROAS_A+SC캠페인_구매최적화_값_표준기여_3003_260705,2168,0,0,0
2026-08-08 00:35:34,00:00,906987379684182,1팀,120249878429160200,01.통살(ASC)(하이브리드)_TROAS_A+SC캠페인_구매최적화_값_표준기여_3028_260705,2260,0,0,0
2026-08-08 00:35:34,00:00,906987379684182,1팀,120249878429240200,01.통살(ASC)(하이브리드)_A+SC캠페인_구매최적화_수_표준기여_3028_260705,1842,0,0,0
2026-08-08 00:35:34,00:00,906987379684182,1팀,120250098930220200,01.통살(ASC)(101010)_TROAS_A+SC캠페인_구매최적화_값_표준기여_2336_260712,6057,0,0,0
2026-08-08 00:35:34,00:00,906987379684182,1팀,120250099159310200,07.크리스피(ASC)(메가딜)_A+SC캠페인_구매최적화_수_표준기여_2464_260712,3994,0,0,0
2026-08-08 00:35:34,00:00,906987379684182,1팀,120250099159320200,07.크리스피(ASC)(메가딜)_TROAS_A+SC캠페인_구매최적화_값_표준기여_2464_260712,6762,0,0,0
2026-08-08 00:35:34,00:00,906987379684182,1팀,120250099159330200,07.크리스피(ASC)(메가딜)_TCPA_A+SC캠페인_ALL_C7_수_표준기여_2464_260712,2148,0,0,0
2026-08-08 00:35:34,00:00,906987379684182,1팀,120250099335020200,77.프로모션(ASC)(줄리엔강)_TCPA_A+SC캠페인_ALL_C7_수_표준기여_260713,2833,0,0,0
2026-08-08 00:35:34,00:00,906987379684182,1팀,120250099335030200,77.프로모션(ASC)(줄리엔강)_TROAS_A+SC캠페인_구매최적화_값_표준기여_260713,3029,0,0,0
2026-08-08 00:35:34,00:00,906987379684182,1팀,120250268133470200,03.닭다리살(ASC)(하이브리드)_TROAS_A+SC캠페인_구매최적화_값_표준기여_3111_260726,1997,0,0,0
2026-08-08 00:35:34,00:00,906987379684182,1팀,120250444210730200,20.김자반밥바(ASC)(하이브리드)_TROAS_A+SC캠페인_구매최적화_값_표준기여_3159_260726,1311,0,0,0
2026-08-08 00:35:34,00:00,906987379684182,1팀,120250444210740200,20.김자반밥바(ASC)(하이브리드)_A+SC캠페인_구매최적화_수_표준기여_3159_260726,2076,0,0,0
2026-08-08 00:35:34,00:00,906987379684182,1팀,120250444210900200,20.김자반밥바(ASC)(하이브리드)_TCPA_A+SC캠페인_ALL_C7_수_표준기여_3159_260726,1186,0,0,0
2026-08-08 00:35:34,00:00,906987379684182,1팀,120250444423310200,21.통살+그릴드(ASC)(하이브리드)_TROAS_A+SC캠페인_구매최적화_값_표준기여_3162_260726,1513,0,0,0
2026-08-08 00:35:34,00:00,906987379684182,1팀,120250444423320200,21.통살+그릴드(ASC)(하이브리드)_TCPA_A+SC캠페인_ALL_C7_수_표준기여_3162_260726,694,0,0,0
2026-08-08 00:35:34,00:00,906987379684182,1팀,120250444423330200,21.통살+그릴드(ASC)(하이브리드)_A+SC캠페인_구매최적화_수_표준기여_3162_260726,1749,0,0,0
2026-08-08 00:35:34,00:00,906987379684182,1팀,120250475752460200,07.크리스피(ASC)(하이브리드)_TROAS_A+SC캠페인_구매최적화_값_표준기여_3078_260722(페르소나),38,0,0,0
2026-08-08 00:35:34,00:00,906987379684182,1팀,120250614451020200,07.크리스피(ASC)(하이브리드)_A+SC캠페인_구매최적화_수_표준기여_3078_260728,1400,0,0,0
2026-08-08 00:35:34,00:00,906987379684182,1팀,120250614451040200,07.크리스피(ASC)(하이브리드)_TROAS_A+SC캠페인_구매최적화_값_표준기여_3078_260728,4296,0,0,0
2026-08-08 00:35:34,00:00,906987379684182,1팀,120250614451160200,07.크리스피(ASC)(하이브리드)_TCPA_A+SC캠페인_ALL_C7_수_표준기여_3078_260728,53,0,0,0
2026-08-08 00:35:34,00:00,906987379684182,1팀,120250649570130200,07.크리스피(ASC)(하이브리드)_TROAS_A+SC캠페인_구매최적화_값_표준기여_3078_260802_AI,4872,0,0,0
2026-08-08 00:35:34,00:00,906987379684182,1팀,120250649570150200,07.크리스피(ASC)(하이브리드)_TCPA_A+SC캠페인_ALL_C7_수_표준기여_3078_260802_AI,413,0,0,0
2026-08-08 00:35:34,00:00,906987379684182,1팀,120250649570180200,07.크리스피(ASC)(하이브리드)_A+SC캠페인_구매최적화_수_표준기여_3078_260802_AI,1150,0,0,0
2026-08-08 00:35:34,00:00,906987379684182,1팀,120250856737330200,77.프로모션(ASC)(통크크)_TROAS_A+SC캠페인_구매최적화_값_표준기여_260806,7068,0,0,0
2026-08-08 00:35:34,00:00,906987379684182,1팀,120250856737340200,77.프로모션(ASC)(통크크)_TCPA_A+SC캠페인_ALL_C7_수_표준기여_260806,2413,0,0,0
2026-08-08 00:35:34,00:00,906987379684182,1팀,120250856737350200,77.프로모션(ASC)(통크크)_A+SC캠페인_구매최적화_수_표준기여_260806,3019,0,0,0
2026-08-08 00:35:34,00:00,906987379684182,1팀,120250859367430200,20.김자반밥바(ASC)(하이브리드)_A+SC캠페인_구매최적화_수_가치조정_3159_260806,5709,0,0,0
2026-08-08 00:35:34,00:00,906987379684182,1팀,120250859367440200,20.김자반밥바(ASC)(하이브리드)_TCPA_A+SC캠페인_ALL_C7_수_표준기여_3159_260806,1424,0,0,0
2026-08-08 00:35:34,00:00,906987379684182,1팀,120250859367470200,20.김자반밥바(ASC)(하이브리드)_TROAS_A+SC캠페인_구매최적화_값_표준기여_3159_260806,1672,0,0,0
2026-08-08 01:30:41,01:00,906987379684182,1팀,120228320649100200,01.통살(ASC)(101010)_TCPA16000_A+SC 캠페인_ALL_V1C7_수_표준기여_2336,770,0,0,0
2026-08-08 01:30:41,01:00,906987379684182,1팀,120228788396590200,01.통살(ASC)(메가딜)_TCPA20000_A+SC 캠페인_ALL_V1C7_수_표준기여_1874,5303,0,0,0
2026-08-08 01:30:41,01:00,906987379684182,1팀,120230755324960200,07.크리스피(ASC)(메가딜)_A+SC 캠페인_구매최적화_수_표준기여_2464,896,0,0,0
2026-08-08 01:30:41,01:00,906987379684182,1팀,120237509836570200,07.크리스피(ASC)(메가딜)_TCPA16000_A+SC 캠페인_ALL_수_표준기여_2464,4095,0,0,0
2026-08-08 01:30:41,01:00,906987379684182,1팀,120243001852340200,01.통살(ASC)(101010)_TCPA16000_A+SC 캠페인_ALL_V1C7_수_표준기여_2336_02,1062,0,0,0
2026-08-08 01:30:41,01:00,906987379684182,1팀,120243258462660200,07.크리스피(ASC)(101010)_A+SC 캠페인_구매최적화_수_표준기여_2659_260322,2691,0,0,0
2026-08-08 01:30:41,01:00,906987379684182,1팀,120243592510760200,16.안심크리스피(ASC)(메가딜)_TCPA14000_A+SC 캠페인_ALL_C7_수_표준기여_2863_260327,1112,1,28900,2598.9208633093526
2026-08-08 01:30:41,01:00,906987379684182,1팀,120244042753880200,07.크리스피(ASC)(메가딜)_TCPA16000_A+SC 캠페인_ALL_수_표준기여_2464_260403,1408,0,0,0
2026-08-08 01:30:41,01:00,906987379684182,1팀,120244128322750200,01.통살(ASC)(101010)_TCPA16000_A+SC 캠페인_ALL_V1C7_수_표준기여_2336_03,508,0,0,0
2026-08-08 01:30:41,01:00,906987379684182,1팀,120244130427210200,07.크리스피(ASC)(메가딜)_A+SC 캠페인_구매최적화_수_표준기여_2464_260404,4037,0,0,0
2026-08-08 01:30:41,01:00,906987379684182,1팀,120244370408130200,17.안심볶음밥(ASC)(메가딜)_TCPA_A+SC 캠페인_ALL_C7_수_표준기여_2903_260409,2512,0,0,0
2026-08-08 01:30:41,01:00,906987379684182,1팀,120244785115700200,07.크리스피(ASC)(메가딜)_A+SC 캠페인_구매최적화_수_표준기여_2464_260416_intern,1125,0,0,0
2026-08-08 01:30:41,01:00,906987379684182,1팀,120244785115970200,07.크리스피(ASC)(메가딜)_TCPA14000_A+SC 캠페인_ALL_C7_수_표준기여_2464_260416_intern,1590,0,0,0
2026-08-08 01:30:41,01:00,906987379684182,1팀,120246157174550200,17.안심볶음밥(ASC)(메가딜)_A+SC 캠페인_구매최적화_수_표준기여_2903_260507_남자,1468,0,0,0
2026-08-08 01:30:41,01:00,906987379684182,1팀,120246224683700200,17.안심볶음밥(ASC)(메가딜)_A+SC 캠페인_구매최적화_수_표준기여_2903_260507_남자_02,1458,0,0,0
2026-08-08 01:30:41,01:00,906987379684182,1팀,120246397028850200,07.크리스피(ASC)(통합)_A+SC 캠페인_구매최적화_수_표준기여_통합_260511,2720,1,159900,5878.676470588235
2026-08-08 01:30:41,01:00,906987379684182,1팀,120246898203940200,03.닭다리살(ASC)(1010)_A+SC캠페인_구매최적화_수_표준기여_2604_260519,2226,1,50900,2286.6127583108714
2026-08-08 01:30:41,01:00,906987379684182,1팀,120246898384670200,03.닭다리살(ASC)(1010)_TROAS_A+SC캠페인_구매최적화_값_표준기여_2604_260519,14622,0,0,0
2026-08-08 01:30:41,01:00,906987379684182,1팀,120247354343980200,20.김자반밥바(ASC)(메가딜)_TCPA_A+SC캠페인_ALL_C7_수_표준기여_3003_260527,1771,0,0,0
2026-08-08 01:30:41,01:00,906987379684182,1팀,120247354558020200,20.김자반밥바(ASC)(메가딜)_A+SC캠페인_구매최적화_수_표준기여_3003_260527,877,1,83300,9498.289623717219
2026-08-08 01:30:41,01:00,906987379684182,1팀,120247379361950200,07.크리스피(ASC)(1010)_A+SC캠페인_구매최적화_수_표준기여_2992_260527,1925,0,0,0
2026-08-08 01:30:41,01:00,906987379684182,1팀,120247379587080200,07.크리스피(ASC)(1010)_TROAS_A+SC캠페인_구매최적화_값_표준기여_2992_260527,1258,0,0,0
2026-08-08 01:30:41,01:00,906987379684182,1팀,120247842896910200,20.김자반밥바(ASC)(메가딜)_A+SC캠페인_구매최적화_수_표준기여_3003_260603,6487,0,0,0
2026-08-08 01:30:41,01:00,906987379684182,1팀,120248207670120200,17.안심볶음밥(ASC)(메가딜)_A+SC 캠페인_구매최적화_수_표준기여_2903_260609_남자(가치조정),1850,0,0,0
2026-08-08 01:30:41,01:00,906987379684182,1팀,120248361514480200,01.통살(ASC)(하이브리드)_TCPA_A+SC캠페인_ALL_C7_수_표준기여_3028_260611,1136,0,0,0
2026-08-08 01:30:41,01:00,906987379684182,1팀,120248361514580200,01.통살(ASC)(하이브리드)_TROAS_A+SC캠페인_구매최적화_값_표준기여_3028_260611,1413,0,0,0
2026-08-08 01:30:41,01:00,906987379684182,1팀,120248762624190200,17.안심볶음밥(ASC)(메가딜)_TCPA_A+SC캠페인_ALL_C7_수_표준기여_2903_260705,19,0,0,0
2026-08-08 01:30:41,01:00,906987379684182,1팀,120248762624470200,17.안심볶음밥(ASC)(메가딜)_TROAS_A+SC캠페인_구매최적화_값_표준기여_2903_260705,1831,0,0,0
2026-08-08 01:30:41,01:00,906987379684182,1팀,120248762761370200,17.안심볶음밥(ASC)(메가딜)_A+SC캠페인_구매최적화_수_표준기여_2903_260705,1769,0,0,0
2026-08-08 01:30:41,01:00,906987379684182,1팀,120248762858730200,16.안심크리스피(ASC)(메가딜)_A+SC 캠페인_구매최적화_수_표준기여_2908_260720(페르소나),2307,0,0,0
2026-08-08 01:30:41,01:00,906987379684182,1팀,120248763306900200,16.안심크리스피(ASC)(메가딜)_TCPA_A+SC캠페인_ALL_C7_수_표준기여_2908_260621,1165,0,0,0
2026-08-08 01:30:41,01:00,906987379684182,1팀,120248763797300200,21.통살+그릴드(ASC)(메가딜)_TROAS_A+SC캠페인_구매최적화_값_표준기여_3068_260617,1530,0,0,0
2026-08-08 01:30:41,01:00,906987379684182,1팀,120248763797350200,21.통살+그릴드(ASC)(메가딜)_A+SC캠페인_구매최적화_수_표준기여_3068_260617,656,0,0,0
2026-08-08 01:30:41,01:00,906987379684182,1팀,120249317264110200,07.크리스피(ASC)(하이브리드)_A+SC캠페인_구매최적화_수_표준기여_3078_260713,5180,0,0,0
2026-08-08 01:30:41,01:00,906987379684182,1팀,120249317264120200,07.크리스피(ASC)(하이브리드)_TCPA_A+SC캠페인_ALL_C7_수_표준기여_3078_260713,2249,0,0,0
2026-08-08 01:30:41,01:00,906987379684182,1팀,120249317264140200,07.크리스피(ASC)(하이브리드)_TROAS_A+SC캠페인_구매최적화_값_표준기여_3078_260713,14013,2,185600,1324.484407336045
2026-08-08 01:30:41,01:00,906987379684182,1팀,120249873291990200,07.크리스피(ASC)(1010)_TROAS_A+SC캠페인_구매최적화_값_표준기여_2992_260705,542,0,0,0
2026-08-08 01:30:41,01:00,906987379684182,1팀,120249873905240200,07.크리스피(ASC)(101010)_TROAS_A+SC캠페인_구매최적화_값_표준기여_2659_260705,1042,0,0,0
2026-08-08 01:30:41,01:00,906987379684182,1팀,120249875227840200,16.안심크리스피(ASC)(메가딜)_A+SC캠페인_구매최적화_수_표준기여_2908_260705,662,0,0,0
2026-08-08 01:30:41,01:00,906987379684182,1팀,120249875227870200,16.안심크리스피(ASC)(메가딜)_TCPA_A+SC캠페인_ALL_C7_수_표준기여_2908_260705,123,0,0,0
2026-08-08 01:30:41,01:00,906987379684182,1팀,120249876219490200,20.김자반밥바(ASC)(메가딜)_A+SC캠페인_구매최적화_수_표준기여_3003_260705,1159,0,0,0
2026-08-08 01:30:41,01:00,906987379684182,1팀,120249876219520200,20.김자반밥바(ASC)(메가딜)_TROAS_A+SC캠페인_구매최적화_값_표준기여_3003_260705,880,0,0,0
2026-08-08 01:30:41,01:00,906987379684182,1팀,120249878429160200,01.통살(ASC)(하이브리드)_TROAS_A+SC캠페인_구매최적화_값_표준기여_3028_260705,3319,0,0,0
2026-08-08 01:30:41,01:00,906987379684182,1팀,120249878429240200,01.통살(ASC)(하이브리드)_A+SC캠페인_구매최적화_수_표준기여_3028_260705,832,0,0,0
2026-08-08 01:30:41,01:00,906987379684182,1팀,120250098930220200,01.통살(ASC)(101010)_TROAS_A+SC캠페인_구매최적화_값_표준기여_2336_260712,5022,0,0,0
2026-08-08 01:30:41,01:00,906987379684182,1팀,120250099159310200,07.크리스피(ASC)(메가딜)_A+SC캠페인_구매최적화_수_표준기여_2464_260712,707,0,0,0
2026-08-08 01:30:41,01:00,906987379684182,1팀,120250099159320200,07.크리스피(ASC)(메가딜)_TROAS_A+SC캠페인_구매최적화_값_표준기여_2464_260712,5003,0,0,0
2026-08-08 01:30:41,01:00,906987379684182,1팀,120250099159330200,07.크리스피(ASC)(메가딜)_TCPA_A+SC캠페인_ALL_C7_수_표준기여_2464_260712,776,0,0,0
2026-08-08 01:30:41,01:00,906987379684182,1팀,120250099335020200,77.프로모션(ASC)(줄리엔강)_TCPA_A+SC캠페인_ALL_C7_수_표준기여_260713,1297,0,0,0
2026-08-08 01:30:41,01:00,906987379684182,1팀,120250099335030200,77.프로모션(ASC)(줄리엔강)_TROAS_A+SC캠페인_구매최적화_값_표준기여_260713,949,0,0,0
2026-08-08 01:30:41,01:00,906987379684182,1팀,120250268133470200,03.닭다리살(ASC)(하이브리드)_TROAS_A+SC캠페인_구매최적화_값_표준기여_3111_260726,1330,0,0,0
2026-08-08 01:30:41,01:00,906987379684182,1팀,120250444210730200,20.김자반밥바(ASC)(하이브리드)_TROAS_A+SC캠페인_구매최적화_값_표준기여_3159_260726,1151,0,0,0
2026-08-08 01:30:41,01:00,906987379684182,1팀,120250444210740200,20.김자반밥바(ASC)(하이브리드)_A+SC캠페인_구매최적화_수_표준기여_3159_260726,850,0,0,0
2026-08-08 01:30:41,01:00,906987379684182,1팀,120250444210900200,20.김자반밥바(ASC)(하이브리드)_TCPA_A+SC캠페인_ALL_C7_수_표준기여_3159_260726,1699,0,0,0
2026-08-08 01:30:41,01:00,906987379684182,1팀,120250444423310200,21.통살+그릴드(ASC)(하이브리드)_TROAS_A+SC캠페인_구매최적화_값_표준기여_3162_260726,992,0,0,0
2026-08-08 01:30:41,01:00,906987379684182,1팀,120250444423320200,21.통살+그릴드(ASC)(하이브리드)_TCPA_A+SC캠페인_ALL_C7_수_표준기여_3162_260726,274,0,0,0
2026-08-08 01:30:41,01:00,906987379684182,1팀,120250444423330200,21.통살+그릴드(ASC)(하이브리드)_A+SC캠페인_구매최적화_수_표준기여_3162_260726,955,0,0,0
2026-08-08 01:30:41,01:00,906987379684182,1팀,120250475752460200,07.크리스피(ASC)(하이브리드)_TROAS_A+SC캠페인_구매최적화_값_표준기여_3078_260722(페르소나),258,0,0,0
2026-08-08 01:30:41,01:00,906987379684182,1팀,120250614451020200,07.크리스피(ASC)(하이브리드)_A+SC캠페인_구매최적화_수_표준기여_3078_260728,592,0,0,0
2026-08-08 01:30:41,01:00,906987379684182,1팀,120250614451040200,07.크리스피(ASC)(하이브리드)_TROAS_A+SC캠페인_구매최적화_값_표준기여_3078_260728,3732,0,0,0
2026-08-08 01:30:41,01:00,906987379684182,1팀,120250614451160200,07.크리스피(ASC)(하이브리드)_TCPA_A+SC캠페인_ALL_C7_수_표준기여_3078_260728,22,0,0,0
2026-08-08 01:30:41,01:00,906987379684182,1팀,120250649570130200,07.크리스피(ASC)(하이브리드)_TROAS_A+SC캠페인_구매최적화_값_표준기여_3078_260802_AI,2534,0,0,0
2026-08-08 01:30:41,01:00,906987379684182,1팀,120250649570150200,07.크리스피(ASC)(하이브리드)_TCPA_A+SC캠페인_ALL_C7_수_표준기여_3078_260802_AI,394,0,0,0
2026-08-08 01:30:41,01:00,906987379684182,1팀,120250649570180200,07.크리스피(ASC)(하이브리드)_A+SC캠페인_구매최적화_수_표준기여_3078_260802_AI,1140,0,0,0
2026-08-08 01:30:41,01:00,906987379684182,1팀,120250856737330200,77.프로모션(ASC)(통크크)_TROAS_A+SC캠페인_구매최적화_값_표준기여_260806,7732,0,0,0
2026-08-08 01:30:41,01:00,906987379684182,1팀,120250856737340200,77.프로모션(ASC)(통크크)_TCPA_A+SC캠페인_ALL_C7_수_표준기여_260806,1758,0,0,0
2026-08-08 01:30:41,01:00,906987379684182,1팀,120250856737350200,77.프로모션(ASC)(통크크)_A+SC캠페인_구매최적화_수_표준기여_260806,1958,0,0,0
2026-08-08 01:30:41,01:00,906987379684182,1팀,120250859367430200,20.김자반밥바(ASC)(하이브리드)_A+SC캠페인_구매최적화_수_가치조정_3159_260806,2711,0,0,0
2026-08-08 01:30:41,01:00,906987379684182,1팀,120250859367440200,20.김자반밥바(ASC)(하이브리드)_TCPA_A+SC캠페인_ALL_C7_수_표준기여_3159_260806,1264,0,0,0
2026-08-08 01:30:41,01:00,906987379684182,1팀,120250859367470200,20.김자반밥바(ASC)(하이브리드)_TROAS_A+SC캠페인_구매최적화_값_표준기여_3159_260806,1523,0,0,0
2026-08-08 01:32:08,01:00,906987379684182,1팀,120228320649100200,01.통살(ASC)(101010)_TCPA16000_A+SC 캠페인_ALL_V1C7_수_표준기여_2336,770,0,0,0
2026-08-08 01:32:08,01:00,906987379684182,1팀,120228788396590200,01.통살(ASC)(메가딜)_TCPA20000_A+SC 캠페인_ALL_V1C7_수_표준기여_1874,5303,0,0,0
2026-08-08 01:32:08,01:00,906987379684182,1팀,120230755324960200,07.크리스피(ASC)(메가딜)_A+SC 캠페인_구매최적화_수_표준기여_2464,896,0,0,0
2026-08-08 01:32:08,01:00,906987379684182,1팀,120237509836570200,07.크리스피(ASC)(메가딜)_TCPA16000_A+SC 캠페인_ALL_수_표준기여_2464,4095,0,0,0
2026-08-08 01:32:08,01:00,906987379684182,1팀,120243001852340200,01.통살(ASC)(101010)_TCPA16000_A+SC 캠페인_ALL_V1C7_수_표준기여_2336_02,1062,0,0,0
2026-08-08 01:32:08,01:00,906987379684182,1팀,120243258462660200,07.크리스피(ASC)(101010)_A+SC 캠페인_구매최적화_수_표준기여_2659_260322,2691,0,0,0
2026-08-08 01:32:08,01:00,906987379684182,1팀,120243592510760200,16.안심크리스피(ASC)(메가딜)_TCPA14000_A+SC 캠페인_ALL_C7_수_표준기여_2863_260327,1112,1,28900,2598.9208633093526
2026-08-08 01:32:08,01:00,906987379684182,1팀,120244042753880200,07.크리스피(ASC)(메가딜)_TCPA16000_A+SC 캠페인_ALL_수_표준기여_2464_260403,1408,0,0,0
2026-08-08 01:32:08,01:00,906987379684182,1팀,120244128322750200,01.통살(ASC)(101010)_TCPA16000_A+SC 캠페인_ALL_V1C7_수_표준기여_2336_03,508,0,0,0
2026-08-08 01:32:08,01:00,906987379684182,1팀,120244130427210200,07.크리스피(ASC)(메가딜)_A+SC 캠페인_구매최적화_수_표준기여_2464_260404,4037,0,0,0
2026-08-08 01:32:08,01:00,906987379684182,1팀,120244370408130200,17.안심볶음밥(ASC)(메가딜)_TCPA_A+SC 캠페인_ALL_C7_수_표준기여_2903_260409,2512,0,0,0
2026-08-08 01:32:08,01:00,906987379684182,1팀,120244785115700200,07.크리스피(ASC)(메가딜)_A+SC 캠페인_구매최적화_수_표준기여_2464_260416_intern,1125,0,0,0
2026-08-08 01:32:08,01:00,906987379684182,1팀,120244785115970200,07.크리스피(ASC)(메가딜)_TCPA14000_A+SC 캠페인_ALL_C7_수_표준기여_2464_260416_intern,1590,0,0,0
2026-08-08 01:32:08,01:00,906987379684182,1팀,120246157174550200,17.안심볶음밥(ASC)(메가딜)_A+SC 캠페인_구매최적화_수_표준기여_2903_260507_남자,1468,0,0,0
2026-08-08 01:32:08,01:00,906987379684182,1팀,120246224683700200,17.안심볶음밥(ASC)(메가딜)_A+SC 캠페인_구매최적화_수_표준기여_2903_260507_남자_02,1458,0,0,0
2026-08-08 01:32:08,01:00,906987379684182,1팀,120246397028850200,07.크리스피(ASC)(통합)_A+SC 캠페인_구매최적화_수_표준기여_통합_260511,2720,1,159900,5878.676470588235
2026-08-08 01:32:08,01:00,906987379684182,1팀,120246898203940200,03.닭다리살(ASC)(1010)_A+SC캠페인_구매최적화_수_표준기여_2604_260519,2226,1,50900,2286.6127583108714
2026-08-08 01:32:08,01:00,906987379684182,1팀,120246898384670200,03.닭다리살(ASC)(1010)_TROAS_A+SC캠페인_구매최적화_값_표준기여_2604_260519,14622,0,0,0
2026-08-08 01:32:08,01:00,906987379684182,1팀,120247354343980200,20.김자반밥바(ASC)(메가딜)_TCPA_A+SC캠페인_ALL_C7_수_표준기여_3003_260527,1771,0,0,0
2026-08-08 01:32:08,01:00,906987379684182,1팀,120247354558020200,20.김자반밥바(ASC)(메가딜)_A+SC캠페인_구매최적화_수_표준기여_3003_260527,877,1,83300,9498.289623717219
2026-08-08 01:32:08,01:00,906987379684182,1팀,120247379361950200,07.크리스피(ASC)(1010)_A+SC캠페인_구매최적화_수_표준기여_2992_260527,1925,0,0,0
2026-08-08 01:32:08,01:00,906987379684182,1팀,120247379587080200,07.크리스피(ASC)(1010)_TROAS_A+SC캠페인_구매최적화_값_표준기여_2992_260527,1258,0,0,0
2026-08-08 01:32:08,01:00,906987379684182,1팀,120247842896910200,20.김자반밥바(ASC)(메가딜)_A+SC캠페인_구매최적화_수_표준기여_3003_260603,6487,0,0,0
2026-08-08 01:32:08,01:00,906987379684182,1팀,120248207670120200,17.안심볶음밥(ASC)(메가딜)_A+SC 캠페인_구매최적화_수_표준기여_2903_260609_남자(가치조정),1850,0,0,0
2026-08-08 01:32:08,01:00,906987379684182,1팀,120248361514480200,01.통살(ASC)(하이브리드)_TCPA_A+SC캠페인_ALL_C7_수_표준기여_3028_260611,1136,0,0,0
2026-08-08 01:32:08,01:00,906987379684182,1팀,120248361514580200,01.통살(ASC)(하이브리드)_TROAS_A+SC캠페인_구매최적화_값_표준기여_3028_260611,1413,0,0,0
2026-08-08 01:32:08,01:00,906987379684182,1팀,120248762624190200,17.안심볶음밥(ASC)(메가딜)_TCPA_A+SC캠페인_ALL_C7_수_표준기여_2903_260705,19,0,0,0
2026-08-08 01:32:08,01:00,906987379684182,1팀,120248762624470200,17.안심볶음밥(ASC)(메가딜)_TROAS_A+SC캠페인_구매최적화_값_표준기여_2903_260705,1831,0,0,0
2026-08-08 01:32:08,01:00,906987379684182,1팀,120248762761370200,17.안심볶음밥(ASC)(메가딜)_A+SC캠페인_구매최적화_수_표준기여_2903_260705,1769,0,0,0
2026-08-08 01:32:08,01:00,906987379684182,1팀,120248762858730200,16.안심크리스피(ASC)(메가딜)_A+SC 캠페인_구매최적화_수_표준기여_2908_260720(페르소나),2307,0,0,0
2026-08-08 01:32:08,01:00,906987379684182,1팀,120248763306900200,16.안심크리스피(ASC)(메가딜)_TCPA_A+SC캠페인_ALL_C7_수_표준기여_2908_260621,1165,0,0,0
2026-08-08 01:32:08,01:00,906987379684182,1팀,120248763797300200,21.통살+그릴드(ASC)(메가딜)_TROAS_A+SC캠페인_구매최적화_값_표준기여_3068_260617,1530,0,0,0
2026-08-08 01:32:08,01:00,906987379684182,1팀,120248763797350200,21.통살+그릴드(ASC)(메가딜)_A+SC캠페인_구매최적화_수_표준기여_3068_260617,656,0,0,0
2026-08-08 01:32:08,01:00,906987379684182,1팀,120249317264110200,07.크리스피(ASC)(하이브리드)_A+SC캠페인_구매최적화_수_표준기여_3078_260713,5180,0,0,0
2026-08-08 01:32:08,01:00,906987379684182,1팀,120249317264120200,07.크리스피(ASC)(하이브리드)_TCPA_A+SC캠페인_ALL_C7_수_표준기여_3078_260713,2249,0,0,0
2026-08-08 01:32:08,01:00,906987379684182,1팀,120249317264140200,07.크리스피(ASC)(하이브리드)_TROAS_A+SC캠페인_구매최적화_값_표준기여_3078_260713,14013,2,185600,1324.484407336045
2026-08-08 01:32:08,01:00,906987379684182,1팀,120249873291990200,07.크리스피(ASC)(1010)_TROAS_A+SC캠페인_구매최적화_값_표준기여_2992_260705,542,0,0,0
2026-08-08 01:32:08,01:00,906987379684182,1팀,120249873905240200,07.크리스피(ASC)(101010)_TROAS_A+SC캠페인_구매최적화_값_표준기여_2659_260705,1042,0,0,0
2026-08-08 01:32:08,01:00,906987379684182,1팀,120249875227840200,16.안심크리스피(ASC)(메가딜)_A+SC캠페인_구매최적화_수_표준기여_2908_260705,662,0,0,0
2026-08-08 01:32:08,01:00,906987379684182,1팀,120249875227870200,16.안심크리스피(ASC)(메가딜)_TCPA_A+SC캠페인_ALL_C7_수_표준기여_2908_260705,123,0,0,0
2026-08-08 01:32:08,01:00,906987379684182,1팀,120249876219490200,20.김자반밥바(ASC)(메가딜)_A+SC캠페인_구매최적화_수_표준기여_3003_260705,1159,0,0,0
2026-08-08 01:32:08,01:00,906987379684182,1팀,120249876219520200,20.김자반밥바(ASC)(메가딜)_TROAS_A+SC캠페인_구매최적화_값_표준기여_3003_260705,880,0,0,0
2026-08-08 01:32:08,01:00,906987379684182,1팀,120249878429160200,01.통살(ASC)(하이브리드)_TROAS_A+SC캠페인_구매최적화_값_표준기여_3028_260705,3319,0,0,0
2026-08-08 01:32:08,01:00,906987379684182,1팀,120249878429240200,01.통살(ASC)(하이브리드)_A+SC캠페인_구매최적화_수_표준기여_3028_260705,832,0,0,0
2026-08-08 01:32:08,01:00,906987379684182,1팀,120250098930220200,01.통살(ASC)(101010)_TROAS_A+SC캠페인_구매최적화_값_표준기여_2336_260712,5022,0,0,0
2026-08-08 01:32:08,01:00,906987379684182,1팀,120250099159310200,07.크리스피(ASC)(메가딜)_A+SC캠페인_구매최적화_수_표준기여_2464_260712,707,0,0,0
2026-08-08 01:32:08,01:00,906987379684182,1팀,120250099159320200,07.크리스피(ASC)(메가딜)_TROAS_A+SC캠페인_구매최적화_값_표준기여_2464_260712,5003,0,0,0
2026-08-08 01:32:08,01:00,906987379684182,1팀,120250099159330200,07.크리스피(ASC)(메가딜)_TCPA_A+SC캠페인_ALL_C7_수_표준기여_2464_260712,776,0,0,0
2026-08-08 01:32:08,01:00,906987379684182,1팀,120250099335020200,77.프로모션(ASC)(줄리엔강)_TCPA_A+SC캠페인_ALL_C7_수_표준기여_260713,1297,0,0,0
2026-08-08 01:32:08,01:00,906987379684182,1팀,120250099335030200,77.프로모션(ASC)(줄리엔강)_TROAS_A+SC캠페인_구매최적화_값_표준기여_260713,949,0,0,0
2026-08-08 01:32:08,01:00,906987379684182,1팀,120250268133470200,03.닭다리살(ASC)(하이브리드)_TROAS_A+SC캠페인_구매최적화_값_표준기여_3111_260726,1330,0,0,0
2026-08-08 01:32:08,01:00,906987379684182,1팀,120250444210730200,20.김자반밥바(ASC)(하이브리드)_TROAS_A+SC캠페인_구매최적화_값_표준기여_3159_260726,1151,0,0,0
2026-08-08 01:32:08,01:00,906987379684182,1팀,120250444210740200,20.김자반밥바(ASC)(하이브리드)_A+SC캠페인_구매최적화_수_표준기여_3159_260726,850,0,0,0
2026-08-08 01:32:08,01:00,906987379684182,1팀,120250444210900200,20.김자반밥바(ASC)(하이브리드)_TCPA_A+SC캠페인_ALL_C7_수_표준기여_3159_260726,1699,0,0,0
2026-08-08 01:32:08,01:00,906987379684182,1팀,120250444423310200,21.통살+그릴드(ASC)(하이브리드)_TROAS_A+SC캠페인_구매최적화_값_표준기여_3162_260726,992,0,0,0
2026-08-08 01:32:08,01:00,906987379684182,1팀,120250444423320200,21.통살+그릴드(ASC)(하이브리드)_TCPA_A+SC캠페인_ALL_C7_수_표준기여_3162_260726,274,0,0,0
2026-08-08 01:32:08,01:00,906987379684182,1팀,120250444423330200,21.통살+그릴드(ASC)(하이브리드)_A+SC캠페인_구매최적화_수_표준기여_3162_260726,955,0,0,0
2026-08-08 01:32:08,01:00,906987379684182,1팀,120250475752460200,07.크리스피(ASC)(하이브리드)_TROAS_A+SC캠페인_구매최적화_값_표준기여_3078_260722(페르소나),258,0,0,0
2026-08-08 01:32:08,01:00,906987379684182,1팀,120250614451020200,07.크리스피(ASC)(하이브리드)_A+SC캠페인_구매최적화_수_표준기여_3078_260728,592,0,0,0
2026-08-08 01:32:08,01:00,906987379684182,1팀,120250614451040200,07.크리스피(ASC)(하이브리드)_TROAS_A+SC캠페인_구매최적화_값_표준기여_3078_260728,3732,0,0,0
2026-08-08 01:32:08,01:00,906987379684182,1팀,120250614451160200,07.크리스피(ASC)(하이브리드)_TCPA_A+SC캠페인_ALL_C7_수_표준기여_3078_260728,22,0,0,0
2026-08-08 01:32:08,01:00,906987379684182,1팀,120250649570130200,07.크리스피(ASC)(하이브리드)_TROAS_A+SC캠페인_구매최적화_값_표준기여_3078_260802_AI,2534,0,0,0
2026-08-08 01:32:08,01:00,906987379684182,1팀,120250649570150200,07.크리스피(ASC)(하이브리드)_TCPA_A+SC캠페인_ALL_C7_수_표준기여_3078_260802_AI,394,0,0,0
2026-08-08 01:32:08,01:00,906987379684182,1팀,120250649570180200,07.크리스피(ASC)(하이브리드)_A+SC캠페인_구매최적화_수_표준기여_3078_260802_AI,1140,0,0,0
2026-08-08 01:32:08,01:00,906987379684182,1팀,120250856737330200,77.프로모션(ASC)(통크크)_TROAS_A+SC캠페인_구매최적화_값_표준기여_260806,7732,0,0,0
2026-08-08 01:32:08,01:00,906987379684182,1팀,120250856737340200,77.프로모션(ASC)(통크크)_TCPA_A+SC캠페인_ALL_C7_수_표준기여_260806,1758,0,0,0
2026-08-08 01:32:08,01:00,906987379684182,1팀,120250856737350200,77.프로모션(ASC)(통크크)_A+SC캠페인_구매최적화_수_표준기여_260806,1958,0,0,0
2026-08-08 01:32:08,01:00,906987379684182,1팀,120250859367430200,20.김자반밥바(ASC)(하이브리드)_A+SC캠페인_구매최적화_수_가치조정_3159_260806,2711,0,0,0
2026-08-08 01:32:08,01:00,906987379684182,1팀,120250859367440200,20.김자반밥바(ASC)(하이브리드)_TCPA_A+SC캠페인_ALL_C7_수_표준기여_3159_260806,1264,0,0,0
2026-08-08 01:32:08,01:00,906987379684182,1팀,120250859367470200,20.김자반밥바(ASC)(하이브리드)_TROAS_A+SC캠페인_구매최적화_값_표준기여_3159_260806,1523,0,0,0
2026-08-08 02:30:42,02:00,906987379684182,1팀,120228320649100200,01.통살(ASC)(101010)_TCPA16000_A+SC 캠페인_ALL_V1C7_수_표준기여_2336,488,0,0,0
2026-08-08 02:30:42,02:00,906987379684182,1팀,120228788396590200,01.통살(ASC)(메가딜)_TCPA20000_A+SC 캠페인_ALL_V1C7_수_표준기여_1874,3321,0,0,0
2026-08-08 02:30:42,02:00,906987379684182,1팀,120230755324960200,07.크리스피(ASC)(메가딜)_A+SC 캠페인_구매최적화_수_표준기여_2464,514,0,0,0
2026-08-08 02:30:42,02:00,906987379684182,1팀,120237509836570200,07.크리스피(ASC)(메가딜)_TCPA16000_A+SC 캠페인_ALL_수_표준기여_2464,2396,0,0,0
2026-08-08 02:30:42,02:00,906987379684182,1팀,120243001852340200,01.통살(ASC)(101010)_TCPA16000_A+SC 캠페인_ALL_V1C7_수_표준기여_2336_02,792,0,0,0
2026-08-08 02:30:42,02:00,906987379684182,1팀,120243258462660200,07.크리스피(ASC)(101010)_A+SC 캠페인_구매최적화_수_표준기여_2659_260322,2902,0,0,0
2026-08-08 02:30:42,02:00,906987379684182,1팀,120243592510760200,16.안심크리스피(ASC)(메가딜)_TCPA14000_A+SC 캠페인_ALL_C7_수_표준기여_2863_260327,973,0,0,0
2026-08-08 02:30:42,02:00,906987379684182,1팀,120244042753880200,07.크리스피(ASC)(메가딜)_TCPA16000_A+SC 캠페인_ALL_수_표준기여_2464_260403,507,0,0,0
2026-08-08 02:30:42,02:00,906987379684182,1팀,120244128322750200,01.통살(ASC)(101010)_TCPA16000_A+SC 캠페인_ALL_V1C7_수_표준기여_2336_03,574,0,0,0
2026-08-08 02:30:42,02:00,906987379684182,1팀,120244130427210200,07.크리스피(ASC)(메가딜)_A+SC 캠페인_구매최적화_수_표준기여_2464_260404,1601,0,0,0
2026-08-08 02:30:42,02:00,906987379684182,1팀,120244370408130200,17.안심볶음밥(ASC)(메가딜)_TCPA_A+SC 캠페인_ALL_C7_수_표준기여_2903_260409,402,0,0,0
2026-08-08 02:30:42,02:00,906987379684182,1팀,120244785115700200,07.크리스피(ASC)(메가딜)_A+SC 캠페인_구매최적화_수_표준기여_2464_260416_intern,672,0,0,0
2026-08-08 02:30:42,02:00,906987379684182,1팀,120244785115970200,07.크리스피(ASC)(메가딜)_TCPA14000_A+SC 캠페인_ALL_C7_수_표준기여_2464_260416_intern,1464,0,0,0
2026-08-08 02:30:42,02:00,906987379684182,1팀,120246157174550200,17.안심볶음밥(ASC)(메가딜)_A+SC 캠페인_구매최적화_수_표준기여_2903_260507_남자,667,0,0,0
2026-08-08 02:30:42,02:00,906987379684182,1팀,120246224683700200,17.안심볶음밥(ASC)(메가딜)_A+SC 캠페인_구매최적화_수_표준기여_2903_260507_남자_02,405,0,0,0
2026-08-08 02:30:42,02:00,906987379684182,1팀,120246397028850200,07.크리스피(ASC)(통합)_A+SC 캠페인_구매최적화_수_표준기여_통합_260511,1755,0,0,0
2026-08-08 02:30:42,02:00,906987379684182,1팀,120246898203940200,03.닭다리살(ASC)(1010)_A+SC캠페인_구매최적화_수_표준기여_2604_260519,1063,0,0,0
2026-08-08 02:30:42,02:00,906987379684182,1팀,120246898384670200,03.닭다리살(ASC)(1010)_TROAS_A+SC캠페인_구매최적화_값_표준기여_2604_260519,8702,0,0,0
2026-08-08 02:30:42,02:00,906987379684182,1팀,120247354343980200,20.김자반밥바(ASC)(메가딜)_TCPA_A+SC캠페인_ALL_C7_수_표준기여_3003_260527,2236,0,0,0
2026-08-08 02:30:42,02:00,906987379684182,1팀,120247354558020200,20.김자반밥바(ASC)(메가딜)_A+SC캠페인_구매최적화_수_표준기여_3003_260527,745,0,0,0
2026-08-08 02:30:42,02:00,906987379684182,1팀,120247379361950200,07.크리스피(ASC)(1010)_A+SC캠페인_구매최적화_수_표준기여_2992_260527,498,0,0,0
2026-08-08 02:30:42,02:00,906987379684182,1팀,120247379587080200,07.크리스피(ASC)(1010)_TROAS_A+SC캠페인_구매최적화_값_표준기여_2992_260527,876,0,0,0
2026-08-08 02:30:42,02:00,906987379684182,1팀,120247842896910200,20.김자반밥바(ASC)(메가딜)_A+SC캠페인_구매최적화_수_표준기여_3003_260603,4298,0,0,0
2026-08-08 02:30:42,02:00,906987379684182,1팀,120248207670120200,17.안심볶음밥(ASC)(메가딜)_A+SC 캠페인_구매최적화_수_표준기여_2903_260609_남자(가치조정),799,0,0,0
2026-08-08 02:30:42,02:00,906987379684182,1팀,120248361514480200,01.통살(ASC)(하이브리드)_TCPA_A+SC캠페인_ALL_C7_수_표준기여_3028_260611,462,0,0,0
2026-08-08 02:30:42,02:00,906987379684182,1팀,120248361514580200,01.통살(ASC)(하이브리드)_TROAS_A+SC캠페인_구매최적화_값_표준기여_3028_260611,548,0,0,0
2026-08-08 02:30:42,02:00,906987379684182,1팀,120248762624470200,17.안심볶음밥(ASC)(메가딜)_TROAS_A+SC캠페인_구매최적화_값_표준기여_2903_260705,1333,0,0,0
2026-08-08 02:30:42,02:00,906987379684182,1팀,120248762761370200,17.안심볶음밥(ASC)(메가딜)_A+SC캠페인_구매최적화_수_표준기여_2903_260705,980,0,0,0
2026-08-08 02:30:42,02:00,906987379684182,1팀,120248762858730200,16.안심크리스피(ASC)(메가딜)_A+SC 캠페인_구매최적화_수_표준기여_2908_260720(페르소나),1676,0,0,0
2026-08-08 02:30:42,02:00,906987379684182,1팀,120248763306900200,16.안심크리스피(ASC)(메가딜)_TCPA_A+SC캠페인_ALL_C7_수_표준기여_2908_260621,757,0,0,0
2026-08-08 02:30:42,02:00,906987379684182,1팀,120248763797300200,21.통살+그릴드(ASC)(메가딜)_TROAS_A+SC캠페인_구매최적화_값_표준기여_3068_260617,948,0,0,0
2026-08-08 02:30:42,02:00,906987379684182,1팀,120248763797350200,21.통살+그릴드(ASC)(메가딜)_A+SC캠페인_구매최적화_수_표준기여_3068_260617,314,0,0,0
2026-08-08 02:30:42,02:00,906987379684182,1팀,120249317264110200,07.크리스피(ASC)(하이브리드)_A+SC캠페인_구매최적화_수_표준기여_3078_260713,2187,0,0,0
2026-08-08 02:30:42,02:00,906987379684182,1팀,120249317264120200,07.크리스피(ASC)(하이브리드)_TCPA_A+SC캠페인_ALL_C7_수_표준기여_3078_260713,1215,0,0,0
2026-08-08 02:30:42,02:00,906987379684182,1팀,120249317264140200,07.크리스피(ASC)(하이브리드)_TROAS_A+SC캠페인_구매최적화_값_표준기여_3078_260713,9376,0,0,0
2026-08-08 02:30:42,02:00,906987379684182,1팀,120249873291990200,07.크리스피(ASC)(1010)_TROAS_A+SC캠페인_구매최적화_값_표준기여_2992_260705,576,0,0,0
2026-08-08 02:30:42,02:00,906987379684182,1팀,120249873905240200,07.크리스피(ASC)(101010)_TROAS_A+SC캠페인_구매최적화_값_표준기여_2659_260705,636,0,0,0
2026-08-08 02:30:42,02:00,906987379684182,1팀,120249875227840200,16.안심크리스피(ASC)(메가딜)_A+SC캠페인_구매최적화_수_표준기여_2908_260705,338,0,0,0
2026-08-08 02:30:42,02:00,906987379684182,1팀,120249875227870200,16.안심크리스피(ASC)(메가딜)_TCPA_A+SC캠페인_ALL_C7_수_표준기여_2908_260705,91,0,0,0
2026-08-08 02:30:42,02:00,906987379684182,1팀,120249876219490200,20.김자반밥바(ASC)(메가딜)_A+SC캠페인_구매최적화_수_표준기여_3003_260705,309,0,0,0
2026-08-08 02:30:42,02:00,906987379684182,1팀,120249876219520200,20.김자반밥바(ASC)(메가딜)_TROAS_A+SC캠페인_구매최적화_값_표준기여_3003_260705,947,0,0,0
2026-08-08 02:30:42,02:00,906987379684182,1팀,120249878429160200,01.통살(ASC)(하이브리드)_TROAS_A+SC캠페인_구매최적화_값_표준기여_3028_260705,1230,0,0,0
2026-08-08 02:30:42,02:00,906987379684182,1팀,120249878429240200,01.통살(ASC)(하이브리드)_A+SC캠페인_구매최적화_수_표준기여_3028_260705,206,0,0,0
2026-08-08 02:30:42,02:00,906987379684182,1팀,120250098930220200,01.통살(ASC)(101010)_TROAS_A+SC캠페인_구매최적화_값_표준기여_2336_260712,2893,0,0,0
2026-08-08 02:30:42,02:00,906987379684182,1팀,120250099159310200,07.크리스피(ASC)(메가딜)_A+SC캠페인_구매최적화_수_표준기여_2464_260712,607,0,0,0
2026-08-08 02:30:42,02:00,906987379684182,1팀,120250099159320200,07.크리스피(ASC)(메가딜)_TROAS_A+SC캠페인_구매최적화_값_표준기여_2464_260712,3400,0,0,0
2026-08-08 02:30:42,02:00,906987379684182,1팀,120250099159330200,07.크리스피(ASC)(메가딜)_TCPA_A+SC캠페인_ALL_C7_수_표준기여_2464_260712,557,0,0,0
2026-08-08 02:30:42,02:00,906987379684182,1팀,120250099335020200,77.프로모션(ASC)(줄리엔강)_TCPA_A+SC캠페인_ALL_C7_수_표준기여_260713,995,0,0,0
2026-08-08 02:30:42,02:00,906987379684182,1팀,120250099335030200,77.프로모션(ASC)(줄리엔강)_TROAS_A+SC캠페인_구매최적화_값_표준기여_260713,377,0,0,0
2026-08-08 02:30:42,02:00,906987379684182,1팀,120250268133470200,03.닭다리살(ASC)(하이브리드)_TROAS_A+SC캠페인_구매최적화_값_표준기여_3111_260726,708,0,0,0
2026-08-08 02:30:42,02:00,906987379684182,1팀,120250444210730200,20.김자반밥바(ASC)(하이브리드)_TROAS_A+SC캠페인_구매최적화_값_표준기여_3159_260726,572,0,0,0
2026-08-08 02:30:42,02:00,906987379684182,1팀,120250444210740200,20.김자반밥바(ASC)(하이브리드)_A+SC캠페인_구매최적화_수_표준기여_3159_260726,302,0,0,0
2026-08-08 02:30:42,02:00,906987379684182,1팀,120250444210900200,20.김자반밥바(ASC)(하이브리드)_TCPA_A+SC캠페인_ALL_C7_수_표준기여_3159_260726,385,0,0,0
2026-08-08 02:30:42,02:00,906987379684182,1팀,120250444423310200,21.통살+그릴드(ASC)(하이브리드)_TROAS_A+SC캠페인_구매최적화_값_표준기여_3162_260726,1046,0,0,0
2026-08-08 02:30:42,02:00,906987379684182,1팀,120250444423320200,21.통살+그릴드(ASC)(하이브리드)_TCPA_A+SC캠페인_ALL_C7_수_표준기여_3162_260726,203,0,0,0
2026-08-08 02:30:42,02:00,906987379684182,1팀,120250444423330200,21.통살+그릴드(ASC)(하이브리드)_A+SC캠페인_구매최적화_수_표준기여_3162_260726,558,0,0,0
2026-08-08 02:30:42,02:00,906987379684182,1팀,120250475752460200,07.크리스피(ASC)(하이브리드)_TROAS_A+SC캠페인_구매최적화_값_표준기여_3078_260722(페르소나),219,0,0,0
2026-08-08 02:30:42,02:00,906987379684182,1팀,120250614451020200,07.크리스피(ASC)(하이브리드)_A+SC캠페인_구매최적화_수_표준기여_3078_260728,558,0,0,0
2026-08-08 02:30:42,02:00,906987379684182,1팀,120250614451040200,07.크리스피(ASC)(하이브리드)_TROAS_A+SC캠페인_구매최적화_값_표준기여_3078_260728,2641,0,0,0
2026-08-08 02:30:42,02:00,906987379684182,1팀,120250649570130200,07.크리스피(ASC)(하이브리드)_TROAS_A+SC캠페인_구매최적화_값_표준기여_3078_260802_AI,1995,0,0,0
2026-08-08 02:30:42,02:00,906987379684182,1팀,120250649570180200,07.크리스피(ASC)(하이브리드)_A+SC캠페인_구매최적화_수_표준기여_3078_260802_AI,516,0,0,0
2026-08-08 02:30:42,02:00,906987379684182,1팀,120250856737330200,77.프로모션(ASC)(통크크)_TROAS_A+SC캠페인_구매최적화_값_표준기여_260806,3348,0,0,0
2026-08-08 02:30:42,02:00,906987379684182,1팀,120250856737340200,77.프로모션(ASC)(통크크)_TCPA_A+SC캠페인_ALL_C7_수_표준기여_260806,925,0,0,0
2026-08-08 02:30:42,02:00,906987379684182,1팀,120250856737350200,77.프로모션(ASC)(통크크)_A+SC캠페인_구매최적화_수_표준기여_260806,1145,0,0,0
2026-08-08 02:30:42,02:00,906987379684182,1팀,120250859367430200,20.김자반밥바(ASC)(하이브리드)_A+SC캠페인_구매최적화_수_가치조정_3159_260806,798,0,0,0
2026-08-08 02:30:42,02:00,906987379684182,1팀,120250859367440200,20.김자반밥바(ASC)(하이브리드)_TCPA_A+SC캠페인_ALL_C7_수_표준기여_3159_260806,386,0,0,0
2026-08-08 02:30:42,02:00,906987379684182,1팀,120250859367470200,20.김자반밥바(ASC)(하이브리드)_TROAS_A+SC캠페인_구매최적화_값_표준기여_3159_260806,546,0,0,0
2026-08-08 02:31:47,02:00,906987379684182,1팀,120228320649100200,01.통살(ASC)(101010)_TCPA16000_A+SC 캠페인_ALL_V1C7_수_표준기여_2336,488,0,0,0
2026-08-08 02:31:47,02:00,906987379684182,1팀,120228788396590200,01.통살(ASC)(메가딜)_TCPA20000_A+SC 캠페인_ALL_V1C7_수_표준기여_1874,3321,0,0,0
2026-08-08 02:31:47,02:00,906987379684182,1팀,120230755324960200,07.크리스피(ASC)(메가딜)_A+SC 캠페인_구매최적화_수_표준기여_2464,514,0,0,0
2026-08-08 02:31:47,02:00,906987379684182,1팀,120237509836570200,07.크리스피(ASC)(메가딜)_TCPA16000_A+SC 캠페인_ALL_수_표준기여_2464,2396,0,0,0
2026-08-08 02:31:47,02:00,906987379684182,1팀,120243001852340200,01.통살(ASC)(101010)_TCPA16000_A+SC 캠페인_ALL_V1C7_수_표준기여_2336_02,792,0,0,0
2026-08-08 02:31:47,02:00,906987379684182,1팀,120243258462660200,07.크리스피(ASC)(101010)_A+SC 캠페인_구매최적화_수_표준기여_2659_260322,2902,0,0,0
2026-08-08 02:31:47,02:00,906987379684182,1팀,120243592510760200,16.안심크리스피(ASC)(메가딜)_TCPA14000_A+SC 캠페인_ALL_C7_수_표준기여_2863_260327,973,0,0,0
2026-08-08 02:31:47,02:00,906987379684182,1팀,120244042753880200,07.크리스피(ASC)(메가딜)_TCPA16000_A+SC 캠페인_ALL_수_표준기여_2464_260403,507,0,0,0
2026-08-08 02:31:47,02:00,906987379684182,1팀,120244128322750200,01.통살(ASC)(101010)_TCPA16000_A+SC 캠페인_ALL_V1C7_수_표준기여_2336_03,574,0,0,0
2026-08-08 02:31:47,02:00,906987379684182,1팀,120244130427210200,07.크리스피(ASC)(메가딜)_A+SC 캠페인_구매최적화_수_표준기여_2464_260404,1601,0,0,0
2026-08-08 02:31:47,02:00,906987379684182,1팀,120244370408130200,17.안심볶음밥(ASC)(메가딜)_TCPA_A+SC 캠페인_ALL_C7_수_표준기여_2903_260409,402,0,0,0
2026-08-08 02:31:47,02:00,906987379684182,1팀,120244785115700200,07.크리스피(ASC)(메가딜)_A+SC 캠페인_구매최적화_수_표준기여_2464_260416_intern,672,0,0,0
2026-08-08 02:31:47,02:00,906987379684182,1팀,120244785115970200,07.크리스피(ASC)(메가딜)_TCPA14000_A+SC 캠페인_ALL_C7_수_표준기여_2464_260416_intern,1464,0,0,0
2026-08-08 02:31:47,02:00,906987379684182,1팀,120246157174550200,17.안심볶음밥(ASC)(메가딜)_A+SC 캠페인_구매최적화_수_표준기여_2903_260507_남자,667,0,0,0
2026-08-08 02:31:47,02:00,906987379684182,1팀,120246224683700200,17.안심볶음밥(ASC)(메가딜)_A+SC 캠페인_구매최적화_수_표준기여_2903_260507_남자_02,405,0,0,0
2026-08-08 02:31:47,02:00,906987379684182,1팀,120246397028850200,07.크리스피(ASC)(통합)_A+SC 캠페인_구매최적화_수_표준기여_통합_260511,1755,0,0,0
2026-08-08 02:31:47,02:00,906987379684182,1팀,120246898203940200,03.닭다리살(ASC)(1010)_A+SC캠페인_구매최적화_수_표준기여_2604_260519,1063,0,0,0
2026-08-08 02:31:47,02:00,906987379684182,1팀,120246898384670200,03.닭다리살(ASC)(1010)_TROAS_A+SC캠페인_구매최적화_값_표준기여_2604_260519,8702,0,0,0
2026-08-08 02:31:47,02:00,906987379684182,1팀,120247354343980200,20.김자반밥바(ASC)(메가딜)_TCPA_A+SC캠페인_ALL_C7_수_표준기여_3003_260527,2236,0,0,0
2026-08-08 02:31:47,02:00,906987379684182,1팀,120247354558020200,20.김자반밥바(ASC)(메가딜)_A+SC캠페인_구매최적화_수_표준기여_3003_260527,745,0,0,0
2026-08-08 02:31:47,02:00,906987379684182,1팀,120247379361950200,07.크리스피(ASC)(1010)_A+SC캠페인_구매최적화_수_표준기여_2992_260527,498,0,0,0
2026-08-08 02:31:47,02:00,906987379684182,1팀,120247379587080200,07.크리스피(ASC)(1010)_TROAS_A+SC캠페인_구매최적화_값_표준기여_2992_260527,876,0,0,0
2026-08-08 02:31:47,02:00,906987379684182,1팀,120247842896910200,20.김자반밥바(ASC)(메가딜)_A+SC캠페인_구매최적화_수_표준기여_3003_260603,4298,0,0,0
2026-08-08 02:31:47,02:00,906987379684182,1팀,120248207670120200,17.안심볶음밥(ASC)(메가딜)_A+SC 캠페인_구매최적화_수_표준기여_2903_260609_남자(가치조정),799,0,0,0
2026-08-08 02:31:47,02:00,906987379684182,1팀,120248361514480200,01.통살(ASC)(하이브리드)_TCPA_A+SC캠페인_ALL_C7_수_표준기여_3028_260611,462,0,0,0
2026-08-08 02:31:47,02:00,906987379684182,1팀,120248361514580200,01.통살(ASC)(하이브리드)_TROAS_A+SC캠페인_구매최적화_값_표준기여_3028_260611,548,0,0,0
2026-08-08 02:31:47,02:00,906987379684182,1팀,120248762624470200,17.안심볶음밥(ASC)(메가딜)_TROAS_A+SC캠페인_구매최적화_값_표준기여_2903_260705,1333,0,0,0
2026-08-08 02:31:47,02:00,906987379684182,1팀,120248762761370200,17.안심볶음밥(ASC)(메가딜)_A+SC캠페인_구매최적화_수_표준기여_2903_260705,980,0,0,0
2026-08-08 02:31:47,02:00,906987379684182,1팀,120248762858730200,16.안심크리스피(ASC)(메가딜)_A+SC 캠페인_구매최적화_수_표준기여_2908_260720(페르소나),1676,0,0,0
2026-08-08 02:31:47,02:00,906987379684182,1팀,120248763306900200,16.안심크리스피(ASC)(메가딜)_TCPA_A+SC캠페인_ALL_C7_수_표준기여_2908_260621,757,0,0,0
2026-08-08 02:31:47,02:00,906987379684182,1팀,120248763797300200,21.통살+그릴드(ASC)(메가딜)_TROAS_A+SC캠페인_구매최적화_값_표준기여_3068_260617,948,0,0,0
2026-08-08 02:31:47,02:00,906987379684182,1팀,120248763797350200,21.통살+그릴드(ASC)(메가딜)_A+SC캠페인_구매최적화_수_표준기여_3068_260617,314,0,0,0
2026-08-08 02:31:47,02:00,906987379684182,1팀,120249317264110200,07.크리스피(ASC)(하이브리드)_A+SC캠페인_구매최적화_수_표준기여_3078_260713,2187,0,0,0
2026-08-08 02:31:47,02:00,906987379684182,1팀,120249317264120200,07.크리스피(ASC)(하이브리드)_TCPA_A+SC캠페인_ALL_C7_수_표준기여_3078_260713,1215,0,0,0
2026-08-08 02:31:47,02:00,906987379684182,1팀,120249317264140200,07.크리스피(ASC)(하이브리드)_TROAS_A+SC캠페인_구매최적화_값_표준기여_3078_260713,9376,0,0,0
2026-08-08 02:31:47,02:00,906987379684182,1팀,120249873291990200,07.크리스피(ASC)(1010)_TROAS_A+SC캠페인_구매최적화_값_표준기여_2992_260705,576,0,0,0
2026-08-08 02:31:47,02:00,906987379684182,1팀,120249873905240200,07.크리스피(ASC)(101010)_TROAS_A+SC캠페인_구매최적화_값_표준기여_2659_260705,636,0,0,0
2026-08-08 02:31:47,02:00,906987379684182,1팀,120249875227840200,16.안심크리스피(ASC)(메가딜)_A+SC캠페인_구매최적화_수_표준기여_2908_260705,338,0,0,0
2026-08-08 02:31:47,02:00,906987379684182,1팀,120249875227870200,16.안심크리스피(ASC)(메가딜)_TCPA_A+SC캠페인_ALL_C7_수_표준기여_2908_260705,91,0,0,0
2026-08-08 02:31:47,02:00,906987379684182,1팀,120249876219490200,20.김자반밥바(ASC)(메가딜)_A+SC캠페인_구매최적화_수_표준기여_3003_260705,309,0,0,0
2026-08-08 02:31:47,02:00,906987379684182,1팀,120249876219520200,20.김자반밥바(ASC)(메가딜)_TROAS_A+SC캠페인_구매최적화_값_표준기여_3003_260705,947,0,0,0
2026-08-08 02:31:47,02:00,906987379684182,1팀,120249878429160200,01.통살(ASC)(하이브리드)_TROAS_A+SC캠페인_구매최적화_값_표준기여_3028_260705,1230,0,0,0
2026-08-08 02:31:47,02:00,906987379684182,1팀,120249878429240200,01.통살(ASC)(하이브리드)_A+SC캠페인_구매최적화_수_표준기여_3028_260705,206,0,0,0
2026-08-08 02:31:47,02:00,906987379684182,1팀,120250098930220200,01.통살(ASC)(101010)_TROAS_A+SC캠페인_구매최적화_값_표준기여_2336_260712,2893,0,0,0
2026-08-08 02:31:47,02:00,906987379684182,1팀,120250099159310200,07.크리스피(ASC)(메가딜)_A+SC캠페인_구매최적화_수_표준기여_2464_260712,607,0,0,0
2026-08-08 02:31:47,02:00,906987379684182,1팀,120250099159320200,07.크리스피(ASC)(메가딜)_TROAS_A+SC캠페인_구매최적화_값_표준기여_2464_260712,3400,0,0,0
2026-08-08 02:31:47,02:00,906987379684182,1팀,120250099159330200,07.크리스피(ASC)(메가딜)_TCPA_A+SC캠페인_ALL_C7_수_표준기여_2464_260712,557,0,0,0
2026-08-08 02:31:47,02:00,906987379684182,1팀,120250099335020200,77.프로모션(ASC)(줄리엔강)_TCPA_A+SC캠페인_ALL_C7_수_표준기여_260713,995,0,0,0
2026-08-08 02:31:47,02:00,906987379684182,1팀,120250099335030200,77.프로모션(ASC)(줄리엔강)_TROAS_A+SC캠페인_구매최적화_값_표준기여_260713,377,0,0,0
2026-08-08 02:31:47,02:00,906987379684182,1팀,120250268133470200,03.닭다리살(ASC)(하이브리드)_TROAS_A+SC캠페인_구매최적화_값_표준기여_3111_260726,708,0,0,0
2026-08-08 02:31:47,02:00,906987379684182,1팀,120250444210730200,20.김자반밥바(ASC)(하이브리드)_TROAS_A+SC캠페인_구매최적화_값_표준기여_3159_260726,572,0,0,0
2026-08-08 02:31:47,02:00,906987379684182,1팀,120250444210740200,20.김자반밥바(ASC)(하이브리드)_A+SC캠페인_구매최적화_수_표준기여_3159_260726,302,0,0,0
2026-08-08 02:31:47,02:00,906987379684182,1팀,120250444210900200,20.김자반밥바(ASC)(하이브리드)_TCPA_A+SC캠페인_ALL_C7_수_표준기여_3159_260726,385,0,0,0
2026-08-08 02:31:47,02:00,906987379684182,1팀,120250444423310200,21.통살+그릴드(ASC)(하이브리드)_TROAS_A+SC캠페인_구매최적화_값_표준기여_3162_260726,1046,0,0,0
2026-08-08 02:31:47,02:00,906987379684182,1팀,120250444423320200,21.통살+그릴드(ASC)(하이브리드)_TCPA_A+SC캠페인_ALL_C7_수_표준기여_3162_260726,203,0,0,0
2026-08-08 02:31:47,02:00,906987379684182,1팀,120250444423330200,21.통살+그릴드(ASC)(하이브리드)_A+SC캠페인_구매최적화_수_표준기여_3162_260726,558,0,0,0
2026-08-08 02:31:47,02:00,906987379684182,1팀,120250475752460200,07.크리스피(ASC)(하이브리드)_TROAS_A+SC캠페인_구매최적화_값_표준기여_3078_260722(페르소나),219,0,0,0
2026-08-08 02:31:47,02:00,906987379684182,1팀,120250614451020200,07.크리스피(ASC)(하이브리드)_A+SC캠페인_구매최적화_수_표준기여_3078_260728,558,0,0,0
2026-08-08 02:31:47,02:00,906987379684182,1팀,120250614451040200,07.크리스피(ASC)(하이브리드)_TROAS_A+SC캠페인_구매최적화_값_표준기여_3078_260728,2641,0,0,0
2026-08-08 02:31:47,02:00,906987379684182,1팀,120250649570130200,07.크리스피(ASC)(하이브리드)_TROAS_A+SC캠페인_구매최적화_값_표준기여_3078_260802_AI,1995,0,0,0
2026-08-08 02:31:47,02:00,906987379684182,1팀,120250649570180200,07.크리스피(ASC)(하이브리드)_A+SC캠페인_구매최적화_수_표준기여_3078_260802_AI,516,0,0,0
2026-08-08 02:31:47,02:00,906987379684182,1팀,120250856737330200,77.프로모션(ASC)(통크크)_TROAS_A+SC캠페인_구매최적화_값_표준기여_260806,3348,0,0,0
2026-08-08 02:31:47,02:00,906987379684182,1팀,120250856737340200,77.프로모션(ASC)(통크크)_TCPA_A+SC캠페인_ALL_C7_수_표준기여_260806,925,0,0,0
2026-08-08 02:31:47,02:00,906987379684182,1팀,120250856737350200,77.프로모션(ASC)(통크크)_A+SC캠페인_구매최적화_수_표준기여_260806,1145,0,0,0
2026-08-08 02:31:47,02:00,906987379684182,1팀,120250859367430200,20.김자반밥바(ASC)(하이브리드)_A+SC캠페인_구매최적화_수_가치조정_3159_260806,798,0,0,0
2026-08-08 02:31:47,02:00,906987379684182,1팀,120250859367440200,20.김자반밥바(ASC)(하이브리드)_TCPA_A+SC캠페인_ALL_C7_수_표준기여_3159_260806,386,0,0,0
2026-08-08 02:31:47,02:00,906987379684182,1팀,120250859367470200,20.김자반밥바(ASC)(하이브리드)_TROAS_A+SC캠페인_구매최적화_값_표준기여_3159_260806,546,0,0,0
2026-08-08 03:28:07,03:00,906987379684182,1팀,120228320649100200,01.통살(ASC)(101010)_TCPA16000_A+SC 캠페인_ALL_V1C7_수_표준기여_2336,587,0,0,0
2026-08-08 03:28:07,03:00,906987379684182,1팀,120228788396590200,01.통살(ASC)(메가딜)_TCPA20000_A+SC 캠페인_ALL_V1C7_수_표준기여_1874,2416,0,0,0
2026-08-08 03:28:07,03:00,906987379684182,1팀,120230755324960200,07.크리스피(ASC)(메가딜)_A+SC 캠페인_구매최적화_수_표준기여_2464,547,0,0,0
2026-08-08 03:28:07,03:00,906987379684182,1팀,120237509836570200,07.크리스피(ASC)(메가딜)_TCPA16000_A+SC 캠페인_ALL_수_표준기여_2464,1196,0,0,0
2026-08-08 03:28:07,03:00,906987379684182,1팀,120243001852340200,01.통살(ASC)(101010)_TCPA16000_A+SC 캠페인_ALL_V1C7_수_표준기여_2336_02,471,0,0,0
2026-08-08 03:28:07,03:00,906987379684182,1팀,120243258462660200,07.크리스피(ASC)(101010)_A+SC 캠페인_구매최적화_수_표준기여_2659_260322,1090,0,0,0
2026-08-08 03:28:07,03:00,906987379684182,1팀,120243592510760200,16.안심크리스피(ASC)(메가딜)_TCPA14000_A+SC 캠페인_ALL_C7_수_표준기여_2863_260327,588,0,0,0
2026-08-08 03:28:07,03:00,906987379684182,1팀,120244042753880200,07.크리스피(ASC)(메가딜)_TCPA16000_A+SC 캠페인_ALL_수_표준기여_2464_260403,488,0,0,0
2026-08-08 03:28:07,03:00,906987379684182,1팀,120244128322750200,01.통살(ASC)(101010)_TCPA16000_A+SC 캠페인_ALL_V1C7_수_표준기여_2336_03,238,0,0,0
2026-08-08 03:28:07,03:00,906987379684182,1팀,120244130427210200,07.크리스피(ASC)(메가딜)_A+SC 캠페인_구매최적화_수_표준기여_2464_260404,1186,0,0,0
2026-08-08 03:28:07,03:00,906987379684182,1팀,120244370408130200,17.안심볶음밥(ASC)(메가딜)_TCPA_A+SC 캠페인_ALL_C7_수_표준기여_2903_260409,500,0,0,0
2026-08-08 03:28:07,03:00,906987379684182,1팀,120244785115700200,07.크리스피(ASC)(메가딜)_A+SC 캠페인_구매최적화_수_표준기여_2464_260416_intern,777,0,0,0
2026-08-08 03:28:07,03:00,906987379684182,1팀,120244785115970200,07.크리스피(ASC)(메가딜)_TCPA14000_A+SC 캠페인_ALL_C7_수_표준기여_2464_260416_intern,1181,0,0,0
2026-08-08 03:28:07,03:00,906987379684182,1팀,120246157174550200,17.안심볶음밥(ASC)(메가딜)_A+SC 캠페인_구매최적화_수_표준기여_2903_260507_남자,469,0,0,0
2026-08-08 03:28:07,03:00,906987379684182,1팀,120246224683700200,17.안심볶음밥(ASC)(메가딜)_A+SC 캠페인_구매최적화_수_표준기여_2903_260507_남자_02,147,0,0,0
2026-08-08 03:28:07,03:00,906987379684182,1팀,120246397028850200,07.크리스피(ASC)(통합)_A+SC 캠페인_구매최적화_수_표준기여_통합_260511,1121,0,0,0
2026-08-08 03:28:07,03:00,906987379684182,1팀,120246898203940200,03.닭다리살(ASC)(1010)_A+SC캠페인_구매최적화_수_표준기여_2604_260519,525,0,0,0
2026-08-08 03:28:07,03:00,906987379684182,1팀,120246898384670200,03.닭다리살(ASC)(1010)_TROAS_A+SC캠페인_구매최적화_값_표준기여_2604_260519,6610,1,50900,770.0453857791225
2026-08-08 03:28:07,03:00,906987379684182,1팀,120247354343980200,20.김자반밥바(ASC)(메가딜)_TCPA_A+SC캠페인_ALL_C7_수_표준기여_3003_260527,1886,0,0,0
2026-08-08 03:28:07,03:00,906987379684182,1팀,120247354558020200,20.김자반밥바(ASC)(메가딜)_A+SC캠페인_구매최적화_수_표준기여_3003_260527,477,0,0,0
2026-08-08 03:28:07,03:00,906987379684182,1팀,120247379361950200,07.크리스피(ASC)(1010)_A+SC캠페인_구매최적화_수_표준기여_2992_260527,421,0,0,0
2026-08-08 03:28:07,03:00,906987379684182,1팀,120247379587080200,07.크리스피(ASC)(1010)_TROAS_A+SC캠페인_구매최적화_값_표준기여_2992_260527,380,0,0,0
2026-08-08 03:28:07,03:00,906987379684182,1팀,120247842896910200,20.김자반밥바(ASC)(메가딜)_A+SC캠페인_구매최적화_수_표준기여_3003_260603,3038,0,0,0
2026-08-08 03:28:07,03:00,906987379684182,1팀,120248207670120200,17.안심볶음밥(ASC)(메가딜)_A+SC 캠페인_구매최적화_수_표준기여_2903_260609_남자(가치조정),967,0,0,0
2026-08-08 03:28:07,03:00,906987379684182,1팀,120248361514480200,01.통살(ASC)(하이브리드)_TCPA_A+SC캠페인_ALL_C7_수_표준기여_3028_260611,180,0,0,0
2026-08-08 03:28:07,03:00,906987379684182,1팀,120248361514580200,01.통살(ASC)(하이브리드)_TROAS_A+SC캠페인_구매최적화_값_표준기여_3028_260611,374,0,0,0
2026-08-08 03:28:07,03:00,906987379684182,1팀,120248762624190200,17.안심볶음밥(ASC)(메가딜)_TCPA_A+SC캠페인_ALL_C7_수_표준기여_2903_260705,3,0,0,0
2026-08-08 03:28:07,03:00,906987379684182,1팀,120248762624470200,17.안심볶음밥(ASC)(메가딜)_TROAS_A+SC캠페인_구매최적화_값_표준기여_2903_260705,979,0,0,0
2026-08-08 03:28:07,03:00,906987379684182,1팀,120248762761370200,17.안심볶음밥(ASC)(메가딜)_A+SC캠페인_구매최적화_수_표준기여_2903_260705,540,0,0,0
2026-08-08 03:28:07,03:00,906987379684182,1팀,120248762858730200,16.안심크리스피(ASC)(메가딜)_A+SC 캠페인_구매최적화_수_표준기여_2908_260720(페르소나),580,0,0,0
2026-08-08 03:28:07,03:00,906987379684182,1팀,120248763306900200,16.안심크리스피(ASC)(메가딜)_TCPA_A+SC캠페인_ALL_C7_수_표준기여_2908_260621,458,0,0,0
2026-08-08 03:28:07,03:00,906987379684182,1팀,120248763797300200,21.통살+그릴드(ASC)(메가딜)_TROAS_A+SC캠페인_구매최적화_값_표준기여_3068_260617,560,0,0,0
2026-08-08 03:28:07,03:00,906987379684182,1팀,120248763797350200,21.통살+그릴드(ASC)(메가딜)_A+SC캠페인_구매최적화_수_표준기여_3068_260617,396,0,0,0
2026-08-08 03:28:07,03:00,906987379684182,1팀,120249317264110200,07.크리스피(ASC)(하이브리드)_A+SC캠페인_구매최적화_수_표준기여_3078_260713,1491,0,0,0
2026-08-08 03:28:07,03:00,906987379684182,1팀,120249317264120200,07.크리스피(ASC)(하이브리드)_TCPA_A+SC캠페인_ALL_C7_수_표준기여_3078_260713,756,0,0,0
2026-08-08 03:28:07,03:00,906987379684182,1팀,120249317264140200,07.크리스피(ASC)(하이브리드)_TROAS_A+SC캠페인_구매최적화_값_표준기여_3078_260713,7254,0,0,0
2026-08-08 03:28:07,03:00,906987379684182,1팀,120249873291990200,07.크리스피(ASC)(1010)_TROAS_A+SC캠페인_구매최적화_값_표준기여_2992_260705,312,0,0,0
2026-08-08 03:28:07,03:00,906987379684182,1팀,120249873905240200,07.크리스피(ASC)(101010)_TROAS_A+SC캠페인_구매최적화_값_표준기여_2659_260705,476,0,0,0
2026-08-08 03:28:07,03:00,906987379684182,1팀,120249873905280200,07.크리스피(ASC)(101010)_A+SC캠페인_구매최적화_수_표준기여_2659_260705,537,0,0,0
2026-08-08 03:28:07,03:00,906987379684182,1팀,120249875227840200,16.안심크리스피(ASC)(메가딜)_A+SC캠페인_구매최적화_수_표준기여_2908_260705,619,0,0,0
2026-08-08 03:28:07,03:00,906987379684182,1팀,120249875227870200,16.안심크리스피(ASC)(메가딜)_TCPA_A+SC캠페인_ALL_C7_수_표준기여_2908_260705,76,0,0,0
2026-08-08 03:28:07,03:00,906987379684182,1팀,120249876219490200,20.김자반밥바(ASC)(메가딜)_A+SC캠페인_구매최적화_수_표준기여_3003_260705,397,0,0,0
2026-08-08 03:28:07,03:00,906987379684182,1팀,120249876219520200,20.김자반밥바(ASC)(메가딜)_TROAS_A+SC캠페인_구매최적화_값_표준기여_3003_260705,559,0,0,0
2026-08-08 03:28:07,03:00,906987379684182,1팀,120249878429160200,01.통살(ASC)(하이브리드)_TROAS_A+SC캠페인_구매최적화_값_표준기여_3028_260705,972,0,0,0
2026-08-08 03:28:07,03:00,906987379684182,1팀,120249878429240200,01.통살(ASC)(하이브리드)_A+SC캠페인_구매최적화_수_표준기여_3028_260705,125,0,0,0
2026-08-08 03:28:07,03:00,906987379684182,1팀,120250098930220200,01.통살(ASC)(101010)_TROAS_A+SC캠페인_구매최적화_값_표준기여_2336_260712,1810,0,0,0
2026-08-08 03:28:07,03:00,906987379684182,1팀,120250099159310200,07.크리스피(ASC)(메가딜)_A+SC캠페인_구매최적화_수_표준기여_2464_260712,263,0,0,0
2026-08-08 03:28:07,03:00,906987379684182,1팀,120250099159320200,07.크리스피(ASC)(메가딜)_TROAS_A+SC캠페인_구매최적화_값_표준기여_2464_260712,2646,0,0,0
2026-08-08 03:28:07,03:00,906987379684182,1팀,120250099159330200,07.크리스피(ASC)(메가딜)_TCPA_A+SC캠페인_ALL_C7_수_표준기여_2464_260712,458,0,0,0
2026-08-08 03:28:07,03:00,906987379684182,1팀,120250099335020200,77.프로모션(ASC)(줄리엔강)_TCPA_A+SC캠페인_ALL_C7_수_표준기여_260713,554,0,0,0
2026-08-08 03:28:07,03:00,906987379684182,1팀,120250099335030200,77.프로모션(ASC)(줄리엔강)_TROAS_A+SC캠페인_구매최적화_값_표준기여_260713,366,0,0,0
2026-08-08 03:28:07,03:00,906987379684182,1팀,120250268133470200,03.닭다리살(ASC)(하이브리드)_TROAS_A+SC캠페인_구매최적화_값_표준기여_3111_260726,630,0,0,0
2026-08-08 03:28:07,03:00,906987379684182,1팀,120250444210730200,20.김자반밥바(ASC)(하이브리드)_TROAS_A+SC캠페인_구매최적화_값_표준기여_3159_260726,348,0,0,0
2026-08-08 03:28:07,03:00,906987379684182,1팀,120250444210740200,20.김자반밥바(ASC)(하이브리드)_A+SC캠페인_구매최적화_수_표준기여_3159_260726,176,0,0,0
2026-08-08 03:28:07,03:00,906987379684182,1팀,120250444210900200,20.김자반밥바(ASC)(하이브리드)_TCPA_A+SC캠페인_ALL_C7_수_표준기여_3159_260726,400,0,0,0
2026-08-08 03:28:07,03:00,906987379684182,1팀,120250444423310200,21.통살+그릴드(ASC)(하이브리드)_TROAS_A+SC캠페인_구매최적화_값_표준기여_3162_260726,614,0,0,0
2026-08-08 03:28:07,03:00,906987379684182,1팀,120250444423320200,21.통살+그릴드(ASC)(하이브리드)_TCPA_A+SC캠페인_ALL_C7_수_표준기여_3162_260726,126,0,0,0
2026-08-08 03:28:07,03:00,906987379684182,1팀,120250444423330200,21.통살+그릴드(ASC)(하이브리드)_A+SC캠페인_구매최적화_수_표준기여_3162_260726,355,0,0,0
2026-08-08 03:28:07,03:00,906987379684182,1팀,120250475752460200,07.크리스피(ASC)(하이브리드)_TROAS_A+SC캠페인_구매최적화_값_표준기여_3078_260722(페르소나),281,0,0,0
2026-08-08 03:28:07,03:00,906987379684182,1팀,120250614451020200,07.크리스피(ASC)(하이브리드)_A+SC캠페인_구매최적화_수_표준기여_3078_260728,98,0,0,0
2026-08-08 03:28:07,03:00,906987379684182,1팀,120250614451040200,07.크리스피(ASC)(하이브리드)_TROAS_A+SC캠페인_구매최적화_값_표준기여_3078_260728,1028,0,0,0
2026-08-08 03:28:07,03:00,906987379684182,1팀,120250649570130200,07.크리스피(ASC)(하이브리드)_TROAS_A+SC캠페인_구매최적화_값_표준기여_3078_260802_AI,802,0,0,0
2026-08-08 03:28:07,03:00,906987379684182,1팀,120250649570180200,07.크리스피(ASC)(하이브리드)_A+SC캠페인_구매최적화_수_표준기여_3078_260802_AI,412,0,0,0
2026-08-08 03:28:07,03:00,906987379684182,1팀,120250856737330200,77.프로모션(ASC)(통크크)_TROAS_A+SC캠페인_구매최적화_값_표준기여_260806,2219,1,40900,1843.1726002703922
2026-08-08 03:28:07,03:00,906987379684182,1팀,120250856737340200,77.프로모션(ASC)(통크크)_TCPA_A+SC캠페인_ALL_C7_수_표준기여_260806,604,0,0,0
2026-08-08 03:28:07,03:00,906987379684182,1팀,120250856737350200,77.프로모션(ASC)(통크크)_A+SC캠페인_구매최적화_수_표준기여_260806,1161,0,0,0
2026-08-08 03:28:07,03:00,906987379684182,1팀,120250859367430200,20.김자반밥바(ASC)(하이브리드)_A+SC캠페인_구매최적화_수_가치조정_3159_260806,367,0,0,0
2026-08-08 03:28:07,03:00,906987379684182,1팀,120250859367440200,20.김자반밥바(ASC)(하이브리드)_TCPA_A+SC캠페인_ALL_C7_수_표준기여_3159_260806,197,0,0,0
2026-08-08 03:28:07,03:00,906987379684182,1팀,120250859367470200,20.김자반밥바(ASC)(하이브리드)_TROAS_A+SC캠페인_구매최적화_값_표준기여_3159_260806,137,0,0,0
2026-08-08 03:30:37,03:00,906987379684182,1팀,120228320649100200,01.통살(ASC)(101010)_TCPA16000_A+SC 캠페인_ALL_V1C7_수_표준기여_2336,669,0,0,0
2026-08-08 03:30:37,03:00,906987379684182,1팀,120228788396590200,01.통살(ASC)(메가딜)_TCPA20000_A+SC 캠페인_ALL_V1C7_수_표준기여_1874,2795,0,0,0
2026-08-08 03:30:37,03:00,906987379684182,1팀,120230755324960200,07.크리스피(ASC)(메가딜)_A+SC 캠페인_구매최적화_수_표준기여_2464,615,0,0,0
2026-08-08 03:30:37,03:00,906987379684182,1팀,120237509836570200,07.크리스피(ASC)(메가딜)_TCPA16000_A+SC 캠페인_ALL_수_표준기여_2464,1449,0,0,0
2026-08-08 03:30:37,03:00,906987379684182,1팀,120243001852340200,01.통살(ASC)(101010)_TCPA16000_A+SC 캠페인_ALL_V1C7_수_표준기여_2336_02,489,0,0,0
2026-08-08 03:30:37,03:00,906987379684182,1팀,120243258462660200,07.크리스피(ASC)(101010)_A+SC 캠페인_구매최적화_수_표준기여_2659_260322,1318,0,0,0
2026-08-08 03:30:37,03:00,906987379684182,1팀,120243592510760200,16.안심크리스피(ASC)(메가딜)_TCPA14000_A+SC 캠페인_ALL_C7_수_표준기여_2863_260327,799,0,0,0
2026-08-08 03:30:37,03:00,906987379684182,1팀,120244042753880200,07.크리스피(ASC)(메가딜)_TCPA16000_A+SC 캠페인_ALL_수_표준기여_2464_260403,547,0,0,0
2026-08-08 03:30:37,03:00,906987379684182,1팀,120244128322750200,01.통살(ASC)(101010)_TCPA16000_A+SC 캠페인_ALL_V1C7_수_표준기여_2336_03,256,0,0,0
2026-08-08 03:30:37,03:00,906987379684182,1팀,120244130427210200,07.크리스피(ASC)(메가딜)_A+SC 캠페인_구매최적화_수_표준기여_2464_260404,1361,0,0,0
2026-08-08 03:30:37,03:00,906987379684182,1팀,120244370408130200,17.안심볶음밥(ASC)(메가딜)_TCPA_A+SC 캠페인_ALL_C7_수_표준기여_2903_260409,553,0,0,0
2026-08-08 03:30:37,03:00,906987379684182,1팀,120244785115700200,07.크리스피(ASC)(메가딜)_A+SC 캠페인_구매최적화_수_표준기여_2464_260416_intern,822,0,0,0
2026-08-08 03:30:37,03:00,906987379684182,1팀,120244785115970200,07.크리스피(ASC)(메가딜)_TCPA14000_A+SC 캠페인_ALL_C7_수_표준기여_2464_260416_intern,1331,0,0,0
2026-08-08 03:30:37,03:00,906987379684182,1팀,120246157174550200,17.안심볶음밥(ASC)(메가딜)_A+SC 캠페인_구매최적화_수_표준기여_2903_260507_남자,535,0,0,0
2026-08-08 03:30:37,03:00,906987379684182,1팀,120246224683700200,17.안심볶음밥(ASC)(메가딜)_A+SC 캠페인_구매최적화_수_표준기여_2903_260507_남자_02,197,0,0,0
2026-08-08 03:30:37,03:00,906987379684182,1팀,120246397028850200,07.크리스피(ASC)(통합)_A+SC 캠페인_구매최적화_수_표준기여_통합_260511,1324,0,0,0
2026-08-08 03:30:37,03:00,906987379684182,1팀,120246898203940200,03.닭다리살(ASC)(1010)_A+SC캠페인_구매최적화_수_표준기여_2604_260519,568,0,0,0
2026-08-08 03:30:37,03:00,906987379684182,1팀,120246898384670200,03.닭다리살(ASC)(1010)_TROAS_A+SC캠페인_구매최적화_값_표준기여_2604_260519,7694,1,50900,661.5544580192358
2026-08-08 03:30:37,03:00,906987379684182,1팀,120247354343980200,20.김자반밥바(ASC)(메가딜)_TCPA_A+SC캠페인_ALL_C7_수_표준기여_3003_260527,1913,0,0,0
2026-08-08 03:30:37,03:00,906987379684182,1팀,120247354558020200,20.김자반밥바(ASC)(메가딜)_A+SC캠페인_구매최적화_수_표준기여_3003_260527,513,0,0,0
2026-08-08 03:30:37,03:00,906987379684182,1팀,120247379361950200,07.크리스피(ASC)(1010)_A+SC캠페인_구매최적화_수_표준기여_2992_260527,476,0,0,0
2026-08-08 03:30:37,03:00,906987379684182,1팀,120247379587080200,07.크리스피(ASC)(1010)_TROAS_A+SC캠페인_구매최적화_값_표준기여_2992_260527,408,0,0,0
2026-08-08 03:30:37,03:00,906987379684182,1팀,120247842896910200,20.김자반밥바(ASC)(메가딜)_A+SC캠페인_구매최적화_수_표준기여_3003_260603,3290,0,0,0
2026-08-08 03:30:37,03:00,906987379684182,1팀,120248207670120200,17.안심볶음밥(ASC)(메가딜)_A+SC 캠페인_구매최적화_수_표준기여_2903_260609_남자(가치조정),1293,0,0,0
2026-08-08 03:30:37,03:00,906987379684182,1팀,120248361514480200,01.통살(ASC)(하이브리드)_TCPA_A+SC캠페인_ALL_C7_수_표준기여_3028_260611,206,0,0,0
2026-08-08 03:30:37,03:00,906987379684182,1팀,120248361514580200,01.통살(ASC)(하이브리드)_TROAS_A+SC캠페인_구매최적화_값_표준기여_3028_260611,444,0,0,0
2026-08-08 03:30:37,03:00,906987379684182,1팀,120248762624190200,17.안심볶음밥(ASC)(메가딜)_TCPA_A+SC캠페인_ALL_C7_수_표준기여_2903_260705,3,0,0,0
2026-08-08 03:30:37,03:00,906987379684182,1팀,120248762624470200,17.안심볶음밥(ASC)(메가딜)_TROAS_A+SC캠페인_구매최적화_값_표준기여_2903_260705,1107,0,0,0
2026-08-08 03:30:37,03:00,906987379684182,1팀,120248762761370200,17.안심볶음밥(ASC)(메가딜)_A+SC캠페인_구매최적화_수_표준기여_2903_260705,922,0,0,0
2026-08-08 03:30:37,03:00,906987379684182,1팀,120248762858730200,16.안심크리스피(ASC)(메가딜)_A+SC 캠페인_구매최적화_수_표준기여_2908_260720(페르소나),675,0,0,0
2026-08-08 03:30:37,03:00,906987379684182,1팀,120248763306900200,16.안심크리스피(ASC)(메가딜)_TCPA_A+SC캠페인_ALL_C7_수_표준기여_2908_260621,502,0,0,0
2026-08-08 03:30:37,03:00,906987379684182,1팀,120248763797300200,21.통살+그릴드(ASC)(메가딜)_TROAS_A+SC캠페인_구매최적화_값_표준기여_3068_260617,766,0,0,0
2026-08-08 03:30:37,03:00,906987379684182,1팀,120248763797350200,21.통살+그릴드(ASC)(메가딜)_A+SC캠페인_구매최적화_수_표준기여_3068_260617,418,0,0,0
2026-08-08 03:30:37,03:00,906987379684182,1팀,120249317264110200,07.크리스피(ASC)(하이브리드)_A+SC캠페인_구매최적화_수_표준기여_3078_260713,1786,0,0,0
2026-08-08 03:30:37,03:00,906987379684182,1팀,120249317264120200,07.크리스피(ASC)(하이브리드)_TCPA_A+SC캠페인_ALL_C7_수_표준기여_3078_260713,945,0,0,0
2026-08-08 03:30:37,03:00,906987379684182,1팀,120249317264140200,07.크리스피(ASC)(하이브리드)_TROAS_A+SC캠페인_구매최적화_값_표준기여_3078_260713,8150,0,0,0
2026-08-08 03:30:37,03:00,906987379684182,1팀,120249873291990200,07.크리스피(ASC)(1010)_TROAS_A+SC캠페인_구매최적화_값_표준기여_2992_260705,556,0,0,0
2026-08-08 03:30:37,03:00,906987379684182,1팀,120249873905240200,07.크리스피(ASC)(101010)_TROAS_A+SC캠페인_구매최적화_값_표준기여_2659_260705,507,0,0,0
2026-08-08 03:30:37,03:00,906987379684182,1팀,120249873905280200,07.크리스피(ASC)(101010)_A+SC캠페인_구매최적화_수_표준기여_2659_260705,596,0,0,0
2026-08-08 03:30:37,03:00,906987379684182,1팀,120249875227840200,16.안심크리스피(ASC)(메가딜)_A+SC캠페인_구매최적화_수_표준기여_2908_260705,778,0,0,0
2026-08-08 03:30:37,03:00,906987379684182,1팀,120249875227870200,16.안심크리스피(ASC)(메가딜)_TCPA_A+SC캠페인_ALL_C7_수_표준기여_2908_260705,88,0,0,0
2026-08-08 03:30:37,03:00,906987379684182,1팀,120249876219490200,20.김자반밥바(ASC)(메가딜)_A+SC캠페인_구매최적화_수_표준기여_3003_260705,415,0,0,0
2026-08-08 03:30:37,03:00,906987379684182,1팀,120249876219520200,20.김자반밥바(ASC)(메가딜)_TROAS_A+SC캠페인_구매최적화_값_표준기여_3003_260705,614,0,0,0
2026-08-08 03:30:37,03:00,906987379684182,1팀,120249878429160200,01.통살(ASC)(하이브리드)_TROAS_A+SC캠페인_구매최적화_값_표준기여_3028_260705,1040,0,0,0
2026-08-08 03:30:37,03:00,906987379684182,1팀,120249878429240200,01.통살(ASC)(하이브리드)_A+SC캠페인_구매최적화_수_표준기여_3028_260705,126,0,0,0
2026-08-08 03:30:37,03:00,906987379684182,1팀,120250098930220200,01.통살(ASC)(101010)_TROAS_A+SC캠페인_구매최적화_값_표준기여_2336_260712,2003,0,0,0
2026-08-08 03:30:37,03:00,906987379684182,1팀,120250099159310200,07.크리스피(ASC)(메가딜)_A+SC캠페인_구매최적화_수_표준기여_2464_260712,271,0,0,0
2026-08-08 03:30:37,03:00,906987379684182,1팀,120250099159320200,07.크리스피(ASC)(메가딜)_TROAS_A+SC캠페인_구매최적화_값_표준기여_2464_260712,2860,0,0,0
2026-08-08 03:30:37,03:00,906987379684182,1팀,120250099159330200,07.크리스피(ASC)(메가딜)_TCPA_A+SC캠페인_ALL_C7_수_표준기여_2464_260712,496,0,0,0
2026-08-08 03:30:37,03:00,906987379684182,1팀,120250099335020200,77.프로모션(ASC)(줄리엔강)_TCPA_A+SC캠페인_ALL_C7_수_표준기여_260713,626,0,0,0
2026-08-08 03:30:37,03:00,906987379684182,1팀,120250099335030200,77.프로모션(ASC)(줄리엔강)_TROAS_A+SC캠페인_구매최적화_값_표준기여_260713,434,0,0,0
2026-08-08 03:30:37,03:00,906987379684182,1팀,120250268133470200,03.닭다리살(ASC)(하이브리드)_TROAS_A+SC캠페인_구매최적화_값_표준기여_3111_260726,705,0,0,0
2026-08-08 03:30:37,03:00,906987379684182,1팀,120250444210730200,20.김자반밥바(ASC)(하이브리드)_TROAS_A+SC캠페인_구매최적화_값_표준기여_3159_260726,423,0,0,0
2026-08-08 03:30:37,03:00,906987379684182,1팀,120250444210740200,20.김자반밥바(ASC)(하이브리드)_A+SC캠페인_구매최적화_수_표준기여_3159_260726,176,0,0,0
2026-08-08 03:30:37,03:00,906987379684182,1팀,120250444210900200,20.김자반밥바(ASC)(하이브리드)_TCPA_A+SC캠페인_ALL_C7_수_표준기여_3159_260726,464,0,0,0
2026-08-08 03:30:37,03:00,906987379684182,1팀,120250444423310200,21.통살+그릴드(ASC)(하이브리드)_TROAS_A+SC캠페인_구매최적화_값_표준기여_3162_260726,632,0,0,0
2026-08-08 03:30:37,03:00,906987379684182,1팀,120250444423320200,21.통살+그릴드(ASC)(하이브리드)_TCPA_A+SC캠페인_ALL_C7_수_표준기여_3162_260726,142,0,0,0
2026-08-08 03:30:37,03:00,906987379684182,1팀,120250444423330200,21.통살+그릴드(ASC)(하이브리드)_A+SC캠페인_구매최적화_수_표준기여_3162_260726,381,0,0,0
2026-08-08 03:30:37,03:00,906987379684182,1팀,120250475752460200,07.크리스피(ASC)(하이브리드)_TROAS_A+SC캠페인_구매최적화_값_표준기여_3078_260722(페르소나),309,0,0,0
2026-08-08 03:30:37,03:00,906987379684182,1팀,120250614451020200,07.크리스피(ASC)(하이브리드)_A+SC캠페인_구매최적화_수_표준기여_3078_260728,110,0,0,0
2026-08-08 03:30:37,03:00,906987379684182,1팀,120250614451040200,07.크리스피(ASC)(하이브리드)_TROAS_A+SC캠페인_구매최적화_값_표준기여_3078_260728,1282,0,0,0
2026-08-08 03:30:37,03:00,906987379684182,1팀,120250649570130200,07.크리스피(ASC)(하이브리드)_TROAS_A+SC캠페인_구매최적화_값_표준기여_3078_260802_AI,996,0,0,0
2026-08-08 03:30:37,03:00,906987379684182,1팀,120250649570180200,07.크리스피(ASC)(하이브리드)_A+SC캠페인_구매최적화_수_표준기여_3078_260802_AI,440,0,0,0
2026-08-08 03:30:37,03:00,906987379684182,1팀,120250856737330200,77.프로모션(ASC)(통크크)_TROAS_A+SC캠페인_구매최적화_값_표준기여_260806,2917,1,40900,1402.1254713747
2026-08-08 03:30:37,03:00,906987379684182,1팀,120250856737340200,77.프로모션(ASC)(통크크)_TCPA_A+SC캠페인_ALL_C7_수_표준기여_260806,675,0,0,0
2026-08-08 03:30:37,03:00,906987379684182,1팀,120250856737350200,77.프로모션(ASC)(통크크)_A+SC캠페인_구매최적화_수_표준기여_260806,1285,0,0,0
2026-08-08 03:30:37,03:00,906987379684182,1팀,120250859367430200,20.김자반밥바(ASC)(하이브리드)_A+SC캠페인_구매최적화_수_가치조정_3159_260806,378,0,0,0
2026-08-08 03:30:37,03:00,906987379684182,1팀,120250859367440200,20.김자반밥바(ASC)(하이브리드)_TCPA_A+SC캠페인_ALL_C7_수_표준기여_3159_260806,201,0,0,0
2026-08-08 03:30:37,03:00,906987379684182,1팀,120250859367470200,20.김자반밥바(ASC)(하이브리드)_TROAS_A+SC캠페인_구매최적화_값_표준기여_3159_260806,195,0,0,0
2026-08-08 04:30:46,04:00,906987379684182,1팀,120228320649100200,01.통살(ASC)(101010)_TCPA16000_A+SC 캠페인_ALL_V1C7_수_표준기여_2336,653,0,0,0
2026-08-08 04:30:46,04:00,906987379684182,1팀,120228788396590200,01.통살(ASC)(메가딜)_TCPA20000_A+SC 캠페인_ALL_V1C7_수_표준기여_1874,1280,0,0,0
2026-08-08 04:30:46,04:00,906987379684182,1팀,120230755324960200,07.크리스피(ASC)(메가딜)_A+SC 캠페인_구매최적화_수_표준기여_2464,578,0,0,0
2026-08-08 04:30:46,04:00,906987379684182,1팀,120237509836570200,07.크리스피(ASC)(메가딜)_TCPA16000_A+SC 캠페인_ALL_수_표준기여_2464,2963,1,25800,870.739115761053
2026-08-08 04:30:46,04:00,906987379684182,1팀,120243001852340200,01.통살(ASC)(101010)_TCPA16000_A+SC 캠페인_ALL_V1C7_수_표준기여_2336_02,433,0,0,0
2026-08-08 04:30:46,04:00,906987379684182,1팀,120243258462660200,07.크리스피(ASC)(101010)_A+SC 캠페인_구매최적화_수_표준기여_2659_260322,1751,0,0,0
2026-08-08 04:30:46,04:00,906987379684182,1팀,120243592510760200,16.안심크리스피(ASC)(메가딜)_TCPA14000_A+SC 캠페인_ALL_C7_수_표준기여_2863_260327,437,0,0,0
2026-08-08 04:30:46,04:00,906987379684182,1팀,120244042753880200,07.크리스피(ASC)(메가딜)_TCPA16000_A+SC 캠페인_ALL_수_표준기여_2464_260403,331,0,0,0
2026-08-08 04:30:46,04:00,906987379684182,1팀,120244128322750200,01.통살(ASC)(101010)_TCPA16000_A+SC 캠페인_ALL_V1C7_수_표준기여_2336_03,200,0,0,0
2026-08-08 04:30:46,04:00,906987379684182,1팀,120244130427210200,07.크리스피(ASC)(메가딜)_A+SC 캠페인_구매최적화_수_표준기여_2464_260404,1444,0,0,0
2026-08-08 04:30:46,04:00,906987379684182,1팀,120244370408130200,17.안심볶음밥(ASC)(메가딜)_TCPA_A+SC 캠페인_ALL_C7_수_표준기여_2903_260409,240,0,0,0
2026-08-08 04:30:46,04:00,906987379684182,1팀,120244785115700200,07.크리스피(ASC)(메가딜)_A+SC 캠페인_구매최적화_수_표준기여_2464_260416_intern,922,0,0,0
2026-08-08 04:30:46,04:00,906987379684182,1팀,120244785115970200,07.크리스피(ASC)(메가딜)_TCPA14000_A+SC 캠페인_ALL_C7_수_표준기여_2464_260416_intern,738,0,0,0
2026-08-08 04:30:46,04:00,906987379684182,1팀,120246157174550200,17.안심볶음밥(ASC)(메가딜)_A+SC 캠페인_구매최적화_수_표준기여_2903_260507_남자,121,0,0,0
2026-08-08 04:30:46,04:00,906987379684182,1팀,120246224683700200,17.안심볶음밥(ASC)(메가딜)_A+SC 캠페인_구매최적화_수_표준기여_2903_260507_남자_02,101,0,0,0
2026-08-08 04:30:46,04:00,906987379684182,1팀,120246397028850200,07.크리스피(ASC)(통합)_A+SC 캠페인_구매최적화_수_표준기여_통합_260511,519,0,0,0
2026-08-08 04:30:46,04:00,906987379684182,1팀,120246898203940200,03.닭다리살(ASC)(1010)_A+SC캠페인_구매최적화_수_표준기여_2604_260519,549,0,0,0
2026-08-08 04:30:46,04:00,906987379684182,1팀,120246898384670200,03.닭다리살(ASC)(1010)_TROAS_A+SC캠페인_구매최적화_값_표준기여_2604_260519,5034,0,0,0
2026-08-08 04:30:46,04:00,906987379684182,1팀,120247354343980200,20.김자반밥바(ASC)(메가딜)_TCPA_A+SC캠페인_ALL_C7_수_표준기여_3003_260527,776,0,0,0
2026-08-08 04:30:46,04:00,906987379684182,1팀,120247354558020200,20.김자반밥바(ASC)(메가딜)_A+SC캠페인_구매최적화_수_표준기여_3003_260527,950,0,0,0
2026-08-08 04:30:46,04:00,906987379684182,1팀,120247379361950200,07.크리스피(ASC)(1010)_A+SC캠페인_구매최적화_수_표준기여_2992_260527,375,0,0,0
2026-08-08 04:30:46,04:00,906987379684182,1팀,120247379587080200,07.크리스피(ASC)(1010)_TROAS_A+SC캠페인_구매최적화_값_표준기여_2992_260527,371,0,0,0
2026-08-08 04:30:46,04:00,906987379684182,1팀,120247842896910200,20.김자반밥바(ASC)(메가딜)_A+SC캠페인_구매최적화_수_표준기여_3003_260603,3224,0,0,0
2026-08-08 04:30:46,04:00,906987379684182,1팀,120248207670120200,17.안심볶음밥(ASC)(메가딜)_A+SC 캠페인_구매최적화_수_표준기여_2903_260609_남자(가치조정),1075,0,0,0
2026-08-08 04:30:46,04:00,906987379684182,1팀,120248361514480200,01.통살(ASC)(하이브리드)_TCPA_A+SC캠페인_ALL_C7_수_표준기여_3028_260611,214,0,0,0
2026-08-08 04:30:46,04:00,906987379684182,1팀,120248361514580200,01.통살(ASC)(하이브리드)_TROAS_A+SC캠페인_구매최적화_값_표준기여_3028_260611,223,0,0,0
2026-08-08 04:30:46,04:00,906987379684182,1팀,120248762624190200,17.안심볶음밥(ASC)(메가딜)_TCPA_A+SC캠페인_ALL_C7_수_표준기여_2903_260705,19,0,0,0
2026-08-08 04:30:46,04:00,906987379684182,1팀,120248762624470200,17.안심볶음밥(ASC)(메가딜)_TROAS_A+SC캠페인_구매최적화_값_표준기여_2903_260705,269,0,0,0
2026-08-08 04:30:46,04:00,906987379684182,1팀,120248762761370200,17.안심볶음밥(ASC)(메가딜)_A+SC캠페인_구매최적화_수_표준기여_2903_260705,472,0,0,0
2026-08-08 04:30:46,04:00,906987379684182,1팀,120248762858730200,16.안심크리스피(ASC)(메가딜)_A+SC 캠페인_구매최적화_수_표준기여_2908_260720(페르소나),357,0,0,0
2026-08-08 04:30:46,04:00,906987379684182,1팀,120248763306900200,16.안심크리스피(ASC)(메가딜)_TCPA_A+SC캠페인_ALL_C7_수_표준기여_2908_260621,311,0,0,0
2026-08-08 04:30:46,04:00,906987379684182,1팀,120248763797300200,21.통살+그릴드(ASC)(메가딜)_TROAS_A+SC캠페인_구매최적화_값_표준기여_3068_260617,338,0,0,0
2026-08-08 04:30:46,04:00,906987379684182,1팀,120248763797350200,21.통살+그릴드(ASC)(메가딜)_A+SC캠페인_구매최적화_수_표준기여_3068_260617,413,0,0,0
2026-08-08 04:30:46,04:00,906987379684182,1팀,120249317264110200,07.크리스피(ASC)(하이브리드)_A+SC캠페인_구매최적화_수_표준기여_3078_260713,1623,0,0,0
2026-08-08 04:30:46,04:00,906987379684182,1팀,120249317264120200,07.크리스피(ASC)(하이브리드)_TCPA_A+SC캠페인_ALL_C7_수_표준기여_3078_260713,808,0,0,0
2026-08-08 04:30:46,04:00,906987379684182,1팀,120249317264140200,07.크리스피(ASC)(하이브리드)_TROAS_A+SC캠페인_구매최적화_값_표준기여_3078_260713,5498,0,0,0
2026-08-08 04:30:46,04:00,906987379684182,1팀,120249873291990200,07.크리스피(ASC)(1010)_TROAS_A+SC캠페인_구매최적화_값_표준기여_2992_260705,332,0,0,0
2026-08-08 04:30:46,04:00,906987379684182,1팀,120249873905240200,07.크리스피(ASC)(101010)_TROAS_A+SC캠페인_구매최적화_값_표준기여_2659_260705,113,0,0,0
2026-08-08 04:30:46,04:00,906987379684182,1팀,120249873905280200,07.크리스피(ASC)(101010)_A+SC캠페인_구매최적화_수_표준기여_2659_260705,681,0,0,0
2026-08-08 04:30:46,04:00,906987379684182,1팀,120249875227840200,16.안심크리스피(ASC)(메가딜)_A+SC캠페인_구매최적화_수_표준기여_2908_260705,930,0,0,0
2026-08-08 04:30:46,04:00,906987379684182,1팀,120249875227870200,16.안심크리스피(ASC)(메가딜)_TCPA_A+SC캠페인_ALL_C7_수_표준기여_2908_260705,24,0,0,0
2026-08-08 04:30:46,04:00,906987379684182,1팀,120249876219490200,20.김자반밥바(ASC)(메가딜)_A+SC캠페인_구매최적화_수_표준기여_3003_260705,319,0,0,0
2026-08-08 04:30:46,04:00,906987379684182,1팀,120249876219520200,20.김자반밥바(ASC)(메가딜)_TROAS_A+SC캠페인_구매최적화_값_표준기여_3003_260705,368,0,0,0
2026-08-08 04:30:46,04:00,906987379684182,1팀,120249876219580200,20.김자반밥바(ASC)(메가딜)_TCPA_A+SC캠페인_ALL_C7_수_표준기여_3003_260705,0,0,0,0
2026-08-08 04:30:46,04:00,906987379684182,1팀,120249878429160200,01.통살(ASC)(하이브리드)_TROAS_A+SC캠페인_구매최적화_값_표준기여_3028_260705,1353,0,0,0
2026-08-08 04:30:46,04:00,906987379684182,1팀,120249878429240200,01.통살(ASC)(하이브리드)_A+SC캠페인_구매최적화_수_표준기여_3028_260705,80,0,0,0
2026-08-08 04:30:46,04:00,906987379684182,1팀,120250098930220200,01.통살(ASC)(101010)_TROAS_A+SC캠페인_구매최적화_값_표준기여_2336_260712,2262,1,59300,2621.5738284703802
2026-08-08 04:30:46,04:00,906987379684182,1팀,120250099159310200,07.크리스피(ASC)(메가딜)_A+SC캠페인_구매최적화_수_표준기여_2464_260712,136,0,0,0
2026-08-08 04:30:46,04:00,906987379684182,1팀,120250099159320200,07.크리스피(ASC)(메가딜)_TROAS_A+SC캠페인_구매최적화_값_표준기여_2464_260712,1151,0,0,0
2026-08-08 04:30:46,04:00,906987379684182,1팀,120250099159330200,07.크리스피(ASC)(메가딜)_TCPA_A+SC캠페인_ALL_C7_수_표준기여_2464_260712,478,0,0,0
2026-08-08 04:30:46,04:00,906987379684182,1팀,120250099335020200,77.프로모션(ASC)(줄리엔강)_TCPA_A+SC캠페인_ALL_C7_수_표준기여_260713,508,0,0,0
2026-08-08 04:30:46,04:00,906987379684182,1팀,120250099335030200,77.프로모션(ASC)(줄리엔강)_TROAS_A+SC캠페인_구매최적화_값_표준기여_260713,475,0,0,0
2026-08-08 04:30:46,04:00,906987379684182,1팀,120250268133470200,03.닭다리살(ASC)(하이브리드)_TROAS_A+SC캠페인_구매최적화_값_표준기여_3111_260726,810,0,0,0
2026-08-08 04:30:46,04:00,906987379684182,1팀,120250444210730200,20.김자반밥바(ASC)(하이브리드)_TROAS_A+SC캠페인_구매최적화_값_표준기여_3159_260726,334,0,0,0
2026-08-08 04:30:46,04:00,906987379684182,1팀,120250444210740200,20.김자반밥바(ASC)(하이브리드)_A+SC캠페인_구매최적화_수_표준기여_3159_260726,189,0,0,0
2026-08-08 04:30:46,04:00,906987379684182,1팀,120250444210900200,20.김자반밥바(ASC)(하이브리드)_TCPA_A+SC캠페인_ALL_C7_수_표준기여_3159_260726,672,0,0,0
2026-08-08 04:30:46,04:00,906987379684182,1팀,120250444423310200,21.통살+그릴드(ASC)(하이브리드)_TROAS_A+SC캠페인_구매최적화_값_표준기여_3162_260726,351,0,0,0
2026-08-08 04:30:46,04:00,906987379684182,1팀,120250444423320200,21.통살+그릴드(ASC)(하이브리드)_TCPA_A+SC캠페인_ALL_C7_수_표준기여_3162_260726,55,0,0,0
2026-08-08 04:30:46,04:00,906987379684182,1팀,120250444423330200,21.통살+그릴드(ASC)(하이브리드)_A+SC캠페인_구매최적화_수_표준기여_3162_260726,218,0,0,0
2026-08-08 04:30:46,04:00,906987379684182,1팀,120250475752460200,07.크리스피(ASC)(하이브리드)_TROAS_A+SC캠페인_구매최적화_값_표준기여_3078_260722(페르소나),34,0,0,0
2026-08-08 04:30:46,04:00,906987379684182,1팀,120250614451020200,07.크리스피(ASC)(하이브리드)_A+SC캠페인_구매최적화_수_표준기여_3078_260728,84,0,0,0
2026-08-08 04:30:46,04:00,906987379684182,1팀,120250614451040200,07.크리스피(ASC)(하이브리드)_TROAS_A+SC캠페인_구매최적화_값_표준기여_3078_260728,679,0,0,0
2026-08-08 04:30:46,04:00,906987379684182,1팀,120250649570130200,07.크리스피(ASC)(하이브리드)_TROAS_A+SC캠페인_구매최적화_값_표준기여_3078_260802_AI,960,0,0,0
2026-08-08 04:30:46,04:00,906987379684182,1팀,120250649570150200,07.크리스피(ASC)(하이브리드)_TCPA_A+SC캠페인_ALL_C7_수_표준기여_3078_260802_AI,61,0,0,0
2026-08-08 04:30:46,04:00,906987379684182,1팀,120250649570180200,07.크리스피(ASC)(하이브리드)_A+SC캠페인_구매최적화_수_표준기여_3078_260802_AI,63,0,0,0
2026-08-08 04:30:46,04:00,906987379684182,1팀,120250856737330200,77.프로모션(ASC)(통크크)_TROAS_A+SC캠페인_구매최적화_값_표준기여_260806,2046,0,0,0
2026-08-08 04:30:46,04:00,906987379684182,1팀,120250856737340200,77.프로모션(ASC)(통크크)_TCPA_A+SC캠페인_ALL_C7_수_표준기여_260806,176,0,0,0
2026-08-08 04:30:46,04:00,906987379684182,1팀,120250856737350200,77.프로모션(ASC)(통크크)_A+SC캠페인_구매최적화_수_표준기여_260806,714,0,0,0
2026-08-08 04:30:46,04:00,906987379684182,1팀,120250859367430200,20.김자반밥바(ASC)(하이브리드)_A+SC캠페인_구매최적화_수_가치조정_3159_260806,573,0,0,0
2026-08-08 04:30:46,04:00,906987379684182,1팀,120250859367440200,20.김자반밥바(ASC)(하이브리드)_TCPA_A+SC캠페인_ALL_C7_수_표준기여_3159_260806,76,0,0,0
2026-08-08 04:30:46,04:00,906987379684182,1팀,120250859367470200,20.김자반밥바(ASC)(하이브리드)_TROAS_A+SC캠페인_구매최적화_값_표준기여_3159_260806,633,0,0,0
2026-08-08 04:33:44,04:00,906987379684182,1팀,120228320649100200,01.통살(ASC)(101010)_TCPA16000_A+SC 캠페인_ALL_V1C7_수_표준기여_2336,763,0,0,0
2026-08-08 04:33:44,04:00,906987379684182,1팀,120228788396590200,01.통살(ASC)(메가딜)_TCPA20000_A+SC 캠페인_ALL_V1C7_수_표준기여_1874,1741,0,0,0
2026-08-08 04:33:44,04:00,906987379684182,1팀,120230755324960200,07.크리스피(ASC)(메가딜)_A+SC 캠페인_구매최적화_수_표준기여_2464,670,0,0,0
2026-08-08 04:33:44,04:00,906987379684182,1팀,120237509836570200,07.크리스피(ASC)(메가딜)_TCPA16000_A+SC 캠페인_ALL_수_표준기여_2464,3015,1,25800,855.7213930348258
2026-08-08 04:33:44,04:00,906987379684182,1팀,120243001852340200,01.통살(ASC)(101010)_TCPA16000_A+SC 캠페인_ALL_V1C7_수_표준기여_2336_02,481,0,0,0
2026-08-08 04:33:44,04:00,906987379684182,1팀,120243258462660200,07.크리스피(ASC)(101010)_A+SC 캠페인_구매최적화_수_표준기여_2659_260322,1885,0,0,0
2026-08-08 04:33:44,04:00,906987379684182,1팀,120243592510760200,16.안심크리스피(ASC)(메가딜)_TCPA14000_A+SC 캠페인_ALL_C7_수_표준기여_2863_260327,505,0,0,0
2026-08-08 04:33:44,04:00,906987379684182,1팀,120244042753880200,07.크리스피(ASC)(메가딜)_TCPA16000_A+SC 캠페인_ALL_수_표준기여_2464_260403,343,0,0,0
2026-08-08 04:33:44,04:00,906987379684182,1팀,120244128322750200,01.통살(ASC)(101010)_TCPA16000_A+SC 캠페인_ALL_V1C7_수_표준기여_2336_03,210,0,0,0
2026-08-08 04:33:44,04:00,906987379684182,1팀,120244130427210200,07.크리스피(ASC)(메가딜)_A+SC 캠페인_구매최적화_수_표준기여_2464_260404,1858,0,0,0
2026-08-08 04:33:44,04:00,906987379684182,1팀,120244370408130200,17.안심볶음밥(ASC)(메가딜)_TCPA_A+SC 캠페인_ALL_C7_수_표준기여_2903_260409,280,0,0,0
2026-08-08 04:33:44,04:00,906987379684182,1팀,120244785115700200,07.크리스피(ASC)(메가딜)_A+SC 캠페인_구매최적화_수_표준기여_2464_260416_intern,1060,0,0,0
2026-08-08 04:33:44,04:00,906987379684182,1팀,120244785115970200,07.크리스피(ASC)(메가딜)_TCPA14000_A+SC 캠페인_ALL_C7_수_표준기여_2464_260416_intern,793,0,0,0
2026-08-08 04:33:44,04:00,906987379684182,1팀,120246157174550200,17.안심볶음밥(ASC)(메가딜)_A+SC 캠페인_구매최적화_수_표준기여_2903_260507_남자,130,0,0,0
2026-08-08 04:33:44,04:00,906987379684182,1팀,120246224683700200,17.안심볶음밥(ASC)(메가딜)_A+SC 캠페인_구매최적화_수_표준기여_2903_260507_남자_02,101,0,0,0
2026-08-08 04:33:44,04:00,906987379684182,1팀,120246397028850200,07.크리스피(ASC)(통합)_A+SC 캠페인_구매최적화_수_표준기여_통합_260511,543,0,0,0
2026-08-08 04:33:44,04:00,906987379684182,1팀,120246898203940200,03.닭다리살(ASC)(1010)_A+SC캠페인_구매최적화_수_표준기여_2604_260519,618,0,0,0
2026-08-08 04:33:44,04:00,906987379684182,1팀,120246898384670200,03.닭다리살(ASC)(1010)_TROAS_A+SC캠페인_구매최적화_값_표준기여_2604_260519,5839,0,0,0
2026-08-08 04:33:44,04:00,906987379684182,1팀,120247354343980200,20.김자반밥바(ASC)(메가딜)_TCPA_A+SC캠페인_ALL_C7_수_표준기여_3003_260527,847,0,0,0
2026-08-08 04:33:44,04:00,906987379684182,1팀,120247354558020200,20.김자반밥바(ASC)(메가딜)_A+SC캠페인_구매최적화_수_표준기여_3003_260527,1044,0,0,0
2026-08-08 04:33:44,04:00,906987379684182,1팀,120247379361950200,07.크리스피(ASC)(1010)_A+SC캠페인_구매최적화_수_표준기여_2992_260527,432,0,0,0
2026-08-08 04:33:44,04:00,906987379684182,1팀,120247379587080200,07.크리스피(ASC)(1010)_TROAS_A+SC캠페인_구매최적화_값_표준기여_2992_260527,408,0,0,0
2026-08-08 04:33:44,04:00,906987379684182,1팀,120247842896910200,20.김자반밥바(ASC)(메가딜)_A+SC캠페인_구매최적화_수_표준기여_3003_260603,3590,0,0,0
2026-08-08 04:33:44,04:00,906987379684182,1팀,120248207670120200,17.안심볶음밥(ASC)(메가딜)_A+SC 캠페인_구매최적화_수_표준기여_2903_260609_남자(가치조정),1149,0,0,0
2026-08-08 04:33:44,04:00,906987379684182,1팀,120248361514480200,01.통살(ASC)(하이브리드)_TCPA_A+SC캠페인_ALL_C7_수_표준기여_3028_260611,237,0,0,0
2026-08-08 04:33:44,04:00,906987379684182,1팀,120248361514580200,01.통살(ASC)(하이브리드)_TROAS_A+SC캠페인_구매최적화_값_표준기여_3028_260611,258,0,0,0
2026-08-08 04:33:44,04:00,906987379684182,1팀,120248762624190200,17.안심볶음밥(ASC)(메가딜)_TCPA_A+SC캠페인_ALL_C7_수_표준기여_2903_260705,19,0,0,0
2026-08-08 04:33:44,04:00,906987379684182,1팀,120248762624470200,17.안심볶음밥(ASC)(메가딜)_TROAS_A+SC캠페인_구매최적화_값_표준기여_2903_260705,307,0,0,0
2026-08-08 04:33:44,04:00,906987379684182,1팀,120248762761370200,17.안심볶음밥(ASC)(메가딜)_A+SC캠페인_구매최적화_수_표준기여_2903_260705,787,0,0,0
2026-08-08 04:33:44,04:00,906987379684182,1팀,120248762858730200,16.안심크리스피(ASC)(메가딜)_A+SC 캠페인_구매최적화_수_표준기여_2908_260720(페르소나),389,0,0,0
2026-08-08 04:33:44,04:00,906987379684182,1팀,120248763306900200,16.안심크리스피(ASC)(메가딜)_TCPA_A+SC캠페인_ALL_C7_수_표준기여_2908_260621,332,0,0,0
2026-08-08 04:33:44,04:00,906987379684182,1팀,120248763797300200,21.통살+그릴드(ASC)(메가딜)_TROAS_A+SC캠페인_구매최적화_값_표준기여_3068_260617,376,0,0,0
2026-08-08 04:33:44,04:00,906987379684182,1팀,120248763797350200,21.통살+그릴드(ASC)(메가딜)_A+SC캠페인_구매최적화_수_표준기여_3068_260617,442,0,0,0
2026-08-08 04:33:44,04:00,906987379684182,1팀,120249317264110200,07.크리스피(ASC)(하이브리드)_A+SC캠페인_구매최적화_수_표준기여_3078_260713,1883,0,0,0
2026-08-08 04:33:44,04:00,906987379684182,1팀,120249317264120200,07.크리스피(ASC)(하이브리드)_TCPA_A+SC캠페인_ALL_C7_수_표준기여_3078_260713,943,0,0,0
2026-08-08 04:33:44,04:00,906987379684182,1팀,120249317264140200,07.크리스피(ASC)(하이브리드)_TROAS_A+SC캠페인_구매최적화_값_표준기여_3078_260713,6180,0,0,0
2026-08-08 04:33:44,04:00,906987379684182,1팀,120249873291990200,07.크리스피(ASC)(1010)_TROAS_A+SC캠페인_구매최적화_값_표준기여_2992_260705,438,0,0,0
2026-08-08 04:33:44,04:00,906987379684182,1팀,120249873905240200,07.크리스피(ASC)(101010)_TROAS_A+SC캠페인_구매최적화_값_표준기여_2659_260705,120,0,0,0
2026-08-08 04:33:44,04:00,906987379684182,1팀,120249873905280200,07.크리스피(ASC)(101010)_A+SC캠페인_구매최적화_수_표준기여_2659_260705,717,0,0,0
2026-08-08 04:33:44,04:00,906987379684182,1팀,120249875227840200,16.안심크리스피(ASC)(메가딜)_A+SC캠페인_구매최적화_수_표준기여_2908_260705,982,0,0,0
2026-08-08 04:33:44,04:00,906987379684182,1팀,120249875227870200,16.안심크리스피(ASC)(메가딜)_TCPA_A+SC캠페인_ALL_C7_수_표준기여_2908_260705,31,0,0,0
2026-08-08 04:33:44,04:00,906987379684182,1팀,120249876219490200,20.김자반밥바(ASC)(메가딜)_A+SC캠페인_구매최적화_수_표준기여_3003_260705,384,0,0,0
2026-08-08 04:33:44,04:00,906987379684182,1팀,120249876219520200,20.김자반밥바(ASC)(메가딜)_TROAS_A+SC캠페인_구매최적화_값_표준기여_3003_260705,401,0,0,0
2026-08-08 04:33:44,04:00,906987379684182,1팀,120249876219580200,20.김자반밥바(ASC)(메가딜)_TCPA_A+SC캠페인_ALL_C7_수_표준기여_3003_260705,0,0,0,0
2026-08-08 04:33:44,04:00,906987379684182,1팀,120249878429160200,01.통살(ASC)(하이브리드)_TROAS_A+SC캠페인_구매최적화_값_표준기여_3028_260705,1429,0,0,0
2026-08-08 04:33:44,04:00,906987379684182,1팀,120249878429240200,01.통살(ASC)(하이브리드)_A+SC캠페인_구매최적화_수_표준기여_3028_260705,82,0,0,0
2026-08-08 04:33:44,04:00,906987379684182,1팀,120250098930220200,01.통살(ASC)(101010)_TROAS_A+SC캠페인_구매최적화_값_표준기여_2336_260712,2925,1,59300,2027.3504273504273
2026-08-08 04:33:44,04:00,906987379684182,1팀,120250099159310200,07.크리스피(ASC)(메가딜)_A+SC캠페인_구매최적화_수_표준기여_2464_260712,136,0,0,0
2026-08-08 04:33:44,04:00,906987379684182,1팀,120250099159320200,07.크리스피(ASC)(메가딜)_TROAS_A+SC캠페인_구매최적화_값_표준기여_2464_260712,1339,0,0,0
2026-08-08 04:33:44,04:00,906987379684182,1팀,120250099159330200,07.크리스피(ASC)(메가딜)_TCPA_A+SC캠페인_ALL_C7_수_표준기여_2464_260712,534,0,0,0
2026-08-08 04:33:44,04:00,906987379684182,1팀,120250099335020200,77.프로모션(ASC)(줄리엔강)_TCPA_A+SC캠페인_ALL_C7_수_표준기여_260713,607,0,0,0
2026-08-08 04:33:44,04:00,906987379684182,1팀,120250099335030200,77.프로모션(ASC)(줄리엔강)_TROAS_A+SC캠페인_구매최적화_값_표준기여_260713,531,0,0,0
2026-08-08 04:33:44,04:00,906987379684182,1팀,120250268133470200,03.닭다리살(ASC)(하이브리드)_TROAS_A+SC캠페인_구매최적화_값_표준기여_3111_260726,884,0,0,0
2026-08-08 04:33:44,04:00,906987379684182,1팀,120250444210730200,20.김자반밥바(ASC)(하이브리드)_TROAS_A+SC캠페인_구매최적화_값_표준기여_3159_260726,361,0,0,0
2026-08-08 04:33:44,04:00,906987379684182,1팀,120250444210740200,20.김자반밥바(ASC)(하이브리드)_A+SC캠페인_구매최적화_수_표준기여_3159_260726,190,0,0,0
2026-08-08 04:33:44,04:00,906987379684182,1팀,120250444210900200,20.김자반밥바(ASC)(하이브리드)_TCPA_A+SC캠페인_ALL_C7_수_표준기여_3159_260726,853,0,0,0
2026-08-08 04:33:44,04:00,906987379684182,1팀,120250444423310200,21.통살+그릴드(ASC)(하이브리드)_TROAS_A+SC캠페인_구매최적화_값_표준기여_3162_260726,364,0,0,0
2026-08-08 04:33:44,04:00,906987379684182,1팀,120250444423320200,21.통살+그릴드(ASC)(하이브리드)_TCPA_A+SC캠페인_ALL_C7_수_표준기여_3162_260726,67,0,0,0
2026-08-08 04:33:44,04:00,906987379684182,1팀,120250444423330200,21.통살+그릴드(ASC)(하이브리드)_A+SC캠페인_구매최적화_수_표준기여_3162_260726,324,0,0,0
2026-08-08 04:33:44,04:00,906987379684182,1팀,120250475752460200,07.크리스피(ASC)(하이브리드)_TROAS_A+SC캠페인_구매최적화_값_표준기여_3078_260722(페르소나),42,0,0,0
2026-08-08 04:33:44,04:00,906987379684182,1팀,120250614451020200,07.크리스피(ASC)(하이브리드)_A+SC캠페인_구매최적화_수_표준기여_3078_260728,104,0,0,0
2026-08-08 04:33:44,04:00,906987379684182,1팀,120250614451040200,07.크리스피(ASC)(하이브리드)_TROAS_A+SC캠페인_구매최적화_값_표준기여_3078_260728,737,0,0,0
2026-08-08 04:33:44,04:00,906987379684182,1팀,120250614451160200,07.크리스피(ASC)(하이브리드)_TCPA_A+SC캠페인_ALL_C7_수_표준기여_3078_260728,4,0,0,0
2026-08-08 04:33:44,04:00,906987379684182,1팀,120250649570130200,07.크리스피(ASC)(하이브리드)_TROAS_A+SC캠페인_구매최적화_값_표준기여_3078_260802_AI,1164,0,0,0
2026-08-08 04:33:44,04:00,906987379684182,1팀,120250649570150200,07.크리스피(ASC)(하이브리드)_TCPA_A+SC캠페인_ALL_C7_수_표준기여_3078_260802_AI,61,0,0,0
2026-08-08 04:33:44,04:00,906987379684182,1팀,120250649570180200,07.크리스피(ASC)(하이브리드)_A+SC캠페인_구매최적화_수_표준기여_3078_260802_AI,63,0,0,0
2026-08-08 04:33:44,04:00,906987379684182,1팀,120250856737330200,77.프로모션(ASC)(통크크)_TROAS_A+SC캠페인_구매최적화_값_표준기여_260806,2250,0,0,0
2026-08-08 04:33:44,04:00,906987379684182,1팀,120250856737340200,77.프로모션(ASC)(통크크)_TCPA_A+SC캠페인_ALL_C7_수_표준기여_260806,278,0,0,0
2026-08-08 04:33:44,04:00,906987379684182,1팀,120250856737350200,77.프로모션(ASC)(통크크)_A+SC캠페인_구매최적화_수_표준기여_260806,821,0,0,0
2026-08-08 04:33:44,04:00,906987379684182,1팀,120250859367430200,20.김자반밥바(ASC)(하이브리드)_A+SC캠페인_구매최적화_수_가치조정_3159_260806,629,0,0,0
2026-08-08 04:33:44,04:00,906987379684182,1팀,120250859367440200,20.김자반밥바(ASC)(하이브리드)_TCPA_A+SC캠페인_ALL_C7_수_표준기여_3159_260806,139,0,0,0
2026-08-08 04:33:44,04:00,906987379684182,1팀,120250859367470200,20.김자반밥바(ASC)(하이브리드)_TROAS_A+SC캠페인_구매최적화_값_표준기여_3159_260806,663,0,0,0
2026-08-08 05:19:52,05:00,906987379684182,1팀,120228320649100200,01.통살(ASC)(101010)_TCPA16000_A+SC 캠페인_ALL_V1C7_수_표준기여_2336,171,0,0,0
2026-08-08 05:19:52,05:00,906987379684182,1팀,120228788396590200,01.통살(ASC)(메가딜)_TCPA20000_A+SC 캠페인_ALL_V1C7_수_표준기여_1874,1083,0,0,0
2026-08-08 05:19:52,05:00,906987379684182,1팀,120230755324960200,07.크리스피(ASC)(메가딜)_A+SC 캠페인_구매최적화_수_표준기여_2464,282,0,0,0
2026-08-08 05:19:52,05:00,906987379684182,1팀,120237509836570200,07.크리스피(ASC)(메가딜)_TCPA16000_A+SC 캠페인_ALL_수_표준기여_2464,3706,0,0,0
2026-08-08 05:19:52,05:00,906987379684182,1팀,120243001852340200,01.통살(ASC)(101010)_TCPA16000_A+SC 캠페인_ALL_V1C7_수_표준기여_2336_02,206,0,0,0
2026-08-08 05:19:52,05:00,906987379684182,1팀,120243258462660200,07.크리스피(ASC)(101010)_A+SC 캠페인_구매최적화_수_표준기여_2659_260322,1064,0,0,0
2026-08-08 05:19:52,05:00,906987379684182,1팀,120243592510760200,16.안심크리스피(ASC)(메가딜)_TCPA14000_A+SC 캠페인_ALL_C7_수_표준기여_2863_260327,140,0,0,0
2026-08-08 05:19:52,05:00,906987379684182,1팀,120244042753880200,07.크리스피(ASC)(메가딜)_TCPA16000_A+SC 캠페인_ALL_수_표준기여_2464_260403,173,0,0,0
2026-08-08 05:19:52,05:00,906987379684182,1팀,120244128322750200,01.통살(ASC)(101010)_TCPA16000_A+SC 캠페인_ALL_V1C7_수_표준기여_2336_03,96,0,0,0
2026-08-08 05:19:52,05:00,906987379684182,1팀,120244130427210200,07.크리스피(ASC)(메가딜)_A+SC 캠페인_구매최적화_수_표준기여_2464_260404,953,0,0,0
2026-08-08 05:19:52,05:00,906987379684182,1팀,120244370408130200,17.안심볶음밥(ASC)(메가딜)_TCPA_A+SC 캠페인_ALL_C7_수_표준기여_2903_260409,399,0,0,0
2026-08-08 05:19:52,05:00,906987379684182,1팀,120244785115700200,07.크리스피(ASC)(메가딜)_A+SC 캠페인_구매최적화_수_표준기여_2464_260416_intern,493,0,0,0
2026-08-08 05:19:52,05:00,906987379684182,1팀,120244785115970200,07.크리스피(ASC)(메가딜)_TCPA14000_A+SC 캠페인_ALL_C7_수_표준기여_2464_260416_intern,2378,0,0,0
2026-08-08 05:19:52,05:00,906987379684182,1팀,120246224683700200,17.안심볶음밥(ASC)(메가딜)_A+SC 캠페인_구매최적화_수_표준기여_2903_260507_남자_02,86,0,0,0
2026-08-08 05:19:52,05:00,906987379684182,1팀,120246397028850200,07.크리스피(ASC)(통합)_A+SC 캠페인_구매최적화_수_표준기여_통합_260511,252,0,0,0
2026-08-08 05:19:52,05:00,906987379684182,1팀,120246898203940200,03.닭다리살(ASC)(1010)_A+SC캠페인_구매최적화_수_표준기여_2604_260519,351,1,50900,14501.4245014245
2026-08-08 05:19:52,05:00,906987379684182,1팀,120246898384670200,03.닭다리살(ASC)(1010)_TROAS_A+SC캠페인_구매최적화_값_표준기여_2604_260519,2665,0,0,0
2026-08-08 05:19:52,05:00,906987379684182,1팀,120247354343980200,20.김자반밥바(ASC)(메가딜)_TCPA_A+SC캠페인_ALL_C7_수_표준기여_3003_260527,723,0,0,0
2026-08-08 05:19:52,05:00,906987379684182,1팀,120247354558020200,20.김자반밥바(ASC)(메가딜)_A+SC캠페인_구매최적화_수_표준기여_3003_260527,120,0,0,0
2026-08-08 05:19:52,05:00,906987379684182,1팀,120247379361950200,07.크리스피(ASC)(1010)_A+SC캠페인_구매최적화_수_표준기여_2992_260527,88,0,0,0
2026-08-08 05:19:52,05:00,906987379684182,1팀,120247379587080200,07.크리스피(ASC)(1010)_TROAS_A+SC캠페인_구매최적화_값_표준기여_2992_260527,189,0,0,0
2026-08-08 05:19:52,05:00,906987379684182,1팀,120247842896910200,20.김자반밥바(ASC)(메가딜)_A+SC캠페인_구매최적화_수_표준기여_3003_260603,991,0,0,0
2026-08-08 05:19:52,05:00,906987379684182,1팀,120248207670120200,17.안심볶음밥(ASC)(메가딜)_A+SC 캠페인_구매최적화_수_표준기여_2903_260609_남자(가치조정),248,0,0,0
2026-08-08 05:19:52,05:00,906987379684182,1팀,120248361514480200,01.통살(ASC)(하이브리드)_TCPA_A+SC캠페인_ALL_C7_수_표준기여_3028_260611,39,0,0,0
2026-08-08 05:19:52,05:00,906987379684182,1팀,120248361514580200,01.통살(ASC)(하이브리드)_TROAS_A+SC캠페인_구매최적화_값_표준기여_3028_260611,334,0,0,0
2026-08-08 05:19:52,05:00,906987379684182,1팀,120248762624190200,17.안심볶음밥(ASC)(메가딜)_TCPA_A+SC캠페인_ALL_C7_수_표준기여_2903_260705,115,0,0,0
2026-08-08 05:19:52,05:00,906987379684182,1팀,120248762624470200,17.안심볶음밥(ASC)(메가딜)_TROAS_A+SC캠페인_구매최적화_값_표준기여_2903_260705,198,0,0,0
2026-08-08 05:19:52,05:00,906987379684182,1팀,120248762761370200,17.안심볶음밥(ASC)(메가딜)_A+SC캠페인_구매최적화_수_표준기여_2903_260705,265,0,0,0
2026-08-08 05:19:52,05:00,906987379684182,1팀,120248762858730200,16.안심크리스피(ASC)(메가딜)_A+SC 캠페인_구매최적화_수_표준기여_2908_260720(페르소나),140,0,0,0
2026-08-08 05:19:52,05:00,906987379684182,1팀,120248763306900200,16.안심크리스피(ASC)(메가딜)_TCPA_A+SC캠페인_ALL_C7_수_표준기여_2908_260621,200,0,0,0
2026-08-08 05:19:52,05:00,906987379684182,1팀,120248763797300200,21.통살+그릴드(ASC)(메가딜)_TROAS_A+SC캠페인_구매최적화_값_표준기여_3068_260617,325,0,0,0
2026-08-08 05:19:52,05:00,906987379684182,1팀,120248763797350200,21.통살+그릴드(ASC)(메가딜)_A+SC캠페인_구매최적화_수_표준기여_3068_260617,34,0,0,0
2026-08-08 05:19:52,05:00,906987379684182,1팀,120249317264110200,07.크리스피(ASC)(하이브리드)_A+SC캠페인_구매최적화_수_표준기여_3078_260713,1243,0,0,0
2026-08-08 05:19:52,05:00,906987379684182,1팀,120249317264120200,07.크리스피(ASC)(하이브리드)_TCPA_A+SC캠페인_ALL_C7_수_표준기여_3078_260713,494,0,0,0
2026-08-08 05:19:52,05:00,906987379684182,1팀,120249317264140200,07.크리스피(ASC)(하이브리드)_TROAS_A+SC캠페인_구매최적화_값_표준기여_3078_260713,3980,0,0,0
2026-08-08 05:19:52,05:00,906987379684182,1팀,120249873291990200,07.크리스피(ASC)(1010)_TROAS_A+SC캠페인_구매최적화_값_표준기여_2992_260705,261,0,0,0
2026-08-08 05:19:52,05:00,906987379684182,1팀,120249873905240200,07.크리스피(ASC)(101010)_TROAS_A+SC캠페인_구매최적화_값_표준기여_2659_260705,106,0,0,0
2026-08-08 05:19:52,05:00,906987379684182,1팀,120249873905280200,07.크리스피(ASC)(101010)_A+SC캠페인_구매최적화_수_표준기여_2659_260705,375,0,0,0
2026-08-08 05:19:52,05:00,906987379684182,1팀,120249875227840200,16.안심크리스피(ASC)(메가딜)_A+SC캠페인_구매최적화_수_표준기여_2908_260705,385,0,0,0
2026-08-08 05:19:52,05:00,906987379684182,1팀,120249875227870200,16.안심크리스피(ASC)(메가딜)_TCPA_A+SC캠페인_ALL_C7_수_표준기여_2908_260705,12,0,0,0
2026-08-08 05:19:52,05:00,906987379684182,1팀,120249876219490200,20.김자반밥바(ASC)(메가딜)_A+SC캠페인_구매최적화_수_표준기여_3003_260705,190,0,0,0
2026-08-08 05:19:52,05:00,906987379684182,1팀,120249876219520200,20.김자반밥바(ASC)(메가딜)_TROAS_A+SC캠페인_구매최적화_값_표준기여_3003_260705,328,0,0,0
2026-08-08 05:19:52,05:00,906987379684182,1팀,120249878429160200,01.통살(ASC)(하이브리드)_TROAS_A+SC캠페인_구매최적화_값_표준기여_3028_260705,193,0,0,0
2026-08-08 05:19:52,05:00,906987379684182,1팀,120249878429240200,01.통살(ASC)(하이브리드)_A+SC캠페인_구매최적화_수_표준기여_3028_260705,269,0,0,0
2026-08-08 05:19:52,05:00,906987379684182,1팀,120250098930220200,01.통살(ASC)(101010)_TROAS_A+SC캠페인_구매최적화_값_표준기여_2336_260712,878,0,0,0
2026-08-08 05:19:52,05:00,906987379684182,1팀,120250099159310200,07.크리스피(ASC)(메가딜)_A+SC캠페인_구매최적화_수_표준기여_2464_260712,22,0,0,0
2026-08-08 05:19:52,05:00,906987379684182,1팀,120250099159320200,07.크리스피(ASC)(메가딜)_TROAS_A+SC캠페인_구매최적화_값_표준기여_2464_260712,968,0,0,0
2026-08-08 05:19:52,05:00,906987379684182,1팀,120250099159330200,07.크리스피(ASC)(메가딜)_TCPA_A+SC캠페인_ALL_C7_수_표준기여_2464_260712,129,0,0,0
2026-08-08 05:19:52,05:00,906987379684182,1팀,120250099335020200,77.프로모션(ASC)(줄리엔강)_TCPA_A+SC캠페인_ALL_C7_수_표준기여_260713,222,0,0,0
2026-08-08 05:19:52,05:00,906987379684182,1팀,120250099335030200,77.프로모션(ASC)(줄리엔강)_TROAS_A+SC캠페인_구매최적화_값_표준기여_260713,324,0,0,0
2026-08-08 05:19:52,05:00,906987379684182,1팀,120250268133470200,03.닭다리살(ASC)(하이브리드)_TROAS_A+SC캠페인_구매최적화_값_표준기여_3111_260726,167,0,0,0
2026-08-08 05:19:52,05:00,906987379684182,1팀,120250444210730200,20.김자반밥바(ASC)(하이브리드)_TROAS_A+SC캠페인_구매최적화_값_표준기여_3159_260726,272,0,0,0
2026-08-08 05:19:52,05:00,906987379684182,1팀,120250444210740200,20.김자반밥바(ASC)(하이브리드)_A+SC캠페인_구매최적화_수_표준기여_3159_260726,80,0,0,0
2026-08-08 05:19:52,05:00,906987379684182,1팀,120250444210900200,20.김자반밥바(ASC)(하이브리드)_TCPA_A+SC캠페인_ALL_C7_수_표준기여_3159_260726,168,0,0,0
2026-08-08 05:19:52,05:00,906987379684182,1팀,120250444423310200,21.통살+그릴드(ASC)(하이브리드)_TROAS_A+SC캠페인_구매최적화_값_표준기여_3162_260726,119,0,0,0
2026-08-08 05:19:52,05:00,906987379684182,1팀,120250444423320200,21.통살+그릴드(ASC)(하이브리드)_TCPA_A+SC캠페인_ALL_C7_수_표준기여_3162_260726,56,0,0,0
2026-08-08 05:19:52,05:00,906987379684182,1팀,120250444423330200,21.통살+그릴드(ASC)(하이브리드)_A+SC캠페인_구매최적화_수_표준기여_3162_260726,97,0,0,0
2026-08-08 05:19:52,05:00,906987379684182,1팀,120250475752460200,07.크리스피(ASC)(하이브리드)_TROAS_A+SC캠페인_구매최적화_값_표준기여_3078_260722(페르소나),50,0,0,0
2026-08-08 05:19:52,05:00,906987379684182,1팀,120250614451020200,07.크리스피(ASC)(하이브리드)_A+SC캠페인_구매최적화_수_표준기여_3078_260728,308,0,0,0
2026-08-08 05:19:52,05:00,906987379684182,1팀,120250614451040200,07.크리스피(ASC)(하이브리드)_TROAS_A+SC캠페인_구매최적화_값_표준기여_3078_260728,874,0,0,0
2026-08-08 05:19:52,05:00,906987379684182,1팀,120250649570130200,07.크리스피(ASC)(하이브리드)_TROAS_A+SC캠페인_구매최적화_값_표준기여_3078_260802_AI,392,0,0,0
2026-08-08 05:19:52,05:00,906987379684182,1팀,120250649570150200,07.크리스피(ASC)(하이브리드)_TCPA_A+SC캠페인_ALL_C7_수_표준기여_3078_260802_AI,2,0,0,0
2026-08-08 05:19:52,05:00,906987379684182,1팀,120250649570180200,07.크리스피(ASC)(하이브리드)_A+SC캠페인_구매최적화_수_표준기여_3078_260802_AI,193,0,0,0
2026-08-08 05:19:52,05:00,906987379684182,1팀,120250856737330200,77.프로모션(ASC)(통크크)_TROAS_A+SC캠페인_구매최적화_값_표준기여_260806,1223,0,0,0
2026-08-08 05:19:52,05:00,906987379684182,1팀,120250856737340200,77.프로모션(ASC)(통크크)_TCPA_A+SC캠페인_ALL_C7_수_표준기여_260806,216,0,0,0
2026-08-08 05:19:52,05:00,906987379684182,1팀,120250856737350200,77.프로모션(ASC)(통크크)_A+SC캠페인_구매최적화_수_표준기여_260806,398,0,0,0
2026-08-08 05:19:52,05:00,906987379684182,1팀,120250859367430200,20.김자반밥바(ASC)(하이브리드)_A+SC캠페인_구매최적화_수_가치조정_3159_260806,786,0,0,0
2026-08-08 05:19:52,05:00,906987379684182,1팀,120250859367440200,20.김자반밥바(ASC)(하이브리드)_TCPA_A+SC캠페인_ALL_C7_수_표준기여_3159_260806,256,0,0,0
2026-08-08 05:19:52,05:00,906987379684182,1팀,120250859367470200,20.김자반밥바(ASC)(하이브리드)_TROAS_A+SC캠페인_구매최적화_값_표준기여_3159_260806,588,0,0,0
2026-08-08 05:30:38,05:00,906987379684182,1팀,120228320649100200,01.통살(ASC)(101010)_TCPA16000_A+SC 캠페인_ALL_V1C7_수_표준기여_2336,228,0,0,0
2026-08-08 05:30:38,05:00,906987379684182,1팀,120228788396590200,01.통살(ASC)(메가딜)_TCPA20000_A+SC 캠페인_ALL_V1C7_수_표준기여_1874,1435,0,0,0
2026-08-08 05:30:38,05:00,906987379684182,1팀,120230755324960200,07.크리스피(ASC)(메가딜)_A+SC 캠페인_구매최적화_수_표준기여_2464,396,0,0,0
2026-08-08 05:30:38,05:00,906987379684182,1팀,120237509836570200,07.크리스피(ASC)(메가딜)_TCPA16000_A+SC 캠페인_ALL_수_표준기여_2464,4464,0,0,0
2026-08-08 05:30:38,05:00,906987379684182,1팀,120243001852340200,01.통살(ASC)(101010)_TCPA16000_A+SC 캠페인_ALL_V1C7_수_표준기여_2336_02,374,0,0,0
2026-08-08 05:30:38,05:00,906987379684182,1팀,120243258462660200,07.크리스피(ASC)(101010)_A+SC 캠페인_구매최적화_수_표준기여_2659_260322,1534,1,63900,4165.580182529336
2026-08-08 05:30:38,05:00,906987379684182,1팀,120243592510760200,16.안심크리스피(ASC)(메가딜)_TCPA14000_A+SC 캠페인_ALL_C7_수_표준기여_2863_260327,346,0,0,0
2026-08-08 05:30:38,05:00,906987379684182,1팀,120244042753880200,07.크리스피(ASC)(메가딜)_TCPA16000_A+SC 캠페인_ALL_수_표준기여_2464_260403,366,0,0,0
2026-08-08 05:30:38,05:00,906987379684182,1팀,120244128322750200,01.통살(ASC)(101010)_TCPA16000_A+SC 캠페인_ALL_V1C7_수_표준기여_2336_03,163,0,0,0
2026-08-08 05:30:38,05:00,906987379684182,1팀,120244130427210200,07.크리스피(ASC)(메가딜)_A+SC 캠페인_구매최적화_수_표준기여_2464_260404,1575,0,0,0
2026-08-08 05:30:38,05:00,906987379684182,1팀,120244370408130200,17.안심볶음밥(ASC)(메가딜)_TCPA_A+SC 캠페인_ALL_C7_수_표준기여_2903_260409,507,0,0,0
2026-08-08 05:30:38,05:00,906987379684182,1팀,120244785115700200,07.크리스피(ASC)(메가딜)_A+SC 캠페인_구매최적화_수_표준기여_2464_260416_intern,781,0,0,0
2026-08-08 05:30:38,05:00,906987379684182,1팀,120244785115970200,07.크리스피(ASC)(메가딜)_TCPA14000_A+SC 캠페인_ALL_C7_수_표준기여_2464_260416_intern,2747,0,0,0
2026-08-08 05:30:38,05:00,906987379684182,1팀,120246157174550200,17.안심볶음밥(ASC)(메가딜)_A+SC 캠페인_구매최적화_수_표준기여_2903_260507_남자,5,0,0,0
2026-08-08 05:30:38,05:00,906987379684182,1팀,120246224683700200,17.안심볶음밥(ASC)(메가딜)_A+SC 캠페인_구매최적화_수_표준기여_2903_260507_남자_02,135,0,0,0
2026-08-08 05:30:38,05:00,906987379684182,1팀,120246397028850200,07.크리스피(ASC)(통합)_A+SC 캠페인_구매최적화_수_표준기여_통합_260511,494,0,0,0
2026-08-08 05:30:38,05:00,906987379684182,1팀,120246898203940200,03.닭다리살(ASC)(1010)_A+SC캠페인_구매최적화_수_표준기여_2604_260519,501,1,50900,10159.680638722555
2026-08-08 05:30:38,05:00,906987379684182,1팀,120246898384670200,03.닭다리살(ASC)(1010)_TROAS_A+SC캠페인_구매최적화_값_표준기여_2604_260519,5016,0,0,0
2026-08-08 05:30:38,05:00,906987379684182,1팀,120247354343980200,20.김자반밥바(ASC)(메가딜)_TCPA_A+SC캠페인_ALL_C7_수_표준기여_3003_260527,1277,0,0,0
2026-08-08 05:30:38,05:00,906987379684182,1팀,120247354558020200,20.김자반밥바(ASC)(메가딜)_A+SC캠페인_구매최적화_수_표준기여_3003_260527,352,0,0,0
2026-08-08 05:30:38,05:00,906987379684182,1팀,120247379361950200,07.크리스피(ASC)(1010)_A+SC캠페인_구매최적화_수_표준기여_2992_260527,144,0,0,0
2026-08-08 05:30:38,05:00,906987379684182,1팀,120247379587080200,07.크리스피(ASC)(1010)_TROAS_A+SC캠페인_구매최적화_값_표준기여_2992_260527,309,0,0,0
2026-08-08 05:30:38,05:00,906987379684182,1팀,120247842896910200,20.김자반밥바(ASC)(메가딜)_A+SC캠페인_구매최적화_수_표준기여_3003_260603,2054,0,0,0
2026-08-08 05:30:38,05:00,906987379684182,1팀,120248207670120200,17.안심볶음밥(ASC)(메가딜)_A+SC 캠페인_구매최적화_수_표준기여_2903_260609_남자(가치조정),580,0,0,0
2026-08-08 05:30:38,05:00,906987379684182,1팀,120248361514480200,01.통살(ASC)(하이브리드)_TCPA_A+SC캠페인_ALL_C7_수_표준기여_3028_260611,65,0,0,0
2026-08-08 05:30:38,05:00,906987379684182,1팀,120248361514580200,01.통살(ASC)(하이브리드)_TROAS_A+SC캠페인_구매최적화_값_표준기여_3028_260611,425,0,0,0
2026-08-08 05:30:38,05:00,906987379684182,1팀,120248762624190200,17.안심볶음밥(ASC)(메가딜)_TCPA_A+SC캠페인_ALL_C7_수_표준기여_2903_260705,115,0,0,0
2026-08-08 05:30:38,05:00,906987379684182,1팀,120248762624470200,17.안심볶음밥(ASC)(메가딜)_TROAS_A+SC캠페인_구매최적화_값_표준기여_2903_260705,430,0,0,0
2026-08-08 05:30:38,05:00,906987379684182,1팀,120248762761370200,17.안심볶음밥(ASC)(메가딜)_A+SC캠페인_구매최적화_수_표준기여_2903_260705,345,0,0,0
2026-08-08 05:30:38,05:00,906987379684182,1팀,120248762858730200,16.안심크리스피(ASC)(메가딜)_A+SC 캠페인_구매최적화_수_표준기여_2908_260720(페르소나),267,0,0,0
2026-08-08 05:30:38,05:00,906987379684182,1팀,120248763306900200,16.안심크리스피(ASC)(메가딜)_TCPA_A+SC캠페인_ALL_C7_수_표준기여_2908_260621,223,0,0,0
2026-08-08 05:30:38,05:00,906987379684182,1팀,120248763797300200,21.통살+그릴드(ASC)(메가딜)_TROAS_A+SC캠페인_구매최적화_값_표준기여_3068_260617,408,0,0,0
2026-08-08 05:30:38,05:00,906987379684182,1팀,120248763797350200,21.통살+그릴드(ASC)(메가딜)_A+SC캠페인_구매최적화_수_표준기여_3068_260617,93,0,0,0
2026-08-08 05:30:38,05:00,906987379684182,1팀,120249317264110200,07.크리스피(ASC)(하이브리드)_A+SC캠페인_구매최적화_수_표준기여_3078_260713,1924,0,0,0
2026-08-08 05:30:38,05:00,906987379684182,1팀,120249317264120200,07.크리스피(ASC)(하이브리드)_TCPA_A+SC캠페인_ALL_C7_수_표준기여_3078_260713,740,0,0,0
2026-08-08 05:30:38,05:00,906987379684182,1팀,120249317264140200,07.크리스피(ASC)(하이브리드)_TROAS_A+SC캠페인_구매최적화_값_표준기여_3078_260713,6701,0,0,0
2026-08-08 05:30:38,05:00,906987379684182,1팀,120249873291990200,07.크리스피(ASC)(1010)_TROAS_A+SC캠페인_구매최적화_값_표준기여_2992_260705,270,0,0,0
2026-08-08 05:30:38,05:00,906987379684182,1팀,120249873905240200,07.크리스피(ASC)(101010)_TROAS_A+SC캠페인_구매최적화_값_표준기여_2659_260705,270,0,0,0
2026-08-08 05:30:38,05:00,906987379684182,1팀,120249873905280200,07.크리스피(ASC)(101010)_A+SC캠페인_구매최적화_수_표준기여_2659_260705,461,0,0,0
2026-08-08 05:30:38,05:00,906987379684182,1팀,120249875227840200,16.안심크리스피(ASC)(메가딜)_A+SC캠페인_구매최적화_수_표준기여_2908_260705,571,0,0,0
2026-08-08 05:30:38,05:00,906987379684182,1팀,120249875227870200,16.안심크리스피(ASC)(메가딜)_TCPA_A+SC캠페인_ALL_C7_수_표준기여_2908_260705,12,0,0,0
2026-08-08 05:30:38,05:00,906987379684182,1팀,120249876219490200,20.김자반밥바(ASC)(메가딜)_A+SC캠페인_구매최적화_수_표준기여_3003_260705,368,0,0,0
2026-08-08 05:30:38,05:00,906987379684182,1팀,120249876219520200,20.김자반밥바(ASC)(메가딜)_TROAS_A+SC캠페인_구매최적화_값_표준기여_3003_260705,453,0,0,0
2026-08-08 05:30:38,05:00,906987379684182,1팀,120249878429160200,01.통살(ASC)(하이브리드)_TROAS_A+SC캠페인_구매최적화_값_표준기여_3028_260705,346,0,0,0
2026-08-08 05:30:38,05:00,906987379684182,1팀,120249878429240200,01.통살(ASC)(하이브리드)_A+SC캠페인_구매최적화_수_표준기여_3028_260705,315,0,0,0
2026-08-08 05:30:38,05:00,906987379684182,1팀,120250098930220200,01.통살(ASC)(101010)_TROAS_A+SC캠페인_구매최적화_값_표준기여_2336_260712,1208,0,0,0
2026-08-08 05:30:38,05:00,906987379684182,1팀,120250099159310200,07.크리스피(ASC)(메가딜)_A+SC캠페인_구매최적화_수_표준기여_2464_260712,60,0,0,0
2026-08-08 05:30:38,05:00,906987379684182,1팀,120250099159320200,07.크리스피(ASC)(메가딜)_TROAS_A+SC캠페인_구매최적화_값_표준기여_2464_260712,1968,0,0,0
2026-08-08 05:30:38,05:00,906987379684182,1팀,120250099159330200,07.크리스피(ASC)(메가딜)_TCPA_A+SC캠페인_ALL_C7_수_표준기여_2464_260712,297,0,0,0
2026-08-08 05:30:38,05:00,906987379684182,1팀,120250099335020200,77.프로모션(ASC)(줄리엔강)_TCPA_A+SC캠페인_ALL_C7_수_표준기여_260713,421,0,0,0
2026-08-08 05:30:38,05:00,906987379684182,1팀,120250099335030200,77.프로모션(ASC)(줄리엔강)_TROAS_A+SC캠페인_구매최적화_값_표준기여_260713,548,0,0,0
2026-08-08 05:30:38,05:00,906987379684182,1팀,120250268133470200,03.닭다리살(ASC)(하이브리드)_TROAS_A+SC캠페인_구매최적화_값_표준기여_3111_260726,285,0,0,0
2026-08-08 05:30:38,05:00,906987379684182,1팀,120250444210730200,20.김자반밥바(ASC)(하이브리드)_TROAS_A+SC캠페인_구매최적화_값_표준기여_3159_260726,402,0,0,0
2026-08-08 05:30:38,05:00,906987379684182,1팀,120250444210740200,20.김자반밥바(ASC)(하이브리드)_A+SC캠페인_구매최적화_수_표준기여_3159_260726,152,0,0,0
2026-08-08 05:30:38,05:00,906987379684182,1팀,120250444210900200,20.김자반밥바(ASC)(하이브리드)_TCPA_A+SC캠페인_ALL_C7_수_표준기여_3159_260726,276,0,0,0
2026-08-08 05:30:38,05:00,906987379684182,1팀,120250444423310200,21.통살+그릴드(ASC)(하이브리드)_TROAS_A+SC캠페인_구매최적화_값_표준기여_3162_260726,133,0,0,0
2026-08-08 05:30:38,05:00,906987379684182,1팀,120250444423320200,21.통살+그릴드(ASC)(하이브리드)_TCPA_A+SC캠페인_ALL_C7_수_표준기여_3162_260726,65,0,0,0
2026-08-08 05:30:38,05:00,906987379684182,1팀,120250444423330200,21.통살+그릴드(ASC)(하이브리드)_A+SC캠페인_구매최적화_수_표준기여_3162_260726,216,0,0,0
2026-08-08 05:30:38,05:00,906987379684182,1팀,120250475752460200,07.크리스피(ASC)(하이브리드)_TROAS_A+SC캠페인_구매최적화_값_표준기여_3078_260722(페르소나),58,0,0,0
2026-08-08 05:30:38,05:00,906987379684182,1팀,120250614451020200,07.크리스피(ASC)(하이브리드)_A+SC캠페인_구매최적화_수_표준기여_3078_260728,628,0,0,0
2026-08-08 05:30:38,05:00,906987379684182,1팀,120250614451040200,07.크리스피(ASC)(하이브리드)_TROAS_A+SC캠페인_구매최적화_값_표준기여_3078_260728,1435,0,0,0
2026-08-08 05:30:38,05:00,906987379684182,1팀,120250649570130200,07.크리스피(ASC)(하이브리드)_TROAS_A+SC캠페인_구매최적화_값_표준기여_3078_260802_AI,831,0,0,0
2026-08-08 05:30:38,05:00,906987379684182,1팀,120250649570150200,07.크리스피(ASC)(하이브리드)_TCPA_A+SC캠페인_ALL_C7_수_표준기여_3078_260802_AI,18,0,0,0
2026-08-08 05:30:38,05:00,906987379684182,1팀,120250649570180200,07.크리스피(ASC)(하이브리드)_A+SC캠페인_구매최적화_수_표준기여_3078_260802_AI,375,0,0,0
2026-08-08 05:30:38,05:00,906987379684182,1팀,120250856737330200,77.프로모션(ASC)(통크크)_TROAS_A+SC캠페인_구매최적화_값_표준기여_260806,2079,0,0,0
2026-08-08 05:30:38,05:00,906987379684182,1팀,120250856737340200,77.프로모션(ASC)(통크크)_TCPA_A+SC캠페인_ALL_C7_수_표준기여_260806,351,0,0,0
2026-08-08 05:30:38,05:00,906987379684182,1팀,120250856737350200,77.프로모션(ASC)(통크크)_A+SC캠페인_구매최적화_수_표준기여_260806,483,0,0,0
2026-08-08 05:30:38,05:00,906987379684182,1팀,120250859367430200,20.김자반밥바(ASC)(하이브리드)_A+SC캠페인_구매최적화_수_가치조정_3159_260806,967,0,0,0
2026-08-08 05:30:38,05:00,906987379684182,1팀,120250859367440200,20.김자반밥바(ASC)(하이브리드)_TCPA_A+SC캠페인_ALL_C7_수_표준기여_3159_260806,672,0,0,0
2026-08-08 05:30:38,05:00,906987379684182,1팀,120250859367470200,20.김자반밥바(ASC)(하이브리드)_TROAS_A+SC캠페인_구매최적화_값_표준기여_3159_260806,880,0,0,0
2026-08-08 06:05:59,06:00,906987379684182,1팀,120228788396590200,01.통살(ASC)(메가딜)_TCPA20000_A+SC 캠페인_ALL_V1C7_수_표준기여_1874,75,0,0,0
2026-08-08 06:05:59,06:00,906987379684182,1팀,120237509836570200,07.크리스피(ASC)(메가딜)_TCPA16000_A+SC 캠페인_ALL_수_표준기여_2464,15,0,0,0
2026-08-08 06:05:59,06:00,906987379684182,1팀,120243258462660200,07.크리스피(ASC)(101010)_A+SC 캠페인_구매최적화_수_표준기여_2659_260322,25,0,0,0
2026-08-08 06:05:59,06:00,906987379684182,1팀,120243592510760200,16.안심크리스피(ASC)(메가딜)_TCPA14000_A+SC 캠페인_ALL_C7_수_표준기여_2863_260327,11,0,0,0
2026-08-08 06:05:59,06:00,906987379684182,1팀,120244042753880200,07.크리스피(ASC)(메가딜)_TCPA16000_A+SC 캠페인_ALL_수_표준기여_2464_260403,2,0,0,0
2026-08-08 06:05:59,06:00,906987379684182,1팀,120244370408130200,17.안심볶음밥(ASC)(메가딜)_TCPA_A+SC 캠페인_ALL_C7_수_표준기여_2903_260409,2,0,0,0
2026-08-08 06:05:59,06:00,906987379684182,1팀,120244785115700200,07.크리스피(ASC)(메가딜)_A+SC 캠페인_구매최적화_수_표준기여_2464_260416_intern,4,0,0,0
2026-08-08 06:05:59,06:00,906987379684182,1팀,120244785115970200,07.크리스피(ASC)(메가딜)_TCPA14000_A+SC 캠페인_ALL_C7_수_표준기여_2464_260416_intern,23,0,0,0
2026-08-08 06:05:59,06:00,906987379684182,1팀,120246224683700200,17.안심볶음밥(ASC)(메가딜)_A+SC 캠페인_구매최적화_수_표준기여_2903_260507_남자_02,56,0,0,0
2026-08-08 06:05:59,06:00,906987379684182,1팀,120246898384670200,03.닭다리살(ASC)(1010)_TROAS_A+SC캠페인_구매최적화_값_표준기여_2604_260519,62,0,0,0
2026-08-08 06:05:59,06:00,906987379684182,1팀,120247354343980200,20.김자반밥바(ASC)(메가딜)_TCPA_A+SC캠페인_ALL_C7_수_표준기여_3003_260527,46,0,0,0
2026-08-08 06:05:59,06:00,906987379684182,1팀,120247842896910200,20.김자반밥바(ASC)(메가딜)_A+SC캠페인_구매최적화_수_표준기여_3003_260603,3,0,0,0
2026-08-08 06:05:59,06:00,906987379684182,1팀,120248762624470200,17.안심볶음밥(ASC)(메가딜)_TROAS_A+SC캠페인_구매최적화_값_표준기여_2903_260705,4,0,0,0
2026-08-08 06:05:59,06:00,906987379684182,1팀,120248762761370200,17.안심볶음밥(ASC)(메가딜)_A+SC캠페인_구매최적화_수_표준기여_2903_260705,9,0,0,0
2026-08-08 06:05:59,06:00,906987379684182,1팀,120249317264120200,07.크리스피(ASC)(하이브리드)_TCPA_A+SC캠페인_ALL_C7_수_표준기여_3078_260713,4,0,0,0
2026-08-08 06:05:59,06:00,906987379684182,1팀,120249317264140200,07.크리스피(ASC)(하이브리드)_TROAS_A+SC캠페인_구매최적화_값_표준기여_3078_260713,133,0,0,0
2026-08-08 06:05:59,06:00,906987379684182,1팀,120249875227840200,16.안심크리스피(ASC)(메가딜)_A+SC캠페인_구매최적화_수_표준기여_2908_260705,16,0,0,0
2026-08-08 06:05:59,06:00,906987379684182,1팀,120250098930220200,01.통살(ASC)(101010)_TROAS_A+SC캠페인_구매최적화_값_표준기여_2336_260712,18,0,0,0
2026-08-08 06:05:59,06:00,906987379684182,1팀,120250099159320200,07.크리스피(ASC)(메가딜)_TROAS_A+SC캠페인_구매최적화_값_표준기여_2464_260712,3,0,0,0
2026-08-08 06:05:59,06:00,906987379684182,1팀,120250099335030200,77.프로모션(ASC)(줄리엔강)_TROAS_A+SC캠페인_구매최적화_값_표준기여_260713,58,0,0,0
2026-08-08 06:05:59,06:00,906987379684182,1팀,120250268133470200,03.닭다리살(ASC)(하이브리드)_TROAS_A+SC캠페인_구매최적화_값_표준기여_3111_260726,2,0,0,0
2026-08-08 06:05:59,06:00,906987379684182,1팀,120250444210730200,20.김자반밥바(ASC)(하이브리드)_TROAS_A+SC캠페인_구매최적화_값_표준기여_3159_260726,4,0,0,0
2026-08-08 06:05:59,06:00,906987379684182,1팀,120250444210740200,20.김자반밥바(ASC)(하이브리드)_A+SC캠페인_구매최적화_수_표준기여_3159_260726,77,0,0,0
2026-08-08 06:05:59,06:00,906987379684182,1팀,120250856737330200,77.프로모션(ASC)(통크크)_TROAS_A+SC캠페인_구매최적화_값_표준기여_260806,75,0,0,0
2026-08-08 06:05:59,06:00,906987379684182,1팀,120250856737350200,77.프로모션(ASC)(통크크)_A+SC캠페인_구매최적화_수_표준기여_260806,8,0,0,0
2026-08-08 06:30:41,06:00,906987379684182,1팀,120228320649100200,01.통살(ASC)(101010)_TCPA16000_A+SC 캠페인_ALL_V1C7_수_표준기여_2336,478,0,0,0
2026-08-08 06:30:41,06:00,906987379684182,1팀,120228788396590200,01.통살(ASC)(메가딜)_TCPA20000_A+SC 캠페인_ALL_V1C7_수_표준기여_1874,2589,0,0,0
2026-08-08 06:30:41,06:00,906987379684182,1팀,120230755324960200,07.크리스피(ASC)(메가딜)_A+SC 캠페인_구매최적화_수_표준기여_2464,281,0,0,0
2026-08-08 06:30:41,06:00,906987379684182,1팀,120237509836570200,07.크리스피(ASC)(메가딜)_TCPA16000_A+SC 캠페인_ALL_수_표준기여_2464,4024,0,0,0
2026-08-08 06:30:41,06:00,906987379684182,1팀,120243001852340200,01.통살(ASC)(101010)_TCPA16000_A+SC 캠페인_ALL_V1C7_수_표준기여_2336_02,459,0,0,0
2026-08-08 06:30:41,06:00,906987379684182,1팀,120243258462660200,07.크리스피(ASC)(101010)_A+SC 캠페인_구매최적화_수_표준기여_2659_260322,1180,0,0,0
2026-08-08 06:30:41,06:00,906987379684182,1팀,120243592510760200,16.안심크리스피(ASC)(메가딜)_TCPA14000_A+SC 캠페인_ALL_C7_수_표준기여_2863_260327,685,1,43000,6277.3722627737225
2026-08-08 06:30:41,06:00,906987379684182,1팀,120244042753880200,07.크리스피(ASC)(메가딜)_TCPA16000_A+SC 캠페인_ALL_수_표준기여_2464_260403,424,0,0,0
2026-08-08 06:30:41,06:00,906987379684182,1팀,120244128322750200,01.통살(ASC)(101010)_TCPA16000_A+SC 캠페인_ALL_V1C7_수_표준기여_2336_03,355,0,0,0
2026-08-08 06:30:41,06:00,906987379684182,1팀,120244130427210200,07.크리스피(ASC)(메가딜)_A+SC 캠페인_구매최적화_수_표준기여_2464_260404,730,0,0,0
2026-08-08 06:30:41,06:00,906987379684182,1팀,120244370408130200,17.안심볶음밥(ASC)(메가딜)_TCPA_A+SC 캠페인_ALL_C7_수_표준기여_2903_260409,435,0,0,0
2026-08-08 06:30:41,06:00,906987379684182,1팀,120244785115700200,07.크리스피(ASC)(메가딜)_A+SC 캠페인_구매최적화_수_표준기여_2464_260416_intern,175,0,0,0
2026-08-08 06:30:41,06:00,906987379684182,1팀,120244785115970200,07.크리스피(ASC)(메가딜)_TCPA14000_A+SC 캠페인_ALL_C7_수_표준기여_2464_260416_intern,804,0,0,0
2026-08-08 06:30:41,06:00,906987379684182,1팀,120246157174550200,17.안심볶음밥(ASC)(메가딜)_A+SC 캠페인_구매최적화_수_표준기여_2903_260507_남자,76,0,0,0
2026-08-08 06:30:41,06:00,906987379684182,1팀,120246224683700200,17.안심볶음밥(ASC)(메가딜)_A+SC 캠페인_구매최적화_수_표준기여_2903_260507_남자_02,427,0,0,0
2026-08-08 06:30:41,06:00,906987379684182,1팀,120246397028850200,07.크리스피(ASC)(통합)_A+SC 캠페인_구매최적화_수_표준기여_통합_260511,987,0,0,0
2026-08-08 06:30:41,06:00,906987379684182,1팀,120246898203940200,03.닭다리살(ASC)(1010)_A+SC캠페인_구매최적화_수_표준기여_2604_260519,476,0,0,0
2026-08-08 06:30:41,06:00,906987379684182,1팀,120246898384670200,03.닭다리살(ASC)(1010)_TROAS_A+SC캠페인_구매최적화_값_표준기여_2604_260519,6033,0,0,0
2026-08-08 06:30:41,06:00,906987379684182,1팀,120247354343980200,20.김자반밥바(ASC)(메가딜)_TCPA_A+SC캠페인_ALL_C7_수_표준기여_3003_260527,1884,0,0,0
2026-08-08 06:30:41,06:00,906987379684182,1팀,120247354558020200,20.김자반밥바(ASC)(메가딜)_A+SC캠페인_구매최적화_수_표준기여_3003_260527,1052,0,0,0
2026-08-08 06:30:41,06:00,906987379684182,1팀,120247379361950200,07.크리스피(ASC)(1010)_A+SC캠페인_구매최적화_수_표준기여_2992_260527,315,0,0,0
2026-08-08 06:30:41,06:00,906987379684182,1팀,120247379587080200,07.크리스피(ASC)(1010)_TROAS_A+SC캠페인_구매최적화_값_표준기여_2992_260527,970,1,45700,4711.340206185568
2026-08-08 06:30:41,06:00,906987379684182,1팀,120247842896910200,20.김자반밥바(ASC)(메가딜)_A+SC캠페인_구매최적화_수_표준기여_3003_260603,4913,0,0,0
2026-08-08 06:30:41,06:00,906987379684182,1팀,120248207670120200,17.안심볶음밥(ASC)(메가딜)_A+SC 캠페인_구매최적화_수_표준기여_2903_260609_남자(가치조정),648,0,0,0
2026-08-08 06:30:41,06:00,906987379684182,1팀,120248361514480200,01.통살(ASC)(하이브리드)_TCPA_A+SC캠페인_ALL_C7_수_표준기여_3028_260611,126,0,0,0
2026-08-08 06:30:41,06:00,906987379684182,1팀,120248361514580200,01.통살(ASC)(하이브리드)_TROAS_A+SC캠페인_구매최적화_값_표준기여_3028_260611,508,0,0,0
2026-08-08 06:30:41,06:00,906987379684182,1팀,120248762624190200,17.안심볶음밥(ASC)(메가딜)_TCPA_A+SC캠페인_ALL_C7_수_표준기여_2903_260705,83,0,0,0
2026-08-08 06:30:41,06:00,906987379684182,1팀,120248762624470200,17.안심볶음밥(ASC)(메가딜)_TROAS_A+SC캠페인_구매최적화_값_표준기여_2903_260705,816,0,0,0
2026-08-08 06:30:41,06:00,906987379684182,1팀,120248762761370200,17.안심볶음밥(ASC)(메가딜)_A+SC캠페인_구매최적화_수_표준기여_2903_260705,409,0,0,0
2026-08-08 06:30:41,06:00,906987379684182,1팀,120248762858730200,16.안심크리스피(ASC)(메가딜)_A+SC 캠페인_구매최적화_수_표준기여_2908_260720(페르소나),354,0,0,0
2026-08-08 06:30:41,06:00,906987379684182,1팀,120248763306900200,16.안심크리스피(ASC)(메가딜)_TCPA_A+SC캠페인_ALL_C7_수_표준기여_2908_260621,203,0,0,0
2026-08-08 06:30:41,06:00,906987379684182,1팀,120248763797300200,21.통살+그릴드(ASC)(메가딜)_TROAS_A+SC캠페인_구매최적화_값_표준기여_3068_260617,658,0,0,0
2026-08-08 06:30:41,06:00,906987379684182,1팀,120248763797350200,21.통살+그릴드(ASC)(메가딜)_A+SC캠페인_구매최적화_수_표준기여_3068_260617,251,0,0,0
2026-08-08 06:30:41,06:00,906987379684182,1팀,120249317264110200,07.크리스피(ASC)(하이브리드)_A+SC캠페인_구매최적화_수_표준기여_3078_260713,2698,0,0,0
2026-08-08 06:30:41,06:00,906987379684182,1팀,120249317264120200,07.크리스피(ASC)(하이브리드)_TCPA_A+SC캠페인_ALL_C7_수_표준기여_3078_260713,723,0,0,0
2026-08-08 06:30:41,06:00,906987379684182,1팀,120249317264140200,07.크리스피(ASC)(하이브리드)_TROAS_A+SC캠페인_구매최적화_값_표준기여_3078_260713,6750,0,0,0
2026-08-08 06:30:41,06:00,906987379684182,1팀,120249873291990200,07.크리스피(ASC)(1010)_TROAS_A+SC캠페인_구매최적화_값_표준기여_2992_260705,284,0,0,0
2026-08-08 06:30:41,06:00,906987379684182,1팀,120249873905240200,07.크리스피(ASC)(101010)_TROAS_A+SC캠페인_구매최적화_값_표준기여_2659_260705,438,0,0,0
2026-08-08 06:30:41,06:00,906987379684182,1팀,120249873905280200,07.크리스피(ASC)(101010)_A+SC캠페인_구매최적화_수_표준기여_2659_260705,554,0,0,0
2026-08-08 06:30:41,06:00,906987379684182,1팀,120249875227840200,16.안심크리스피(ASC)(메가딜)_A+SC캠페인_구매최적화_수_표준기여_2908_260705,505,0,0,0
2026-08-08 06:30:41,06:00,906987379684182,1팀,120249876219490200,20.김자반밥바(ASC)(메가딜)_A+SC캠페인_구매최적화_수_표준기여_3003_260705,307,0,0,0
2026-08-08 06:30:41,06:00,906987379684182,1팀,120249876219520200,20.김자반밥바(ASC)(메가딜)_TROAS_A+SC캠페인_구매최적화_값_표준기여_3003_260705,367,0,0,0
2026-08-08 06:30:41,06:00,906987379684182,1팀,120249878429160200,01.통살(ASC)(하이브리드)_TROAS_A+SC캠페인_구매최적화_값_표준기여_3028_260705,657,0,0,0
2026-08-08 06:30:41,06:00,906987379684182,1팀,120249878429240200,01.통살(ASC)(하이브리드)_A+SC캠페인_구매최적화_수_표준기여_3028_260705,237,0,0,0
2026-08-08 06:30:41,06:00,906987379684182,1팀,120250098930220200,01.통살(ASC)(101010)_TROAS_A+SC캠페인_구매최적화_값_표준기여_2336_260712,1894,0,0,0
2026-08-08 06:30:41,06:00,906987379684182,1팀,120250099159310200,07.크리스피(ASC)(메가딜)_A+SC캠페인_구매최적화_수_표준기여_2464_260712,211,0,0,0
2026-08-08 06:30:41,06:00,906987379684182,1팀,120250099159320200,07.크리스피(ASC)(메가딜)_TROAS_A+SC캠페인_구매최적화_값_표준기여_2464_260712,2543,0,0,0
2026-08-08 06:30:41,06:00,906987379684182,1팀,120250099159330200,07.크리스피(ASC)(메가딜)_TCPA_A+SC캠페인_ALL_C7_수_표준기여_2464_260712,548,0,0,0
2026-08-08 06:30:41,06:00,906987379684182,1팀,120250099335020200,77.프로모션(ASC)(줄리엔강)_TCPA_A+SC캠페인_ALL_C7_수_표준기여_260713,954,0,0,0
2026-08-08 06:30:41,06:00,906987379684182,1팀,120250099335030200,77.프로모션(ASC)(줄리엔강)_TROAS_A+SC캠페인_구매최적화_값_표준기여_260713,625,0,0,0
2026-08-08 06:30:41,06:00,906987379684182,1팀,120250268133470200,03.닭다리살(ASC)(하이브리드)_TROAS_A+SC캠페인_구매최적화_값_표준기여_3111_260726,500,0,0,0
2026-08-08 06:30:41,06:00,906987379684182,1팀,120250444210730200,20.김자반밥바(ASC)(하이브리드)_TROAS_A+SC캠페인_구매최적화_값_표준기여_3159_260726,569,0,0,0
2026-08-08 06:30:41,06:00,906987379684182,1팀,120250444210740200,20.김자반밥바(ASC)(하이브리드)_A+SC캠페인_구매최적화_수_표준기여_3159_260726,357,1,18900,5294.117647058823
2026-08-08 06:30:41,06:00,906987379684182,1팀,120250444210900200,20.김자반밥바(ASC)(하이브리드)_TCPA_A+SC캠페인_ALL_C7_수_표준기여_3159_260726,453,0,0,0
2026-08-08 06:30:41,06:00,906987379684182,1팀,120250444423310200,21.통살+그릴드(ASC)(하이브리드)_TROAS_A+SC캠페인_구매최적화_값_표준기여_3162_260726,327,0,0,0
2026-08-08 06:30:41,06:00,906987379684182,1팀,120250444423320200,21.통살+그릴드(ASC)(하이브리드)_TCPA_A+SC캠페인_ALL_C7_수_표준기여_3162_260726,206,0,0,0
2026-08-08 06:30:41,06:00,906987379684182,1팀,120250444423330200,21.통살+그릴드(ASC)(하이브리드)_A+SC캠페인_구매최적화_수_표준기여_3162_260726,187,0,0,0
2026-08-08 06:30:41,06:00,906987379684182,1팀,120250475752460200,07.크리스피(ASC)(하이브리드)_TROAS_A+SC캠페인_구매최적화_값_표준기여_3078_260722(페르소나),98,0,0,0
2026-08-08 06:30:41,06:00,906987379684182,1팀,120250614451020200,07.크리스피(ASC)(하이브리드)_A+SC캠페인_구매최적화_수_표준기여_3078_260728,160,0,0,0
2026-08-08 06:30:41,06:00,906987379684182,1팀,120250614451040200,07.크리스피(ASC)(하이브리드)_TROAS_A+SC캠페인_구매최적화_값_표준기여_3078_260728,1372,0,0,0
2026-08-08 06:30:41,06:00,906987379684182,1팀,120250649570130200,07.크리스피(ASC)(하이브리드)_TROAS_A+SC캠페인_구매최적화_값_표준기여_3078_260802_AI,606,0,0,0
2026-08-08 06:30:41,06:00,906987379684182,1팀,120250649570150200,07.크리스피(ASC)(하이브리드)_TCPA_A+SC캠페인_ALL_C7_수_표준기여_3078_260802_AI,333,0,0,0
2026-08-08 06:30:41,06:00,906987379684182,1팀,120250649570180200,07.크리스피(ASC)(하이브리드)_A+SC캠페인_구매최적화_수_표준기여_3078_260802_AI,705,0,0,0
2026-08-08 06:30:41,06:00,906987379684182,1팀,120250856737330200,77.프로모션(ASC)(통크크)_TROAS_A+SC캠페인_구매최적화_값_표준기여_260806,4913,0,0,0
2026-08-08 06:30:41,06:00,906987379684182,1팀,120250856737340200,77.프로모션(ASC)(통크크)_TCPA_A+SC캠페인_ALL_C7_수_표준기여_260806,554,0,0,0
2026-08-08 06:30:41,06:00,906987379684182,1팀,120250856737350200,77.프로모션(ASC)(통크크)_A+SC캠페인_구매최적화_수_표준기여_260806,566,0,0,0
2026-08-08 06:30:41,06:00,906987379684182,1팀,120250859367430200,20.김자반밥바(ASC)(하이브리드)_A+SC캠페인_구매최적화_수_가치조정_3159_260806,2631,0,0,0
2026-08-08 06:30:41,06:00,906987379684182,1팀,120250859367440200,20.김자반밥바(ASC)(하이브리드)_TCPA_A+SC캠페인_ALL_C7_수_표준기여_3159_260806,660,0,0,0
2026-08-08 06:30:41,06:00,906987379684182,1팀,120250859367470200,20.김자반밥바(ASC)(하이브리드)_TROAS_A+SC캠페인_구매최적화_값_표준기여_3159_260806,343,0,0,0
2026-08-08 06:53:20,06:00,906987379684182,1팀,120228320649100200,01.통살(ASC)(101010)_TCPA16000_A+SC 캠페인_ALL_V1C7_수_표준기여_2336,1206,0,0,0
2026-08-08 06:53:20,06:00,906987379684182,1팀,120228788396590200,01.통살(ASC)(메가딜)_TCPA20000_A+SC 캠페인_ALL_V1C7_수_표준기여_1874,7752,1,149850,1933.0495356037152
2026-08-08 06:53:20,06:00,906987379684182,1팀,120230755324960200,07.크리스피(ASC)(메가딜)_A+SC 캠페인_구매최적화_수_표준기여_2464,537,0,0,0
2026-08-08 06:53:20,06:00,906987379684182,1팀,120237509836570200,07.크리스피(ASC)(메가딜)_TCPA16000_A+SC 캠페인_ALL_수_표준기여_2464,5986,0,0,0
2026-08-08 06:53:20,06:00,906987379684182,1팀,120243001852340200,01.통살(ASC)(101010)_TCPA16000_A+SC 캠페인_ALL_V1C7_수_표준기여_2336_02,1232,0,0,0
2026-08-08 06:53:20,06:00,906987379684182,1팀,120243258462660200,07.크리스피(ASC)(101010)_A+SC 캠페인_구매최적화_수_표준기여_2659_260322,2463,0,0,0
2026-08-08 06:53:20,06:00,906987379684182,1팀,120243592510760200,16.안심크리스피(ASC)(메가딜)_TCPA14000_A+SC 캠페인_ALL_C7_수_표준기여_2863_260327,1116,1,43000,3853.0465949820787
2026-08-08 06:53:20,06:00,906987379684182,1팀,120244042753880200,07.크리스피(ASC)(메가딜)_TCPA16000_A+SC 캠페인_ALL_수_표준기여_2464_260403,1148,0,0,0
2026-08-08 06:53:20,06:00,906987379684182,1팀,120244128322750200,01.통살(ASC)(101010)_TCPA16000_A+SC 캠페인_ALL_V1C7_수_표준기여_2336_03,747,0,0,0
2026-08-08 06:53:20,06:00,906987379684182,1팀,120244130427210200,07.크리스피(ASC)(메가딜)_A+SC 캠페인_구매최적화_수_표준기여_2464_260404,2228,1,41000,1840.2154398563735
2026-08-08 06:53:20,06:00,906987379684182,1팀,120244370408130200,17.안심볶음밥(ASC)(메가딜)_TCPA_A+SC 캠페인_ALL_C7_수_표준기여_2903_260409,1027,0,0,0
2026-08-08 06:53:20,06:00,906987379684182,1팀,120244785115700200,07.크리스피(ASC)(메가딜)_A+SC 캠페인_구매최적화_수_표준기여_2464_260416_intern,311,0,0,0
2026-08-08 06:53:20,06:00,906987379684182,1팀,120244785115970200,07.크리스피(ASC)(메가딜)_TCPA14000_A+SC 캠페인_ALL_C7_수_표준기여_2464_260416_intern,1623,0,0,0
2026-08-08 06:53:20,06:00,906987379684182,1팀,120246157174550200,17.안심볶음밥(ASC)(메가딜)_A+SC 캠페인_구매최적화_수_표준기여_2903_260507_남자,76,0,0,0
2026-08-08 06:53:20,06:00,906987379684182,1팀,120246224683700200,17.안심볶음밥(ASC)(메가딜)_A+SC 캠페인_구매최적화_수_표준기여_2903_260507_남자_02,834,0,0,0
2026-08-08 06:53:20,06:00,906987379684182,1팀,120246397028850200,07.크리스피(ASC)(통합)_A+SC 캠페인_구매최적화_수_표준기여_통합_260511,2081,0,0,0
2026-08-08 06:53:20,06:00,906987379684182,1팀,120246898203940200,03.닭다리살(ASC)(1010)_A+SC캠페인_구매최적화_수_표준기여_2604_260519,1260,0,0,0
2026-08-08 06:53:20,06:00,906987379684182,1팀,120246898384670200,03.닭다리살(ASC)(1010)_TROAS_A+SC캠페인_구매최적화_값_표준기여_2604_260519,13174,0,0,0
2026-08-08 06:53:20,06:00,906987379684182,1팀,120247354343980200,20.김자반밥바(ASC)(메가딜)_TCPA_A+SC캠페인_ALL_C7_수_표준기여_3003_260527,4218,0,0,0
2026-08-08 06:53:20,06:00,906987379684182,1팀,120247354558020200,20.김자반밥바(ASC)(메가딜)_A+SC캠페인_구매최적화_수_표준기여_3003_260527,1766,0,0,0
2026-08-08 06:53:20,06:00,906987379684182,1팀,120247379361950200,07.크리스피(ASC)(1010)_A+SC캠페인_구매최적화_수_표준기여_2992_260527,1180,0,0,0
2026-08-08 06:53:20,06:00,906987379684182,1팀,120247379587080200,07.크리스피(ASC)(1010)_TROAS_A+SC캠페인_구매최적화_값_표준기여_2992_260527,1561,2,91400,5855.221012171684
2026-08-08 06:53:20,06:00,906987379684182,1팀,120247842896910200,20.김자반밥바(ASC)(메가딜)_A+SC캠페인_구매최적화_수_표준기여_3003_260603,9542,0,0,0
2026-08-08 06:53:20,06:00,906987379684182,1팀,120248207670120200,17.안심볶음밥(ASC)(메가딜)_A+SC 캠페인_구매최적화_수_표준기여_2903_260609_남자(가치조정),1449,0,0,0
2026-08-08 06:53:20,06:00,906987379684182,1팀,120248361514480200,01.통살(ASC)(하이브리드)_TCPA_A+SC캠페인_ALL_C7_수_표준기여_3028_260611,510,0,0,0
2026-08-08 06:53:20,06:00,906987379684182,1팀,120248361514580200,01.통살(ASC)(하이브리드)_TROAS_A+SC캠페인_구매최적화_값_표준기여_3028_260611,1207,0,0,0
2026-08-08 06:53:20,06:00,906987379684182,1팀,120248762624190200,17.안심볶음밥(ASC)(메가딜)_TCPA_A+SC캠페인_ALL_C7_수_표준기여_2903_260705,83,0,0,0
2026-08-08 06:53:20,06:00,906987379684182,1팀,120248762624470200,17.안심볶음밥(ASC)(메가딜)_TROAS_A+SC캠페인_구매최적화_값_표준기여_2903_260705,2025,0,0,0
2026-08-08 06:53:20,06:00,906987379684182,1팀,120248762761370200,17.안심볶음밥(ASC)(메가딜)_A+SC캠페인_구매최적화_수_표준기여_2903_260705,737,0,0,0
2026-08-08 06:53:20,06:00,906987379684182,1팀,120248762858730200,16.안심크리스피(ASC)(메가딜)_A+SC 캠페인_구매최적화_수_표준기여_2908_260720(페르소나),1103,0,0,0
2026-08-08 06:53:20,06:00,906987379684182,1팀,120248763306900200,16.안심크리스피(ASC)(메가딜)_TCPA_A+SC캠페인_ALL_C7_수_표준기여_2908_260621,339,0,0,0
2026-08-08 06:53:20,06:00,906987379684182,1팀,120248763797300200,21.통살+그릴드(ASC)(메가딜)_TROAS_A+SC캠페인_구매최적화_값_표준기여_3068_260617,1505,0,0,0
2026-08-08 06:53:20,06:00,906987379684182,1팀,120248763797350200,21.통살+그릴드(ASC)(메가딜)_A+SC캠페인_구매최적화_수_표준기여_3068_260617,477,0,0,0
2026-08-08 06:53:20,06:00,906987379684182,1팀,120249317264110200,07.크리스피(ASC)(하이브리드)_A+SC캠페인_구매최적화_수_표준기여_3078_260713,8025,0,0,0
2026-08-08 06:53:20,06:00,906987379684182,1팀,120249317264120200,07.크리스피(ASC)(하이브리드)_TCPA_A+SC캠페인_ALL_C7_수_표준기여_3078_260713,1616,0,0,0
2026-08-08 06:53:20,06:00,906987379684182,1팀,120249317264140200,07.크리스피(ASC)(하이브리드)_TROAS_A+SC캠페인_구매최적화_값_표준기여_3078_260713,16431,0,0,0
2026-08-08 06:53:20,06:00,906987379684182,1팀,120249873291990200,07.크리스피(ASC)(1010)_TROAS_A+SC캠페인_구매최적화_값_표준기여_2992_260705,797,0,0,0
2026-08-08 06:53:20,06:00,906987379684182,1팀,120249873905240200,07.크리스피(ASC)(101010)_TROAS_A+SC캠페인_구매최적화_값_표준기여_2659_260705,1188,0,0,0
2026-08-08 06:53:20,06:00,906987379684182,1팀,120249873905280200,07.크리스피(ASC)(101010)_A+SC캠페인_구매최적화_수_표준기여_2659_260705,1813,0,0,0
2026-08-08 06:53:20,06:00,906987379684182,1팀,120249875227840200,16.안심크리스피(ASC)(메가딜)_A+SC캠페인_구매최적화_수_표준기여_2908_260705,952,0,0,0
2026-08-08 06:53:20,06:00,906987379684182,1팀,120249875227870200,16.안심크리스피(ASC)(메가딜)_TCPA_A+SC캠페인_ALL_C7_수_표준기여_2908_260705,36,0,0,0
2026-08-08 06:53:20,06:00,906987379684182,1팀,120249876219490200,20.김자반밥바(ASC)(메가딜)_A+SC캠페인_구매최적화_수_표준기여_3003_260705,645,0,0,0
2026-08-08 06:53:20,06:00,906987379684182,1팀,120249876219520200,20.김자반밥바(ASC)(메가딜)_TROAS_A+SC캠페인_구매최적화_값_표준기여_3003_260705,979,0,0,0
2026-08-08 06:53:20,06:00,906987379684182,1팀,120249878429160200,01.통살(ASC)(하이브리드)_TROAS_A+SC캠페인_구매최적화_값_표준기여_3028_260705,1809,0,0,0
2026-08-08 06:53:20,06:00,906987379684182,1팀,120249878429240200,01.통살(ASC)(하이브리드)_A+SC캠페인_구매최적화_수_표준기여_3028_260705,634,0,0,0
2026-08-08 06:53:20,06:00,906987379684182,1팀,120250098930220200,01.통살(ASC)(101010)_TROAS_A+SC캠페인_구매최적화_값_표준기여_2336_260712,4480,0,0,0
2026-08-08 06:53:20,06:00,906987379684182,1팀,120250099159310200,07.크리스피(ASC)(메가딜)_A+SC캠페인_구매최적화_수_표준기여_2464_260712,730,0,0,0
2026-08-08 06:53:20,06:00,906987379684182,1팀,120250099159320200,07.크리스피(ASC)(메가딜)_TROAS_A+SC캠페인_구매최적화_값_표준기여_2464_260712,4702,0,0,0
2026-08-08 06:53:20,06:00,906987379684182,1팀,120250099159330200,07.크리스피(ASC)(메가딜)_TCPA_A+SC캠페인_ALL_C7_수_표준기여_2464_260712,1062,0,0,0
2026-08-08 06:53:20,06:00,906987379684182,1팀,120250099335020200,77.프로모션(ASC)(줄리엔강)_TCPA_A+SC캠페인_ALL_C7_수_표준기여_260713,1973,0,0,0
2026-08-08 06:53:20,06:00,906987379684182,1팀,120250099335030200,77.프로모션(ASC)(줄리엔강)_TROAS_A+SC캠페인_구매최적화_값_표준기여_260713,1367,0,0,0
2026-08-08 06:53:20,06:00,906987379684182,1팀,120250268133470200,03.닭다리살(ASC)(하이브리드)_TROAS_A+SC캠페인_구매최적화_값_표준기여_3111_260726,940,0,0,0
2026-08-08 06:53:20,06:00,906987379684182,1팀,120250444210730200,20.김자반밥바(ASC)(하이브리드)_TROAS_A+SC캠페인_구매최적화_값_표준기여_3159_260726,1230,0,0,0
2026-08-08 06:53:20,06:00,906987379684182,1팀,120250444210740200,20.김자반밥바(ASC)(하이브리드)_A+SC캠페인_구매최적화_수_표준기여_3159_260726,551,1,18900,3430.127041742287
2026-08-08 06:53:20,06:00,906987379684182,1팀,120250444210900200,20.김자반밥바(ASC)(하이브리드)_TCPA_A+SC캠페인_ALL_C7_수_표준기여_3159_260726,1946,0,0,0
2026-08-08 06:53:20,06:00,906987379684182,1팀,120250444423310200,21.통살+그릴드(ASC)(하이브리드)_TROAS_A+SC캠페인_구매최적화_값_표준기여_3162_260726,501,0,0,0
2026-08-08 06:53:20,06:00,906987379684182,1팀,120250444423320200,21.통살+그릴드(ASC)(하이브리드)_TCPA_A+SC캠페인_ALL_C7_수_표준기여_3162_260726,227,0,0,0
2026-08-08 06:53:20,06:00,906987379684182,1팀,120250444423330200,21.통살+그릴드(ASC)(하이브리드)_A+SC캠페인_구매최적화_수_표준기여_3162_260726,591,0,0,0
2026-08-08 06:53:20,06:00,906987379684182,1팀,120250475752460200,07.크리스피(ASC)(하이브리드)_TROAS_A+SC캠페인_구매최적화_값_표준기여_3078_260722(페르소나),150,0,0,0
2026-08-08 06:53:20,06:00,906987379684182,1팀,120250614451020200,07.크리스피(ASC)(하이브리드)_A+SC캠페인_구매최적화_수_표준기여_3078_260728,289,0,0,0
2026-08-08 06:53:20,06:00,906987379684182,1팀,120250614451040200,07.크리스피(ASC)(하이브리드)_TROAS_A+SC캠페인_구매최적화_값_표준기여_3078_260728,3146,1,75700,2406.2301335028606
2026-08-08 06:53:20,06:00,906987379684182,1팀,120250614451160200,07.크리스피(ASC)(하이브리드)_TCPA_A+SC캠페인_ALL_C7_수_표준기여_3078_260728,6,0,0,0
2026-08-08 06:53:20,06:00,906987379684182,1팀,120250649570130200,07.크리스피(ASC)(하이브리드)_TROAS_A+SC캠페인_구매최적화_값_표준기여_3078_260802_AI,1744,0,0,0
2026-08-08 06:53:20,06:00,906987379684182,1팀,120250649570150200,07.크리스피(ASC)(하이브리드)_TCPA_A+SC캠페인_ALL_C7_수_표준기여_3078_260802_AI,1060,0,0,0
2026-08-08 06:53:20,06:00,906987379684182,1팀,120250649570180200,07.크리스피(ASC)(하이브리드)_A+SC캠페인_구매최적화_수_표준기여_3078_260802_AI,1531,0,0,0
2026-08-08 06:53:20,06:00,906987379684182,1팀,120250856737330200,77.프로모션(ASC)(통크크)_TROAS_A+SC캠페인_구매최적화_값_표준기여_260806,11771,0,0,0
2026-08-08 06:53:20,06:00,906987379684182,1팀,120250856737340200,77.프로모션(ASC)(통크크)_TCPA_A+SC캠페인_ALL_C7_수_표준기여_260806,957,0,0,0
2026-08-08 06:53:20,06:00,906987379684182,1팀,120250856737350200,77.프로모션(ASC)(통크크)_A+SC캠페인_구매최적화_수_표준기여_260806,1211,0,0,0
2026-08-08 06:53:20,06:00,906987379684182,1팀,120250859367430200,20.김자반밥바(ASC)(하이브리드)_A+SC캠페인_구매최적화_수_가치조정_3159_260806,5080,0,0,0
2026-08-08 06:53:20,06:00,906987379684182,1팀,120250859367440200,20.김자반밥바(ASC)(하이브리드)_TCPA_A+SC캠페인_ALL_C7_수_표준기여_3159_260806,1136,0,0,0
2026-08-08 06:53:20,06:00,906987379684182,1팀,120250859367470200,20.김자반밥바(ASC)(하이브리드)_TROAS_A+SC캠페인_구매최적화_값_표준기여_3159_260806,871,0,0,0
2026-08-08 07:30:40,07:00,906987379684182,1팀,120228320649100200,01.통살(ASC)(101010)_TCPA16000_A+SC 캠페인_ALL_V1C7_수_표준기여_2336,708,0,0,0
2026-08-08 07:30:40,07:00,906987379684182,1팀,120228788396590200,01.통살(ASC)(메가딜)_TCPA20000_A+SC 캠페인_ALL_V1C7_수_표준기여_1874,5166,0,0,0
2026-08-08 07:30:40,07:00,906987379684182,1팀,120230755324960200,07.크리스피(ASC)(메가딜)_A+SC 캠페인_구매최적화_수_표준기여_2464,627,0,0,0
2026-08-08 07:30:40,07:00,906987379684182,1팀,120237509836570200,07.크리스피(ASC)(메가딜)_TCPA16000_A+SC 캠페인_ALL_수_표준기여_2464,4566,0,0,0
2026-08-08 07:30:40,07:00,906987379684182,1팀,120243001852340200,01.통살(ASC)(101010)_TCPA16000_A+SC 캠페인_ALL_V1C7_수_표준기여_2336_02,628,0,0,0
2026-08-08 07:30:40,07:00,906987379684182,1팀,120243258462660200,07.크리스피(ASC)(101010)_A+SC 캠페인_구매최적화_수_표준기여_2659_260322,986,0,0,0
2026-08-08 07:30:40,07:00,906987379684182,1팀,120243592510760200,16.안심크리스피(ASC)(메가딜)_TCPA14000_A+SC 캠페인_ALL_C7_수_표준기여_2863_260327,961,0,0,0
2026-08-08 07:30:40,07:00,906987379684182,1팀,120244042753880200,07.크리스피(ASC)(메가딜)_TCPA16000_A+SC 캠페인_ALL_수_표준기여_2464_260403,806,0,0,0
2026-08-08 07:30:40,07:00,906987379684182,1팀,120244128322750200,01.통살(ASC)(101010)_TCPA16000_A+SC 캠페인_ALL_V1C7_수_표준기여_2336_03,421,0,0,0
2026-08-08 07:30:40,07:00,906987379684182,1팀,120244130427210200,07.크리스피(ASC)(메가딜)_A+SC 캠페인_구매최적화_수_표준기여_2464_260404,846,0,0,0
2026-08-08 07:30:40,07:00,906987379684182,1팀,120244370408130200,17.안심볶음밥(ASC)(메가딜)_TCPA_A+SC 캠페인_ALL_C7_수_표준기여_2903_260409,678,0,0,0
2026-08-08 07:30:40,07:00,906987379684182,1팀,120244785115700200,07.크리스피(ASC)(메가딜)_A+SC 캠페인_구매최적화_수_표준기여_2464_260416_intern,129,0,0,0
2026-08-08 07:30:40,07:00,906987379684182,1팀,120244785115970200,07.크리스피(ASC)(메가딜)_TCPA14000_A+SC 캠페인_ALL_C7_수_표준기여_2464_260416_intern,1517,0,0,0
2026-08-08 07:30:40,07:00,906987379684182,1팀,120246157174550200,17.안심볶음밥(ASC)(메가딜)_A+SC 캠페인_구매최적화_수_표준기여_2903_260507_남자,135,0,0,0
2026-08-08 07:30:40,07:00,906987379684182,1팀,120246224683700200,17.안심볶음밥(ASC)(메가딜)_A+SC 캠페인_구매최적화_수_표준기여_2903_260507_남자_02,493,0,0,0
2026-08-08 07:30:40,07:00,906987379684182,1팀,120246397028850200,07.크리스피(ASC)(통합)_A+SC 캠페인_구매최적화_수_표준기여_통합_260511,1855,0,0,0
2026-08-08 07:30:40,07:00,906987379684182,1팀,120246898203940200,03.닭다리살(ASC)(1010)_A+SC캠페인_구매최적화_수_표준기여_2604_260519,240,0,0,0
2026-08-08 07:30:40,07:00,906987379684182,1팀,120246898384670200,03.닭다리살(ASC)(1010)_TROAS_A+SC캠페인_구매최적화_값_표준기여_2604_260519,8515,0,0,0
2026-08-08 07:30:40,07:00,906987379684182,1팀,120247354343980200,20.김자반밥바(ASC)(메가딜)_TCPA_A+SC캠페인_ALL_C7_수_표준기여_3003_260527,2705,0,0,0
2026-08-08 07:30:40,07:00,906987379684182,1팀,120247354558020200,20.김자반밥바(ASC)(메가딜)_A+SC캠페인_구매최적화_수_표준기여_3003_260527,1234,0,0,0
2026-08-08 07:30:40,07:00,906987379684182,1팀,120247379361950200,07.크리스피(ASC)(1010)_A+SC캠페인_구매최적화_수_표준기여_2992_260527,727,0,0,0
2026-08-08 07:30:40,07:00,906987379684182,1팀,120247379587080200,07.크리스피(ASC)(1010)_TROAS_A+SC캠페인_구매최적화_값_표준기여_2992_260527,584,0,0,0
2026-08-08 07:30:40,07:00,906987379684182,1팀,120247842896910200,20.김자반밥바(ASC)(메가딜)_A+SC캠페인_구매최적화_수_표준기여_3003_260603,7377,0,0,0
2026-08-08 07:30:40,07:00,906987379684182,1팀,120248207670120200,17.안심볶음밥(ASC)(메가딜)_A+SC 캠페인_구매최적화_수_표준기여_2903_260609_남자(가치조정),892,1,23900,2679.372197309417
2026-08-08 07:30:40,07:00,906987379684182,1팀,120248361514480200,01.통살(ASC)(하이브리드)_TCPA_A+SC캠페인_ALL_C7_수_표준기여_3028_260611,323,0,0,0
2026-08-08 07:30:40,07:00,906987379684182,1팀,120248361514580200,01.통살(ASC)(하이브리드)_TROAS_A+SC캠페인_구매최적화_값_표준기여_3028_260611,1143,0,0,0
2026-08-08 07:30:40,07:00,906987379684182,1팀,120248762624190200,17.안심볶음밥(ASC)(메가딜)_TCPA_A+SC캠페인_ALL_C7_수_표준기여_2903_260705,16,0,0,0
2026-08-08 07:30:40,07:00,906987379684182,1팀,120248762624470200,17.안심볶음밥(ASC)(메가딜)_TROAS_A+SC캠페인_구매최적화_값_표준기여_2903_260705,1513,0,0,0
2026-08-08 07:30:40,07:00,906987379684182,1팀,120248762761370200,17.안심볶음밥(ASC)(메가딜)_A+SC캠페인_구매최적화_수_표준기여_2903_260705,580,0,0,0
2026-08-08 07:30:40,07:00,906987379684182,1팀,120248762858730200,16.안심크리스피(ASC)(메가딜)_A+SC 캠페인_구매최적화_수_표준기여_2908_260720(페르소나),953,0,0,0
2026-08-08 07:30:40,07:00,906987379684182,1팀,120248763306900200,16.안심크리스피(ASC)(메가딜)_TCPA_A+SC캠페인_ALL_C7_수_표준기여_2908_260621,193,0,0,0
2026-08-08 07:30:40,07:00,906987379684182,1팀,120248763797300200,21.통살+그릴드(ASC)(메가딜)_TROAS_A+SC캠페인_구매최적화_값_표준기여_3068_260617,917,0,0,0
2026-08-08 07:30:40,07:00,906987379684182,1팀,120248763797350200,21.통살+그릴드(ASC)(메가딜)_A+SC캠페인_구매최적화_수_표준기여_3068_260617,1076,0,0,0
2026-08-08 07:30:40,07:00,906987379684182,1팀,120249317264110200,07.크리스피(ASC)(하이브리드)_A+SC캠페인_구매최적화_수_표준기여_3078_260713,5135,0,0,0
2026-08-08 07:30:40,07:00,906987379684182,1팀,120249317264120200,07.크리스피(ASC)(하이브리드)_TCPA_A+SC캠페인_ALL_C7_수_표준기여_3078_260713,1728,0,0,0
2026-08-08 07:30:40,07:00,906987379684182,1팀,120249317264140200,07.크리스피(ASC)(하이브리드)_TROAS_A+SC캠페인_구매최적화_값_표준기여_3078_260713,10614,0,0,0
2026-08-08 07:30:40,07:00,906987379684182,1팀,120249873291990200,07.크리스피(ASC)(1010)_TROAS_A+SC캠페인_구매최적화_값_표준기여_2992_260705,426,0,0,0
2026-08-08 07:30:40,07:00,906987379684182,1팀,120249873905240200,07.크리스피(ASC)(101010)_TROAS_A+SC캠페인_구매최적화_값_표준기여_2659_260705,365,0,0,0
2026-08-08 07:30:40,07:00,906987379684182,1팀,120249873905280200,07.크리스피(ASC)(101010)_A+SC캠페인_구매최적화_수_표준기여_2659_260705,1162,0,0,0
2026-08-08 07:30:40,07:00,906987379684182,1팀,120249875227840200,16.안심크리스피(ASC)(메가딜)_A+SC캠페인_구매최적화_수_표준기여_2908_260705,638,0,0,0
2026-08-08 07:30:40,07:00,906987379684182,1팀,120249876219490200,20.김자반밥바(ASC)(메가딜)_A+SC캠페인_구매최적화_수_표준기여_3003_260705,996,0,0,0
2026-08-08 07:30:40,07:00,906987379684182,1팀,120249876219520200,20.김자반밥바(ASC)(메가딜)_TROAS_A+SC캠페인_구매최적화_값_표준기여_3003_260705,1118,0,0,0
2026-08-08 07:30:40,07:00,906987379684182,1팀,120249878429160200,01.통살(ASC)(하이브리드)_TROAS_A+SC캠페인_구매최적화_값_표준기여_3028_260705,1557,0,0,0
2026-08-08 07:30:40,07:00,906987379684182,1팀,120249878429240200,01.통살(ASC)(하이브리드)_A+SC캠페인_구매최적화_수_표준기여_3028_260705,305,0,0,0
2026-08-08 07:30:40,07:00,906987379684182,1팀,120250098930220200,01.통살(ASC)(101010)_TROAS_A+SC캠페인_구매최적화_값_표준기여_2336_260712,2512,0,0,0
2026-08-08 07:30:40,07:00,906987379684182,1팀,120250099159310200,07.크리스피(ASC)(메가딜)_A+SC캠페인_구매최적화_수_표준기여_2464_260712,362,0,0,0
2026-08-08 07:30:40,07:00,906987379684182,1팀,120250099159320200,07.크리스피(ASC)(메가딜)_TROAS_A+SC캠페인_구매최적화_값_표준기여_2464_260712,2852,0,0,0
2026-08-08 07:30:40,07:00,906987379684182,1팀,120250099159330200,07.크리스피(ASC)(메가딜)_TCPA_A+SC캠페인_ALL_C7_수_표준기여_2464_260712,1409,0,0,0
2026-08-08 07:30:40,07:00,906987379684182,1팀,120250099335010200,77.프로모션(ASC)(줄리엔강)_A+SC캠페인_구매최적화_수_표준기여_260713,0,0,0,0
2026-08-08 07:30:40,07:00,906987379684182,1팀,120250099335020200,77.프로모션(ASC)(줄리엔강)_TCPA_A+SC캠페인_ALL_C7_수_표준기여_260713,1709,0,0,0
2026-08-08 07:30:40,07:00,906987379684182,1팀,120250099335030200,77.프로모션(ASC)(줄리엔강)_TROAS_A+SC캠페인_구매최적화_값_표준기여_260713,710,0,0,0
2026-08-08 07:30:40,07:00,906987379684182,1팀,120250268133470200,03.닭다리살(ASC)(하이브리드)_TROAS_A+SC캠페인_구매최적화_값_표준기여_3111_260726,761,0,0,0
2026-08-08 07:30:40,07:00,906987379684182,1팀,120250444210730200,20.김자반밥바(ASC)(하이브리드)_TROAS_A+SC캠페인_구매최적화_값_표준기여_3159_260726,631,0,0,0
2026-08-08 07:30:40,07:00,906987379684182,1팀,120250444210740200,20.김자반밥바(ASC)(하이브리드)_A+SC캠페인_구매최적화_수_표준기여_3159_260726,245,0,0,0
2026-08-08 07:30:40,07:00,906987379684182,1팀,120250444210900200,20.김자반밥바(ASC)(하이브리드)_TCPA_A+SC캠페인_ALL_C7_수_표준기여_3159_260726,1336,1,32900,2462.574850299401
2026-08-08 07:30:40,07:00,906987379684182,1팀,120250444423310200,21.통살+그릴드(ASC)(하이브리드)_TROAS_A+SC캠페인_구매최적화_값_표준기여_3162_260726,383,0,0,0
2026-08-08 07:30:40,07:00,906987379684182,1팀,120250444423320200,21.통살+그릴드(ASC)(하이브리드)_TCPA_A+SC캠페인_ALL_C7_수_표준기여_3162_260726,559,0,0,0
2026-08-08 07:30:40,07:00,906987379684182,1팀,120250444423330200,21.통살+그릴드(ASC)(하이브리드)_A+SC캠페인_구매최적화_수_표준기여_3162_260726,268,0,0,0
2026-08-08 07:30:40,07:00,906987379684182,1팀,120250475752460200,07.크리스피(ASC)(하이브리드)_TROAS_A+SC캠페인_구매최적화_값_표준기여_3078_260722(페르소나),14,0,0,0
2026-08-08 07:30:40,07:00,906987379684182,1팀,120250614451020200,07.크리스피(ASC)(하이브리드)_A+SC캠페인_구매최적화_수_표준기여_3078_260728,62,0,0,0
2026-08-08 07:30:40,07:00,906987379684182,1팀,120250614451040200,07.크리스피(ASC)(하이브리드)_TROAS_A+SC캠페인_구매최적화_값_표준기여_3078_260728,1502,0,0,0
2026-08-08 07:30:40,07:00,906987379684182,1팀,120250614451160200,07.크리스피(ASC)(하이브리드)_TCPA_A+SC캠페인_ALL_C7_수_표준기여_3078_260728,13,0,0,0
2026-08-08 07:30:40,07:00,906987379684182,1팀,120250649570130200,07.크리스피(ASC)(하이브리드)_TROAS_A+SC캠페인_구매최적화_값_표준기여_3078_260802_AI,1186,0,0,0
2026-08-08 07:30:40,07:00,906987379684182,1팀,120250649570150200,07.크리스피(ASC)(하이브리드)_TCPA_A+SC캠페인_ALL_C7_수_표준기여_3078_260802_AI,991,0,0,0
2026-08-08 07:30:40,07:00,906987379684182,1팀,120250649570180200,07.크리스피(ASC)(하이브리드)_A+SC캠페인_구매최적화_수_표준기여_3078_260802_AI,1538,0,0,0
2026-08-08 07:30:40,07:00,906987379684182,1팀,120250856737330200,77.프로모션(ASC)(통크크)_TROAS_A+SC캠페인_구매최적화_값_표준기여_260806,6628,0,0,0
2026-08-08 07:30:40,07:00,906987379684182,1팀,120250856737340200,77.프로모션(ASC)(통크크)_TCPA_A+SC캠페인_ALL_C7_수_표준기여_260806,1377,0,0,0
2026-08-08 07:30:40,07:00,906987379684182,1팀,120250856737350200,77.프로모션(ASC)(통크크)_A+SC캠페인_구매최적화_수_표준기여_260806,767,0,0,0
2026-08-08 07:30:40,07:00,906987379684182,1팀,120250859367430200,20.김자반밥바(ASC)(하이브리드)_A+SC캠페인_구매최적화_수_가치조정_3159_260806,4475,0,0,0
2026-08-08 07:30:40,07:00,906987379684182,1팀,120250859367440200,20.김자반밥바(ASC)(하이브리드)_TCPA_A+SC캠페인_ALL_C7_수_표준기여_3159_260806,1146,0,0,0
2026-08-08 07:30:40,07:00,906987379684182,1팀,120250859367470200,20.김자반밥바(ASC)(하이브리드)_TROAS_A+SC캠페인_구매최적화_값_표준기여_3159_260806,910,0,0,0
2026-08-08 07:39:47,07:00,906987379684182,1팀,120228320649100200,01.통살(ASC)(101010)_TCPA16000_A+SC 캠페인_ALL_V1C7_수_표준기여_2336,1192,0,0,0
2026-08-08 07:39:47,07:00,906987379684182,1팀,120228788396590200,01.통살(ASC)(메가딜)_TCPA20000_A+SC 캠페인_ALL_V1C7_수_표준기여_1874,7196,1,66500,924.1245136186769
2026-08-08 07:39:47,07:00,906987379684182,1팀,120230755324960200,07.크리스피(ASC)(메가딜)_A+SC 캠페인_구매최적화_수_표준기여_2464,803,0,0,0
2026-08-08 07:39:47,07:00,906987379684182,1팀,120237509836570200,07.크리스피(ASC)(메가딜)_TCPA16000_A+SC 캠페인_ALL_수_표준기여_2464,6693,0,0,0
2026-08-08 07:39:47,07:00,906987379684182,1팀,120243001852340200,01.통살(ASC)(101010)_TCPA16000_A+SC 캠페인_ALL_V1C7_수_표준기여_2336_02,763,0,0,0
2026-08-08 07:39:47,07:00,906987379684182,1팀,120243258462660200,07.크리스피(ASC)(101010)_A+SC 캠페인_구매최적화_수_표준기여_2659_260322,2153,0,0,0
2026-08-08 07:39:47,07:00,906987379684182,1팀,120243592510760200,16.안심크리스피(ASC)(메가딜)_TCPA14000_A+SC 캠페인_ALL_C7_수_표준기여_2863_260327,1285,0,0,0
2026-08-08 07:39:47,07:00,906987379684182,1팀,120244042753880200,07.크리스피(ASC)(메가딜)_TCPA16000_A+SC 캠페인_ALL_수_표준기여_2464_260403,1166,0,0,0
2026-08-08 07:39:47,07:00,906987379684182,1팀,120244128322750200,01.통살(ASC)(101010)_TCPA16000_A+SC 캠페인_ALL_V1C7_수_표준기여_2336_03,683,0,0,0
2026-08-08 07:39:47,07:00,906987379684182,1팀,120244130427210200,07.크리스피(ASC)(메가딜)_A+SC 캠페인_구매최적화_수_표준기여_2464_260404,1575,0,0,0
2026-08-08 07:39:47,07:00,906987379684182,1팀,120244370408130200,17.안심볶음밥(ASC)(메가딜)_TCPA_A+SC 캠페인_ALL_C7_수_표준기여_2903_260409,1350,0,0,0
2026-08-08 07:39:47,07:00,906987379684182,1팀,120244785115700200,07.크리스피(ASC)(메가딜)_A+SC 캠페인_구매최적화_수_표준기여_2464_260416_intern,237,0,0,0
2026-08-08 07:39:47,07:00,906987379684182,1팀,120244785115970200,07.크리스피(ASC)(메가딜)_TCPA14000_A+SC 캠페인_ALL_C7_수_표준기여_2464_260416_intern,2126,0,0,0
2026-08-08 07:39:47,07:00,906987379684182,1팀,120246157174550200,17.안심볶음밥(ASC)(메가딜)_A+SC 캠페인_구매최적화_수_표준기여_2903_260507_남자,192,0,0,0
2026-08-08 07:39:47,07:00,906987379684182,1팀,120246224683700200,17.안심볶음밥(ASC)(메가딜)_A+SC 캠페인_구매최적화_수_표준기여_2903_260507_남자_02,575,0,0,0
2026-08-08 07:39:47,07:00,906987379684182,1팀,120246397028850200,07.크리스피(ASC)(통합)_A+SC 캠페인_구매최적화_수_표준기여_통합_260511,3084,0,0,0
2026-08-08 07:39:47,07:00,906987379684182,1팀,120246898203940200,03.닭다리살(ASC)(1010)_A+SC캠페인_구매최적화_수_표준기여_2604_260519,345,0,0,0
2026-08-08 07:39:47,07:00,906987379684182,1팀,120246898384670200,03.닭다리살(ASC)(1010)_TROAS_A+SC캠페인_구매최적화_값_표준기여_2604_260519,14575,0,0,0
2026-08-08 07:39:47,07:00,906987379684182,1팀,120247354343980200,20.김자반밥바(ASC)(메가딜)_TCPA_A+SC캠페인_ALL_C7_수_표준기여_3003_260527,4225,0,0,0
2026-08-08 07:39:47,07:00,906987379684182,1팀,120247354558020200,20.김자반밥바(ASC)(메가딜)_A+SC캠페인_구매최적화_수_표준기여_3003_260527,1449,0,0,0
2026-08-08 07:39:47,07:00,906987379684182,1팀,120247379361950200,07.크리스피(ASC)(1010)_A+SC캠페인_구매최적화_수_표준기여_2992_260527,2291,0,0,0
2026-08-08 07:39:47,07:00,906987379684182,1팀,120247379587080200,07.크리스피(ASC)(1010)_TROAS_A+SC캠페인_구매최적화_값_표준기여_2992_260527,683,0,0,0
2026-08-08 07:39:47,07:00,906987379684182,1팀,120247842896910200,20.김자반밥바(ASC)(메가딜)_A+SC캠페인_구매최적화_수_표준기여_3003_260603,11493,0,0,0
2026-08-08 07:39:47,07:00,906987379684182,1팀,120248207670120200,17.안심볶음밥(ASC)(메가딜)_A+SC 캠페인_구매최적화_수_표준기여_2903_260609_남자(가치조정),1440,1,23900,1659.7222222222222
2026-08-08 07:39:47,07:00,906987379684182,1팀,120248361514480200,01.통살(ASC)(하이브리드)_TCPA_A+SC캠페인_ALL_C7_수_표준기여_3028_260611,561,0,0,0
2026-08-08 07:39:47,07:00,906987379684182,1팀,120248361514580200,01.통살(ASC)(하이브리드)_TROAS_A+SC캠페인_구매최적화_값_표준기여_3028_260611,1462,0,0,0
2026-08-08 07:39:47,07:00,906987379684182,1팀,120248762624190200,17.안심볶음밥(ASC)(메가딜)_TCPA_A+SC캠페인_ALL_C7_수_표준기여_2903_260705,39,0,0,0
2026-08-08 07:39:47,07:00,906987379684182,1팀,120248762624470200,17.안심볶음밥(ASC)(메가딜)_TROAS_A+SC캠페인_구매최적화_값_표준기여_2903_260705,1874,0,0,0
2026-08-08 07:39:47,07:00,906987379684182,1팀,120248762761370200,17.안심볶음밥(ASC)(메가딜)_A+SC캠페인_구매최적화_수_표준기여_2903_260705,706,0,0,0
2026-08-08 07:39:47,07:00,906987379684182,1팀,120248762858730200,16.안심크리스피(ASC)(메가딜)_A+SC 캠페인_구매최적화_수_표준기여_2908_260720(페르소나),1500,0,0,0
2026-08-08 07:39:47,07:00,906987379684182,1팀,120248763306900200,16.안심크리스피(ASC)(메가딜)_TCPA_A+SC캠페인_ALL_C7_수_표준기여_2908_260621,287,0,0,0
2026-08-08 07:39:47,07:00,906987379684182,1팀,120248763797300200,21.통살+그릴드(ASC)(메가딜)_TROAS_A+SC캠페인_구매최적화_값_표준기여_3068_260617,1302,0,0,0
2026-08-08 07:39:47,07:00,906987379684182,1팀,120248763797350200,21.통살+그릴드(ASC)(메가딜)_A+SC캠페인_구매최적화_수_표준기여_3068_260617,1473,0,0,0
2026-08-08 07:39:47,07:00,906987379684182,1팀,120249317264110200,07.크리스피(ASC)(하이브리드)_A+SC캠페인_구매최적화_수_표준기여_3078_260713,7019,0,0,0
2026-08-08 07:39:47,07:00,906987379684182,1팀,120249317264120200,07.크리스피(ASC)(하이브리드)_TCPA_A+SC캠페인_ALL_C7_수_표준기여_3078_260713,2362,0,0,0
2026-08-08 07:39:47,07:00,906987379684182,1팀,120249317264140200,07.크리스피(ASC)(하이브리드)_TROAS_A+SC캠페인_구매최적화_값_표준기여_3078_260713,15763,0,0,0
2026-08-08 07:39:47,07:00,906987379684182,1팀,120249873291990200,07.크리스피(ASC)(1010)_TROAS_A+SC캠페인_구매최적화_값_표준기여_2992_260705,604,0,0,0
2026-08-08 07:39:47,07:00,906987379684182,1팀,120249873905240200,07.크리스피(ASC)(101010)_TROAS_A+SC캠페인_구매최적화_값_표준기여_2659_260705,647,0,0,0
2026-08-08 07:39:47,07:00,906987379684182,1팀,120249873905280200,07.크리스피(ASC)(101010)_A+SC캠페인_구매최적화_수_표준기여_2659_260705,1755,0,0,0
2026-08-08 07:39:47,07:00,906987379684182,1팀,120249875227840200,16.안심크리스피(ASC)(메가딜)_A+SC캠페인_구매최적화_수_표준기여_2908_260705,965,0,0,0
2026-08-08 07:39:47,07:00,906987379684182,1팀,120249876219490200,20.김자반밥바(ASC)(메가딜)_A+SC캠페인_구매최적화_수_표준기여_3003_260705,1537,0,0,0
2026-08-08 07:39:47,07:00,906987379684182,1팀,120249876219520200,20.김자반밥바(ASC)(메가딜)_TROAS_A+SC캠페인_구매최적화_값_표준기여_3003_260705,1462,0,0,0
2026-08-08 07:39:47,07:00,906987379684182,1팀,120249878429160200,01.통살(ASC)(하이브리드)_TROAS_A+SC캠페인_구매최적화_값_표준기여_3028_260705,2113,0,0,0
2026-08-08 07:39:47,07:00,906987379684182,1팀,120249878429240200,01.통살(ASC)(하이브리드)_A+SC캠페인_구매최적화_수_표준기여_3028_260705,416,0,0,0
2026-08-08 07:39:47,07:00,906987379684182,1팀,120250098930220200,01.통살(ASC)(101010)_TROAS_A+SC캠페인_구매최적화_값_표준기여_2336_260712,3532,0,0,0
2026-08-08 07:39:47,07:00,906987379684182,1팀,120250099159310200,07.크리스피(ASC)(메가딜)_A+SC캠페인_구매최적화_수_표준기여_2464_260712,666,0,0,0
2026-08-08 07:39:47,07:00,906987379684182,1팀,120250099159320200,07.크리스피(ASC)(메가딜)_TROAS_A+SC캠페인_구매최적화_값_표준기여_2464_260712,3545,0,0,0
2026-08-08 07:39:47,07:00,906987379684182,1팀,120250099159330200,07.크리스피(ASC)(메가딜)_TCPA_A+SC캠페인_ALL_C7_수_표준기여_2464_260712,1579,0,0,0
2026-08-08 07:39:47,07:00,906987379684182,1팀,120250099335010200,77.프로모션(ASC)(줄리엔강)_A+SC캠페인_구매최적화_수_표준기여_260713,0,0,0,0
2026-08-08 07:39:47,07:00,906987379684182,1팀,120250099335020200,77.프로모션(ASC)(줄리엔강)_TCPA_A+SC캠페인_ALL_C7_수_표준기여_260713,2462,0,0,0
2026-08-08 07:39:47,07:00,906987379684182,1팀,120250099335030200,77.프로모션(ASC)(줄리엔강)_TROAS_A+SC캠페인_구매최적화_값_표준기여_260713,1150,0,0,0
2026-08-08 07:39:47,07:00,906987379684182,1팀,120250268133470200,03.닭다리살(ASC)(하이브리드)_TROAS_A+SC캠페인_구매최적화_값_표준기여_3111_260726,940,0,0,0
2026-08-08 07:39:47,07:00,906987379684182,1팀,120250444210730200,20.김자반밥바(ASC)(하이브리드)_TROAS_A+SC캠페인_구매최적화_값_표준기여_3159_260726,1394,0,0,0
2026-08-08 07:39:47,07:00,906987379684182,1팀,120250444210740200,20.김자반밥바(ASC)(하이브리드)_A+SC캠페인_구매최적화_수_표준기여_3159_260726,614,0,0,0
2026-08-08 07:39:47,07:00,906987379684182,1팀,120250444210900200,20.김자반밥바(ASC)(하이브리드)_TCPA_A+SC캠페인_ALL_C7_수_표준기여_3159_260726,1560,1,32900,2108.9743589743593
2026-08-08 07:39:47,07:00,906987379684182,1팀,120250444423310200,21.통살+그릴드(ASC)(하이브리드)_TROAS_A+SC캠페인_구매최적화_값_표준기여_3162_260726,559,0,0,0
2026-08-08 07:39:47,07:00,906987379684182,1팀,120250444423320200,21.통살+그릴드(ASC)(하이브리드)_TCPA_A+SC캠페인_ALL_C7_수_표준기여_3162_260726,605,0,0,0
2026-08-08 07:39:47,07:00,906987379684182,1팀,120250444423330200,21.통살+그릴드(ASC)(하이브리드)_A+SC캠페인_구매최적화_수_표준기여_3162_260726,676,0,0,0
2026-08-08 07:39:47,07:00,906987379684182,1팀,120250475752460200,07.크리스피(ASC)(하이브리드)_TROAS_A+SC캠페인_구매최적화_값_표준기여_3078_260722(페르소나),43,0,0,0
2026-08-08 07:39:47,07:00,906987379684182,1팀,120250614451020200,07.크리스피(ASC)(하이브리드)_A+SC캠페인_구매최적화_수_표준기여_3078_260728,145,0,0,0
2026-08-08 07:39:47,07:00,906987379684182,1팀,120250614451040200,07.크리스피(ASC)(하이브리드)_TROAS_A+SC캠페인_구매최적화_값_표준기여_3078_260728,2105,0,0,0
2026-08-08 07:39:47,07:00,906987379684182,1팀,120250614451160200,07.크리스피(ASC)(하이브리드)_TCPA_A+SC캠페인_ALL_C7_수_표준기여_3078_260728,70,0,0,0
2026-08-08 07:39:47,07:00,906987379684182,1팀,120250649570130200,07.크리스피(ASC)(하이브리드)_TROAS_A+SC캠페인_구매최적화_값_표준기여_3078_260802_AI,1656,0,0,0
2026-08-08 07:39:47,07:00,906987379684182,1팀,120250649570150200,07.크리스피(ASC)(하이브리드)_TCPA_A+SC캠페인_ALL_C7_수_표준기여_3078_260802_AI,1636,0,0,0
2026-08-08 07:39:47,07:00,906987379684182,1팀,120250649570180200,07.크리스피(ASC)(하이브리드)_A+SC캠페인_구매최적화_수_표준기여_3078_260802_AI,1641,0,0,0
2026-08-08 07:39:47,07:00,906987379684182,1팀,120250856737330200,77.프로모션(ASC)(통크크)_TROAS_A+SC캠페인_구매최적화_값_표준기여_260806,9522,0,0,0
2026-08-08 07:39:47,07:00,906987379684182,1팀,120250856737340200,77.프로모션(ASC)(통크크)_TCPA_A+SC캠페인_ALL_C7_수_표준기여_260806,2133,0,0,0
2026-08-08 07:39:47,07:00,906987379684182,1팀,120250856737350200,77.프로모션(ASC)(통크크)_A+SC캠페인_구매최적화_수_표준기여_260806,1229,0,0,0
2026-08-08 07:39:47,07:00,906987379684182,1팀,120250859367430200,20.김자반밥바(ASC)(하이브리드)_A+SC캠페인_구매최적화_수_가치조정_3159_260806,6890,0,0,0
2026-08-08 07:39:47,07:00,906987379684182,1팀,120250859367440200,20.김자반밥바(ASC)(하이브리드)_TCPA_A+SC캠페인_ALL_C7_수_표준기여_3159_260806,1485,0,0,0
2026-08-08 07:39:47,07:00,906987379684182,1팀,120250859367470200,20.김자반밥바(ASC)(하이브리드)_TROAS_A+SC캠페인_구매최적화_값_표준기여_3159_260806,1394,0,0,0
2026-08-08 08:18:14,08:00,906987379684182,1팀,120228320649100200,01.통살(ASC)(101010)_TCPA16000_A+SC 캠페인_ALL_V1C7_수_표준기여_2336,668,0,0,0
2026-08-08 08:18:14,08:00,906987379684182,1팀,120228788396590200,01.통살(ASC)(메가딜)_TCPA20000_A+SC 캠페인_ALL_V1C7_수_표준기여_1874,4272,0,0,0
2026-08-08 08:18:14,08:00,906987379684182,1팀,120230755324960200,07.크리스피(ASC)(메가딜)_A+SC 캠페인_구매최적화_수_표준기여_2464,649,0,0,0
2026-08-08 08:18:14,08:00,906987379684182,1팀,120237509836570200,07.크리스피(ASC)(메가딜)_TCPA16000_A+SC 캠페인_ALL_수_표준기여_2464,5451,0,0,0
2026-08-08 08:18:14,08:00,906987379684182,1팀,120243001852340200,01.통살(ASC)(101010)_TCPA16000_A+SC 캠페인_ALL_V1C7_수_표준기여_2336_02,580,0,0,0
2026-08-08 08:18:14,08:00,906987379684182,1팀,120243258462660200,07.크리스피(ASC)(101010)_A+SC 캠페인_구매최적화_수_표준기여_2659_260322,1685,0,0,0
2026-08-08 08:18:14,08:00,906987379684182,1팀,120243592510760200,16.안심크리스피(ASC)(메가딜)_TCPA14000_A+SC 캠페인_ALL_C7_수_표준기여_2863_260327,381,0,0,0
2026-08-08 08:18:14,08:00,906987379684182,1팀,120244042753880200,07.크리스피(ASC)(메가딜)_TCPA16000_A+SC 캠페인_ALL_수_표준기여_2464_260403,1127,0,0,0
2026-08-08 08:18:14,08:00,906987379684182,1팀,120244128322750200,01.통살(ASC)(101010)_TCPA16000_A+SC 캠페인_ALL_V1C7_수_표준기여_2336_03,543,0,0,0
2026-08-08 08:18:14,08:00,906987379684182,1팀,120244130427210200,07.크리스피(ASC)(메가딜)_A+SC 캠페인_구매최적화_수_표준기여_2464_260404,907,0,0,0
2026-08-08 08:18:14,08:00,906987379684182,1팀,120244370408130200,17.안심볶음밥(ASC)(메가딜)_TCPA_A+SC 캠페인_ALL_C7_수_표준기여_2903_260409,503,0,0,0
2026-08-08 08:18:14,08:00,906987379684182,1팀,120244785115700200,07.크리스피(ASC)(메가딜)_A+SC 캠페인_구매최적화_수_표준기여_2464_260416_intern,148,0,0,0
2026-08-08 08:18:14,08:00,906987379684182,1팀,120244785115970200,07.크리스피(ASC)(메가딜)_TCPA14000_A+SC 캠페인_ALL_C7_수_표준기여_2464_260416_intern,1498,0,0,0
2026-08-08 08:18:14,08:00,906987379684182,1팀,120246157174550200,17.안심볶음밥(ASC)(메가딜)_A+SC 캠페인_구매최적화_수_표준기여_2903_260507_남자,259,0,0,0
2026-08-08 08:18:14,08:00,906987379684182,1팀,120246224683700200,17.안심볶음밥(ASC)(메가딜)_A+SC 캠페인_구매최적화_수_표준기여_2903_260507_남자_02,265,0,0,0
2026-08-08 08:18:14,08:00,906987379684182,1팀,120246397028850200,07.크리스피(ASC)(통합)_A+SC 캠페인_구매최적화_수_표준기여_통합_260511,1463,0,0,0
2026-08-08 08:18:14,08:00,906987379684182,1팀,120246898203940200,03.닭다리살(ASC)(1010)_A+SC캠페인_구매최적화_수_표준기여_2604_260519,506,0,0,0
2026-08-08 08:18:14,08:00,906987379684182,1팀,120246898384670200,03.닭다리살(ASC)(1010)_TROAS_A+SC캠페인_구매최적화_값_표준기여_2604_260519,7866,0,0,0
2026-08-08 08:18:14,08:00,906987379684182,1팀,120247354343980200,20.김자반밥바(ASC)(메가딜)_TCPA_A+SC캠페인_ALL_C7_수_표준기여_3003_260527,1755,0,0,0
2026-08-08 08:18:14,08:00,906987379684182,1팀,120247354558020200,20.김자반밥바(ASC)(메가딜)_A+SC캠페인_구매최적화_수_표준기여_3003_260527,1016,0,0,0
2026-08-08 08:18:14,08:00,906987379684182,1팀,120247379361950200,07.크리스피(ASC)(1010)_A+SC캠페인_구매최적화_수_표준기여_2992_260527,428,0,0,0
2026-08-08 08:18:14,08:00,906987379684182,1팀,120247379587080200,07.크리스피(ASC)(1010)_TROAS_A+SC캠페인_구매최적화_값_표준기여_2992_260527,830,0,0,0
2026-08-08 08:18:14,08:00,906987379684182,1팀,120247842896910200,20.김자반밥바(ASC)(메가딜)_A+SC캠페인_구매최적화_수_표준기여_3003_260603,4322,0,0,0
2026-08-08 08:18:14,08:00,906987379684182,1팀,120248207670120200,17.안심볶음밥(ASC)(메가딜)_A+SC 캠페인_구매최적화_수_표준기여_2903_260609_남자(가치조정),1383,0,0,0
2026-08-08 08:18:14,08:00,906987379684182,1팀,120248361514480200,01.통살(ASC)(하이브리드)_TCPA_A+SC캠페인_ALL_C7_수_표준기여_3028_260611,421,0,0,0
2026-08-08 08:18:14,08:00,906987379684182,1팀,120248361514580200,01.통살(ASC)(하이브리드)_TROAS_A+SC캠페인_구매최적화_값_표준기여_3028_260611,730,0,0,0
2026-08-08 08:18:14,08:00,906987379684182,1팀,120248762624190200,17.안심볶음밥(ASC)(메가딜)_TCPA_A+SC캠페인_ALL_C7_수_표준기여_2903_260705,40,0,0,0
2026-08-08 08:18:14,08:00,906987379684182,1팀,120248762624470200,17.안심볶음밥(ASC)(메가딜)_TROAS_A+SC캠페인_구매최적화_값_표준기여_2903_260705,870,0,0,0
2026-08-08 08:18:14,08:00,906987379684182,1팀,120248762761370200,17.안심볶음밥(ASC)(메가딜)_A+SC캠페인_구매최적화_수_표준기여_2903_260705,624,0,0,0
2026-08-08 08:18:14,08:00,906987379684182,1팀,120248762858730200,16.안심크리스피(ASC)(메가딜)_A+SC 캠페인_구매최적화_수_표준기여_2908_260720(페르소나),1135,0,0,0
2026-08-08 08:18:14,08:00,906987379684182,1팀,120248763306900200,16.안심크리스피(ASC)(메가딜)_TCPA_A+SC캠페인_ALL_C7_수_표준기여_2908_260621,76,0,0,0
2026-08-08 08:18:14,08:00,906987379684182,1팀,120248763797300200,21.통살+그릴드(ASC)(메가딜)_TROAS_A+SC캠페인_구매최적화_값_표준기여_3068_260617,562,0,0,0
2026-08-08 08:18:14,08:00,906987379684182,1팀,120248763797350200,21.통살+그릴드(ASC)(메가딜)_A+SC캠페인_구매최적화_수_표준기여_3068_260617,165,0,0,0
2026-08-08 08:18:14,08:00,906987379684182,1팀,120249317264110200,07.크리스피(ASC)(하이브리드)_A+SC캠페인_구매최적화_수_표준기여_3078_260713,3709,0,0,0
2026-08-08 08:18:14,08:00,906987379684182,1팀,120249317264120200,07.크리스피(ASC)(하이브리드)_TCPA_A+SC캠페인_ALL_C7_수_표준기여_3078_260713,2555,0,0,0
2026-08-08 08:18:14,08:00,906987379684182,1팀,120249317264140200,07.크리스피(ASC)(하이브리드)_TROAS_A+SC캠페인_구매최적화_값_표준기여_3078_260713,7544,0,0,0
2026-08-08 08:18:14,08:00,906987379684182,1팀,120249873291990200,07.크리스피(ASC)(1010)_TROAS_A+SC캠페인_구매최적화_값_표준기여_2992_260705,547,0,0,0
2026-08-08 08:18:14,08:00,906987379684182,1팀,120249873905240200,07.크리스피(ASC)(101010)_TROAS_A+SC캠페인_구매최적화_값_표준기여_2659_260705,398,0,0,0
2026-08-08 08:18:14,08:00,906987379684182,1팀,120249873905280200,07.크리스피(ASC)(101010)_A+SC캠페인_구매최적화_수_표준기여_2659_260705,470,0,0,0
2026-08-08 08:18:14,08:00,906987379684182,1팀,120249875227840200,16.안심크리스피(ASC)(메가딜)_A+SC캠페인_구매최적화_수_표준기여_2908_260705,255,0,0,0
2026-08-08 08:18:14,08:00,906987379684182,1팀,120249876219490200,20.김자반밥바(ASC)(메가딜)_A+SC캠페인_구매최적화_수_표준기여_3003_260705,1710,0,0,0
2026-08-08 08:18:14,08:00,906987379684182,1팀,120249876219520200,20.김자반밥바(ASC)(메가딜)_TROAS_A+SC캠페인_구매최적화_값_표준기여_3003_260705,662,0,0,0
2026-08-08 08:18:14,08:00,906987379684182,1팀,120249878429160200,01.통살(ASC)(하이브리드)_TROAS_A+SC캠페인_구매최적화_값_표준기여_3028_260705,874,0,0,0
2026-08-08 08:18:14,08:00,906987379684182,1팀,120249878429240200,01.통살(ASC)(하이브리드)_A+SC캠페인_구매최적화_수_표준기여_3028_260705,432,0,0,0
2026-08-08 08:18:14,08:00,906987379684182,1팀,120250098930220200,01.통살(ASC)(101010)_TROAS_A+SC캠페인_구매최적화_값_표준기여_2336_260712,2249,0,0,0
2026-08-08 08:18:14,08:00,906987379684182,1팀,120250099159310200,07.크리스피(ASC)(메가딜)_A+SC캠페인_구매최적화_수_표준기여_2464_260712,1321,0,0,0
2026-08-08 08:18:14,08:00,906987379684182,1팀,120250099159320200,07.크리스피(ASC)(메가딜)_TROAS_A+SC캠페인_구매최적화_값_표준기여_2464_260712,1814,0,0,0
2026-08-08 08:18:14,08:00,906987379684182,1팀,120250099159330200,07.크리스피(ASC)(메가딜)_TCPA_A+SC캠페인_ALL_C7_수_표준기여_2464_260712,894,0,0,0
2026-08-08 08:18:14,08:00,906987379684182,1팀,120250099335020200,77.프로모션(ASC)(줄리엔강)_TCPA_A+SC캠페인_ALL_C7_수_표준기여_260713,1406,0,0,0
2026-08-08 08:18:14,08:00,906987379684182,1팀,120250099335030200,77.프로모션(ASC)(줄리엔강)_TROAS_A+SC캠페인_구매최적화_값_표준기여_260713,726,0,0,0
2026-08-08 08:18:14,08:00,906987379684182,1팀,120250268133470200,03.닭다리살(ASC)(하이브리드)_TROAS_A+SC캠페인_구매최적화_값_표준기여_3111_260726,559,0,0,0
2026-08-08 08:18:14,08:00,906987379684182,1팀,120250444210730200,20.김자반밥바(ASC)(하이브리드)_TROAS_A+SC캠페인_구매최적화_값_표준기여_3159_260726,1179,0,0,0
2026-08-08 08:18:14,08:00,906987379684182,1팀,120250444210740200,20.김자반밥바(ASC)(하이브리드)_A+SC캠페인_구매최적화_수_표준기여_3159_260726,470,0,0,0
2026-08-08 08:18:14,08:00,906987379684182,1팀,120250444210900200,20.김자반밥바(ASC)(하이브리드)_TCPA_A+SC캠페인_ALL_C7_수_표준기여_3159_260726,711,0,0,0
2026-08-08 08:18:14,08:00,906987379684182,1팀,120250444423310200,21.통살+그릴드(ASC)(하이브리드)_TROAS_A+SC캠페인_구매최적화_값_표준기여_3162_260726,507,0,0,0
2026-08-08 08:18:14,08:00,906987379684182,1팀,120250444423320200,21.통살+그릴드(ASC)(하이브리드)_TCPA_A+SC캠페인_ALL_C7_수_표준기여_3162_260726,81,0,0,0
2026-08-08 08:18:14,08:00,906987379684182,1팀,120250444423330200,21.통살+그릴드(ASC)(하이브리드)_A+SC캠페인_구매최적화_수_표준기여_3162_260726,367,0,0,0
2026-08-08 08:18:14,08:00,906987379684182,1팀,120250475752460200,07.크리스피(ASC)(하이브리드)_TROAS_A+SC캠페인_구매최적화_값_표준기여_3078_260722(페르소나),169,0,0,0
2026-08-08 08:18:14,08:00,906987379684182,1팀,120250614451020200,07.크리스피(ASC)(하이브리드)_A+SC캠페인_구매최적화_수_표준기여_3078_260728,291,0,0,0
2026-08-08 08:18:14,08:00,906987379684182,1팀,120250614451040200,07.크리스피(ASC)(하이브리드)_TROAS_A+SC캠페인_구매최적화_값_표준기여_3078_260728,1334,0,0,0
2026-08-08 08:18:14,08:00,906987379684182,1팀,120250614451160200,07.크리스피(ASC)(하이브리드)_TCPA_A+SC캠페인_ALL_C7_수_표준기여_3078_260728,8,0,0,0
2026-08-08 08:18:14,08:00,906987379684182,1팀,120250649570130200,07.크리스피(ASC)(하이브리드)_TROAS_A+SC캠페인_구매최적화_값_표준기여_3078_260802_AI,1068,0,0,0
2026-08-08 08:18:14,08:00,906987379684182,1팀,120250649570150200,07.크리스피(ASC)(하이브리드)_TCPA_A+SC캠페인_ALL_C7_수_표준기여_3078_260802_AI,349,0,0,0
2026-08-08 08:18:14,08:00,906987379684182,1팀,120250649570180200,07.크리스피(ASC)(하이브리드)_A+SC캠페인_구매최적화_수_표준기여_3078_260802_AI,379,0,0,0
2026-08-08 08:18:14,08:00,906987379684182,1팀,120250856737330200,77.프로모션(ASC)(통크크)_TROAS_A+SC캠페인_구매최적화_값_표준기여_260806,6458,0,0,0
2026-08-08 08:18:14,08:00,906987379684182,1팀,120250856737340200,77.프로모션(ASC)(통크크)_TCPA_A+SC캠페인_ALL_C7_수_표준기여_260806,1972,0,0,0
2026-08-08 08:18:14,08:00,906987379684182,1팀,120250856737350200,77.프로모션(ASC)(통크크)_A+SC캠페인_구매최적화_수_표준기여_260806,1419,0,0,0
2026-08-08 08:18:14,08:00,906987379684182,1팀,120250859367430200,20.김자반밥바(ASC)(하이브리드)_A+SC캠페인_구매최적화_수_가치조정_3159_260806,3191,0,0,0
2026-08-08 08:18:14,08:00,906987379684182,1팀,120250859367440200,20.김자반밥바(ASC)(하이브리드)_TCPA_A+SC캠페인_ALL_C7_수_표준기여_3159_260806,690,0,0,0
2026-08-08 08:18:14,08:00,906987379684182,1팀,120250859367470200,20.김자반밥바(ASC)(하이브리드)_TROAS_A+SC캠페인_구매최적화_값_표준기여_3159_260806,550,0,0,0
2026-08-08 08:30:37,08:00,906987379684182,1팀,120228320649100200,01.통살(ASC)(101010)_TCPA16000_A+SC 캠페인_ALL_V1C7_수_표준기여_2336,2046,0,0,0
2026-08-08 08:30:37,08:00,906987379684182,1팀,120228788396590200,01.통살(ASC)(메가딜)_TCPA20000_A+SC 캠페인_ALL_V1C7_수_표준기여_1874,8307,0,0,0
2026-08-08 08:30:37,08:00,906987379684182,1팀,120230755324960200,07.크리스피(ASC)(메가딜)_A+SC 캠페인_구매최적화_수_표준기여_2464,1073,0,0,0
2026-08-08 08:30:37,08:00,906987379684182,1팀,120237509836570200,07.크리스피(ASC)(메가딜)_TCPA16000_A+SC 캠페인_ALL_수_표준기여_2464,11545,0,0,0
2026-08-08 08:30:37,08:00,906987379684182,1팀,120243001852340200,01.통살(ASC)(101010)_TCPA16000_A+SC 캠페인_ALL_V1C7_수_표준기여_2336_02,1142,0,0,0
2026-08-08 08:30:37,08:00,906987379684182,1팀,120243258462660200,07.크리스피(ASC)(101010)_A+SC 캠페인_구매최적화_수_표준기여_2659_260322,3141,0,0,0
2026-08-08 08:30:37,08:00,906987379684182,1팀,120243592510760200,16.안심크리스피(ASC)(메가딜)_TCPA14000_A+SC 캠페인_ALL_C7_수_표준기여_2863_260327,863,0,0,0
2026-08-08 08:30:37,08:00,906987379684182,1팀,120244042753880200,07.크리스피(ASC)(메가딜)_TCPA16000_A+SC 캠페인_ALL_수_표준기여_2464_260403,1642,0,0,0
2026-08-08 08:30:37,08:00,906987379684182,1팀,120244128322750200,01.통살(ASC)(101010)_TCPA16000_A+SC 캠페인_ALL_V1C7_수_표준기여_2336_03,1013,0,0,0
2026-08-08 08:30:37,08:00,906987379684182,1팀,120244130427210200,07.크리스피(ASC)(메가딜)_A+SC 캠페인_구매최적화_수_표준기여_2464_260404,2047,0,0,0
2026-08-08 08:30:37,08:00,906987379684182,1팀,120244370408130200,17.안심볶음밥(ASC)(메가딜)_TCPA_A+SC 캠페인_ALL_C7_수_표준기여_2903_260409,1295,0,0,0
2026-08-08 08:30:37,08:00,906987379684182,1팀,120244785115700200,07.크리스피(ASC)(메가딜)_A+SC 캠페인_구매최적화_수_표준기여_2464_260416_intern,384,0,0,0
2026-08-08 08:30:37,08:00,906987379684182,1팀,120244785115970200,07.크리스피(ASC)(메가딜)_TCPA14000_A+SC 캠페인_ALL_C7_수_표준기여_2464_260416_intern,2789,0,0,0
2026-08-08 08:30:37,08:00,906987379684182,1팀,120246157174550200,17.안심볶음밥(ASC)(메가딜)_A+SC 캠페인_구매최적화_수_표준기여_2903_260507_남자,581,0,0,0
2026-08-08 08:30:37,08:00,906987379684182,1팀,120246224683700200,17.안심볶음밥(ASC)(메가딜)_A+SC 캠페인_구매최적화_수_표준기여_2903_260507_남자_02,561,0,0,0
2026-08-08 08:30:37,08:00,906987379684182,1팀,120246397028850200,07.크리스피(ASC)(통합)_A+SC 캠페인_구매최적화_수_표준기여_통합_260511,2694,0,0,0
2026-08-08 08:30:37,08:00,906987379684182,1팀,120246816084290200,16.안심크리스피(ASC)(메가딜)_TROAS_A+SC 캠페인_구매최적화_값_표준기여_2908_260518(OFF예정),0,0,0,0
2026-08-08 08:30:37,08:00,906987379684182,1팀,120246898203940200,03.닭다리살(ASC)(1010)_A+SC캠페인_구매최적화_수_표준기여_2604_260519,950,0,0,0
2026-08-08 08:30:37,08:00,906987379684182,1팀,120246898384670200,03.닭다리살(ASC)(1010)_TROAS_A+SC캠페인_구매최적화_값_표준기여_2604_260519,14426,0,0,0
2026-08-08 08:30:37,08:00,906987379684182,1팀,120247354343980200,20.김자반밥바(ASC)(메가딜)_TCPA_A+SC캠페인_ALL_C7_수_표준기여_3003_260527,3959,0,0,0
2026-08-08 08:30:37,08:00,906987379684182,1팀,120247354558020200,20.김자반밥바(ASC)(메가딜)_A+SC캠페인_구매최적화_수_표준기여_3003_260527,1472,0,0,0
2026-08-08 08:30:37,08:00,906987379684182,1팀,120247379361950200,07.크리스피(ASC)(1010)_A+SC캠페인_구매최적화_수_표준기여_2992_260527,1016,0,0,0
2026-08-08 08:30:37,08:00,906987379684182,1팀,120247379587080200,07.크리스피(ASC)(1010)_TROAS_A+SC캠페인_구매최적화_값_표준기여_2992_260527,1330,0,0,0
2026-08-08 08:30:37,08:00,906987379684182,1팀,120247842896910200,20.김자반밥바(ASC)(메가딜)_A+SC캠페인_구매최적화_수_표준기여_3003_260603,11094,0,0,0
2026-08-08 08:30:37,08:00,906987379684182,1팀,120248207670120200,17.안심볶음밥(ASC)(메가딜)_A+SC 캠페인_구매최적화_수_표준기여_2903_260609_남자(가치조정),2372,1,93000,3920.7419898819558
2026-08-08 08:30:37,08:00,906987379684182,1팀,120248361514480200,01.통살(ASC)(하이브리드)_TCPA_A+SC캠페인_ALL_C7_수_표준기여_3028_260611,871,0,0,0
2026-08-08 08:30:37,08:00,906987379684182,1팀,120248361514580200,01.통살(ASC)(하이브리드)_TROAS_A+SC캠페인_구매최적화_값_표준기여_3028_260611,1208,0,0,0
2026-08-08 08:30:37,08:00,906987379684182,1팀,120248762624190200,17.안심볶음밥(ASC)(메가딜)_TCPA_A+SC캠페인_ALL_C7_수_표준기여_2903_260705,40,0,0,0
2026-08-08 08:30:37,08:00,906987379684182,1팀,120248762624470200,17.안심볶음밥(ASC)(메가딜)_TROAS_A+SC캠페인_구매최적화_값_표준기여_2903_260705,1950,0,0,0
2026-08-08 08:30:37,08:00,906987379684182,1팀,120248762761370200,17.안심볶음밥(ASC)(메가딜)_A+SC캠페인_구매최적화_수_표준기여_2903_260705,1008,0,0,0
2026-08-08 08:30:37,08:00,906987379684182,1팀,120248762858730200,16.안심크리스피(ASC)(메가딜)_A+SC 캠페인_구매최적화_수_표준기여_2908_260720(페르소나),1969,0,0,0
2026-08-08 08:30:37,08:00,906987379684182,1팀,120248763306900200,16.안심크리스피(ASC)(메가딜)_TCPA_A+SC캠페인_ALL_C7_수_표준기여_2908_260621,289,0,0,0
2026-08-08 08:30:37,08:00,906987379684182,1팀,120248763797300200,21.통살+그릴드(ASC)(메가딜)_TROAS_A+SC캠페인_구매최적화_값_표준기여_3068_260617,1421,0,0,0
2026-08-08 08:30:37,08:00,906987379684182,1팀,120248763797350200,21.통살+그릴드(ASC)(메가딜)_A+SC캠페인_구매최적화_수_표준기여_3068_260617,336,0,0,0
2026-08-08 08:30:37,08:00,906987379684182,1팀,120249317264110200,07.크리스피(ASC)(하이브리드)_A+SC캠페인_구매최적화_수_표준기여_3078_260713,8100,1,94600,1167.9012345679012
2026-08-08 08:30:37,08:00,906987379684182,1팀,120249317264120200,07.크리스피(ASC)(하이브리드)_TCPA_A+SC캠페인_ALL_C7_수_표준기여_3078_260713,5053,0,0,0
2026-08-08 08:30:37,08:00,906987379684182,1팀,120249317264140200,07.크리스피(ASC)(하이브리드)_TROAS_A+SC캠페인_구매최적화_값_표준기여_3078_260713,16707,0,0,0
2026-08-08 08:30:37,08:00,906987379684182,1팀,120249873291990200,07.크리스피(ASC)(1010)_TROAS_A+SC캠페인_구매최적화_값_표준기여_2992_260705,944,0,0,0
2026-08-08 08:30:37,08:00,906987379684182,1팀,120249873905240200,07.크리스피(ASC)(101010)_TROAS_A+SC캠페인_구매최적화_값_표준기여_2659_260705,724,0,0,0
2026-08-08 08:30:37,08:00,906987379684182,1팀,120249873905280200,07.크리스피(ASC)(101010)_A+SC캠페인_구매최적화_수_표준기여_2659_260705,614,0,0,0
2026-08-08 08:30:37,08:00,906987379684182,1팀,120249875227840200,16.안심크리스피(ASC)(메가딜)_A+SC캠페인_구매최적화_수_표준기여_2908_260705,497,0,0,0
2026-08-08 08:30:37,08:00,906987379684182,1팀,120249876219490200,20.김자반밥바(ASC)(메가딜)_A+SC캠페인_구매최적화_수_표준기여_3003_260705,2768,0,0,0
2026-08-08 08:30:37,08:00,906987379684182,1팀,120249876219520200,20.김자반밥바(ASC)(메가딜)_TROAS_A+SC캠페인_구매최적화_값_표준기여_3003_260705,1110,0,0,0
2026-08-08 08:30:37,08:00,906987379684182,1팀,120249878429160200,01.통살(ASC)(하이브리드)_TROAS_A+SC캠페인_구매최적화_값_표준기여_3028_260705,2578,0,0,0
2026-08-08 08:30:37,08:00,906987379684182,1팀,120249878429240200,01.통살(ASC)(하이브리드)_A+SC캠페인_구매최적화_수_표준기여_3028_260705,645,0,0,0
2026-08-08 08:30:37,08:00,906987379684182,1팀,120250098930220200,01.통살(ASC)(101010)_TROAS_A+SC캠페인_구매최적화_값_표준기여_2336_260712,4222,0,0,0
2026-08-08 08:30:37,08:00,906987379684182,1팀,120250099159310200,07.크리스피(ASC)(메가딜)_A+SC캠페인_구매최적화_수_표준기여_2464_260712,3283,0,0,0
2026-08-08 08:30:37,08:00,906987379684182,1팀,120250099159320200,07.크리스피(ASC)(메가딜)_TROAS_A+SC캠페인_구매최적화_값_표준기여_2464_260712,3432,0,0,0
2026-08-08 08:30:37,08:00,906987379684182,1팀,120250099159330200,07.크리스피(ASC)(메가딜)_TCPA_A+SC캠페인_ALL_C7_수_표준기여_2464_260712,1751,0,0,0
2026-08-08 08:30:37,08:00,906987379684182,1팀,120250099335020200,77.프로모션(ASC)(줄리엔강)_TCPA_A+SC캠페인_ALL_C7_수_표준기여_260713,2498,0,0,0
2026-08-08 08:30:37,08:00,906987379684182,1팀,120250099335030200,77.프로모션(ASC)(줄리엔강)_TROAS_A+SC캠페인_구매최적화_값_표준기여_260713,1674,0,0,0
2026-08-08 08:30:37,08:00,906987379684182,1팀,120250268133470200,03.닭다리살(ASC)(하이브리드)_TROAS_A+SC캠페인_구매최적화_값_표준기여_3111_260726,1024,0,0,0
2026-08-08 08:30:37,08:00,906987379684182,1팀,120250444210730200,20.김자반밥바(ASC)(하이브리드)_TROAS_A+SC캠페인_구매최적화_값_표준기여_3159_260726,1796,0,0,0
2026-08-08 08:30:37,08:00,906987379684182,1팀,120250444210740200,20.김자반밥바(ASC)(하이브리드)_A+SC캠페인_구매최적화_수_표준기여_3159_260726,899,0,0,0
2026-08-08 08:30:37,08:00,906987379684182,1팀,120250444210900200,20.김자반밥바(ASC)(하이브리드)_TCPA_A+SC캠페인_ALL_C7_수_표준기여_3159_260726,1485,0,0,0
2026-08-08 08:30:37,08:00,906987379684182,1팀,120250444423310200,21.통살+그릴드(ASC)(하이브리드)_TROAS_A+SC캠페인_구매최적화_값_표준기여_3162_260726,629,0,0,0
2026-08-08 08:30:37,08:00,906987379684182,1팀,120250444423320200,21.통살+그릴드(ASC)(하이브리드)_TCPA_A+SC캠페인_ALL_C7_수_표준기여_3162_260726,350,0,0,0
2026-08-08 08:30:37,08:00,906987379684182,1팀,120250444423330200,21.통살+그릴드(ASC)(하이브리드)_A+SC캠페인_구매최적화_수_표준기여_3162_260726,663,0,0,0
2026-08-08 08:30:37,08:00,906987379684182,1팀,120250475752460200,07.크리스피(ASC)(하이브리드)_TROAS_A+SC캠페인_구매최적화_값_표준기여_3078_260722(페르소나),280,0,0,0
2026-08-08 08:30:37,08:00,906987379684182,1팀,120250614451020200,07.크리스피(ASC)(하이브리드)_A+SC캠페인_구매최적화_수_표준기여_3078_260728,406,0,0,0
2026-08-08 08:30:37,08:00,906987379684182,1팀,120250614451040200,07.크리스피(ASC)(하이브리드)_TROAS_A+SC캠페인_구매최적화_값_표준기여_3078_260728,2767,0,0,0
2026-08-08 08:30:37,08:00,906987379684182,1팀,120250614451160200,07.크리스피(ASC)(하이브리드)_TCPA_A+SC캠페인_ALL_C7_수_표준기여_3078_260728,12,0,0,0
2026-08-08 08:30:37,08:00,906987379684182,1팀,120250649570130200,07.크리스피(ASC)(하이브리드)_TROAS_A+SC캠페인_구매최적화_값_표준기여_3078_260802_AI,2309,0,0,0
2026-08-08 08:30:37,08:00,906987379684182,1팀,120250649570150200,07.크리스피(ASC)(하이브리드)_TCPA_A+SC캠페인_ALL_C7_수_표준기여_3078_260802_AI,539,0,0,0
2026-08-08 08:30:37,08:00,906987379684182,1팀,120250649570180200,07.크리스피(ASC)(하이브리드)_A+SC캠페인_구매최적화_수_표준기여_3078_260802_AI,531,0,0,0
2026-08-08 08:30:37,08:00,906987379684182,1팀,120250856737330200,77.프로모션(ASC)(통크크)_TROAS_A+SC캠페인_구매최적화_값_표준기여_260806,11095,0,0,0
2026-08-08 08:30:37,08:00,906987379684182,1팀,120250856737340200,77.프로모션(ASC)(통크크)_TCPA_A+SC캠페인_ALL_C7_수_표준기여_260806,2921,0,0,0
2026-08-08 08:30:37,08:00,906987379684182,1팀,120250856737350200,77.프로모션(ASC)(통크크)_A+SC캠페인_구매최적화_수_표준기여_260806,2841,0,0,0
2026-08-08 08:30:37,08:00,906987379684182,1팀,120250859367430200,20.김자반밥바(ASC)(하이브리드)_A+SC캠페인_구매최적화_수_가치조정_3159_260806,7113,0,0,0
2026-08-08 08:30:37,08:00,906987379684182,1팀,120250859367440200,20.김자반밥바(ASC)(하이브리드)_TCPA_A+SC캠페인_ALL_C7_수_표준기여_3159_260806,1636,0,0,0
2026-08-08 08:30:37,08:00,906987379684182,1팀,120250859367470200,20.김자반밥바(ASC)(하이브리드)_TROAS_A+SC캠페인_구매최적화_값_표준기여_3159_260806,1282,0,0,0
2026-08-08 08:53:06,08:00,906987379684182,1팀,120228320649100200,01.통살(ASC)(101010)_TCPA16000_A+SC 캠페인_ALL_V1C7_수_표준기여_2336,3341,0,0,0
2026-08-08 08:53:06,08:00,906987379684182,1팀,120228788396590200,01.통살(ASC)(메가딜)_TCPA20000_A+SC 캠페인_ALL_V1C7_수_표준기여_1874,16738,0,0,0
2026-08-08 08:53:06,08:00,906987379684182,1팀,120230755324960200,07.크리스피(ASC)(메가딜)_A+SC 캠페인_구매최적화_수_표준기여_2464,1710,0,0,0
2026-08-08 08:53:06,08:00,906987379684182,1팀,120237509836570200,07.크리스피(ASC)(메가딜)_TCPA16000_A+SC 캠페인_ALL_수_표준기여_2464,19751,0,0,0
2026-08-08 08:53:06,08:00,906987379684182,1팀,120243001852340200,01.통살(ASC)(101010)_TCPA16000_A+SC 캠페인_ALL_V1C7_수_표준기여_2336_02,1887,0,0,0
2026-08-08 08:53:06,08:00,906987379684182,1팀,120243258462660200,07.크리스피(ASC)(101010)_A+SC 캠페인_구매최적화_수_표준기여_2659_260322,6529,0,0,0
2026-08-08 08:53:06,08:00,906987379684182,1팀,120243592510760200,16.안심크리스피(ASC)(메가딜)_TCPA14000_A+SC 캠페인_ALL_C7_수_표준기여_2863_260327,2029,0,0,0
2026-08-08 08:53:06,08:00,906987379684182,1팀,120244042753880200,07.크리스피(ASC)(메가딜)_TCPA16000_A+SC 캠페인_ALL_수_표준기여_2464_260403,2759,0,0,0
2026-08-08 08:53:06,08:00,906987379684182,1팀,120244128322750200,01.통살(ASC)(101010)_TCPA16000_A+SC 캠페인_ALL_V1C7_수_표준기여_2336_03,1706,0,0,0
2026-08-08 08:53:06,08:00,906987379684182,1팀,120244130427210200,07.크리스피(ASC)(메가딜)_A+SC 캠페인_구매최적화_수_표준기여_2464_260404,5530,0,0,0
2026-08-08 08:53:06,08:00,906987379684182,1팀,120244370408130200,17.안심볶음밥(ASC)(메가딜)_TCPA_A+SC 캠페인_ALL_C7_수_표준기여_2903_260409,3040,0,0,0
2026-08-08 08:53:06,08:00,906987379684182,1팀,120244785115700200,07.크리스피(ASC)(메가딜)_A+SC 캠페인_구매최적화_수_표준기여_2464_260416_intern,789,0,0,0
2026-08-08 08:53:06,08:00,906987379684182,1팀,120244785115970200,07.크리스피(ASC)(메가딜)_TCPA14000_A+SC 캠페인_ALL_C7_수_표준기여_2464_260416_intern,5528,0,0,0
2026-08-08 08:53:06,08:00,906987379684182,1팀,120246157174550200,17.안심볶음밥(ASC)(메가딜)_A+SC 캠페인_구매최적화_수_표준기여_2903_260507_남자,1361,0,0,0
2026-08-08 08:53:06,08:00,906987379684182,1팀,120246224683700200,17.안심볶음밥(ASC)(메가딜)_A+SC 캠페인_구매최적화_수_표준기여_2903_260507_남자_02,1207,0,0,0
2026-08-08 08:53:06,08:00,906987379684182,1팀,120246397028850200,07.크리스피(ASC)(통합)_A+SC 캠페인_구매최적화_수_표준기여_통합_260511,6270,0,0,0
2026-08-08 08:53:06,08:00,906987379684182,1팀,120246816084290200,16.안심크리스피(ASC)(메가딜)_TROAS_A+SC 캠페인_구매최적화_값_표준기여_2908_260518(OFF예정),0,0,0,0
2026-08-08 08:53:06,08:00,906987379684182,1팀,120246898203940200,03.닭다리살(ASC)(1010)_A+SC캠페인_구매최적화_수_표준기여_2604_260519,1988,0,0,0
2026-08-08 08:53:06,08:00,906987379684182,1팀,120246898384670200,03.닭다리살(ASC)(1010)_TROAS_A+SC캠페인_구매최적화_값_표준기여_2604_260519,27852,1,62500,224.4004021255206
2026-08-08 08:53:06,08:00,906987379684182,1팀,120247354343980200,20.김자반밥바(ASC)(메가딜)_TCPA_A+SC캠페인_ALL_C7_수_표준기여_3003_260527,9313,1,18900,202.94212391281005
2026-08-08 08:53:06,08:00,906987379684182,1팀,120247354558020200,20.김자반밥바(ASC)(메가딜)_A+SC캠페인_구매최적화_수_표준기여_3003_260527,2872,1,53900,1876.7409470752089
2026-08-08 08:53:06,08:00,906987379684182,1팀,120247379361950200,07.크리스피(ASC)(1010)_A+SC캠페인_구매최적화_수_표준기여_2992_260527,2055,0,0,0
2026-08-08 08:53:06,08:00,906987379684182,1팀,120247379587080200,07.크리스피(ASC)(1010)_TROAS_A+SC캠페인_구매최적화_값_표준기여_2992_260527,2732,0,0,0
2026-08-08 08:53:06,08:00,906987379684182,1팀,120247842896910200,20.김자반밥바(ASC)(메가딜)_A+SC캠페인_구매최적화_수_표준기여_3003_260603,21763,2,37800,173.68928916050177
2026-08-08 08:53:06,08:00,906987379684182,1팀,120248207670120200,17.안심볶음밥(ASC)(메가딜)_A+SC 캠페인_구매최적화_수_표준기여_2903_260609_남자(가치조정),3885,1,93000,2393.8223938223937
2026-08-08 08:53:06,08:00,906987379684182,1팀,120248361514480200,01.통살(ASC)(하이브리드)_TCPA_A+SC캠페인_ALL_C7_수_표준기여_3028_260611,1307,0,0,0
2026-08-08 08:53:06,08:00,906987379684182,1팀,120248361514580200,01.통살(ASC)(하이브리드)_TROAS_A+SC캠페인_구매최적화_값_표준기여_3028_260611,2468,0,0,0
2026-08-08 08:53:06,08:00,906987379684182,1팀,120248762624190200,17.안심볶음밥(ASC)(메가딜)_TCPA_A+SC캠페인_ALL_C7_수_표준기여_2903_260705,76,0,0,0
2026-08-08 08:53:06,08:00,906987379684182,1팀,120248762624470200,17.안심볶음밥(ASC)(메가딜)_TROAS_A+SC캠페인_구매최적화_값_표준기여_2903_260705,3673,0,0,0
2026-08-08 08:53:06,08:00,906987379684182,1팀,120248762761370200,17.안심볶음밥(ASC)(메가딜)_A+SC캠페인_구매최적화_수_표준기여_2903_260705,2201,0,0,0
2026-08-08 08:53:06,08:00,906987379684182,1팀,120248762858730200,16.안심크리스피(ASC)(메가딜)_A+SC 캠페인_구매최적화_수_표준기여_2908_260720(페르소나),3849,0,0,0
2026-08-08 08:53:06,08:00,906987379684182,1팀,120248763306900200,16.안심크리스피(ASC)(메가딜)_TCPA_A+SC캠페인_ALL_C7_수_표준기여_2908_260621,579,0,0,0
2026-08-08 08:53:06,08:00,906987379684182,1팀,120248763797300200,21.통살+그릴드(ASC)(메가딜)_TROAS_A+SC캠페인_구매최적화_값_표준기여_3068_260617,2506,0,0,0
2026-08-08 08:53:06,08:00,906987379684182,1팀,120248763797350200,21.통살+그릴드(ASC)(메가딜)_A+SC캠페인_구매최적화_수_표준기여_3068_260617,864,0,0,0
2026-08-08 08:53:06,08:00,906987379684182,1팀,120249317264110200,07.크리스피(ASC)(하이브리드)_A+SC캠페인_구매최적화_수_표준기여_3078_260713,14748,1,94600,641.4429075128832
2026-08-08 08:53:06,08:00,906987379684182,1팀,120249317264120200,07.크리스피(ASC)(하이브리드)_TCPA_A+SC캠페인_ALL_C7_수_표준기여_3078_260713,9200,0,0,0
2026-08-08 08:53:06,08:00,906987379684182,1팀,120249317264140200,07.크리스피(ASC)(하이브리드)_TROAS_A+SC캠페인_구매최적화_값_표준기여_3078_260713,32817,0,0,0
2026-08-08 08:53:06,08:00,906987379684182,1팀,120249873291990200,07.크리스피(ASC)(1010)_TROAS_A+SC캠페인_구매최적화_값_표준기여_2992_260705,1806,0,0,0
2026-08-08 08:53:06,08:00,906987379684182,1팀,120249873905240200,07.크리스피(ASC)(101010)_TROAS_A+SC캠페인_구매최적화_값_표준기여_2659_260705,1391,0,0,0
2026-08-08 08:53:06,08:00,906987379684182,1팀,120249873905280200,07.크리스피(ASC)(101010)_A+SC캠페인_구매최적화_수_표준기여_2659_260705,1260,0,0,0
2026-08-08 08:53:06,08:00,906987379684182,1팀,120249875227840200,16.안심크리스피(ASC)(메가딜)_A+SC캠페인_구매최적화_수_표준기여_2908_260705,1257,0,0,0
2026-08-08 08:53:06,08:00,906987379684182,1팀,120249875227870200,16.안심크리스피(ASC)(메가딜)_TCPA_A+SC캠페인_ALL_C7_수_표준기여_2908_260705,24,0,0,0
2026-08-08 08:53:06,08:00,906987379684182,1팀,120249876219490200,20.김자반밥바(ASC)(메가딜)_A+SC캠페인_구매최적화_수_표준기여_3003_260705,4072,0,0,0
2026-08-08 08:53:06,08:00,906987379684182,1팀,120249876219520200,20.김자반밥바(ASC)(메가딜)_TROAS_A+SC캠페인_구매최적화_값_표준기여_3003_260705,2402,0,0,0
2026-08-08 08:53:06,08:00,906987379684182,1팀,120249878429160200,01.통살(ASC)(하이브리드)_TROAS_A+SC캠페인_구매최적화_값_표준기여_3028_260705,4276,0,0,0
2026-08-08 08:53:06,08:00,906987379684182,1팀,120249878429240200,01.통살(ASC)(하이브리드)_A+SC캠페인_구매최적화_수_표준기여_3028_260705,996,0,0,0
2026-08-08 08:53:06,08:00,906987379684182,1팀,120250098930220200,01.통살(ASC)(101010)_TROAS_A+SC캠페인_구매최적화_값_표준기여_2336_260712,8252,0,0,0
2026-08-08 08:53:06,08:00,906987379684182,1팀,120250099159310200,07.크리스피(ASC)(메가딜)_A+SC캠페인_구매최적화_수_표준기여_2464_260712,5876,0,0,0
2026-08-08 08:53:06,08:00,906987379684182,1팀,120250099159320200,07.크리스피(ASC)(메가딜)_TROAS_A+SC캠페인_구매최적화_값_표준기여_2464_260712,7127,0,0,0
2026-08-08 08:53:06,08:00,906987379684182,1팀,120250099159330200,07.크리스피(ASC)(메가딜)_TCPA_A+SC캠페인_ALL_C7_수_표준기여_2464_260712,3522,0,0,0
2026-08-08 08:53:06,08:00,906987379684182,1팀,120250099335020200,77.프로모션(ASC)(줄리엔강)_TCPA_A+SC캠페인_ALL_C7_수_표준기여_260713,5420,0,0,0
2026-08-08 08:53:06,08:00,906987379684182,1팀,120250099335030200,77.프로모션(ASC)(줄리엔강)_TROAS_A+SC캠페인_구매최적화_값_표준기여_260713,2997,0,0,0
2026-08-08 08:53:06,08:00,906987379684182,1팀,120250268133470200,03.닭다리살(ASC)(하이브리드)_TROAS_A+SC캠페인_구매최적화_값_표준기여_3111_260726,2341,0,0,0
2026-08-08 08:53:06,08:00,906987379684182,1팀,120250444210730200,20.김자반밥바(ASC)(하이브리드)_TROAS_A+SC캠페인_구매최적화_값_표준기여_3159_260726,3136,0,0,0
2026-08-08 08:53:06,08:00,906987379684182,1팀,120250444210740200,20.김자반밥바(ASC)(하이브리드)_A+SC캠페인_구매최적화_수_표준기여_3159_260726,1956,0,0,0
2026-08-08 08:53:06,08:00,906987379684182,1팀,120250444210900200,20.김자반밥바(ASC)(하이브리드)_TCPA_A+SC캠페인_ALL_C7_수_표준기여_3159_260726,3053,0,0,0
2026-08-08 08:53:06,08:00,906987379684182,1팀,120250444423310200,21.통살+그릴드(ASC)(하이브리드)_TROAS_A+SC캠페인_구매최적화_값_표준기여_3162_260726,1459,0,0,0
2026-08-08 08:53:06,08:00,906987379684182,1팀,120250444423320200,21.통살+그릴드(ASC)(하이브리드)_TCPA_A+SC캠페인_ALL_C7_수_표준기여_3162_260726,901,0,0,0
2026-08-08 08:53:06,08:00,906987379684182,1팀,120250444423330200,21.통살+그릴드(ASC)(하이브리드)_A+SC캠페인_구매최적화_수_표준기여_3162_260726,1380,0,0,0
2026-08-08 08:53:06,08:00,906987379684182,1팀,120250475752460200,07.크리스피(ASC)(하이브리드)_TROAS_A+SC캠페인_구매최적화_값_표준기여_3078_260722(페르소나),478,0,0,0
2026-08-08 08:53:06,08:00,906987379684182,1팀,120250614451020200,07.크리스피(ASC)(하이브리드)_A+SC캠페인_구매최적화_수_표준기여_3078_260728,1172,0,0,0
2026-08-08 08:53:06,08:00,906987379684182,1팀,120250614451040200,07.크리스피(ASC)(하이브리드)_TROAS_A+SC캠페인_구매최적화_값_표준기여_3078_260728,5329,1,59700,1120.2852317507975
2026-08-08 08:53:06,08:00,906987379684182,1팀,120250614451160200,07.크리스피(ASC)(하이브리드)_TCPA_A+SC캠페인_ALL_C7_수_표준기여_3078_260728,16,0,0,0
2026-08-08 08:53:06,08:00,906987379684182,1팀,120250649570130200,07.크리스피(ASC)(하이브리드)_TROAS_A+SC캠페인_구매최적화_값_표준기여_3078_260802_AI,4102,0,0,0
2026-08-08 08:53:06,08:00,906987379684182,1팀,120250649570150200,07.크리스피(ASC)(하이브리드)_TCPA_A+SC캠페인_ALL_C7_수_표준기여_3078_260802_AI,1313,0,0,0
2026-08-08 08:53:06,08:00,906987379684182,1팀,120250649570180200,07.크리스피(ASC)(하이브리드)_A+SC캠페인_구매최적화_수_표준기여_3078_260802_AI,1321,0,0,0
2026-08-08 08:53:06,08:00,906987379684182,1팀,120250856737330200,77.프로모션(ASC)(통크크)_TROAS_A+SC캠페인_구매최적화_값_표준기여_260806,21270,0,0,0
2026-08-08 08:53:06,08:00,906987379684182,1팀,120250856737340200,77.프로모션(ASC)(통크크)_TCPA_A+SC캠페인_ALL_C7_수_표준기여_260806,4007,0,0,0
2026-08-08 08:53:06,08:00,906987379684182,1팀,120250856737350200,77.프로모션(ASC)(통크크)_A+SC캠페인_구매최적화_수_표준기여_260806,6486,0,0,0
2026-08-08 08:53:06,08:00,906987379684182,1팀,120250859367430200,20.김자반밥바(ASC)(하이브리드)_A+SC캠페인_구매최적화_수_가치조정_3159_260806,13375,0,0,0
2026-08-08 08:53:06,08:00,906987379684182,1팀,120250859367440200,20.김자반밥바(ASC)(하이브리드)_TCPA_A+SC캠페인_ALL_C7_수_표준기여_3159_260806,2717,0,0,0
2026-08-08 08:53:06,08:00,906987379684182,1팀,120250859367470200,20.김자반밥바(ASC)(하이브리드)_TROAS_A+SC캠페인_구매최적화_값_표준기여_3159_260806,2729,0,0,0
2026-08-08 09:30:39,09:00,906987379684182,1팀,120228320649100200,01.통살(ASC)(101010)_TCPA16000_A+SC 캠페인_ALL_V1C7_수_표준기여_2336,1747,0,0,0
2026-08-08 09:30:39,09:00,906987379684182,1팀,120228788396590200,01.통살(ASC)(메가딜)_TCPA20000_A+SC 캠페인_ALL_V1C7_수_표준기여_1874,10186,0,0,0
2026-08-08 09:30:39,09:00,906987379684182,1팀,120230755324960200,07.크리스피(ASC)(메가딜)_A+SC 캠페인_구매최적화_수_표준기여_2464,1320,0,0,0
2026-08-08 09:30:39,09:00,906987379684182,1팀,120237509836570200,07.크리스피(ASC)(메가딜)_TCPA16000_A+SC 캠페인_ALL_수_표준기여_2464,11155,0,0,0
2026-08-08 09:30:39,09:00,906987379684182,1팀,120243001852340200,01.통살(ASC)(101010)_TCPA16000_A+SC 캠페인_ALL_V1C7_수_표준기여_2336_02,1531,0,0,0
2026-08-08 09:30:39,09:00,906987379684182,1팀,120243258462660200,07.크리스피(ASC)(101010)_A+SC 캠페인_구매최적화_수_표준기여_2659_260322,3627,0,0,0
2026-08-08 09:30:39,09:00,906987379684182,1팀,120243592510760200,16.안심크리스피(ASC)(메가딜)_TCPA14000_A+SC 캠페인_ALL_C7_수_표준기여_2863_260327,1756,0,0,0
2026-08-08 09:30:39,09:00,906987379684182,1팀,120244042753880200,07.크리스피(ASC)(메가딜)_TCPA16000_A+SC 캠페인_ALL_수_표준기여_2464_260403,1373,0,0,0
2026-08-08 09:30:39,09:00,906987379684182,1팀,120244128322750200,01.통살(ASC)(101010)_TCPA16000_A+SC 캠페인_ALL_V1C7_수_표준기여_2336_03,1505,0,0,0
2026-08-08 09:30:39,09:00,906987379684182,1팀,120244130427210200,07.크리스피(ASC)(메가딜)_A+SC 캠페인_구매최적화_수_표준기여_2464_260404,5956,0,0,0
2026-08-08 09:30:39,09:00,906987379684182,1팀,120244370408130200,17.안심볶음밥(ASC)(메가딜)_TCPA_A+SC 캠페인_ALL_C7_수_표준기여_2903_260409,1005,0,0,0
2026-08-08 09:30:39,09:00,906987379684182,1팀,120244785115700200,07.크리스피(ASC)(메가딜)_A+SC 캠페인_구매최적화_수_표준기여_2464_260416_intern,631,0,0,0
2026-08-08 09:30:39,09:00,906987379684182,1팀,120244785115970200,07.크리스피(ASC)(메가딜)_TCPA14000_A+SC 캠페인_ALL_C7_수_표준기여_2464_260416_intern,4356,0,0,0
2026-08-08 09:30:39,09:00,906987379684182,1팀,120246157174550200,17.안심볶음밥(ASC)(메가딜)_A+SC 캠페인_구매최적화_수_표준기여_2903_260507_남자,1416,0,0,0
2026-08-08 09:30:39,09:00,906987379684182,1팀,120246224683700200,17.안심볶음밥(ASC)(메가딜)_A+SC 캠페인_구매최적화_수_표준기여_2903_260507_남자_02,1432,0,0,0
2026-08-08 09:30:39,09:00,906987379684182,1팀,120246397028850200,07.크리스피(ASC)(통합)_A+SC 캠페인_구매최적화_수_표준기여_통합_260511,6326,0,0,0
2026-08-08 09:30:39,09:00,906987379684182,1팀,120246898203940200,03.닭다리살(ASC)(1010)_A+SC캠페인_구매최적화_수_표준기여_2604_260519,982,0,0,0
2026-08-08 09:30:39,09:00,906987379684182,1팀,120246898384670200,03.닭다리살(ASC)(1010)_TROAS_A+SC캠페인_구매최적화_값_표준기여_2604_260519,17791,1,50900,286.0997133382047
2026-08-08 09:30:39,09:00,906987379684182,1팀,120247354343980200,20.김자반밥바(ASC)(메가딜)_TCPA_A+SC캠페인_ALL_C7_수_표준기여_3003_260527,5314,0,0,0
2026-08-08 09:30:39,09:00,906987379684182,1팀,120247354558020200,20.김자반밥바(ASC)(메가딜)_A+SC캠페인_구매최적화_수_표준기여_3003_260527,2500,1,41900,1676.0000000000002
2026-08-08 09:30:39,09:00,906987379684182,1팀,120247379361950200,07.크리스피(ASC)(1010)_A+SC캠페인_구매최적화_수_표준기여_2992_260527,1535,0,0,0
2026-08-08 09:30:39,09:00,906987379684182,1팀,120247379587080200,07.크리스피(ASC)(1010)_TROAS_A+SC캠페인_구매최적화_값_표준기여_2992_260527,1783,0,0,0
2026-08-08 09:30:39,09:00,906987379684182,1팀,120247842896910200,20.김자반밥바(ASC)(메가딜)_A+SC캠페인_구매최적화_수_표준기여_3003_260603,13153,1,53900,409.7924427887174
2026-08-08 09:30:39,09:00,906987379684182,1팀,120248207670120200,17.안심볶음밥(ASC)(메가딜)_A+SC 캠페인_구매최적화_수_표준기여_2903_260609_남자(가치조정),2148,0,0,0
2026-08-08 09:30:39,09:00,906987379684182,1팀,120248361514480200,01.통살(ASC)(하이브리드)_TCPA_A+SC캠페인_ALL_C7_수_표준기여_3028_260611,618,0,0,0
2026-08-08 09:30:39,09:00,906987379684182,1팀,120248361514580200,01.통살(ASC)(하이브리드)_TROAS_A+SC캠페인_구매최적화_값_표준기여_3028_260611,1449,0,0,0
2026-08-08 09:30:39,09:00,906987379684182,1팀,120248762624190200,17.안심볶음밥(ASC)(메가딜)_TCPA_A+SC캠페인_ALL_C7_수_표준기여_2903_260705,168,0,0,0
2026-08-08 09:30:39,09:00,906987379684182,1팀,120248762624470200,17.안심볶음밥(ASC)(메가딜)_TROAS_A+SC캠페인_구매최적화_값_표준기여_2903_260705,2215,0,0,0
2026-08-08 09:30:39,09:00,906987379684182,1팀,120248762761370200,17.안심볶음밥(ASC)(메가딜)_A+SC캠페인_구매최적화_수_표준기여_2903_260705,1762,0,0,0
2026-08-08 09:30:39,09:00,906987379684182,1팀,120248762858730200,16.안심크리스피(ASC)(메가딜)_A+SC 캠페인_구매최적화_수_표준기여_2908_260720(페르소나),3575,0,0,0
2026-08-08 09:30:39,09:00,906987379684182,1팀,120248763306900200,16.안심크리스피(ASC)(메가딜)_TCPA_A+SC캠페인_ALL_C7_수_표준기여_2908_260621,978,0,0,0
2026-08-08 09:30:39,09:00,906987379684182,1팀,120248763797300200,21.통살+그릴드(ASC)(메가딜)_TROAS_A+SC캠페인_구매최적화_값_표준기여_3068_260617,1766,0,0,0
2026-08-08 09:30:39,09:00,906987379684182,1팀,120248763797350200,21.통살+그릴드(ASC)(메가딜)_A+SC캠페인_구매최적화_수_표준기여_3068_260617,469,0,0,0
2026-08-08 09:30:39,09:00,906987379684182,1팀,120249317264110200,07.크리스피(ASC)(하이브리드)_A+SC캠페인_구매최적화_수_표준기여_3078_260713,14316,0,0,0
2026-08-08 09:30:39,09:00,906987379684182,1팀,120249317264120200,07.크리스피(ASC)(하이브리드)_TCPA_A+SC캠페인_ALL_C7_수_표준기여_3078_260713,4829,0,0,0
2026-08-08 09:30:39,09:00,906987379684182,1팀,120249317264140200,07.크리스피(ASC)(하이브리드)_TROAS_A+SC캠페인_구매최적화_값_표준기여_3078_260713,21314,1,89100,418.0350943042132
2026-08-08 09:30:39,09:00,906987379684182,1팀,120249873291990200,07.크리스피(ASC)(1010)_TROAS_A+SC캠페인_구매최적화_값_표준기여_2992_260705,1153,0,0,0
2026-08-08 09:30:39,09:00,906987379684182,1팀,120249873905240200,07.크리스피(ASC)(101010)_TROAS_A+SC캠페인_구매최적화_값_표준기여_2659_260705,1083,0,0,0
2026-08-08 09:30:39,09:00,906987379684182,1팀,120249873905280200,07.크리스피(ASC)(101010)_A+SC캠페인_구매최적화_수_표준기여_2659_260705,1194,0,0,0
2026-08-08 09:30:39,09:00,906987379684182,1팀,120249875227840200,16.안심크리스피(ASC)(메가딜)_A+SC캠페인_구매최적화_수_표준기여_2908_260705,1287,0,0,0
2026-08-08 09:30:39,09:00,906987379684182,1팀,120249876219490200,20.김자반밥바(ASC)(메가딜)_A+SC캠페인_구매최적화_수_표준기여_3003_260705,2333,0,0,0
2026-08-08 09:30:39,09:00,906987379684182,1팀,120249876219520200,20.김자반밥바(ASC)(메가딜)_TROAS_A+SC캠페인_구매최적화_값_표준기여_3003_260705,2151,0,0,0
2026-08-08 09:30:39,09:00,906987379684182,1팀,120249878429160200,01.통살(ASC)(하이브리드)_TROAS_A+SC캠페인_구매최적화_값_표준기여_3028_260705,2833,0,0,0
2026-08-08 09:30:39,09:00,906987379684182,1팀,120249878429240200,01.통살(ASC)(하이브리드)_A+SC캠페인_구매최적화_수_표준기여_3028_260705,751,0,0,0
2026-08-08 09:30:39,09:00,906987379684182,1팀,120250098930220200,01.통살(ASC)(101010)_TROAS_A+SC캠페인_구매최적화_값_표준기여_2336_260712,9019,0,0,0
2026-08-08 09:30:39,09:00,906987379684182,1팀,120250099159310200,07.크리스피(ASC)(메가딜)_A+SC캠페인_구매최적화_수_표준기여_2464_260712,2288,0,0,0
2026-08-08 09:30:39,09:00,906987379684182,1팀,120250099159320200,07.크리스피(ASC)(메가딜)_TROAS_A+SC캠페인_구매최적화_값_표준기여_2464_260712,5741,0,0,0
2026-08-08 09:30:39,09:00,906987379684182,1팀,120250099159330200,07.크리스피(ASC)(메가딜)_TCPA_A+SC캠페인_ALL_C7_수_표준기여_2464_260712,1358,0,0,0
2026-08-08 09:30:39,09:00,906987379684182,1팀,120250099335020200,77.프로모션(ASC)(줄리엔강)_TCPA_A+SC캠페인_ALL_C7_수_표준기여_260713,3493,0,0,0
2026-08-08 09:30:39,09:00,906987379684182,1팀,120250099335030200,77.프로모션(ASC)(줄리엔강)_TROAS_A+SC캠페인_구매최적화_값_표준기여_260713,2248,0,0,0
2026-08-08 09:30:39,09:00,906987379684182,1팀,120250268133470200,03.닭다리살(ASC)(하이브리드)_TROAS_A+SC캠페인_구매최적화_값_표준기여_3111_260726,1600,0,0,0
2026-08-08 09:30:39,09:00,906987379684182,1팀,120250444210730200,20.김자반밥바(ASC)(하이브리드)_TROAS_A+SC캠페인_구매최적화_값_표준기여_3159_260726,1895,0,0,0
2026-08-08 09:30:39,09:00,906987379684182,1팀,120250444210740200,20.김자반밥바(ASC)(하이브리드)_A+SC캠페인_구매최적화_수_표준기여_3159_260726,1656,0,0,0
2026-08-08 09:30:39,09:00,906987379684182,1팀,120250444210900200,20.김자반밥바(ASC)(하이브리드)_TCPA_A+SC캠페인_ALL_C7_수_표준기여_3159_260726,2512,1,18900,752.3885350318471
2026-08-08 09:30:39,09:00,906987379684182,1팀,120250444423310200,21.통살+그릴드(ASC)(하이브리드)_TROAS_A+SC캠페인_구매최적화_값_표준기여_3162_260726,954,0,0,0
2026-08-08 09:30:39,09:00,906987379684182,1팀,120250444423320200,21.통살+그릴드(ASC)(하이브리드)_TCPA_A+SC캠페인_ALL_C7_수_표준기여_3162_260726,711,0,0,0
2026-08-08 09:30:39,09:00,906987379684182,1팀,120250444423330200,21.통살+그릴드(ASC)(하이브리드)_A+SC캠페인_구매최적화_수_표준기여_3162_260726,854,0,0,0
2026-08-08 09:30:39,09:00,906987379684182,1팀,120250475752460200,07.크리스피(ASC)(하이브리드)_TROAS_A+SC캠페인_구매최적화_값_표준기여_3078_260722(페르소나),138,0,0,0
2026-08-08 09:30:39,09:00,906987379684182,1팀,120250614451020200,07.크리스피(ASC)(하이브리드)_A+SC캠페인_구매최적화_수_표준기여_3078_260728,1262,0,0,0
2026-08-08 09:30:39,09:00,906987379684182,1팀,120250614451040200,07.크리스피(ASC)(하이브리드)_TROAS_A+SC캠페인_구매최적화_값_표준기여_3078_260728,2796,0,0,0
2026-08-08 09:30:39,09:00,906987379684182,1팀,120250649570130200,07.크리스피(ASC)(하이브리드)_TROAS_A+SC캠페인_구매최적화_값_표준기여_3078_260802_AI,2916,0,0,0
2026-08-08 09:30:39,09:00,906987379684182,1팀,120250649570150200,07.크리스피(ASC)(하이브리드)_TCPA_A+SC캠페인_ALL_C7_수_표준기여_3078_260802_AI,818,0,0,0
2026-08-08 09:30:39,09:00,906987379684182,1팀,120250649570180200,07.크리스피(ASC)(하이브리드)_A+SC캠페인_구매최적화_수_표준기여_3078_260802_AI,1635,0,0,0
2026-08-08 09:30:39,09:00,906987379684182,1팀,120250856737330200,77.프로모션(ASC)(통크크)_TROAS_A+SC캠페인_구매최적화_값_표준기여_260806,11996,0,0,0
2026-08-08 09:30:39,09:00,906987379684182,1팀,120250856737340200,77.프로모션(ASC)(통크크)_TCPA_A+SC캠페인_ALL_C7_수_표준기여_260806,464,0,0,0
2026-08-08 09:30:39,09:00,906987379684182,1팀,120250856737350200,77.프로모션(ASC)(통크크)_A+SC캠페인_구매최적화_수_표준기여_260806,6455,0,0,0
2026-08-08 09:30:39,09:00,906987379684182,1팀,120250859367430200,20.김자반밥바(ASC)(하이브리드)_A+SC캠페인_구매최적화_수_가치조정_3159_260806,8397,0,0,0
2026-08-08 09:30:39,09:00,906987379684182,1팀,120250859367440200,20.김자반밥바(ASC)(하이브리드)_TCPA_A+SC캠페인_ALL_C7_수_표준기여_3159_260806,1422,0,0,0
2026-08-08 09:30:39,09:00,906987379684182,1팀,120250859367470200,20.김자반밥바(ASC)(하이브리드)_TROAS_A+SC캠페인_구매최적화_값_표준기여_3159_260806,1517,0,0,0
2026-08-08 10:30:40,10:00,906987379684182,1팀,120228320649100200,01.통살(ASC)(101010)_TCPA16000_A+SC 캠페인_ALL_V1C7_수_표준기여_2336,1759,0,0,0
2026-08-08 10:30:40,10:00,906987379684182,1팀,120228788396590200,01.통살(ASC)(메가딜)_TCPA20000_A+SC 캠페인_ALL_V1C7_수_표준기여_1874,7250,0,0,0
2026-08-08 10:30:40,10:00,906987379684182,1팀,120230755324960200,07.크리스피(ASC)(메가딜)_A+SC 캠페인_구매최적화_수_표준기여_2464,2031,0,0,0
2026-08-08 10:30:40,10:00,906987379684182,1팀,120237509836570200,07.크리스피(ASC)(메가딜)_TCPA16000_A+SC 캠페인_ALL_수_표준기여_2464,12446,1,44000,353.5272376667202
2026-08-08 10:30:40,10:00,906987379684182,1팀,120243001852340200,01.통살(ASC)(101010)_TCPA16000_A+SC 캠페인_ALL_V1C7_수_표준기여_2336_02,2214,0,0,0
2026-08-08 10:30:40,10:00,906987379684182,1팀,120243258462660200,07.크리스피(ASC)(101010)_A+SC 캠페인_구매최적화_수_표준기여_2659_260322,3823,0,0,0
2026-08-08 10:30:40,10:00,906987379684182,1팀,120243592510760200,16.안심크리스피(ASC)(메가딜)_TCPA14000_A+SC 캠페인_ALL_C7_수_표준기여_2863_260327,1236,0,0,0
2026-08-08 10:30:40,10:00,906987379684182,1팀,120244042753880200,07.크리스피(ASC)(메가딜)_TCPA16000_A+SC 캠페인_ALL_수_표준기여_2464_260403,1974,0,0,0
2026-08-08 10:30:40,10:00,906987379684182,1팀,120244128322750200,01.통살(ASC)(101010)_TCPA16000_A+SC 캠페인_ALL_V1C7_수_표준기여_2336_03,4059,0,0,0
2026-08-08 10:30:40,10:00,906987379684182,1팀,120244130427210200,07.크리스피(ASC)(메가딜)_A+SC 캠페인_구매최적화_수_표준기여_2464_260404,5461,0,0,0
2026-08-08 10:30:40,10:00,906987379684182,1팀,120244370408130200,17.안심볶음밥(ASC)(메가딜)_TCPA_A+SC 캠페인_ALL_C7_수_표준기여_2903_260409,1460,0,0,0
2026-08-08 10:30:40,10:00,906987379684182,1팀,120244785115700200,07.크리스피(ASC)(메가딜)_A+SC 캠페인_구매최적화_수_표준기여_2464_260416_intern,1233,0,0,0
2026-08-08 10:30:40,10:00,906987379684182,1팀,120244785115970200,07.크리스피(ASC)(메가딜)_TCPA14000_A+SC 캠페인_ALL_C7_수_표준기여_2464_260416_intern,2936,0,0,0
2026-08-08 10:30:40,10:00,906987379684182,1팀,120246157174550200,17.안심볶음밥(ASC)(메가딜)_A+SC 캠페인_구매최적화_수_표준기여_2903_260507_남자,2075,0,0,0
2026-08-08 10:30:40,10:00,906987379684182,1팀,120246224683700200,17.안심볶음밥(ASC)(메가딜)_A+SC 캠페인_구매최적화_수_표준기여_2903_260507_남자_02,829,0,0,0
2026-08-08 10:30:40,10:00,906987379684182,1팀,120246397028850200,07.크리스피(ASC)(통합)_A+SC 캠페인_구매최적화_수_표준기여_통합_260511,7530,1,52750,700.531208499336
2026-08-08 10:30:40,10:00,906987379684182,1팀,120246898203940200,03.닭다리살(ASC)(1010)_A+SC캠페인_구매최적화_수_표준기여_2604_260519,2298,0,0,0
2026-08-08 10:30:40,10:00,906987379684182,1팀,120246898384670200,03.닭다리살(ASC)(1010)_TROAS_A+SC캠페인_구매최적화_값_표준기여_2604_260519,23016,0,0,0
2026-08-08 10:30:40,10:00,906987379684182,1팀,120247354343980200,20.김자반밥바(ASC)(메가딜)_TCPA_A+SC캠페인_ALL_C7_수_표준기여_3003_260527,3749,0,0,0
2026-08-08 10:30:40,10:00,906987379684182,1팀,120247354558020200,20.김자반밥바(ASC)(메가딜)_A+SC캠페인_구매최적화_수_표준기여_3003_260527,2427,0,0,0
2026-08-08 10:30:40,10:00,906987379684182,1팀,120247379361950200,07.크리스피(ASC)(1010)_A+SC캠페인_구매최적화_수_표준기여_2992_260527,2454,0,0,0
2026-08-08 10:30:40,10:00,906987379684182,1팀,120247379587080200,07.크리스피(ASC)(1010)_TROAS_A+SC캠페인_구매최적화_값_표준기여_2992_260527,1640,0,0,0
2026-08-08 10:30:40,10:00,906987379684182,1팀,120247842896910200,20.김자반밥바(ASC)(메가딜)_A+SC캠페인_구매최적화_수_표준기여_3003_260603,14822,1,18900,127.51315611928216
2026-08-08 10:30:40,10:00,906987379684182,1팀,120248207670120200,17.안심볶음밥(ASC)(메가딜)_A+SC 캠페인_구매최적화_수_표준기여_2903_260609_남자(가치조정),3228,0,0,0
2026-08-08 10:30:40,10:00,906987379684182,1팀,120248361514480200,01.통살(ASC)(하이브리드)_TCPA_A+SC캠페인_ALL_C7_수_표준기여_3028_260611,881,1,102100,11589.103291713962
2026-08-08 10:30:40,10:00,906987379684182,1팀,120248361514580200,01.통살(ASC)(하이브리드)_TROAS_A+SC캠페인_구매최적화_값_표준기여_3028_260611,1351,0,0,0
2026-08-08 10:30:40,10:00,906987379684182,1팀,120248762624190200,17.안심볶음밥(ASC)(메가딜)_TCPA_A+SC캠페인_ALL_C7_수_표준기여_2903_260705,16,0,0,0
2026-08-08 10:30:40,10:00,906987379684182,1팀,120248762624470200,17.안심볶음밥(ASC)(메가딜)_TROAS_A+SC캠페인_구매최적화_값_표준기여_2903_260705,2571,0,0,0
2026-08-08 10:30:40,10:00,906987379684182,1팀,120248762761370200,17.안심볶음밥(ASC)(메가딜)_A+SC캠페인_구매최적화_수_표준기여_2903_260705,2506,0,0,0
2026-08-08 10:30:40,10:00,906987379684182,1팀,120248762858730200,16.안심크리스피(ASC)(메가딜)_A+SC 캠페인_구매최적화_수_표준기여_2908_260720(페르소나),3584,0,0,0
2026-08-08 10:30:40,10:00,906987379684182,1팀,120248763306900200,16.안심크리스피(ASC)(메가딜)_TCPA_A+SC캠페인_ALL_C7_수_표준기여_2908_260621,2914,0,0,0
2026-08-08 10:30:40,10:00,906987379684182,1팀,120248763797300200,21.통살+그릴드(ASC)(메가딜)_TROAS_A+SC캠페인_구매최적화_값_표준기여_3068_260617,2210,0,0,0
2026-08-08 10:30:40,10:00,906987379684182,1팀,120248763797350200,21.통살+그릴드(ASC)(메가딜)_A+SC캠페인_구매최적화_수_표준기여_3068_260617,976,0,0,0
2026-08-08 10:30:40,10:00,906987379684182,1팀,120249317264110200,07.크리스피(ASC)(하이브리드)_A+SC캠페인_구매최적화_수_표준기여_3078_260713,11029,1,56800,515.0058935533593
2026-08-08 10:30:40,10:00,906987379684182,1팀,120249317264120200,07.크리스피(ASC)(하이브리드)_TCPA_A+SC캠페인_ALL_C7_수_표준기여_3078_260713,3360,0,0,0
2026-08-08 10:30:40,10:00,906987379684182,1팀,120249317264140200,07.크리스피(ASC)(하이브리드)_TROAS_A+SC캠페인_구매최적화_값_표준기여_3078_260713,16511,0,0,0
2026-08-08 10:30:40,10:00,906987379684182,1팀,120249873291990200,07.크리스피(ASC)(1010)_TROAS_A+SC캠페인_구매최적화_값_표준기여_2992_260705,858,0,0,0
2026-08-08 10:30:40,10:00,906987379684182,1팀,120249873905240200,07.크리스피(ASC)(101010)_TROAS_A+SC캠페인_구매최적화_값_표준기여_2659_260705,1352,0,0,0
2026-08-08 10:30:40,10:00,906987379684182,1팀,120249873905280200,07.크리스피(ASC)(101010)_A+SC캠페인_구매최적화_수_표준기여_2659_260705,656,0,0,0
2026-08-08 10:30:40,10:00,906987379684182,1팀,120249875227840200,16.안심크리스피(ASC)(메가딜)_A+SC캠페인_구매최적화_수_표준기여_2908_260705,2273,0,0,0
2026-08-08 10:30:40,10:00,906987379684182,1팀,120249876219490200,20.김자반밥바(ASC)(메가딜)_A+SC캠페인_구매최적화_수_표준기여_3003_260705,1886,0,0,0
2026-08-08 10:30:40,10:00,906987379684182,1팀,120249876219520200,20.김자반밥바(ASC)(메가딜)_TROAS_A+SC캠페인_구매최적화_값_표준기여_3003_260705,1898,0,0,0
2026-08-08 10:30:40,10:00,906987379684182,1팀,120249878429160200,01.통살(ASC)(하이브리드)_TROAS_A+SC캠페인_구매최적화_값_표준기여_3028_260705,1933,0,0,0
2026-08-08 10:30:40,10:00,906987379684182,1팀,120249878429240200,01.통살(ASC)(하이브리드)_A+SC캠페인_구매최적화_수_표준기여_3028_260705,951,0,0,0
2026-08-08 10:30:40,10:00,906987379684182,1팀,120250098930220200,01.통살(ASC)(101010)_TROAS_A+SC캠페인_구매최적화_값_표준기여_2336_260712,5473,0,0,0
2026-08-08 10:30:40,10:00,906987379684182,1팀,120250099159310200,07.크리스피(ASC)(메가딜)_A+SC캠페인_구매최적화_수_표준기여_2464_260712,724,0,0,0
2026-08-08 10:30:40,10:00,906987379684182,1팀,120250099159320200,07.크리스피(ASC)(메가딜)_TROAS_A+SC캠페인_구매최적화_값_표준기여_2464_260712,4635,0,0,0
2026-08-08 10:30:40,10:00,906987379684182,1팀,120250099159330200,07.크리스피(ASC)(메가딜)_TCPA_A+SC캠페인_ALL_C7_수_표준기여_2464_260712,1777,0,0,0
2026-08-08 10:30:40,10:00,906987379684182,1팀,120250099335010200,77.프로모션(ASC)(줄리엔강)_A+SC캠페인_구매최적화_수_표준기여_260713,0,0,0,0
2026-08-08 10:30:40,10:00,906987379684182,1팀,120250099335020200,77.프로모션(ASC)(줄리엔강)_TCPA_A+SC캠페인_ALL_C7_수_표준기여_260713,4729,0,0,0
2026-08-08 10:30:40,10:00,906987379684182,1팀,120250099335030200,77.프로모션(ASC)(줄리엔강)_TROAS_A+SC캠페인_구매최적화_값_표준기여_260713,2259,0,0,0
2026-08-08 10:30:40,10:00,906987379684182,1팀,120250268133470200,03.닭다리살(ASC)(하이브리드)_TROAS_A+SC캠페인_구매최적화_값_표준기여_3111_260726,1684,0,0,0
2026-08-08 10:30:40,10:00,906987379684182,1팀,120250444210730200,20.김자반밥바(ASC)(하이브리드)_TROAS_A+SC캠페인_구매최적화_값_표준기여_3159_260726,1995,0,0,0
2026-08-08 10:30:40,10:00,906987379684182,1팀,120250444210740200,20.김자반밥바(ASC)(하이브리드)_A+SC캠페인_구매최적화_수_표준기여_3159_260726,1794,0,0,0
2026-08-08 10:30:40,10:00,906987379684182,1팀,120250444210900200,20.김자반밥바(ASC)(하이브리드)_TCPA_A+SC캠페인_ALL_C7_수_표준기여_3159_260726,1240,1,32900,2653.2258064516127
2026-08-08 10:30:40,10:00,906987379684182,1팀,120250444423310200,21.통살+그릴드(ASC)(하이브리드)_TROAS_A+SC캠페인_구매최적화_값_표준기여_3162_260726,1323,0,0,0
2026-08-08 10:30:40,10:00,906987379684182,1팀,120250444423320200,21.통살+그릴드(ASC)(하이브리드)_TCPA_A+SC캠페인_ALL_C7_수_표준기여_3162_260726,347,0,0,0
2026-08-08 10:30:40,10:00,906987379684182,1팀,120250444423330200,21.통살+그릴드(ASC)(하이브리드)_A+SC캠페인_구매최적화_수_표준기여_3162_260726,1183,0,0,0
2026-08-08 10:30:40,10:00,906987379684182,1팀,120250475752460200,07.크리스피(ASC)(하이브리드)_TROAS_A+SC캠페인_구매최적화_값_표준기여_3078_260722(페르소나),132,0,0,0
2026-08-08 10:30:40,10:00,906987379684182,1팀,120250614451020200,07.크리스피(ASC)(하이브리드)_A+SC캠페인_구매최적화_수_표준기여_3078_260728,1012,0,0,0
2026-08-08 10:30:40,10:00,906987379684182,1팀,120250614451040200,07.크리스피(ASC)(하이브리드)_TROAS_A+SC캠페인_구매최적화_값_표준기여_3078_260728,3129,0,0,0
2026-08-08 10:30:40,10:00,906987379684182,1팀,120250614451160200,07.크리스피(ASC)(하이브리드)_TCPA_A+SC캠페인_ALL_C7_수_표준기여_3078_260728,7,0,0,0
2026-08-08 10:30:40,10:00,906987379684182,1팀,120250649570130200,07.크리스피(ASC)(하이브리드)_TROAS_A+SC캠페인_구매최적화_값_표준기여_3078_260802_AI,2198,0,0,0
2026-08-08 10:30:40,10:00,906987379684182,1팀,120250649570150200,07.크리스피(ASC)(하이브리드)_TCPA_A+SC캠페인_ALL_C7_수_표준기여_3078_260802_AI,1028,0,0,0
2026-08-08 10:30:40,10:00,906987379684182,1팀,120250649570180200,07.크리스피(ASC)(하이브리드)_A+SC캠페인_구매최적화_수_표준기여_3078_260802_AI,758,0,0,0
2026-08-08 10:30:40,10:00,906987379684182,1팀,120250856737330200,77.프로모션(ASC)(통크크)_TROAS_A+SC캠페인_구매최적화_값_표준기여_260806,11055,0,0,0
2026-08-08 10:30:40,10:00,906987379684182,1팀,120250856737340200,77.프로모션(ASC)(통크크)_TCPA_A+SC캠페인_ALL_C7_수_표준기여_260806,586,0,0,0
2026-08-08 10:30:40,10:00,906987379684182,1팀,120250856737350200,77.프로모션(ASC)(통크크)_A+SC캠페인_구매최적화_수_표준기여_260806,6451,0,0,0
2026-08-08 10:30:40,10:00,906987379684182,1팀,120250859367430200,20.김자반밥바(ASC)(하이브리드)_A+SC캠페인_구매최적화_수_가치조정_3159_260806,6161,1,41900,680.0844018828112
2026-08-08 10:30:40,10:00,906987379684182,1팀,120250859367440200,20.김자반밥바(ASC)(하이브리드)_TCPA_A+SC캠페인_ALL_C7_수_표준기여_3159_260806,1433,0,0,0
2026-08-08 10:30:40,10:00,906987379684182,1팀,120250859367470200,20.김자반밥바(ASC)(하이브리드)_TROAS_A+SC캠페인_구매최적화_값_표준기여_3159_260806,1175,0,0,0
2026-08-08 10:51:17,10:00,906987379684182,1팀,120228320649100200,01.통살(ASC)(101010)_TCPA16000_A+SC 캠페인_ALL_V1C7_수_표준기여_2336,3390,0,0,0
2026-08-08 10:51:17,10:00,906987379684182,1팀,120228788396590200,01.통살(ASC)(메가딜)_TCPA20000_A+SC 캠페인_ALL_V1C7_수_표준기여_1874,17689,0,0,0
2026-08-08 10:51:17,10:00,906987379684182,1팀,120230755324960200,07.크리스피(ASC)(메가딜)_A+SC 캠페인_구매최적화_수_표준기여_2464,5139,0,0,0
2026-08-08 10:51:17,10:00,906987379684182,1팀,120237509836570200,07.크리스피(ASC)(메가딜)_TCPA16000_A+SC 캠페인_ALL_수_표준기여_2464,23822,1,44000,184.7032155150701
2026-08-08 10:51:17,10:00,906987379684182,1팀,120243001852340200,01.통살(ASC)(101010)_TCPA16000_A+SC 캠페인_ALL_V1C7_수_표준기여_2336_02,3761,0,0,0
2026-08-08 10:51:17,10:00,906987379684182,1팀,120243258462660200,07.크리스피(ASC)(101010)_A+SC 캠페인_구매최적화_수_표준기여_2659_260322,5756,0,0,0
2026-08-08 10:51:17,10:00,906987379684182,1팀,120243592510760200,16.안심크리스피(ASC)(메가딜)_TCPA14000_A+SC 캠페인_ALL_C7_수_표준기여_2863_260327,3796,0,0,0
2026-08-08 10:51:17,10:00,906987379684182,1팀,120244042753880200,07.크리스피(ASC)(메가딜)_TCPA16000_A+SC 캠페인_ALL_수_표준기여_2464_260403,3530,0,0,0
2026-08-08 10:51:17,10:00,906987379684182,1팀,120244128322750200,01.통살(ASC)(101010)_TCPA16000_A+SC 캠페인_ALL_V1C7_수_표준기여_2336_03,4498,0,0,0
2026-08-08 10:51:17,10:00,906987379684182,1팀,120244130427210200,07.크리스피(ASC)(메가딜)_A+SC 캠페인_구매최적화_수_표준기여_2464_260404,8268,0,0,0
2026-08-08 10:51:17,10:00,906987379684182,1팀,120244370408130200,17.안심볶음밥(ASC)(메가딜)_TCPA_A+SC 캠페인_ALL_C7_수_표준기여_2903_260409,2916,0,0,0
2026-08-08 10:51:17,10:00,906987379684182,1팀,120244785115700200,07.크리스피(ASC)(메가딜)_A+SC 캠페인_구매최적화_수_표준기여_2464_260416_intern,2120,0,0,0
2026-08-08 10:51:17,10:00,906987379684182,1팀,120244785115970200,07.크리스피(ASC)(메가딜)_TCPA14000_A+SC 캠페인_ALL_C7_수_표준기여_2464_260416_intern,4898,0,0,0
2026-08-08 10:51:17,10:00,906987379684182,1팀,120246157174550200,17.안심볶음밥(ASC)(메가딜)_A+SC 캠페인_구매최적화_수_표준기여_2903_260507_남자,3956,0,0,0
2026-08-08 10:51:17,10:00,906987379684182,1팀,120246224683700200,17.안심볶음밥(ASC)(메가딜)_A+SC 캠페인_구매최적화_수_표준기여_2903_260507_남자_02,2719,1,85400,3140.860610518573
2026-08-08 10:51:17,10:00,906987379684182,1팀,120246397028850200,07.크리스피(ASC)(통합)_A+SC 캠페인_구매최적화_수_표준기여_통합_260511,22049,1,52750,239.23987482425505
2026-08-08 10:51:17,10:00,906987379684182,1팀,120246816084290200,16.안심크리스피(ASC)(메가딜)_TROAS_A+SC 캠페인_구매최적화_값_표준기여_2908_260518(OFF예정),0,0,0,0
2026-08-08 10:51:17,10:00,906987379684182,1팀,120246898203940200,03.닭다리살(ASC)(1010)_A+SC캠페인_구매최적화_수_표준기여_2604_260519,4428,1,50900,1149.5031616982837
2026-08-08 10:51:17,10:00,906987379684182,1팀,120246898384670200,03.닭다리살(ASC)(1010)_TROAS_A+SC캠페인_구매최적화_값_표준기여_2604_260519,41962,0,0,0
2026-08-08 10:51:17,10:00,906987379684182,1팀,120247354343980200,20.김자반밥바(ASC)(메가딜)_TCPA_A+SC캠페인_ALL_C7_수_표준기여_3003_260527,5730,2,83700,1460.7329842931938
2026-08-08 10:51:17,10:00,906987379684182,1팀,120247354558020200,20.김자반밥바(ASC)(메가딜)_A+SC캠페인_구매최적화_수_표준기여_3003_260527,8903,0,0,0
2026-08-08 10:51:17,10:00,906987379684182,1팀,120247379361950200,07.크리스피(ASC)(1010)_A+SC캠페인_구매최적화_수_표준기여_2992_260527,6772,0,0,0
2026-08-08 10:51:17,10:00,906987379684182,1팀,120247379587080200,07.크리스피(ASC)(1010)_TROAS_A+SC캠페인_구매최적화_값_표준기여_2992_260527,5217,0,0,0
2026-08-08 10:51:17,10:00,906987379684182,1팀,120247842896910200,20.김자반밥바(ASC)(메가딜)_A+SC캠페인_구매최적화_수_표준기여_3003_260603,17987,3,82600,459.22054817368104
2026-08-08 10:51:17,10:00,906987379684182,1팀,120248207670120200,17.안심볶음밥(ASC)(메가딜)_A+SC 캠페인_구매최적화_수_표준기여_2903_260609_남자(가치조정),6434,0,0,0
2026-08-08 10:51:17,10:00,906987379684182,1팀,120248361514480200,01.통살(ASC)(하이브리드)_TCPA_A+SC캠페인_ALL_C7_수_표준기여_3028_260611,1372,1,102100,7441.690962099125
2026-08-08 10:51:17,10:00,906987379684182,1팀,120248361514580200,01.통살(ASC)(하이브리드)_TROAS_A+SC캠페인_구매최적화_값_표준기여_3028_260611,2663,0,0,0
2026-08-08 10:51:17,10:00,906987379684182,1팀,120248762624190200,17.안심볶음밥(ASC)(메가딜)_TCPA_A+SC캠페인_ALL_C7_수_표준기여_2903_260705,16,0,0,0
2026-08-08 10:51:17,10:00,906987379684182,1팀,120248762624470200,17.안심볶음밥(ASC)(메가딜)_TROAS_A+SC캠페인_구매최적화_값_표준기여_2903_260705,4414,0,0,0
2026-08-08 10:51:17,10:00,906987379684182,1팀,120248762761370200,17.안심볶음밥(ASC)(메가딜)_A+SC캠페인_구매최적화_수_표준기여_2903_260705,4312,0,0,0
2026-08-08 10:51:17,10:00,906987379684182,1팀,120248762858730200,16.안심크리스피(ASC)(메가딜)_A+SC 캠페인_구매최적화_수_표준기여_2908_260720(페르소나),6420,0,0,0
2026-08-08 10:51:17,10:00,906987379684182,1팀,120248763306900200,16.안심크리스피(ASC)(메가딜)_TCPA_A+SC캠페인_ALL_C7_수_표준기여_2908_260621,4838,0,0,0
2026-08-08 10:51:17,10:00,906987379684182,1팀,120248763797300200,21.통살+그릴드(ASC)(메가딜)_TROAS_A+SC캠페인_구매최적화_값_표준기여_3068_260617,4454,0,0,0
2026-08-08 10:51:17,10:00,906987379684182,1팀,120248763797350200,21.통살+그릴드(ASC)(메가딜)_A+SC캠페인_구매최적화_수_표준기여_3068_260617,1286,0,0,0
2026-08-08 10:51:17,10:00,906987379684182,1팀,120249317264110200,07.크리스피(ASC)(하이브리드)_A+SC캠페인_구매최적화_수_표준기여_3078_260713,15120,3,303700,2008.5978835978835
2026-08-08 10:51:17,10:00,906987379684182,1팀,120249317264120200,07.크리스피(ASC)(하이브리드)_TCPA_A+SC캠페인_ALL_C7_수_표준기여_3078_260713,7301,0,0,0
2026-08-08 10:51:17,10:00,906987379684182,1팀,120249317264140200,07.크리스피(ASC)(하이브리드)_TROAS_A+SC캠페인_구매최적화_값_표준기여_3078_260713,85488,0,0,0
2026-08-08 10:51:17,10:00,906987379684182,1팀,120249873291990200,07.크리스피(ASC)(1010)_TROAS_A+SC캠페인_구매최적화_값_표준기여_2992_260705,1256,0,0,0
2026-08-08 10:51:17,10:00,906987379684182,1팀,120249873905240200,07.크리스피(ASC)(101010)_TROAS_A+SC캠페인_구매최적화_값_표준기여_2659_260705,2200,0,0,0
2026-08-08 10:51:17,10:00,906987379684182,1팀,120249873905280200,07.크리스피(ASC)(101010)_A+SC캠페인_구매최적화_수_표준기여_2659_260705,3711,0,0,0
2026-08-08 10:51:17,10:00,906987379684182,1팀,120249875227840200,16.안심크리스피(ASC)(메가딜)_A+SC캠페인_구매최적화_수_표준기여_2908_260705,3464,0,0,0
2026-08-08 10:51:17,10:00,906987379684182,1팀,120249876219490200,20.김자반밥바(ASC)(메가딜)_A+SC캠페인_구매최적화_수_표준기여_3003_260705,8091,0,0,0
2026-08-08 10:51:17,10:00,906987379684182,1팀,120249876219520200,20.김자반밥바(ASC)(메가딜)_TROAS_A+SC캠페인_구매최적화_값_표준기여_3003_260705,3861,0,0,0
2026-08-08 10:51:17,10:00,906987379684182,1팀,120249878429160200,01.통살(ASC)(하이브리드)_TROAS_A+SC캠페인_구매최적화_값_표준기여_3028_260705,4071,0,0,0
2026-08-08 10:51:17,10:00,906987379684182,1팀,120249878429240200,01.통살(ASC)(하이브리드)_A+SC캠페인_구매최적화_수_표준기여_3028_260705,1852,0,0,0
2026-08-08 10:51:17,10:00,906987379684182,1팀,120250098930220200,01.통살(ASC)(101010)_TROAS_A+SC캠페인_구매최적화_값_표준기여_2336_260712,12123,0,0,0
2026-08-08 10:51:17,10:00,906987379684182,1팀,120250099159310200,07.크리스피(ASC)(메가딜)_A+SC캠페인_구매최적화_수_표준기여_2464_260712,1275,0,0,0
2026-08-08 10:51:17,10:00,906987379684182,1팀,120250099159320200,07.크리스피(ASC)(메가딜)_TROAS_A+SC캠페인_구매최적화_값_표준기여_2464_260712,23370,0,0,0
2026-08-08 10:51:17,10:00,906987379684182,1팀,120250099159330200,07.크리스피(ASC)(메가딜)_TCPA_A+SC캠페인_ALL_C7_수_표준기여_2464_260712,3088,0,0,0
2026-08-08 10:51:17,10:00,906987379684182,1팀,120250099335010200,77.프로모션(ASC)(줄리엔강)_A+SC캠페인_구매최적화_수_표준기여_260713,0,0,0,0
2026-08-08 10:51:17,10:00,906987379684182,1팀,120250099335020200,77.프로모션(ASC)(줄리엔강)_TCPA_A+SC캠페인_ALL_C7_수_표준기여_260713,7610,0,0,0
2026-08-08 10:51:17,10:00,906987379684182,1팀,120250099335030200,77.프로모션(ASC)(줄리엔강)_TROAS_A+SC캠페인_구매최적화_값_표준기여_260713,5072,0,0,0
2026-08-08 10:51:17,10:00,906987379684182,1팀,120250268133470200,03.닭다리살(ASC)(하이브리드)_TROAS_A+SC캠페인_구매최적화_값_표준기여_3111_260726,3274,0,0,0
2026-08-08 10:51:17,10:00,906987379684182,1팀,120250444210730200,20.김자반밥바(ASC)(하이브리드)_TROAS_A+SC캠페인_구매최적화_값_표준기여_3159_260726,3958,0,0,0
2026-08-08 10:51:17,10:00,906987379684182,1팀,120250444210740200,20.김자반밥바(ASC)(하이브리드)_A+SC캠페인_구매최적화_수_표준기여_3159_260726,4925,0,0,0
2026-08-08 10:51:17,10:00,906987379684182,1팀,120250444210900200,20.김자반밥바(ASC)(하이브리드)_TCPA_A+SC캠페인_ALL_C7_수_표준기여_3159_260726,4628,1,32900,710.8902333621435
2026-08-08 10:51:17,10:00,906987379684182,1팀,120250444423310200,21.통살+그릴드(ASC)(하이브리드)_TROAS_A+SC캠페인_구매최적화_값_표준기여_3162_260726,2637,0,0,0
2026-08-08 10:51:17,10:00,906987379684182,1팀,120250444423320200,21.통살+그릴드(ASC)(하이브리드)_TCPA_A+SC캠페인_ALL_C7_수_표준기여_3162_260726,502,0,0,0
2026-08-08 10:51:17,10:00,906987379684182,1팀,120250444423330200,21.통살+그릴드(ASC)(하이브리드)_A+SC캠페인_구매최적화_수_표준기여_3162_260726,1741,0,0,0
2026-08-08 10:51:17,10:00,906987379684182,1팀,120250475752460200,07.크리스피(ASC)(하이브리드)_TROAS_A+SC캠페인_구매최적화_값_표준기여_3078_260722(페르소나),155,0,0,0
2026-08-08 10:51:17,10:00,906987379684182,1팀,120250614451020200,07.크리스피(ASC)(하이브리드)_A+SC캠페인_구매최적화_수_표준기여_3078_260728,1561,0,0,0
2026-08-08 10:51:17,10:00,906987379684182,1팀,120250614451040200,07.크리스피(ASC)(하이브리드)_TROAS_A+SC캠페인_구매최적화_값_표준기여_3078_260728,5421,0,0,0
2026-08-08 10:51:17,10:00,906987379684182,1팀,120250614451160200,07.크리스피(ASC)(하이브리드)_TCPA_A+SC캠페인_ALL_C7_수_표준기여_3078_260728,59,0,0,0
2026-08-08 10:51:17,10:00,906987379684182,1팀,120250649570130200,07.크리스피(ASC)(하이브리드)_TROAS_A+SC캠페인_구매최적화_값_표준기여_3078_260802_AI,3976,0,0,0
2026-08-08 10:51:17,10:00,906987379684182,1팀,120250649570150200,07.크리스피(ASC)(하이브리드)_TCPA_A+SC캠페인_ALL_C7_수_표준기여_3078_260802_AI,1958,0,0,0
2026-08-08 10:51:17,10:00,906987379684182,1팀,120250649570180200,07.크리스피(ASC)(하이브리드)_A+SC캠페인_구매최적화_수_표준기여_3078_260802_AI,1603,0,0,0
2026-08-08 10:51:17,10:00,906987379684182,1팀,120250856737330200,77.프로모션(ASC)(통크크)_TROAS_A+SC캠페인_구매최적화_값_표준기여_260806,12952,0,0,0
2026-08-08 10:51:17,10:00,906987379684182,1팀,120250856737340200,77.프로모션(ASC)(통크크)_TCPA_A+SC캠페인_ALL_C7_수_표준기여_260806,1081,0,0,0
2026-08-08 10:51:17,10:00,906987379684182,1팀,120250856737350200,77.프로모션(ASC)(통크크)_A+SC캠페인_구매최적화_수_표준기여_260806,14645,1,109200,745.6469784909525
2026-08-08 10:51:17,10:00,906987379684182,1팀,120250859367430200,20.김자반밥바(ASC)(하이브리드)_A+SC캠페인_구매최적화_수_가치조정_3159_260806,9374,1,41900,446.98101130787285
2026-08-08 10:51:17,10:00,906987379684182,1팀,120250859367440200,20.김자반밥바(ASC)(하이브리드)_TCPA_A+SC캠페인_ALL_C7_수_표준기여_3159_260806,2970,0,0,0
2026-08-08 10:51:17,10:00,906987379684182,1팀,120250859367470200,20.김자반밥바(ASC)(하이브리드)_TROAS_A+SC캠페인_구매최적화_값_표준기여_3159_260806,3329,0,0,0
2026-08-08 11:30:34,11:00,906987379684182,1팀,120228320649100200,01.통살(ASC)(101010)_TCPA16000_A+SC 캠페인_ALL_V1C7_수_표준기여_2336,1553,0,0,0
2026-08-08 11:30:34,11:00,906987379684182,1팀,120228788396590200,01.통살(ASC)(메가딜)_TCPA20000_A+SC 캠페인_ALL_V1C7_수_표준기여_1874,10654,0,0,0
2026-08-08 11:30:34,11:00,906987379684182,1팀,120230755324960200,07.크리스피(ASC)(메가딜)_A+SC 캠페인_구매최적화_수_표준기여_2464,1876,0,0,0
2026-08-08 11:30:34,11:00,906987379684182,1팀,120237509836570200,07.크리스피(ASC)(메가딜)_TCPA16000_A+SC 캠페인_ALL_수_표준기여_2464,10525,0,0,0
2026-08-08 11:30:34,11:00,906987379684182,1팀,120243001852340200,01.통살(ASC)(101010)_TCPA16000_A+SC 캠페인_ALL_V1C7_수_표준기여_2336_02,1243,0,0,0
2026-08-08 11:30:34,11:00,906987379684182,1팀,120243258462660200,07.크리스피(ASC)(101010)_A+SC 캠페인_구매최적화_수_표준기여_2659_260322,2477,0,0,0
2026-08-08 11:30:34,11:00,906987379684182,1팀,120243592510760200,16.안심크리스피(ASC)(메가딜)_TCPA14000_A+SC 캠페인_ALL_C7_수_표준기여_2863_260327,2238,0,0,0
2026-08-08 11:30:34,11:00,906987379684182,1팀,120244042753880200,07.크리스피(ASC)(메가딜)_TCPA16000_A+SC 캠페인_ALL_수_표준기여_2464_260403,2088,0,0,0
2026-08-08 11:30:34,11:00,906987379684182,1팀,120244128322750200,01.통살(ASC)(101010)_TCPA16000_A+SC 캠페인_ALL_V1C7_수_표준기여_2336_03,1075,0,0,0
2026-08-08 11:30:34,11:00,906987379684182,1팀,120244130427210200,07.크리스피(ASC)(메가딜)_A+SC 캠페인_구매최적화_수_표준기여_2464_260404,2927,0,0,0
2026-08-08 11:30:34,11:00,906987379684182,1팀,120244370408130200,17.안심볶음밥(ASC)(메가딜)_TCPA_A+SC 캠페인_ALL_C7_수_표준기여_2903_260409,970,0,0,0
2026-08-08 11:30:34,11:00,906987379684182,1팀,120244785115700200,07.크리스피(ASC)(메가딜)_A+SC 캠페인_구매최적화_수_표준기여_2464_260416_intern,581,0,0,0
2026-08-08 11:30:34,11:00,906987379684182,1팀,120244785115970200,07.크리스피(ASC)(메가딜)_TCPA14000_A+SC 캠페인_ALL_C7_수_표준기여_2464_260416_intern,2207,0,0,0
2026-08-08 11:30:34,11:00,906987379684182,1팀,120246157174550200,17.안심볶음밥(ASC)(메가딜)_A+SC 캠페인_구매최적화_수_표준기여_2903_260507_남자,1305,0,0,0
2026-08-08 11:30:34,11:00,906987379684182,1팀,120246224683700200,17.안심볶음밥(ASC)(메가딜)_A+SC 캠페인_구매최적화_수_표준기여_2903_260507_남자_02,1710,0,0,0
2026-08-08 11:30:34,11:00,906987379684182,1팀,120246397028850200,07.크리스피(ASC)(통합)_A+SC 캠페인_구매최적화_수_표준기여_통합_260511,19445,0,0,0
2026-08-08 11:30:34,11:00,906987379684182,1팀,120246898203940200,03.닭다리살(ASC)(1010)_A+SC캠페인_구매최적화_수_표준기여_2604_260519,2344,0,0,0
2026-08-08 11:30:34,11:00,906987379684182,1팀,120246898384670200,03.닭다리살(ASC)(1010)_TROAS_A+SC캠페인_구매최적화_값_표준기여_2604_260519,19684,0,0,0
2026-08-08 11:30:34,11:00,906987379684182,1팀,120247354343980200,20.김자반밥바(ASC)(메가딜)_TCPA_A+SC캠페인_ALL_C7_수_표준기여_3003_260527,608,0,0,0
2026-08-08 11:30:34,11:00,906987379684182,1팀,120247354558020200,20.김자반밥바(ASC)(메가딜)_A+SC캠페인_구매최적화_수_표준기여_3003_260527,6518,0,0,0
2026-08-08 11:30:34,11:00,906987379684182,1팀,120247379361950200,07.크리스피(ASC)(1010)_A+SC캠페인_구매최적화_수_표준기여_2992_260527,4900,0,0,0
2026-08-08 11:30:34,11:00,906987379684182,1팀,120247379587080200,07.크리스피(ASC)(1010)_TROAS_A+SC캠페인_구매최적화_값_표준기여_2992_260527,4777,0,0,0
2026-08-08 11:30:34,11:00,906987379684182,1팀,120247842896910200,20.김자반밥바(ASC)(메가딜)_A+SC캠페인_구매최적화_수_표준기여_3003_260603,3034,0,0,0
2026-08-08 11:30:34,11:00,906987379684182,1팀,120248207670120200,17.안심볶음밥(ASC)(메가딜)_A+SC 캠페인_구매최적화_수_표준기여_2903_260609_남자(가치조정),4333,0,0,0
2026-08-08 11:30:34,11:00,906987379684182,1팀,120248361514480200,01.통살(ASC)(하이브리드)_TCPA_A+SC캠페인_ALL_C7_수_표준기여_3028_260611,882,0,0,0
2026-08-08 11:30:34,11:00,906987379684182,1팀,120248361514580200,01.통살(ASC)(하이브리드)_TROAS_A+SC캠페인_구매최적화_값_표준기여_3028_260611,2477,0,0,0
2026-08-08 11:30:34,11:00,906987379684182,1팀,120248762624190200,17.안심볶음밥(ASC)(메가딜)_TCPA_A+SC캠페인_ALL_C7_수_표준기여_2903_260705,2,0,0,0
2026-08-08 11:30:34,11:00,906987379684182,1팀,120248762624470200,17.안심볶음밥(ASC)(메가딜)_TROAS_A+SC캠페인_구매최적화_값_표준기여_2903_260705,2294,0,0,0
2026-08-08 11:30:34,11:00,906987379684182,1팀,120248762761370200,17.안심볶음밥(ASC)(메가딜)_A+SC캠페인_구매최적화_수_표준기여_2903_260705,2488,0,0,0
2026-08-08 11:30:34,11:00,906987379684182,1팀,120248762858730200,16.안심크리스피(ASC)(메가딜)_A+SC 캠페인_구매최적화_수_표준기여_2908_260720(페르소나),2325,0,0,0
2026-08-08 11:30:34,11:00,906987379684182,1팀,120248763306900200,16.안심크리스피(ASC)(메가딜)_TCPA_A+SC캠페인_ALL_C7_수_표준기여_2908_260621,2713,0,0,0
2026-08-08 11:30:34,11:00,906987379684182,1팀,120248763797300200,21.통살+그릴드(ASC)(메가딜)_TROAS_A+SC캠페인_구매최적화_값_표준기여_3068_260617,1862,0,0,0
2026-08-08 11:30:34,11:00,906987379684182,1팀,120248763797350200,21.통살+그릴드(ASC)(메가딜)_A+SC캠페인_구매최적화_수_표준기여_3068_260617,626,0,0,0
2026-08-08 11:30:34,11:00,906987379684182,1팀,120249317264110200,07.크리스피(ASC)(하이브리드)_A+SC캠페인_구매최적화_수_표준기여_3078_260713,4545,0,0,0
2026-08-08 11:30:34,11:00,906987379684182,1팀,120249317264120200,07.크리스피(ASC)(하이브리드)_TCPA_A+SC캠페인_ALL_C7_수_표준기여_3078_260713,3815,0,0,0
2026-08-08 11:30:34,11:00,906987379684182,1팀,120249317264140200,07.크리스피(ASC)(하이브리드)_TROAS_A+SC캠페인_구매최적화_값_표준기여_3078_260713,95076,2,223500,235.07509781648363
2026-08-08 11:30:34,11:00,906987379684182,1팀,120249873291990200,07.크리스피(ASC)(1010)_TROAS_A+SC캠페인_구매최적화_값_표준기여_2992_260705,728,0,0,0
2026-08-08 11:30:34,11:00,906987379684182,1팀,120249873905240200,07.크리스피(ASC)(101010)_TROAS_A+SC캠페인_구매최적화_값_표준기여_2659_260705,1099,0,0,0
2026-08-08 11:30:34,11:00,906987379684182,1팀,120249873905280200,07.크리스피(ASC)(101010)_A+SC캠페인_구매최적화_수_표준기여_2659_260705,2366,0,0,0
2026-08-08 11:30:34,11:00,906987379684182,1팀,120249875227840200,16.안심크리스피(ASC)(메가딜)_A+SC캠페인_구매최적화_수_표준기여_2908_260705,1471,0,0,0
2026-08-08 11:30:34,11:00,906987379684182,1팀,120249875227870200,16.안심크리스피(ASC)(메가딜)_TCPA_A+SC캠페인_ALL_C7_수_표준기여_2908_260705,59,0,0,0
2026-08-08 11:30:34,11:00,906987379684182,1팀,120249876219490200,20.김자반밥바(ASC)(메가딜)_A+SC캠페인_구매최적화_수_표준기여_3003_260705,5854,1,18900,322.85616672360777
2026-08-08 11:30:34,11:00,906987379684182,1팀,120249876219520200,20.김자반밥바(ASC)(메가딜)_TROAS_A+SC캠페인_구매최적화_값_표준기여_3003_260705,2217,0,0,0
2026-08-08 11:30:34,11:00,906987379684182,1팀,120249878429160200,01.통살(ASC)(하이브리드)_TROAS_A+SC캠페인_구매최적화_값_표준기여_3028_260705,3764,0,0,0
2026-08-08 11:30:34,11:00,906987379684182,1팀,120249878429240200,01.통살(ASC)(하이브리드)_A+SC캠페인_구매최적화_수_표준기여_3028_260705,310,0,0,0
2026-08-08 11:30:34,11:00,906987379684182,1팀,120250098930220200,01.통살(ASC)(101010)_TROAS_A+SC캠페인_구매최적화_값_표준기여_2336_260712,9929,0,0,0
2026-08-08 11:30:34,11:00,906987379684182,1팀,120250099159310200,07.크리스피(ASC)(메가딜)_A+SC캠페인_구매최적화_수_표준기여_2464_260712,1071,0,0,0
2026-08-08 11:30:34,11:00,906987379684182,1팀,120250099159320200,07.크리스피(ASC)(메가딜)_TROAS_A+SC캠페인_구매최적화_값_표준기여_2464_260712,27668,0,0,0
2026-08-08 11:30:34,11:00,906987379684182,1팀,120250099159330200,07.크리스피(ASC)(메가딜)_TCPA_A+SC캠페인_ALL_C7_수_표준기여_2464_260712,1249,0,0,0
2026-08-08 11:30:34,11:00,906987379684182,1팀,120250099335020200,77.프로모션(ASC)(줄리엔강)_TCPA_A+SC캠페인_ALL_C7_수_표준기여_260713,3780,0,0,0
2026-08-08 11:30:34,11:00,906987379684182,1팀,120250099335030200,77.프로모션(ASC)(줄리엔강)_TROAS_A+SC캠페인_구매최적화_값_표준기여_260713,1797,0,0,0
2026-08-08 11:30:34,11:00,906987379684182,1팀,120250268133470200,03.닭다리살(ASC)(하이브리드)_TROAS_A+SC캠페인_구매최적화_값_표준기여_3111_260726,1953,0,0,0
2026-08-08 11:30:34,11:00,906987379684182,1팀,120250444210730200,20.김자반밥바(ASC)(하이브리드)_TROAS_A+SC캠페인_구매최적화_값_표준기여_3159_260726,2328,0,0,0
2026-08-08 11:30:34,11:00,906987379684182,1팀,120250444210740200,20.김자반밥바(ASC)(하이브리드)_A+SC캠페인_구매최적화_수_표준기여_3159_260726,3026,1,58300,1926.6358228684733
2026-08-08 11:30:34,11:00,906987379684182,1팀,120250444210900200,20.김자반밥바(ASC)(하이브리드)_TCPA_A+SC캠페인_ALL_C7_수_표준기여_3159_260726,5672,0,0,0
2026-08-08 11:30:34,11:00,906987379684182,1팀,120250444423310200,21.통살+그릴드(ASC)(하이브리드)_TROAS_A+SC캠페인_구매최적화_값_표준기여_3162_260726,1227,0,0,0
2026-08-08 11:30:34,11:00,906987379684182,1팀,120250444423320200,21.통살+그릴드(ASC)(하이브리드)_TCPA_A+SC캠페인_ALL_C7_수_표준기여_3162_260726,189,0,0,0
2026-08-08 11:30:34,11:00,906987379684182,1팀,120250444423330200,21.통살+그릴드(ASC)(하이브리드)_A+SC캠페인_구매최적화_수_표준기여_3162_260726,628,0,0,0
2026-08-08 11:30:34,11:00,906987379684182,1팀,120250475752460200,07.크리스피(ASC)(하이브리드)_TROAS_A+SC캠페인_구매최적화_값_표준기여_3078_260722(페르소나),115,0,0,0
2026-08-08 11:30:34,11:00,906987379684182,1팀,120250614451020200,07.크리스피(ASC)(하이브리드)_A+SC캠페인_구매최적화_수_표준기여_3078_260728,1485,0,0,0
2026-08-08 11:30:34,11:00,906987379684182,1팀,120250614451040200,07.크리스피(ASC)(하이브리드)_TROAS_A+SC캠페인_구매최적화_값_표준기여_3078_260728,2787,0,0,0
2026-08-08 11:30:34,11:00,906987379684182,1팀,120250614451160200,07.크리스피(ASC)(하이브리드)_TCPA_A+SC캠페인_ALL_C7_수_표준기여_3078_260728,89,0,0,0
2026-08-08 11:30:34,11:00,906987379684182,1팀,120250649570130200,07.크리스피(ASC)(하이브리드)_TROAS_A+SC캠페인_구매최적화_값_표준기여_3078_260802_AI,1770,0,0,0
2026-08-08 11:30:34,11:00,906987379684182,1팀,120250649570150200,07.크리스피(ASC)(하이브리드)_TCPA_A+SC캠페인_ALL_C7_수_표준기여_3078_260802_AI,803,0,0,0
2026-08-08 11:30:34,11:00,906987379684182,1팀,120250649570180200,07.크리스피(ASC)(하이브리드)_A+SC캠페인_구매최적화_수_표준기여_3078_260802_AI,887,0,0,0
2026-08-08 11:30:34,11:00,906987379684182,1팀,120250856737330200,77.프로모션(ASC)(통크크)_TROAS_A+SC캠페인_구매최적화_값_표준기여_260806,4323,0,0,0
2026-08-08 11:30:34,11:00,906987379684182,1팀,120250856737340200,77.프로모션(ASC)(통크크)_TCPA_A+SC캠페인_ALL_C7_수_표준기여_260806,330,0,0,0
2026-08-08 11:30:34,11:00,906987379684182,1팀,120250856737350200,77.프로모션(ASC)(통크크)_A+SC캠페인_구매최적화_수_표준기여_260806,8741,0,0,0
2026-08-08 11:30:34,11:00,906987379684182,1팀,120250859367430200,20.김자반밥바(ASC)(하이브리드)_A+SC캠페인_구매최적화_수_가치조정_3159_260806,2744,0,0,0
2026-08-08 11:30:34,11:00,906987379684182,1팀,120250859367440200,20.김자반밥바(ASC)(하이브리드)_TCPA_A+SC캠페인_ALL_C7_수_표준기여_3159_260806,1518,0,0,0
2026-08-08 11:30:34,11:00,906987379684182,1팀,120250859367470200,20.김자반밥바(ASC)(하이브리드)_TROAS_A+SC캠페인_구매최적화_값_표준기여_3159_260806,1699,0,0,0
2026-08-08 12:30:34,12:00,906987379684182,1팀,120228320649100200,01.통살(ASC)(101010)_TCPA16000_A+SC 캠페인_ALL_V1C7_수_표준기여_2336,1837,0,0,0
2026-08-08 12:30:34,12:00,906987379684182,1팀,120228788396590200,01.통살(ASC)(메가딜)_TCPA20000_A+SC 캠페인_ALL_V1C7_수_표준기여_1874,8054,1,97500,1210.5785944872114
2026-08-08 12:30:34,12:00,906987379684182,1팀,120230755324960200,07.크리스피(ASC)(메가딜)_A+SC 캠페인_구매최적화_수_표준기여_2464,2107,0,0,0
2026-08-08 12:30:34,12:00,906987379684182,1팀,120237509836570200,07.크리스피(ASC)(메가딜)_TCPA16000_A+SC 캠페인_ALL_수_표준기여_2464,8181,2,167800,2051.0939982887176
2026-08-08 12:30:34,12:00,906987379684182,1팀,120243001852340200,01.통살(ASC)(101010)_TCPA16000_A+SC 캠페인_ALL_V1C7_수_표준기여_2336_02,1024,0,0,0
2026-08-08 12:30:34,12:00,906987379684182,1팀,120243258462660200,07.크리스피(ASC)(101010)_A+SC 캠페인_구매최적화_수_표준기여_2659_260322,1278,0,0,0
2026-08-08 12:30:34,12:00,906987379684182,1팀,120243592510760200,16.안심크리스피(ASC)(메가딜)_TCPA14000_A+SC 캠페인_ALL_C7_수_표준기여_2863_260327,4160,0,0,0
2026-08-08 12:30:34,12:00,906987379684182,1팀,120244042753880200,07.크리스피(ASC)(메가딜)_TCPA16000_A+SC 캠페인_ALL_수_표준기여_2464_260403,2258,0,0,0
2026-08-08 12:30:34,12:00,906987379684182,1팀,120244128322750200,01.통살(ASC)(101010)_TCPA16000_A+SC 캠페인_ALL_V1C7_수_표준기여_2336_03,1520,0,0,0
2026-08-08 12:30:34,12:00,906987379684182,1팀,120244130427210200,07.크리스피(ASC)(메가딜)_A+SC 캠페인_구매최적화_수_표준기여_2464_260404,2131,0,0,0
2026-08-08 12:30:34,12:00,906987379684182,1팀,120244370408130200,17.안심볶음밥(ASC)(메가딜)_TCPA_A+SC 캠페인_ALL_C7_수_표준기여_2903_260409,2134,0,0,0
2026-08-08 12:30:34,12:00,906987379684182,1팀,120244785115700200,07.크리스피(ASC)(메가딜)_A+SC 캠페인_구매최적화_수_표준기여_2464_260416_intern,507,0,0,0
2026-08-08 12:30:34,12:00,906987379684182,1팀,120244785115970200,07.크리스피(ASC)(메가딜)_TCPA14000_A+SC 캠페인_ALL_C7_수_표준기여_2464_260416_intern,1998,0,0,0
2026-08-08 12:30:34,12:00,906987379684182,1팀,120246157174550200,17.안심볶음밥(ASC)(메가딜)_A+SC 캠페인_구매최적화_수_표준기여_2903_260507_남자,1304,0,0,0
2026-08-08 12:30:34,12:00,906987379684182,1팀,120246224683700200,17.안심볶음밥(ASC)(메가딜)_A+SC 캠페인_구매최적화_수_표준기여_2903_260507_남자_02,1933,0,0,0
2026-08-08 12:30:34,12:00,906987379684182,1팀,120246397028850200,07.크리스피(ASC)(통합)_A+SC 캠페인_구매최적화_수_표준기여_통합_260511,15610,0,0,0
2026-08-08 12:30:34,12:00,906987379684182,1팀,120246898203940200,03.닭다리살(ASC)(1010)_A+SC캠페인_구매최적화_수_표준기여_2604_260519,3431,0,0,0
2026-08-08 12:30:34,12:00,906987379684182,1팀,120246898384670200,03.닭다리살(ASC)(1010)_TROAS_A+SC캠페인_구매최적화_값_표준기여_2604_260519,18657,1,50900,272.8198531382323
2026-08-08 12:30:34,12:00,906987379684182,1팀,120247354343980200,20.김자반밥바(ASC)(메가딜)_TCPA_A+SC캠페인_ALL_C7_수_표준기여_3003_260527,1587,0,0,0
2026-08-08 12:30:34,12:00,906987379684182,1팀,120247354558020200,20.김자반밥바(ASC)(메가딜)_A+SC캠페인_구매최적화_수_표준기여_3003_260527,7017,0,0,0
2026-08-08 12:30:34,12:00,906987379684182,1팀,120247379361950200,07.크리스피(ASC)(1010)_A+SC캠페인_구매최적화_수_표준기여_2992_260527,3688,0,0,0
2026-08-08 12:30:34,12:00,906987379684182,1팀,120247379587080200,07.크리스피(ASC)(1010)_TROAS_A+SC캠페인_구매최적화_값_표준기여_2992_260527,5627,0,0,0
2026-08-08 12:30:34,12:00,906987379684182,1팀,120247842896910200,20.김자반밥바(ASC)(메가딜)_A+SC캠페인_구매최적화_수_표준기여_3003_260603,2367,1,18900,798.4790874524715
2026-08-08 12:30:34,12:00,906987379684182,1팀,120248207670120200,17.안심볶음밥(ASC)(메가딜)_A+SC 캠페인_구매최적화_수_표준기여_2903_260609_남자(가치조정),3885,0,0,0
2026-08-08 12:30:34,12:00,906987379684182,1팀,120248361514480200,01.통살(ASC)(하이브리드)_TCPA_A+SC캠페인_ALL_C7_수_표준기여_3028_260611,245,0,0,0
2026-08-08 12:30:34,12:00,906987379684182,1팀,120248361514580200,01.통살(ASC)(하이브리드)_TROAS_A+SC캠페인_구매최적화_값_표준기여_3028_260611,1898,0,0,0
2026-08-08 12:30:34,12:00,906987379684182,1팀,120248762624190200,17.안심볶음밥(ASC)(메가딜)_TCPA_A+SC캠페인_ALL_C7_수_표준기여_2903_260705,4,0,0,0
2026-08-08 12:30:34,12:00,906987379684182,1팀,120248762624470200,17.안심볶음밥(ASC)(메가딜)_TROAS_A+SC캠페인_구매최적화_값_표준기여_2903_260705,1687,0,0,0
2026-08-08 12:30:34,12:00,906987379684182,1팀,120248762761370200,17.안심볶음밥(ASC)(메가딜)_A+SC캠페인_구매최적화_수_표준기여_2903_260705,3254,0,0,0
2026-08-08 12:30:34,12:00,906987379684182,1팀,120248762858730200,16.안심크리스피(ASC)(메가딜)_A+SC 캠페인_구매최적화_수_표준기여_2908_260720(페르소나),1449,0,0,0
2026-08-08 12:30:34,12:00,906987379684182,1팀,120248763306900200,16.안심크리스피(ASC)(메가딜)_TCPA_A+SC캠페인_ALL_C7_수_표준기여_2908_260621,2050,1,26000,1268.2926829268292
2026-08-08 12:30:34,12:00,906987379684182,1팀,120248763797300200,21.통살+그릴드(ASC)(메가딜)_TROAS_A+SC캠페인_구매최적화_값_표준기여_3068_260617,1698,0,0,0
2026-08-08 12:30:34,12:00,906987379684182,1팀,120248763797350200,21.통살+그릴드(ASC)(메가딜)_A+SC캠페인_구매최적화_수_표준기여_3068_260617,414,0,0,0
2026-08-08 12:30:34,12:00,906987379684182,1팀,120249317264110200,07.크리스피(ASC)(하이브리드)_A+SC캠페인_구매최적화_수_표준기여_3078_260713,4396,0,0,0
2026-08-08 12:30:34,12:00,906987379684182,1팀,120249317264120200,07.크리스피(ASC)(하이브리드)_TCPA_A+SC캠페인_ALL_C7_수_표준기여_3078_260713,4751,0,0,0
2026-08-08 12:30:34,12:00,906987379684182,1팀,120249317264140200,07.크리스피(ASC)(하이브리드)_TROAS_A+SC캠페인_구매최적화_값_표준기여_3078_260713,96814,0,0,0
2026-08-08 12:30:34,12:00,906987379684182,1팀,120249873291990200,07.크리스피(ASC)(1010)_TROAS_A+SC캠페인_구매최적화_값_표준기여_2992_260705,1581,0,0,0
2026-08-08 12:30:34,12:00,906987379684182,1팀,120249873905240200,07.크리스피(ASC)(101010)_TROAS_A+SC캠페인_구매최적화_값_표준기여_2659_260705,1847,0,0,0
2026-08-08 12:30:34,12:00,906987379684182,1팀,120249873905280200,07.크리스피(ASC)(101010)_A+SC캠페인_구매최적화_수_표준기여_2659_260705,2379,0,0,0
2026-08-08 12:30:34,12:00,906987379684182,1팀,120249875227840200,16.안심크리스피(ASC)(메가딜)_A+SC캠페인_구매최적화_수_표준기여_2908_260705,1130,0,0,0
2026-08-08 12:30:34,12:00,906987379684182,1팀,120249875227870200,16.안심크리스피(ASC)(메가딜)_TCPA_A+SC캠페인_ALL_C7_수_표준기여_2908_260705,28,0,0,0
2026-08-08 12:30:34,12:00,906987379684182,1팀,120249876219490200,20.김자반밥바(ASC)(메가딜)_A+SC캠페인_구매최적화_수_표준기여_3003_260705,6781,1,32900,485.17917711252034
2026-08-08 12:30:34,12:00,906987379684182,1팀,120249876219520200,20.김자반밥바(ASC)(메가딜)_TROAS_A+SC캠페인_구매최적화_값_표준기여_3003_260705,2052,0,0,0
2026-08-08 12:30:34,12:00,906987379684182,1팀,120249878429160200,01.통살(ASC)(하이브리드)_TROAS_A+SC캠페인_구매최적화_값_표준기여_3028_260705,2273,0,0,0
2026-08-08 12:30:34,12:00,906987379684182,1팀,120249878429240200,01.통살(ASC)(하이브리드)_A+SC캠페인_구매최적화_수_표준기여_3028_260705,308,0,0,0
2026-08-08 12:30:34,12:00,906987379684182,1팀,120250098930220200,01.통살(ASC)(101010)_TROAS_A+SC캠페인_구매최적화_값_표준기여_2336_260712,6980,0,0,0
2026-08-08 12:30:34,12:00,906987379684182,1팀,120250099159310200,07.크리스피(ASC)(메가딜)_A+SC캠페인_구매최적화_수_표준기여_2464_260712,2754,0,0,0
2026-08-08 12:30:34,12:00,906987379684182,1팀,120250099159320200,07.크리스피(ASC)(메가딜)_TROAS_A+SC캠페인_구매최적화_값_표준기여_2464_260712,21954,0,0,0
2026-08-08 12:30:34,12:00,906987379684182,1팀,120250099159330200,07.크리스피(ASC)(메가딜)_TCPA_A+SC캠페인_ALL_C7_수_표준기여_2464_260712,801,0,0,0
2026-08-08 12:30:34,12:00,906987379684182,1팀,120250099335020200,77.프로모션(ASC)(줄리엔강)_TCPA_A+SC캠페인_ALL_C7_수_표준기여_260713,3542,0,0,0
2026-08-08 12:30:34,12:00,906987379684182,1팀,120250099335030200,77.프로모션(ASC)(줄리엔강)_TROAS_A+SC캠페인_구매최적화_값_표준기여_260713,2860,0,0,0
2026-08-08 12:30:34,12:00,906987379684182,1팀,120250268133470200,03.닭다리살(ASC)(하이브리드)_TROAS_A+SC캠페인_구매최적화_값_표준기여_3111_260726,2157,0,0,0
2026-08-08 12:30:34,12:00,906987379684182,1팀,120250444210730200,20.김자반밥바(ASC)(하이브리드)_TROAS_A+SC캠페인_구매최적화_값_표준기여_3159_260726,2209,0,0,0
2026-08-08 12:30:34,12:00,906987379684182,1팀,120250444210740200,20.김자반밥바(ASC)(하이브리드)_A+SC캠페인_구매최적화_수_표준기여_3159_260726,2542,0,0,0
2026-08-08 12:30:34,12:00,906987379684182,1팀,120250444210900200,20.김자반밥바(ASC)(하이브리드)_TCPA_A+SC캠페인_ALL_C7_수_표준기여_3159_260726,3793,0,0,0
2026-08-08 12:30:34,12:00,906987379684182,1팀,120250444423310200,21.통살+그릴드(ASC)(하이브리드)_TROAS_A+SC캠페인_구매최적화_값_표준기여_3162_260726,1366,0,0,0
2026-08-08 12:30:34,12:00,906987379684182,1팀,120250444423320200,21.통살+그릴드(ASC)(하이브리드)_TCPA_A+SC캠페인_ALL_C7_수_표준기여_3162_260726,138,0,0,0
2026-08-08 12:30:34,12:00,906987379684182,1팀,120250444423330200,21.통살+그릴드(ASC)(하이브리드)_A+SC캠페인_구매최적화_수_표준기여_3162_260726,774,0,0,0
2026-08-08 12:30:34,12:00,906987379684182,1팀,120250475752460200,07.크리스피(ASC)(하이브리드)_TROAS_A+SC캠페인_구매최적화_값_표준기여_3078_260722(페르소나),204,0,0,0
2026-08-08 12:30:34,12:00,906987379684182,1팀,120250614451020200,07.크리스피(ASC)(하이브리드)_A+SC캠페인_구매최적화_수_표준기여_3078_260728,2099,0,0,0
2026-08-08 12:30:34,12:00,906987379684182,1팀,120250614451040200,07.크리스피(ASC)(하이브리드)_TROAS_A+SC캠페인_구매최적화_값_표준기여_3078_260728,3753,0,0,0
2026-08-08 12:30:34,12:00,906987379684182,1팀,120250614451160200,07.크리스피(ASC)(하이브리드)_TCPA_A+SC캠페인_ALL_C7_수_표준기여_3078_260728,7,0,0,0
2026-08-08 12:30:34,12:00,906987379684182,1팀,120250649570130200,07.크리스피(ASC)(하이브리드)_TROAS_A+SC캠페인_구매최적화_값_표준기여_3078_260802_AI,2271,1,89600,3945.398502862175
2026-08-08 12:30:34,12:00,906987379684182,1팀,120250649570150200,07.크리스피(ASC)(하이브리드)_TCPA_A+SC캠페인_ALL_C7_수_표준기여_3078_260802_AI,841,0,0,0
2026-08-08 12:30:34,12:00,906987379684182,1팀,120250649570180200,07.크리스피(ASC)(하이브리드)_A+SC캠페인_구매최적화_수_표준기여_3078_260802_AI,1309,0,0,0
2026-08-08 12:30:34,12:00,906987379684182,1팀,120250856737330200,77.프로모션(ASC)(통크크)_TROAS_A+SC캠페인_구매최적화_값_표준기여_260806,2809,0,0,0
2026-08-08 12:30:34,12:00,906987379684182,1팀,120250856737340200,77.프로모션(ASC)(통크크)_TCPA_A+SC캠페인_ALL_C7_수_표준기여_260806,618,0,0,0
2026-08-08 12:30:34,12:00,906987379684182,1팀,120250856737350200,77.프로모션(ASC)(통크크)_A+SC캠페인_구매최적화_수_표준기여_260806,6437,0,0,0
2026-08-08 12:30:34,12:00,906987379684182,1팀,120250859367430200,20.김자반밥바(ASC)(하이브리드)_A+SC캠페인_구매최적화_수_가치조정_3159_260806,2229,0,0,0
2026-08-08 12:30:34,12:00,906987379684182,1팀,120250859367440200,20.김자반밥바(ASC)(하이브리드)_TCPA_A+SC캠페인_ALL_C7_수_표준기여_3159_260806,1557,0,0,0
2026-08-08 12:30:34,12:00,906987379684182,1팀,120250859367470200,20.김자반밥바(ASC)(하이브리드)_TROAS_A+SC캠페인_구매최적화_값_표준기여_3159_260806,1689,0,0,0
2026-08-08 12:36:11,12:00,906987379684182,1팀,120228320649100200,01.통살(ASC)(101010)_TCPA16000_A+SC 캠페인_ALL_V1C7_수_표준기여_2336,2147,0,0,0
2026-08-08 12:36:11,12:00,906987379684182,1팀,120228788396590200,01.통살(ASC)(메가딜)_TCPA20000_A+SC 캠페인_ALL_V1C7_수_표준기여_1874,11159,1,97500,873.7342055739762
2026-08-08 12:36:11,12:00,906987379684182,1팀,120230755324960200,07.크리스피(ASC)(메가딜)_A+SC 캠페인_구매최적화_수_표준기여_2464,2631,1,25800,980.6157354618016
2026-08-08 12:36:11,12:00,906987379684182,1팀,120237509836570200,07.크리스피(ASC)(메가딜)_TCPA16000_A+SC 캠페인_ALL_수_표준기여_2464,9723,2,167800,1725.8047927594366
2026-08-08 12:36:11,12:00,906987379684182,1팀,120243001852340200,01.통살(ASC)(101010)_TCPA16000_A+SC 캠페인_ALL_V1C7_수_표준기여_2336_02,1536,0,0,0
2026-08-08 12:36:11,12:00,906987379684182,1팀,120243258462660200,07.크리스피(ASC)(101010)_A+SC 캠페인_구매최적화_수_표준기여_2659_260322,1694,0,0,0
2026-08-08 12:36:11,12:00,906987379684182,1팀,120243592510760200,16.안심크리스피(ASC)(메가딜)_TCPA14000_A+SC 캠페인_ALL_C7_수_표준기여_2863_260327,5427,0,0,0
2026-08-08 12:36:11,12:00,906987379684182,1팀,120244042753880200,07.크리스피(ASC)(메가딜)_TCPA16000_A+SC 캠페인_ALL_수_표준기여_2464_260403,2678,0,0,0
2026-08-08 12:36:11,12:00,906987379684182,1팀,120244128322750200,01.통살(ASC)(101010)_TCPA16000_A+SC 캠페인_ALL_V1C7_수_표준기여_2336_03,1739,0,0,0
2026-08-08 12:36:11,12:00,906987379684182,1팀,120244130427210200,07.크리스피(ASC)(메가딜)_A+SC 캠페인_구매최적화_수_표준기여_2464_260404,2643,0,0,0
2026-08-08 12:36:11,12:00,906987379684182,1팀,120244370408130200,17.안심볶음밥(ASC)(메가딜)_TCPA_A+SC 캠페인_ALL_C7_수_표준기여_2903_260409,2465,0,0,0
2026-08-08 12:36:11,12:00,906987379684182,1팀,120244785115700200,07.크리스피(ASC)(메가딜)_A+SC 캠페인_구매최적화_수_표준기여_2464_260416_intern,790,0,0,0
2026-08-08 12:36:11,12:00,906987379684182,1팀,120244785115970200,07.크리스피(ASC)(메가딜)_TCPA14000_A+SC 캠페인_ALL_C7_수_표준기여_2464_260416_intern,2693,0,0,0
2026-08-08 12:36:11,12:00,906987379684182,1팀,120246157174550200,17.안심볶음밥(ASC)(메가딜)_A+SC 캠페인_구매최적화_수_표준기여_2903_260507_남자,1781,0,0,0
2026-08-08 12:36:11,12:00,906987379684182,1팀,120246224683700200,17.안심볶음밥(ASC)(메가딜)_A+SC 캠페인_구매최적화_수_표준기여_2903_260507_남자_02,2462,0,0,0
2026-08-08 12:36:11,12:00,906987379684182,1팀,120246397028850200,07.크리스피(ASC)(통합)_A+SC 캠페인_구매최적화_수_표준기여_통합_260511,18859,0,0,0
2026-08-08 12:36:11,12:00,906987379684182,1팀,120246898203940200,03.닭다리살(ASC)(1010)_A+SC캠페인_구매최적화_수_표준기여_2604_260519,4093,1,50900,1243.5866112875642
2026-08-08 12:36:11,12:00,906987379684182,1팀,120246898384670200,03.닭다리살(ASC)(1010)_TROAS_A+SC캠페인_구매최적화_값_표준기여_2604_260519,23625,1,50900,215.44973544973547
2026-08-08 12:36:11,12:00,906987379684182,1팀,120247354343980200,20.김자반밥바(ASC)(메가딜)_TCPA_A+SC캠페인_ALL_C7_수_표준기여_3003_260527,2135,0,0,0
2026-08-08 12:36:11,12:00,906987379684182,1팀,120247354558020200,20.김자반밥바(ASC)(메가딜)_A+SC캠페인_구매최적화_수_표준기여_3003_260527,8556,0,0,0
2026-08-08 12:36:11,12:00,906987379684182,1팀,120247379361950200,07.크리스피(ASC)(1010)_A+SC캠페인_구매최적화_수_표준기여_2992_260527,4990,0,0,0
2026-08-08 12:36:11,12:00,906987379684182,1팀,120247379587080200,07.크리스피(ASC)(1010)_TROAS_A+SC캠페인_구매최적화_값_표준기여_2992_260527,6653,0,0,0
2026-08-08 12:36:11,12:00,906987379684182,1팀,120247842896910200,20.김자반밥바(ASC)(메가딜)_A+SC캠페인_구매최적화_수_표준기여_3003_260603,2935,1,18900,643.9522998296422
2026-08-08 12:36:11,12:00,906987379684182,1팀,120248207670120200,17.안심볶음밥(ASC)(메가딜)_A+SC 캠페인_구매최적화_수_표준기여_2903_260609_남자(가치조정),5175,0,0,0
2026-08-08 12:36:11,12:00,906987379684182,1팀,120248361514480200,01.통살(ASC)(하이브리드)_TCPA_A+SC캠페인_ALL_C7_수_표준기여_3028_260611,318,0,0,0
2026-08-08 12:36:11,12:00,906987379684182,1팀,120248361514580200,01.통살(ASC)(하이브리드)_TROAS_A+SC캠페인_구매최적화_값_표준기여_3028_260611,2264,0,0,0
2026-08-08 12:36:11,12:00,906987379684182,1팀,120248762624190200,17.안심볶음밥(ASC)(메가딜)_TCPA_A+SC캠페인_ALL_C7_수_표준기여_2903_260705,13,0,0,0
2026-08-08 12:36:11,12:00,906987379684182,1팀,120248762624470200,17.안심볶음밥(ASC)(메가딜)_TROAS_A+SC캠페인_구매최적화_값_표준기여_2903_260705,1984,0,0,0
2026-08-08 12:36:11,12:00,906987379684182,1팀,120248762761370200,17.안심볶음밥(ASC)(메가딜)_A+SC캠페인_구매최적화_수_표준기여_2903_260705,3597,0,0,0
2026-08-08 12:36:11,12:00,906987379684182,1팀,120248762858730200,16.안심크리스피(ASC)(메가딜)_A+SC 캠페인_구매최적화_수_표준기여_2908_260720(페르소나),2021,0,0,0
2026-08-08 12:36:11,12:00,906987379684182,1팀,120248763306900200,16.안심크리스피(ASC)(메가딜)_TCPA_A+SC캠페인_ALL_C7_수_표준기여_2908_260621,2682,1,26000,969.4258016405668
2026-08-08 12:36:11,12:00,906987379684182,1팀,120248763797300200,21.통살+그릴드(ASC)(메가딜)_TROAS_A+SC캠페인_구매최적화_값_표준기여_3068_260617,3306,0,0,0
2026-08-08 12:36:11,12:00,906987379684182,1팀,120248763797350200,21.통살+그릴드(ASC)(메가딜)_A+SC캠페인_구매최적화_수_표준기여_3068_260617,541,0,0,0
2026-08-08 12:36:11,12:00,906987379684182,1팀,120249317264110200,07.크리스피(ASC)(하이브리드)_A+SC캠페인_구매최적화_수_표준기여_3078_260713,4986,0,0,0
2026-08-08 12:36:11,12:00,906987379684182,1팀,120249317264120200,07.크리스피(ASC)(하이브리드)_TCPA_A+SC캠페인_ALL_C7_수_표준기여_3078_260713,5629,0,0,0
2026-08-08 12:36:11,12:00,906987379684182,1팀,120249317264140200,07.크리스피(ASC)(하이브리드)_TROAS_A+SC캠페인_구매최적화_값_표준기여_3078_260713,122639,0,0,0
2026-08-08 12:36:11,12:00,906987379684182,1팀,120249873291990200,07.크리스피(ASC)(1010)_TROAS_A+SC캠페인_구매최적화_값_표준기여_2992_260705,1931,0,0,0
2026-08-08 12:36:11,12:00,906987379684182,1팀,120249873905240200,07.크리스피(ASC)(101010)_TROAS_A+SC캠페인_구매최적화_값_표준기여_2659_260705,2070,0,0,0
2026-08-08 12:36:11,12:00,906987379684182,1팀,120249873905280200,07.크리스피(ASC)(101010)_A+SC캠페인_구매최적화_수_표준기여_2659_260705,2763,0,0,0
2026-08-08 12:36:11,12:00,906987379684182,1팀,120249875227840200,16.안심크리스피(ASC)(메가딜)_A+SC캠페인_구매최적화_수_표준기여_2908_260705,1277,0,0,0
2026-08-08 12:36:11,12:00,906987379684182,1팀,120249875227870200,16.안심크리스피(ASC)(메가딜)_TCPA_A+SC캠페인_ALL_C7_수_표준기여_2908_260705,63,0,0,0
2026-08-08 12:36:11,12:00,906987379684182,1팀,120249876219490200,20.김자반밥바(ASC)(메가딜)_A+SC캠페인_구매최적화_수_표준기여_3003_260705,8394,1,32900,391.94662854419823
2026-08-08 12:36:11,12:00,906987379684182,1팀,120249876219520200,20.김자반밥바(ASC)(메가딜)_TROAS_A+SC캠페인_구매최적화_값_표준기여_3003_260705,2584,0,0,0
2026-08-08 12:36:11,12:00,906987379684182,1팀,120249878429160200,01.통살(ASC)(하이브리드)_TROAS_A+SC캠페인_구매최적화_값_표준기여_3028_260705,2734,0,0,0
2026-08-08 12:36:11,12:00,906987379684182,1팀,120249878429240200,01.통살(ASC)(하이브리드)_A+SC캠페인_구매최적화_수_표준기여_3028_260705,425,0,0,0
2026-08-08 12:36:11,12:00,906987379684182,1팀,120250098930220200,01.통살(ASC)(101010)_TROAS_A+SC캠페인_구매최적화_값_표준기여_2336_260712,8544,0,0,0
2026-08-08 12:36:11,12:00,906987379684182,1팀,120250099159310200,07.크리스피(ASC)(메가딜)_A+SC캠페인_구매최적화_수_표준기여_2464_260712,3526,0,0,0
2026-08-08 12:36:11,12:00,906987379684182,1팀,120250099159320200,07.크리스피(ASC)(메가딜)_TROAS_A+SC캠페인_구매최적화_값_표준기여_2464_260712,26248,0,0,0
2026-08-08 12:36:11,12:00,906987379684182,1팀,120250099159330200,07.크리스피(ASC)(메가딜)_TCPA_A+SC캠페인_ALL_C7_수_표준기여_2464_260712,1359,0,0,0
2026-08-08 12:36:11,12:00,906987379684182,1팀,120250099335020200,77.프로모션(ASC)(줄리엔강)_TCPA_A+SC캠페인_ALL_C7_수_표준기여_260713,4495,0,0,0
2026-08-08 12:36:11,12:00,906987379684182,1팀,120250099335030200,77.프로모션(ASC)(줄리엔강)_TROAS_A+SC캠페인_구매최적화_값_표준기여_260713,3839,0,0,0
2026-08-08 12:36:11,12:00,906987379684182,1팀,120250268133470200,03.닭다리살(ASC)(하이브리드)_TROAS_A+SC캠페인_구매최적화_값_표준기여_3111_260726,2815,0,0,0
2026-08-08 12:36:11,12:00,906987379684182,1팀,120250444210730200,20.김자반밥바(ASC)(하이브리드)_TROAS_A+SC캠페인_구매최적화_값_표준기여_3159_260726,2582,0,0,0
2026-08-08 12:36:11,12:00,906987379684182,1팀,120250444210740200,20.김자반밥바(ASC)(하이브리드)_A+SC캠페인_구매최적화_수_표준기여_3159_260726,3152,0,0,0
2026-08-08 12:36:11,12:00,906987379684182,1팀,120250444210900200,20.김자반밥바(ASC)(하이브리드)_TCPA_A+SC캠페인_ALL_C7_수_표준기여_3159_260726,4664,0,0,0
2026-08-08 12:36:11,12:00,906987379684182,1팀,120250444423310200,21.통살+그릴드(ASC)(하이브리드)_TROAS_A+SC캠페인_구매최적화_값_표준기여_3162_260726,1562,0,0,0
2026-08-08 12:36:11,12:00,906987379684182,1팀,120250444423320200,21.통살+그릴드(ASC)(하이브리드)_TCPA_A+SC캠페인_ALL_C7_수_표준기여_3162_260726,155,0,0,0
2026-08-08 12:36:11,12:00,906987379684182,1팀,120250444423330200,21.통살+그릴드(ASC)(하이브리드)_A+SC캠페인_구매최적화_수_표준기여_3162_260726,1096,0,0,0
2026-08-08 12:36:11,12:00,906987379684182,1팀,120250475752460200,07.크리스피(ASC)(하이브리드)_TROAS_A+SC캠페인_구매최적화_값_표준기여_3078_260722(페르소나),213,0,0,0
2026-08-08 12:36:11,12:00,906987379684182,1팀,120250614451020200,07.크리스피(ASC)(하이브리드)_A+SC캠페인_구매최적화_수_표준기여_3078_260728,2497,0,0,0
2026-08-08 12:36:11,12:00,906987379684182,1팀,120250614451040200,07.크리스피(ASC)(하이브리드)_TROAS_A+SC캠페인_구매최적화_값_표준기여_3078_260728,4398,0,0,0
2026-08-08 12:36:11,12:00,906987379684182,1팀,120250614451160200,07.크리스피(ASC)(하이브리드)_TCPA_A+SC캠페인_ALL_C7_수_표준기여_3078_260728,21,0,0,0
2026-08-08 12:36:11,12:00,906987379684182,1팀,120250649570130200,07.크리스피(ASC)(하이브리드)_TROAS_A+SC캠페인_구매최적화_값_표준기여_3078_260802_AI,2693,1,89600,3327.1444485703673
2026-08-08 12:36:11,12:00,906987379684182,1팀,120250649570150200,07.크리스피(ASC)(하이브리드)_TCPA_A+SC캠페인_ALL_C7_수_표준기여_3078_260802_AI,1018,0,0,0
2026-08-08 12:36:11,12:00,906987379684182,1팀,120250649570180200,07.크리스피(ASC)(하이브리드)_A+SC캠페인_구매최적화_수_표준기여_3078_260802_AI,1553,0,0,0
2026-08-08 12:36:11,12:00,906987379684182,1팀,120250856737330200,77.프로모션(ASC)(통크크)_TROAS_A+SC캠페인_구매최적화_값_표준기여_260806,3941,0,0,0
2026-08-08 12:36:11,12:00,906987379684182,1팀,120250856737340200,77.프로모션(ASC)(통크크)_TCPA_A+SC캠페인_ALL_C7_수_표준기여_260806,781,0,0,0
2026-08-08 12:36:11,12:00,906987379684182,1팀,120250856737350200,77.프로모션(ASC)(통크크)_A+SC캠페인_구매최적화_수_표준기여_260806,8405,0,0,0
2026-08-08 12:36:11,12:00,906987379684182,1팀,120250859367430200,20.김자반밥바(ASC)(하이브리드)_A+SC캠페인_구매최적화_수_가치조정_3159_260806,2615,0,0,0
2026-08-08 12:36:11,12:00,906987379684182,1팀,120250859367440200,20.김자반밥바(ASC)(하이브리드)_TCPA_A+SC캠페인_ALL_C7_수_표준기여_3159_260806,2285,0,0,0
2026-08-08 12:36:11,12:00,906987379684182,1팀,120250859367470200,20.김자반밥바(ASC)(하이브리드)_TROAS_A+SC캠페인_구매최적화_값_표준기여_3159_260806,2034,0,0,0
2026-08-08 13:30:38,13:00,906987379684182,1팀,120228320649100200,01.통살(ASC)(101010)_TCPA16000_A+SC 캠페인_ALL_V1C7_수_표준기여_2336,2078,0,0,0
2026-08-08 13:30:38,13:00,906987379684182,1팀,120228788396590200,01.통살(ASC)(메가딜)_TCPA20000_A+SC 캠페인_ALL_V1C7_수_표준기여_1874,7322,0,0,0
2026-08-08 13:30:38,13:00,906987379684182,1팀,120230755324960200,07.크리스피(ASC)(메가딜)_A+SC 캠페인_구매최적화_수_표준기여_2464,942,0,0,0
2026-08-08 13:30:38,13:00,906987379684182,1팀,120237509836570200,07.크리스피(ASC)(메가딜)_TCPA16000_A+SC 캠페인_ALL_수_표준기여_2464,6357,0,0,0
2026-08-08 13:30:38,13:00,906987379684182,1팀,120243001852340200,01.통살(ASC)(101010)_TCPA16000_A+SC 캠페인_ALL_V1C7_수_표준기여_2336_02,1005,0,0,0
2026-08-08 13:30:38,13:00,906987379684182,1팀,120243258462660200,07.크리스피(ASC)(101010)_A+SC 캠페인_구매최적화_수_표준기여_2659_260322,1066,0,0,0
2026-08-08 13:30:38,13:00,906987379684182,1팀,120243592510760200,16.안심크리스피(ASC)(메가딜)_TCPA14000_A+SC 캠페인_ALL_C7_수_표준기여_2863_260327,4461,0,0,0
2026-08-08 13:30:38,13:00,906987379684182,1팀,120244042753880200,07.크리스피(ASC)(메가딜)_TCPA16000_A+SC 캠페인_ALL_수_표준기여_2464_260403,1542,0,0,0
2026-08-08 13:30:38,13:00,906987379684182,1팀,120244128322750200,01.통살(ASC)(101010)_TCPA16000_A+SC 캠페인_ALL_V1C7_수_표준기여_2336_03,570,0,0,0
2026-08-08 13:30:38,13:00,906987379684182,1팀,120244130427210200,07.크리스피(ASC)(메가딜)_A+SC 캠페인_구매최적화_수_표준기여_2464_260404,22860,0,0,0
2026-08-08 13:30:38,13:00,906987379684182,1팀,120244370408130200,17.안심볶음밥(ASC)(메가딜)_TCPA_A+SC 캠페인_ALL_C7_수_표준기여_2903_260409,1682,0,0,0
2026-08-08 13:30:38,13:00,906987379684182,1팀,120244785115700200,07.크리스피(ASC)(메가딜)_A+SC 캠페인_구매최적화_수_표준기여_2464_260416_intern,1109,0,0,0
2026-08-08 13:30:38,13:00,906987379684182,1팀,120244785115970200,07.크리스피(ASC)(메가딜)_TCPA14000_A+SC 캠페인_ALL_C7_수_표준기여_2464_260416_intern,2018,0,0,0
2026-08-08 13:30:38,13:00,906987379684182,1팀,120246157174550200,17.안심볶음밥(ASC)(메가딜)_A+SC 캠페인_구매최적화_수_표준기여_2903_260507_남자,1740,0,0,0
2026-08-08 13:30:38,13:00,906987379684182,1팀,120246224683700200,17.안심볶음밥(ASC)(메가딜)_A+SC 캠페인_구매최적화_수_표준기여_2903_260507_남자_02,6433,0,0,0
2026-08-08 13:30:38,13:00,906987379684182,1팀,120246397028850200,07.크리스피(ASC)(통합)_A+SC 캠페인_구매최적화_수_표준기여_통합_260511,15663,1,127800,815.9356445125455
2026-08-08 13:30:38,13:00,906987379684182,1팀,120246898203940200,03.닭다리살(ASC)(1010)_A+SC캠페인_구매최적화_수_표준기여_2604_260519,2167,0,0,0
2026-08-08 13:30:38,13:00,906987379684182,1팀,120246898384670200,03.닭다리살(ASC)(1010)_TROAS_A+SC캠페인_구매최적화_값_표준기여_2604_260519,22285,0,0,0
2026-08-08 13:30:38,13:00,906987379684182,1팀,120247354343980200,20.김자반밥바(ASC)(메가딜)_TCPA_A+SC캠페인_ALL_C7_수_표준기여_3003_260527,3418,0,0,0
2026-08-08 13:30:38,13:00,906987379684182,1팀,120247354558020200,20.김자반밥바(ASC)(메가딜)_A+SC캠페인_구매최적화_수_표준기여_3003_260527,9405,0,0,0
2026-08-08 13:30:38,13:00,906987379684182,1팀,120247379361950200,07.크리스피(ASC)(1010)_A+SC캠페인_구매최적화_수_표준기여_2992_260527,1453,0,0,0
2026-08-08 13:30:38,13:00,906987379684182,1팀,120247379587080200,07.크리스피(ASC)(1010)_TROAS_A+SC캠페인_구매최적화_값_표준기여_2992_260527,2534,0,0,0
2026-08-08 13:30:38,13:00,906987379684182,1팀,120247842896910200,20.김자반밥바(ASC)(메가딜)_A+SC캠페인_구매최적화_수_표준기여_3003_260603,2403,0,0,0
2026-08-08 13:30:38,13:00,906987379684182,1팀,120248207670120200,17.안심볶음밥(ASC)(메가딜)_A+SC 캠페인_구매최적화_수_표준기여_2903_260609_남자(가치조정),2680,0,0,0
2026-08-08 13:30:38,13:00,906987379684182,1팀,120248361514480200,01.통살(ASC)(하이브리드)_TCPA_A+SC캠페인_ALL_C7_수_표준기여_3028_260611,266,0,0,0
2026-08-08 13:30:38,13:00,906987379684182,1팀,120248361514580200,01.통살(ASC)(하이브리드)_TROAS_A+SC캠페인_구매최적화_값_표준기여_3028_260611,1862,0,0,0
2026-08-08 13:30:38,13:00,906987379684182,1팀,120248762624470200,17.안심볶음밥(ASC)(메가딜)_TROAS_A+SC캠페인_구매최적화_값_표준기여_2903_260705,1616,0,0,0
2026-08-08 13:30:38,13:00,906987379684182,1팀,120248762761370200,17.안심볶음밥(ASC)(메가딜)_A+SC캠페인_구매최적화_수_표준기여_2903_260705,2183,0,0,0
2026-08-08 13:30:38,13:00,906987379684182,1팀,120248762858730200,16.안심크리스피(ASC)(메가딜)_A+SC 캠페인_구매최적화_수_표준기여_2908_260720(페르소나),1004,0,0,0
2026-08-08 13:30:38,13:00,906987379684182,1팀,120248763306900200,16.안심크리스피(ASC)(메가딜)_TCPA_A+SC캠페인_ALL_C7_수_표준기여_2908_260621,2001,0,0,0
2026-08-08 13:30:38,13:00,906987379684182,1팀,120248763797300200,21.통살+그릴드(ASC)(메가딜)_TROAS_A+SC캠페인_구매최적화_값_표준기여_3068_260617,992,0,0,0
2026-08-08 13:30:38,13:00,906987379684182,1팀,120248763797350200,21.통살+그릴드(ASC)(메가딜)_A+SC캠페인_구매최적화_수_표준기여_3068_260617,1353,0,0,0
2026-08-08 13:30:38,13:00,906987379684182,1팀,120249317264110200,07.크리스피(ASC)(하이브리드)_A+SC캠페인_구매최적화_수_표준기여_3078_260713,45676,0,0,0
2026-08-08 13:30:38,13:00,906987379684182,1팀,120249317264120200,07.크리스피(ASC)(하이브리드)_TCPA_A+SC캠페인_ALL_C7_수_표준기여_3078_260713,3207,0,0,0
2026-08-08 13:30:38,13:00,906987379684182,1팀,120249317264140200,07.크리스피(ASC)(하이브리드)_TROAS_A+SC캠페인_구매최적화_값_표준기여_3078_260713,15047,0,0,0
2026-08-08 13:30:38,13:00,906987379684182,1팀,120249873291990200,07.크리스피(ASC)(1010)_TROAS_A+SC캠페인_구매최적화_값_표준기여_2992_260705,1040,0,0,0
2026-08-08 13:30:38,13:00,906987379684182,1팀,120249873905240200,07.크리스피(ASC)(101010)_TROAS_A+SC캠페인_구매최적화_값_표준기여_2659_260705,2486,0,0,0
2026-08-08 13:30:38,13:00,906987379684182,1팀,120249873905280200,07.크리스피(ASC)(101010)_A+SC캠페인_구매최적화_수_표준기여_2659_260705,1883,0,0,0
2026-08-08 13:30:38,13:00,906987379684182,1팀,120249875227840200,16.안심크리스피(ASC)(메가딜)_A+SC캠페인_구매최적화_수_표준기여_2908_260705,3828,0,0,0
2026-08-08 13:30:38,13:00,906987379684182,1팀,120249875227870200,16.안심크리스피(ASC)(메가딜)_TCPA_A+SC캠페인_ALL_C7_수_표준기여_2908_260705,24,0,0,0
2026-08-08 13:30:38,13:00,906987379684182,1팀,120249876219490200,20.김자반밥바(ASC)(메가딜)_A+SC캠페인_구매최적화_수_표준기여_3003_260705,13968,0,0,0
2026-08-08 13:30:38,13:00,906987379684182,1팀,120249876219520200,20.김자반밥바(ASC)(메가딜)_TROAS_A+SC캠페인_구매최적화_값_표준기여_3003_260705,1616,0,0,0
2026-08-08 13:30:38,13:00,906987379684182,1팀,120249878429160200,01.통살(ASC)(하이브리드)_TROAS_A+SC캠페인_구매최적화_값_표준기여_3028_260705,3337,0,0,0
2026-08-08 13:30:38,13:00,906987379684182,1팀,120249878429240200,01.통살(ASC)(하이브리드)_A+SC캠페인_구매최적화_수_표준기여_3028_260705,262,0,0,0
2026-08-08 13:30:38,13:00,906987379684182,1팀,120250098930220200,01.통살(ASC)(101010)_TROAS_A+SC캠페인_구매최적화_값_표준기여_2336_260712,9093,0,0,0
2026-08-08 13:30:38,13:00,906987379684182,1팀,120250099159310200,07.크리스피(ASC)(메가딜)_A+SC캠페인_구매최적화_수_표준기여_2464_260712,1657,0,0,0
2026-08-08 13:30:38,13:00,906987379684182,1팀,120250099159320200,07.크리스피(ASC)(메가딜)_TROAS_A+SC캠페인_구매최적화_값_표준기여_2464_260712,4455,0,0,0
2026-08-08 13:30:38,13:00,906987379684182,1팀,120250099159330200,07.크리스피(ASC)(메가딜)_TCPA_A+SC캠페인_ALL_C7_수_표준기여_2464_260712,532,0,0,0
2026-08-08 13:30:38,13:00,906987379684182,1팀,120250099335010200,77.프로모션(ASC)(줄리엔강)_A+SC캠페인_구매최적화_수_표준기여_260713,0,0,0,0
2026-08-08 13:30:38,13:00,906987379684182,1팀,120250099335020200,77.프로모션(ASC)(줄리엔강)_TCPA_A+SC캠페인_ALL_C7_수_표준기여_260713,4155,0,0,0
2026-08-08 13:30:38,13:00,906987379684182,1팀,120250099335030200,77.프로모션(ASC)(줄리엔강)_TROAS_A+SC캠페인_구매최적화_값_표준기여_260713,1382,0,0,0
2026-08-08 13:30:38,13:00,906987379684182,1팀,120250268133470200,03.닭다리살(ASC)(하이브리드)_TROAS_A+SC캠페인_구매최적화_값_표준기여_3111_260726,1975,0,0,0
2026-08-08 13:30:38,13:00,906987379684182,1팀,120250444210730200,20.김자반밥바(ASC)(하이브리드)_TROAS_A+SC캠페인_구매최적화_값_표준기여_3159_260726,1485,0,0,0
2026-08-08 13:30:38,13:00,906987379684182,1팀,120250444210740200,20.김자반밥바(ASC)(하이브리드)_A+SC캠페인_구매최적화_수_표준기여_3159_260726,4791,0,0,0
2026-08-08 13:30:38,13:00,906987379684182,1팀,120250444210900200,20.김자반밥바(ASC)(하이브리드)_TCPA_A+SC캠페인_ALL_C7_수_표준기여_3159_260726,1723,0,0,0
2026-08-08 13:30:38,13:00,906987379684182,1팀,120250444423310200,21.통살+그릴드(ASC)(하이브리드)_TROAS_A+SC캠페인_구매최적화_값_표준기여_3162_260726,1288,0,0,0
2026-08-08 13:30:38,13:00,906987379684182,1팀,120250444423320200,21.통살+그릴드(ASC)(하이브리드)_TCPA_A+SC캠페인_ALL_C7_수_표준기여_3162_260726,167,0,0,0
2026-08-08 13:30:38,13:00,906987379684182,1팀,120250444423330200,21.통살+그릴드(ASC)(하이브리드)_A+SC캠페인_구매최적화_수_표준기여_3162_260726,1115,0,0,0
2026-08-08 13:30:38,13:00,906987379684182,1팀,120250475752460200,07.크리스피(ASC)(하이브리드)_TROAS_A+SC캠페인_구매최적화_값_표준기여_3078_260722(페르소나),154,0,0,0
2026-08-08 13:30:38,13:00,906987379684182,1팀,120250614451020200,07.크리스피(ASC)(하이브리드)_A+SC캠페인_구매최적화_수_표준기여_3078_260728,1048,0,0,0
2026-08-08 13:30:38,13:00,906987379684182,1팀,120250614451040200,07.크리스피(ASC)(하이브리드)_TROAS_A+SC캠페인_구매최적화_값_표준기여_3078_260728,1551,0,0,0
2026-08-08 13:30:38,13:00,906987379684182,1팀,120250614451160200,07.크리스피(ASC)(하이브리드)_TCPA_A+SC캠페인_ALL_C7_수_표준기여_3078_260728,4,0,0,0
2026-08-08 13:30:38,13:00,906987379684182,1팀,120250649570130200,07.크리스피(ASC)(하이브리드)_TROAS_A+SC캠페인_구매최적화_값_표준기여_3078_260802_AI,1978,0,0,0
2026-08-08 13:30:38,13:00,906987379684182,1팀,120250649570150200,07.크리스피(ASC)(하이브리드)_TCPA_A+SC캠페인_ALL_C7_수_표준기여_3078_260802_AI,821,0,0,0
2026-08-08 13:30:38,13:00,906987379684182,1팀,120250649570180200,07.크리스피(ASC)(하이브리드)_A+SC캠페인_구매최적화_수_표준기여_3078_260802_AI,1202,0,0,0
2026-08-08 13:30:38,13:00,906987379684182,1팀,120250856737330200,77.프로모션(ASC)(통크크)_TROAS_A+SC캠페인_구매최적화_값_표준기여_260806,1984,0,0,0
2026-08-08 13:30:38,13:00,906987379684182,1팀,120250856737340200,77.프로모션(ASC)(통크크)_TCPA_A+SC캠페인_ALL_C7_수_표준기여_260806,779,0,0,0
2026-08-08 13:30:38,13:00,906987379684182,1팀,120250856737350200,77.프로모션(ASC)(통크크)_A+SC캠페인_구매최적화_수_표준기여_260806,7478,0,0,0
2026-08-08 13:30:38,13:00,906987379684182,1팀,120250859367430200,20.김자반밥바(ASC)(하이브리드)_A+SC캠페인_구매최적화_수_가치조정_3159_260806,1620,1,83300,5141.975308641975
2026-08-08 13:30:38,13:00,906987379684182,1팀,120250859367440200,20.김자반밥바(ASC)(하이브리드)_TCPA_A+SC캠페인_ALL_C7_수_표준기여_3159_260806,850,0,0,0
2026-08-08 13:30:38,13:00,906987379684182,1팀,120250859367470200,20.김자반밥바(ASC)(하이브리드)_TROAS_A+SC캠페인_구매최적화_값_표준기여_3159_260806,1248,1,40500,3245.192307692308
2026-08-08 13:38:54,13:00,906987379684182,1팀,120228320649100200,01.통살(ASC)(101010)_TCPA16000_A+SC 캠페인_ALL_V1C7_수_표준기여_2336,2950,0,0,0
2026-08-08 13:38:54,13:00,906987379684182,1팀,120228788396590200,01.통살(ASC)(메가딜)_TCPA20000_A+SC 캠페인_ALL_V1C7_수_표준기여_1874,10935,0,0,0
2026-08-08 13:38:54,13:00,906987379684182,1팀,120230755324960200,07.크리스피(ASC)(메가딜)_A+SC 캠페인_구매최적화_수_표준기여_2464,1189,0,0,0
2026-08-08 13:38:54,13:00,906987379684182,1팀,120237509836570200,07.크리스피(ASC)(메가딜)_TCPA16000_A+SC 캠페인_ALL_수_표준기여_2464,7899,0,0,0
2026-08-08 13:38:54,13:00,906987379684182,1팀,120243001852340200,01.통살(ASC)(101010)_TCPA16000_A+SC 캠페인_ALL_V1C7_수_표준기여_2336_02,1712,0,0,0
2026-08-08 13:38:54,13:00,906987379684182,1팀,120243258462660200,07.크리스피(ASC)(101010)_A+SC 캠페인_구매최적화_수_표준기여_2659_260322,1283,1,43900,3421.6679657053783
2026-08-08 13:38:54,13:00,906987379684182,1팀,120243592510760200,16.안심크리스피(ASC)(메가딜)_TCPA14000_A+SC 캠페인_ALL_C7_수_표준기여_2863_260327,6170,0,0,0
2026-08-08 13:38:54,13:00,906987379684182,1팀,120244042753880200,07.크리스피(ASC)(메가딜)_TCPA16000_A+SC 캠페인_ALL_수_표준기여_2464_260403,2408,0,0,0
2026-08-08 13:38:54,13:00,906987379684182,1팀,120244128322750200,01.통살(ASC)(101010)_TCPA16000_A+SC 캠페인_ALL_V1C7_수_표준기여_2336_03,877,0,0,0
2026-08-08 13:38:54,13:00,906987379684182,1팀,120244130427210200,07.크리스피(ASC)(메가딜)_A+SC 캠페인_구매최적화_수_표준기여_2464_260404,31957,2,69700,218.1055793722815
2026-08-08 13:38:54,13:00,906987379684182,1팀,120244370408130200,17.안심볶음밥(ASC)(메가딜)_TCPA_A+SC 캠페인_ALL_C7_수_표준기여_2903_260409,2142,0,0,0
2026-08-08 13:38:54,13:00,906987379684182,1팀,120244785115700200,07.크리스피(ASC)(메가딜)_A+SC 캠페인_구매최적화_수_표준기여_2464_260416_intern,1358,0,0,0
2026-08-08 13:38:54,13:00,906987379684182,1팀,120244785115970200,07.크리스피(ASC)(메가딜)_TCPA14000_A+SC 캠페인_ALL_C7_수_표준기여_2464_260416_intern,2966,0,0,0
2026-08-08 13:38:54,13:00,906987379684182,1팀,120246157174550200,17.안심볶음밥(ASC)(메가딜)_A+SC 캠페인_구매최적화_수_표준기여_2903_260507_남자,2657,0,0,0
2026-08-08 13:38:54,13:00,906987379684182,1팀,120246224683700200,17.안심볶음밥(ASC)(메가딜)_A+SC 캠페인_구매최적화_수_표준기여_2903_260507_남자_02,8773,0,0,0
2026-08-08 13:38:54,13:00,906987379684182,1팀,120246397028850200,07.크리스피(ASC)(통합)_A+SC 캠페인_구매최적화_수_표준기여_통합_260511,22104,1,127800,578.1758957654723
2026-08-08 13:38:54,13:00,906987379684182,1팀,120246898203940200,03.닭다리살(ASC)(1010)_A+SC캠페인_구매최적화_수_표준기여_2604_260519,2685,0,0,0
2026-08-08 13:38:54,13:00,906987379684182,1팀,120246898384670200,03.닭다리살(ASC)(1010)_TROAS_A+SC캠페인_구매최적화_값_표준기여_2604_260519,32269,0,0,0
2026-08-08 13:38:54,13:00,906987379684182,1팀,120247354343980200,20.김자반밥바(ASC)(메가딜)_TCPA_A+SC캠페인_ALL_C7_수_표준기여_3003_260527,4577,0,0,0
2026-08-08 13:38:54,13:00,906987379684182,1팀,120247354558020200,20.김자반밥바(ASC)(메가딜)_A+SC캠페인_구매최적화_수_표준기여_3003_260527,13377,0,0,0
2026-08-08 13:38:54,13:00,906987379684182,1팀,120247379361950200,07.크리스피(ASC)(1010)_A+SC캠페인_구매최적화_수_표준기여_2992_260527,2451,0,0,0
2026-08-08 13:38:54,13:00,906987379684182,1팀,120247379587080200,07.크리스피(ASC)(1010)_TROAS_A+SC캠페인_구매최적화_값_표준기여_2992_260527,4969,0,0,0
2026-08-08 13:38:54,13:00,906987379684182,1팀,120247842896910200,20.김자반밥바(ASC)(메가딜)_A+SC캠페인_구매최적화_수_표준기여_3003_260603,3055,0,0,0
2026-08-08 13:38:54,13:00,906987379684182,1팀,120248207670120200,17.안심볶음밥(ASC)(메가딜)_A+SC 캠페인_구매최적화_수_표준기여_2903_260609_남자(가치조정),4247,0,0,0
2026-08-08 13:38:54,13:00,906987379684182,1팀,120248361514480200,01.통살(ASC)(하이브리드)_TCPA_A+SC캠페인_ALL_C7_수_표준기여_3028_260611,438,0,0,0
2026-08-08 13:38:54,13:00,906987379684182,1팀,120248361514580200,01.통살(ASC)(하이브리드)_TROAS_A+SC캠페인_구매최적화_값_표준기여_3028_260611,2701,0,0,0
2026-08-08 13:38:54,13:00,906987379684182,1팀,120248762624470200,17.안심볶음밥(ASC)(메가딜)_TROAS_A+SC캠페인_구매최적화_값_표준기여_2903_260705,2440,0,0,0
2026-08-08 13:38:54,13:00,906987379684182,1팀,120248762761370200,17.안심볶음밥(ASC)(메가딜)_A+SC캠페인_구매최적화_수_표준기여_2903_260705,2697,0,0,0
2026-08-08 13:38:54,13:00,906987379684182,1팀,120248762858730200,16.안심크리스피(ASC)(메가딜)_A+SC 캠페인_구매최적화_수_표준기여_2908_260720(페르소나),1331,0,0,0
2026-08-08 13:38:54,13:00,906987379684182,1팀,120248763306900200,16.안심크리스피(ASC)(메가딜)_TCPA_A+SC캠페인_ALL_C7_수_표준기여_2908_260621,2741,0,0,0
2026-08-08 13:38:54,13:00,906987379684182,1팀,120248763797300200,21.통살+그릴드(ASC)(메가딜)_TROAS_A+SC캠페인_구매최적화_값_표준기여_3068_260617,1587,0,0,0
2026-08-08 13:38:54,13:00,906987379684182,1팀,120248763797350200,21.통살+그릴드(ASC)(메가딜)_A+SC캠페인_구매최적화_수_표준기여_3068_260617,1438,0,0,0
2026-08-08 13:38:54,13:00,906987379684182,1팀,120249317264110200,07.크리스피(ASC)(하이브리드)_A+SC캠페인_구매최적화_수_표준기여_3078_260713,67544,0,0,0
2026-08-08 13:38:54,13:00,906987379684182,1팀,120249317264120200,07.크리스피(ASC)(하이브리드)_TCPA_A+SC캠페인_ALL_C7_수_표준기여_3078_260713,4023,0,0,0
2026-08-08 13:38:54,13:00,906987379684182,1팀,120249317264140200,07.크리스피(ASC)(하이브리드)_TROAS_A+SC캠페인_구매최적화_값_표준기여_3078_260713,21172,0,0,0
2026-08-08 13:38:54,13:00,906987379684182,1팀,120249873291990200,07.크리스피(ASC)(1010)_TROAS_A+SC캠페인_구매최적화_값_표준기여_2992_260705,1412,0,0,0
2026-08-08 13:38:54,13:00,906987379684182,1팀,120249873905240200,07.크리스피(ASC)(101010)_TROAS_A+SC캠페인_구매최적화_값_표준기여_2659_260705,3609,0,0,0
2026-08-08 13:38:54,13:00,906987379684182,1팀,120249873905280200,07.크리스피(ASC)(101010)_A+SC캠페인_구매최적화_수_표준기여_2659_260705,2924,0,0,0
2026-08-08 13:38:54,13:00,906987379684182,1팀,120249875227840200,16.안심크리스피(ASC)(메가딜)_A+SC캠페인_구매최적화_수_표준기여_2908_260705,5243,0,0,0
2026-08-08 13:38:54,13:00,906987379684182,1팀,120249875227870200,16.안심크리스피(ASC)(메가딜)_TCPA_A+SC캠페인_ALL_C7_수_표준기여_2908_260705,41,0,0,0
2026-08-08 13:38:54,13:00,906987379684182,1팀,120249876219490200,20.김자반밥바(ASC)(메가딜)_A+SC캠페인_구매최적화_수_표준기여_3003_260705,18037,0,0,0
2026-08-08 13:38:54,13:00,906987379684182,1팀,120249876219520200,20.김자반밥바(ASC)(메가딜)_TROAS_A+SC캠페인_구매최적화_값_표준기여_3003_260705,2448,0,0,0
2026-08-08 13:38:54,13:00,906987379684182,1팀,120249878429160200,01.통살(ASC)(하이브리드)_TROAS_A+SC캠페인_구매최적화_값_표준기여_3028_260705,5470,0,0,0
2026-08-08 13:38:54,13:00,906987379684182,1팀,120249878429240200,01.통살(ASC)(하이브리드)_A+SC캠페인_구매최적화_수_표준기여_3028_260705,563,0,0,0
2026-08-08 13:38:54,13:00,906987379684182,1팀,120250098930220200,01.통살(ASC)(101010)_TROAS_A+SC캠페인_구매최적화_값_표준기여_2336_260712,13147,0,0,0
2026-08-08 13:38:54,13:00,906987379684182,1팀,120250099159310200,07.크리스피(ASC)(메가딜)_A+SC캠페인_구매최적화_수_표준기여_2464_260712,2928,0,0,0
2026-08-08 13:38:54,13:00,906987379684182,1팀,120250099159320200,07.크리스피(ASC)(메가딜)_TROAS_A+SC캠페인_구매최적화_값_표준기여_2464_260712,6099,0,0,0
2026-08-08 13:38:54,13:00,906987379684182,1팀,120250099159330200,07.크리스피(ASC)(메가딜)_TCPA_A+SC캠페인_ALL_C7_수_표준기여_2464_260712,1080,0,0,0
2026-08-08 13:38:54,13:00,906987379684182,1팀,120250099335010200,77.프로모션(ASC)(줄리엔강)_A+SC캠페인_구매최적화_수_표준기여_260713,0,0,0,0
2026-08-08 13:38:54,13:00,906987379684182,1팀,120250099335020200,77.프로모션(ASC)(줄리엔강)_TCPA_A+SC캠페인_ALL_C7_수_표준기여_260713,5474,0,0,0
2026-08-08 13:38:54,13:00,906987379684182,1팀,120250099335030200,77.프로모션(ASC)(줄리엔강)_TROAS_A+SC캠페인_구매최적화_값_표준기여_260713,2181,0,0,0
2026-08-08 13:38:54,13:00,906987379684182,1팀,120250268133470200,03.닭다리살(ASC)(하이브리드)_TROAS_A+SC캠페인_구매최적화_값_표준기여_3111_260726,2770,0,0,0
2026-08-08 13:38:54,13:00,906987379684182,1팀,120250444210730200,20.김자반밥바(ASC)(하이브리드)_TROAS_A+SC캠페인_구매최적화_값_표준기여_3159_260726,2020,0,0,0
2026-08-08 13:38:54,13:00,906987379684182,1팀,120250444210740200,20.김자반밥바(ASC)(하이브리드)_A+SC캠페인_구매최적화_수_표준기여_3159_260726,6979,0,0,0
2026-08-08 13:38:54,13:00,906987379684182,1팀,120250444210900200,20.김자반밥바(ASC)(하이브리드)_TCPA_A+SC캠페인_ALL_C7_수_표준기여_3159_260726,2315,0,0,0
2026-08-08 13:38:54,13:00,906987379684182,1팀,120250444423310200,21.통살+그릴드(ASC)(하이브리드)_TROAS_A+SC캠페인_구매최적화_값_표준기여_3162_260726,1742,0,0,0
2026-08-08 13:38:54,13:00,906987379684182,1팀,120250444423320200,21.통살+그릴드(ASC)(하이브리드)_TCPA_A+SC캠페인_ALL_C7_수_표준기여_3162_260726,333,0,0,0
2026-08-08 13:38:54,13:00,906987379684182,1팀,120250444423330200,21.통살+그릴드(ASC)(하이브리드)_A+SC캠페인_구매최적화_수_표준기여_3162_260726,1472,0,0,0
2026-08-08 13:38:54,13:00,906987379684182,1팀,120250475752460200,07.크리스피(ASC)(하이브리드)_TROAS_A+SC캠페인_구매최적화_값_표준기여_3078_260722(페르소나),214,0,0,0
2026-08-08 13:38:54,13:00,906987379684182,1팀,120250614451020200,07.크리스피(ASC)(하이브리드)_A+SC캠페인_구매최적화_수_표준기여_3078_260728,1423,0,0,0
2026-08-08 13:38:54,13:00,906987379684182,1팀,120250614451040200,07.크리스피(ASC)(하이브리드)_TROAS_A+SC캠페인_구매최적화_값_표준기여_3078_260728,2431,0,0,0
2026-08-08 13:38:54,13:00,906987379684182,1팀,120250614451160200,07.크리스피(ASC)(하이브리드)_TCPA_A+SC캠페인_ALL_C7_수_표준기여_3078_260728,4,0,0,0
2026-08-08 13:38:54,13:00,906987379684182,1팀,120250649570130200,07.크리스피(ASC)(하이브리드)_TROAS_A+SC캠페인_구매최적화_값_표준기여_3078_260802_AI,2969,1,89600,3017.8511283260355
2026-08-08 13:38:54,13:00,906987379684182,1팀,120250649570150200,07.크리스피(ASC)(하이브리드)_TCPA_A+SC캠페인_ALL_C7_수_표준기여_3078_260802_AI,1085,0,0,0
2026-08-08 13:38:54,13:00,906987379684182,1팀,120250649570180200,07.크리스피(ASC)(하이브리드)_A+SC캠페인_구매최적화_수_표준기여_3078_260802_AI,2380,0,0,0
2026-08-08 13:38:54,13:00,906987379684182,1팀,120250856737330200,77.프로모션(ASC)(통크크)_TROAS_A+SC캠페인_구매최적화_값_표준기여_260806,2455,0,0,0
2026-08-08 13:38:54,13:00,906987379684182,1팀,120250856737340200,77.프로모션(ASC)(통크크)_TCPA_A+SC캠페인_ALL_C7_수_표준기여_260806,946,0,0,0
2026-08-08 13:38:54,13:00,906987379684182,1팀,120250856737350200,77.프로모션(ASC)(통크크)_A+SC캠페인_구매최적화_수_표준기여_260806,10350,0,0,0
2026-08-08 13:38:54,13:00,906987379684182,1팀,120250859367430200,20.김자반밥바(ASC)(하이브리드)_A+SC캠페인_구매최적화_수_가치조정_3159_260806,2086,1,83300,3993.288590604027
2026-08-08 13:38:54,13:00,906987379684182,1팀,120250859367440200,20.김자반밥바(ASC)(하이브리드)_TCPA_A+SC캠페인_ALL_C7_수_표준기여_3159_260806,1262,0,0,0
2026-08-08 13:38:54,13:00,906987379684182,1팀,120250859367470200,20.김자반밥바(ASC)(하이브리드)_TROAS_A+SC캠페인_구매최적화_값_표준기여_3159_260806,2543,1,40500,1592.6071569012977
2026-08-08 14:26:19,14:00,906987379684182,1팀,120228320649100200,01.통살(ASC)(101010)_TCPA16000_A+SC 캠페인_ALL_V1C7_수_표준기여_2336,1570,0,0,0
2026-08-08 14:26:19,14:00,906987379684182,1팀,120228788396590200,01.통살(ASC)(메가딜)_TCPA20000_A+SC 캠페인_ALL_V1C7_수_표준기여_1874,7484,0,0,0
2026-08-08 14:26:19,14:00,906987379684182,1팀,120230755324960200,07.크리스피(ASC)(메가딜)_A+SC 캠페인_구매최적화_수_표준기여_2464,895,0,0,0
2026-08-08 14:26:19,14:00,906987379684182,1팀,120237509836570200,07.크리스피(ASC)(메가딜)_TCPA16000_A+SC 캠페인_ALL_수_표준기여_2464,6791,0,0,0
2026-08-08 14:26:19,14:00,906987379684182,1팀,120243001852340200,01.통살(ASC)(101010)_TCPA16000_A+SC 캠페인_ALL_V1C7_수_표준기여_2336_02,646,0,0,0
2026-08-08 14:26:19,14:00,906987379684182,1팀,120243258462660200,07.크리스피(ASC)(101010)_A+SC 캠페인_구매최적화_수_표준기여_2659_260322,1146,0,0,0
2026-08-08 14:26:19,14:00,906987379684182,1팀,120243592510760200,16.안심크리스피(ASC)(메가딜)_TCPA14000_A+SC 캠페인_ALL_C7_수_표준기여_2863_260327,3795,0,0,0
2026-08-08 14:26:19,14:00,906987379684182,1팀,120244042753880200,07.크리스피(ASC)(메가딜)_TCPA16000_A+SC 캠페인_ALL_수_표준기여_2464_260403,1378,0,0,0
2026-08-08 14:26:19,14:00,906987379684182,1팀,120244128322750200,01.통살(ASC)(101010)_TCPA16000_A+SC 캠페인_ALL_V1C7_수_표준기여_2336_03,1036,0,0,0
2026-08-08 14:26:19,14:00,906987379684182,1팀,120244130427210200,07.크리스피(ASC)(메가딜)_A+SC 캠페인_구매최적화_수_표준기여_2464_260404,21706,0,0,0
2026-08-08 14:26:19,14:00,906987379684182,1팀,120244370408130200,17.안심볶음밥(ASC)(메가딜)_TCPA_A+SC 캠페인_ALL_C7_수_표준기여_2903_260409,1156,0,0,0
2026-08-08 14:26:19,14:00,906987379684182,1팀,120244785115700200,07.크리스피(ASC)(메가딜)_A+SC 캠페인_구매최적화_수_표준기여_2464_260416_intern,1610,0,0,0
2026-08-08 14:26:19,14:00,906987379684182,1팀,120244785115970200,07.크리스피(ASC)(메가딜)_TCPA14000_A+SC 캠페인_ALL_C7_수_표준기여_2464_260416_intern,1880,0,0,0
2026-08-08 14:26:19,14:00,906987379684182,1팀,120246157174550200,17.안심볶음밥(ASC)(메가딜)_A+SC 캠페인_구매최적화_수_표준기여_2903_260507_남자,1216,0,0,0
2026-08-08 14:26:19,14:00,906987379684182,1팀,120246224683700200,17.안심볶음밥(ASC)(메가딜)_A+SC 캠페인_구매최적화_수_표준기여_2903_260507_남자_02,5267,0,0,0
2026-08-08 14:26:19,14:00,906987379684182,1팀,120246397028850200,07.크리스피(ASC)(통합)_A+SC 캠페인_구매최적화_수_표준기여_통합_260511,8019,0,0,0
2026-08-08 14:26:19,14:00,906987379684182,1팀,120246898203940200,03.닭다리살(ASC)(1010)_A+SC캠페인_구매최적화_수_표준기여_2604_260519,1791,0,0,0
2026-08-08 14:26:19,14:00,906987379684182,1팀,120246898384670200,03.닭다리살(ASC)(1010)_TROAS_A+SC캠페인_구매최적화_값_표준기여_2604_260519,19070,0,0,0
2026-08-08 14:26:19,14:00,906987379684182,1팀,120247354343980200,20.김자반밥바(ASC)(메가딜)_TCPA_A+SC캠페인_ALL_C7_수_표준기여_3003_260527,3460,1,34800,1005.7803468208092
2026-08-08 14:26:19,14:00,906987379684182,1팀,120247354558020200,20.김자반밥바(ASC)(메가딜)_A+SC캠페인_구매최적화_수_표준기여_3003_260527,6724,0,0,0
2026-08-08 14:26:19,14:00,906987379684182,1팀,120247379361950200,07.크리스피(ASC)(1010)_A+SC캠페인_구매최적화_수_표준기여_2992_260527,986,0,0,0
2026-08-08 14:26:19,14:00,906987379684182,1팀,120247379587080200,07.크리스피(ASC)(1010)_TROAS_A+SC캠페인_구매최적화_값_표준기여_2992_260527,3298,0,0,0
2026-08-08 14:26:19,14:00,906987379684182,1팀,120247842896910200,20.김자반밥바(ASC)(메가딜)_A+SC캠페인_구매최적화_수_표준기여_3003_260603,2285,0,0,0
2026-08-08 14:26:19,14:00,906987379684182,1팀,120248207670120200,17.안심볶음밥(ASC)(메가딜)_A+SC 캠페인_구매최적화_수_표준기여_2903_260609_남자(가치조정),2897,0,0,0
2026-08-08 14:26:19,14:00,906987379684182,1팀,120248361514480200,01.통살(ASC)(하이브리드)_TCPA_A+SC캠페인_ALL_C7_수_표준기여_3028_260611,137,0,0,0
2026-08-08 14:26:19,14:00,906987379684182,1팀,120248361514580200,01.통살(ASC)(하이브리드)_TROAS_A+SC캠페인_구매최적화_값_표준기여_3028_260611,1313,0,0,0
2026-08-08 14:26:19,14:00,906987379684182,1팀,120248762624470200,17.안심볶음밥(ASC)(메가딜)_TROAS_A+SC캠페인_구매최적화_값_표준기여_2903_260705,1194,0,0,0
2026-08-08 14:26:19,14:00,906987379684182,1팀,120248762761370200,17.안심볶음밥(ASC)(메가딜)_A+SC캠페인_구매최적화_수_표준기여_2903_260705,1230,0,0,0
2026-08-08 14:26:19,14:00,906987379684182,1팀,120248762858730200,16.안심크리스피(ASC)(메가딜)_A+SC 캠페인_구매최적화_수_표준기여_2908_260720(페르소나),1350,1,79200,5866.666666666666
2026-08-08 14:26:19,14:00,906987379684182,1팀,120248763306900200,16.안심크리스피(ASC)(메가딜)_TCPA_A+SC캠페인_ALL_C7_수_표준기여_2908_260621,1289,0,0,0
2026-08-08 14:26:19,14:00,906987379684182,1팀,120248763797300200,21.통살+그릴드(ASC)(메가딜)_TROAS_A+SC캠페인_구매최적화_값_표준기여_3068_260617,1783,0,0,0
2026-08-08 14:26:19,14:00,906987379684182,1팀,120248763797350200,21.통살+그릴드(ASC)(메가딜)_A+SC캠페인_구매최적화_수_표준기여_3068_260617,668,0,0,0
2026-08-08 14:26:19,14:00,906987379684182,1팀,120249317264110200,07.크리스피(ASC)(하이브리드)_A+SC캠페인_구매최적화_수_표준기여_3078_260713,39484,0,0,0
2026-08-08 14:26:19,14:00,906987379684182,1팀,120249317264120200,07.크리스피(ASC)(하이브리드)_TCPA_A+SC캠페인_ALL_C7_수_표준기여_3078_260713,2331,0,0,0
2026-08-08 14:26:19,14:00,906987379684182,1팀,120249317264140200,07.크리스피(ASC)(하이브리드)_TROAS_A+SC캠페인_구매최적화_값_표준기여_3078_260713,11695,1,49900,426.67806755023514
2026-08-08 14:26:19,14:00,906987379684182,1팀,120249873291990200,07.크리스피(ASC)(1010)_TROAS_A+SC캠페인_구매최적화_값_표준기여_2992_260705,892,1,44000,4932.735426008969
2026-08-08 14:26:19,14:00,906987379684182,1팀,120249873905240200,07.크리스피(ASC)(101010)_TROAS_A+SC캠페인_구매최적화_값_표준기여_2659_260705,1127,0,0,0
2026-08-08 14:26:19,14:00,906987379684182,1팀,120249873905280200,07.크리스피(ASC)(101010)_A+SC캠페인_구매최적화_수_표준기여_2659_260705,1834,0,0,0
2026-08-08 14:26:19,14:00,906987379684182,1팀,120249875227840200,16.안심크리스피(ASC)(메가딜)_A+SC캠페인_구매최적화_수_표준기여_2908_260705,2731,0,0,0
2026-08-08 14:26:19,14:00,906987379684182,1팀,120249875227870200,16.안심크리스피(ASC)(메가딜)_TCPA_A+SC캠페인_ALL_C7_수_표준기여_2908_260705,49,0,0,0
2026-08-08 14:26:19,14:00,906987379684182,1팀,120249876219490200,20.김자반밥바(ASC)(메가딜)_A+SC캠페인_구매최적화_수_표준기여_3003_260705,9751,0,0,0
2026-08-08 14:26:19,14:00,906987379684182,1팀,120249876219520200,20.김자반밥바(ASC)(메가딜)_TROAS_A+SC캠페인_구매최적화_값_표준기여_3003_260705,1196,0,0,0
2026-08-08 14:26:19,14:00,906987379684182,1팀,120249878429160200,01.통살(ASC)(하이브리드)_TROAS_A+SC캠페인_구매최적화_값_표준기여_3028_260705,4260,0,0,0
2026-08-08 14:26:19,14:00,906987379684182,1팀,120249878429240200,01.통살(ASC)(하이브리드)_A+SC캠페인_구매최적화_수_표준기여_3028_260705,319,0,0,0
2026-08-08 14:26:19,14:00,906987379684182,1팀,120250098930220200,01.통살(ASC)(101010)_TROAS_A+SC캠페인_구매최적화_값_표준기여_2336_260712,6684,0,0,0
2026-08-08 14:26:19,14:00,906987379684182,1팀,120250099159310200,07.크리스피(ASC)(메가딜)_A+SC캠페인_구매최적화_수_표준기여_2464_260712,1473,0,0,0
2026-08-08 14:26:19,14:00,906987379684182,1팀,120250099159320200,07.크리스피(ASC)(메가딜)_TROAS_A+SC캠페인_구매최적화_값_표준기여_2464_260712,2038,0,0,0
2026-08-08 14:26:19,14:00,906987379684182,1팀,120250099159330200,07.크리스피(ASC)(메가딜)_TCPA_A+SC캠페인_ALL_C7_수_표준기여_2464_260712,790,0,0,0
2026-08-08 14:26:19,14:00,906987379684182,1팀,120250099335020200,77.프로모션(ASC)(줄리엔강)_TCPA_A+SC캠페인_ALL_C7_수_표준기여_260713,2062,0,0,0
2026-08-08 14:26:19,14:00,906987379684182,1팀,120250099335030200,77.프로모션(ASC)(줄리엔강)_TROAS_A+SC캠페인_구매최적화_값_표준기여_260713,2016,0,0,0
2026-08-08 14:26:19,14:00,906987379684182,1팀,120250268133470200,03.닭다리살(ASC)(하이브리드)_TROAS_A+SC캠페인_구매최적화_값_표준기여_3111_260726,1616,0,0,0
2026-08-08 14:26:19,14:00,906987379684182,1팀,120250444210730200,20.김자반밥바(ASC)(하이브리드)_TROAS_A+SC캠페인_구매최적화_값_표준기여_3159_260726,1719,0,0,0
2026-08-08 14:26:19,14:00,906987379684182,1팀,120250444210740200,20.김자반밥바(ASC)(하이브리드)_A+SC캠페인_구매최적화_수_표준기여_3159_260726,4721,0,0,0
2026-08-08 14:26:19,14:00,906987379684182,1팀,120250444210900200,20.김자반밥바(ASC)(하이브리드)_TCPA_A+SC캠페인_ALL_C7_수_표준기여_3159_260726,1120,0,0,0
2026-08-08 14:26:19,14:00,906987379684182,1팀,120250444423310200,21.통살+그릴드(ASC)(하이브리드)_TROAS_A+SC캠페인_구매최적화_값_표준기여_3162_260726,1398,0,0,0
2026-08-08 14:26:19,14:00,906987379684182,1팀,120250444423320200,21.통살+그릴드(ASC)(하이브리드)_TCPA_A+SC캠페인_ALL_C7_수_표준기여_3162_260726,111,0,0,0
2026-08-08 14:26:19,14:00,906987379684182,1팀,120250444423330200,21.통살+그릴드(ASC)(하이브리드)_A+SC캠페인_구매최적화_수_표준기여_3162_260726,1142,0,0,0
2026-08-08 14:26:19,14:00,906987379684182,1팀,120250475752460200,07.크리스피(ASC)(하이브리드)_TROAS_A+SC캠페인_구매최적화_값_표준기여_3078_260722(페르소나),294,0,0,0
2026-08-08 14:26:19,14:00,906987379684182,1팀,120250614451020200,07.크리스피(ASC)(하이브리드)_A+SC캠페인_구매최적화_수_표준기여_3078_260728,286,0,0,0
2026-08-08 14:26:19,14:00,906987379684182,1팀,120250614451040200,07.크리스피(ASC)(하이브리드)_TROAS_A+SC캠페인_구매최적화_값_표준기여_3078_260728,3026,0,0,0
2026-08-08 14:26:19,14:00,906987379684182,1팀,120250614451160200,07.크리스피(ASC)(하이브리드)_TCPA_A+SC캠페인_ALL_C7_수_표준기여_3078_260728,9,0,0,0
2026-08-08 14:26:19,14:00,906987379684182,1팀,120250649570130200,07.크리스피(ASC)(하이브리드)_TROAS_A+SC캠페인_구매최적화_값_표준기여_3078_260802_AI,1447,0,0,0
2026-08-08 14:26:19,14:00,906987379684182,1팀,120250649570150200,07.크리스피(ASC)(하이브리드)_TCPA_A+SC캠페인_ALL_C7_수_표준기여_3078_260802_AI,673,0,0,0
2026-08-08 14:26:19,14:00,906987379684182,1팀,120250649570180200,07.크리스피(ASC)(하이브리드)_A+SC캠페인_구매최적화_수_표준기여_3078_260802_AI,1674,0,0,0
2026-08-08 14:26:19,14:00,906987379684182,1팀,120250856737330200,77.프로모션(ASC)(통크크)_TROAS_A+SC캠페인_구매최적화_값_표준기여_260806,1442,0,0,0
2026-08-08 14:26:19,14:00,906987379684182,1팀,120250856737340200,77.프로모션(ASC)(통크크)_TCPA_A+SC캠페인_ALL_C7_수_표준기여_260806,828,0,0,0
2026-08-08 14:26:19,14:00,906987379684182,1팀,120250856737350200,77.프로모션(ASC)(통크크)_A+SC캠페인_구매최적화_수_표준기여_260806,6438,0,0,0
2026-08-08 14:26:19,14:00,906987379684182,1팀,120250859367430200,20.김자반밥바(ASC)(하이브리드)_A+SC캠페인_구매최적화_수_가치조정_3159_260806,1403,0,0,0
2026-08-08 14:26:19,14:00,906987379684182,1팀,120250859367440200,20.김자반밥바(ASC)(하이브리드)_TCPA_A+SC캠페인_ALL_C7_수_표준기여_3159_260806,889,0,0,0
2026-08-08 14:26:19,14:00,906987379684182,1팀,120250859367470200,20.김자반밥바(ASC)(하이브리드)_TROAS_A+SC캠페인_구매최적화_값_표준기여_3159_260806,412,0,0,0
2026-08-08 14:30:40,14:00,906987379684182,1팀,120228320649100200,01.통살(ASC)(101010)_TCPA16000_A+SC 캠페인_ALL_V1C7_수_표준기여_2336,1904,0,0,0
2026-08-08 14:30:40,14:00,906987379684182,1팀,120228788396590200,01.통살(ASC)(메가딜)_TCPA20000_A+SC 캠페인_ALL_V1C7_수_표준기여_1874,8697,0,0,0
2026-08-08 14:30:40,14:00,906987379684182,1팀,120230755324960200,07.크리스피(ASC)(메가딜)_A+SC 캠페인_구매최적화_수_표준기여_2464,1039,0,0,0
2026-08-08 14:30:40,14:00,906987379684182,1팀,120237509836570200,07.크리스피(ASC)(메가딜)_TCPA16000_A+SC 캠페인_ALL_수_표준기여_2464,7299,0,0,0
2026-08-08 14:30:40,14:00,906987379684182,1팀,120243001852340200,01.통살(ASC)(101010)_TCPA16000_A+SC 캠페인_ALL_V1C7_수_표준기여_2336_02,788,0,0,0
2026-08-08 14:30:40,14:00,906987379684182,1팀,120243258462660200,07.크리스피(ASC)(101010)_A+SC 캠페인_구매최적화_수_표준기여_2659_260322,1301,0,0,0
2026-08-08 14:30:40,14:00,906987379684182,1팀,120243592510760200,16.안심크리스피(ASC)(메가딜)_TCPA14000_A+SC 캠페인_ALL_C7_수_표준기여_2863_260327,4042,0,0,0
2026-08-08 14:30:40,14:00,906987379684182,1팀,120244042753880200,07.크리스피(ASC)(메가딜)_TCPA16000_A+SC 캠페인_ALL_수_표준기여_2464_260403,1584,0,0,0
2026-08-08 14:30:40,14:00,906987379684182,1팀,120244128322750200,01.통살(ASC)(101010)_TCPA16000_A+SC 캠페인_ALL_V1C7_수_표준기여_2336_03,1183,0,0,0
2026-08-08 14:30:40,14:00,906987379684182,1팀,120244130427210200,07.크리스피(ASC)(메가딜)_A+SC 캠페인_구매최적화_수_표준기여_2464_260404,24294,0,0,0
2026-08-08 14:30:40,14:00,906987379684182,1팀,120244370408130200,17.안심볶음밥(ASC)(메가딜)_TCPA_A+SC 캠페인_ALL_C7_수_표준기여_2903_260409,1255,0,0,0
2026-08-08 14:30:40,14:00,906987379684182,1팀,120244785115700200,07.크리스피(ASC)(메가딜)_A+SC 캠페인_구매최적화_수_표준기여_2464_260416_intern,1723,0,0,0
2026-08-08 14:30:40,14:00,906987379684182,1팀,120244785115970200,07.크리스피(ASC)(메가딜)_TCPA14000_A+SC 캠페인_ALL_C7_수_표준기여_2464_260416_intern,2173,0,0,0
2026-08-08 14:30:40,14:00,906987379684182,1팀,120246157174550200,17.안심볶음밥(ASC)(메가딜)_A+SC 캠페인_구매최적화_수_표준기여_2903_260507_남자,1389,0,0,0
2026-08-08 14:30:40,14:00,906987379684182,1팀,120246224683700200,17.안심볶음밥(ASC)(메가딜)_A+SC 캠페인_구매최적화_수_표준기여_2903_260507_남자_02,5783,0,0,0
2026-08-08 14:30:40,14:00,906987379684182,1팀,120246397028850200,07.크리스피(ASC)(통합)_A+SC 캠페인_구매최적화_수_표준기여_통합_260511,9436,0,0,0
2026-08-08 14:30:40,14:00,906987379684182,1팀,120246898203940200,03.닭다리살(ASC)(1010)_A+SC캠페인_구매최적화_수_표준기여_2604_260519,1918,0,0,0
2026-08-08 14:30:40,14:00,906987379684182,1팀,120246898384670200,03.닭다리살(ASC)(1010)_TROAS_A+SC캠페인_구매최적화_값_표준기여_2604_260519,22811,0,0,0
2026-08-08 14:30:40,14:00,906987379684182,1팀,120247354343980200,20.김자반밥바(ASC)(메가딜)_TCPA_A+SC캠페인_ALL_C7_수_표준기여_3003_260527,3616,1,34800,962.3893805309734
2026-08-08 14:30:40,14:00,906987379684182,1팀,120247354558020200,20.김자반밥바(ASC)(메가딜)_A+SC캠페인_구매최적화_수_표준기여_3003_260527,7821,0,0,0
2026-08-08 14:30:40,14:00,906987379684182,1팀,120247379361950200,07.크리스피(ASC)(1010)_A+SC캠페인_구매최적화_수_표준기여_2992_260527,1218,0,0,0
2026-08-08 14:30:40,14:00,906987379684182,1팀,120247379587080200,07.크리스피(ASC)(1010)_TROAS_A+SC캠페인_구매최적화_값_표준기여_2992_260527,3812,0,0,0
2026-08-08 14:30:40,14:00,906987379684182,1팀,120247842896910200,20.김자반밥바(ASC)(메가딜)_A+SC캠페인_구매최적화_수_표준기여_3003_260603,2548,0,0,0
2026-08-08 14:30:40,14:00,906987379684182,1팀,120248207670120200,17.안심볶음밥(ASC)(메가딜)_A+SC 캠페인_구매최적화_수_표준기여_2903_260609_남자(가치조정),3489,0,0,0
2026-08-08 14:30:40,14:00,906987379684182,1팀,120248361514480200,01.통살(ASC)(하이브리드)_TCPA_A+SC캠페인_ALL_C7_수_표준기여_3028_260611,159,0,0,0
2026-08-08 14:30:40,14:00,906987379684182,1팀,120248361514580200,01.통살(ASC)(하이브리드)_TROAS_A+SC캠페인_구매최적화_값_표준기여_3028_260611,1540,0,0,0
2026-08-08 14:30:40,14:00,906987379684182,1팀,120248762624470200,17.안심볶음밥(ASC)(메가딜)_TROAS_A+SC캠페인_구매최적화_값_표준기여_2903_260705,1485,0,0,0
2026-08-08 14:30:40,14:00,906987379684182,1팀,120248762761370200,17.안심볶음밥(ASC)(메가딜)_A+SC캠페인_구매최적화_수_표준기여_2903_260705,1504,0,0,0
2026-08-08 14:30:40,14:00,906987379684182,1팀,120248762858730200,16.안심크리스피(ASC)(메가딜)_A+SC 캠페인_구매최적화_수_표준기여_2908_260720(페르소나),1587,1,79200,4990.54820415879
2026-08-08 14:30:40,14:00,906987379684182,1팀,120248763306900200,16.안심크리스피(ASC)(메가딜)_TCPA_A+SC캠페인_ALL_C7_수_표준기여_2908_260621,1422,0,0,0
2026-08-08 14:30:40,14:00,906987379684182,1팀,120248763797300200,21.통살+그릴드(ASC)(메가딜)_TROAS_A+SC캠페인_구매최적화_값_표준기여_3068_260617,2247,0,0,0
2026-08-08 14:30:40,14:00,906987379684182,1팀,120248763797350200,21.통살+그릴드(ASC)(메가딜)_A+SC캠페인_구매최적화_수_표준기여_3068_260617,750,0,0,0
2026-08-08 14:30:40,14:00,906987379684182,1팀,120249317264110200,07.크리스피(ASC)(하이브리드)_A+SC캠페인_구매최적화_수_표준기여_3078_260713,44721,0,0,0
2026-08-08 14:30:40,14:00,906987379684182,1팀,120249317264120200,07.크리스피(ASC)(하이브리드)_TCPA_A+SC캠페인_ALL_C7_수_표준기여_3078_260713,2719,0,0,0
2026-08-08 14:30:40,14:00,906987379684182,1팀,120249317264140200,07.크리스피(ASC)(하이브리드)_TROAS_A+SC캠페인_구매최적화_값_표준기여_3078_260713,13111,1,49900,380.59644573259095
2026-08-08 14:30:40,14:00,906987379684182,1팀,120249873291990200,07.크리스피(ASC)(1010)_TROAS_A+SC캠페인_구매최적화_값_표준기여_2992_260705,921,1,44000,4777.4158523344195
2026-08-08 14:30:40,14:00,906987379684182,1팀,120249873905240200,07.크리스피(ASC)(101010)_TROAS_A+SC캠페인_구매최적화_값_표준기여_2659_260705,1358,0,0,0
2026-08-08 14:30:40,14:00,906987379684182,1팀,120249873905280200,07.크리스피(ASC)(101010)_A+SC캠페인_구매최적화_수_표준기여_2659_260705,2356,0,0,0
2026-08-08 14:30:40,14:00,906987379684182,1팀,120249875227840200,16.안심크리스피(ASC)(메가딜)_A+SC캠페인_구매최적화_수_표준기여_2908_260705,3469,0,0,0
2026-08-08 14:30:40,14:00,906987379684182,1팀,120249875227870200,16.안심크리스피(ASC)(메가딜)_TCPA_A+SC캠페인_ALL_C7_수_표준기여_2908_260705,49,0,0,0
2026-08-08 14:30:40,14:00,906987379684182,1팀,120249876219490200,20.김자반밥바(ASC)(메가딜)_A+SC캠페인_구매최적화_수_표준기여_3003_260705,11527,0,0,0
2026-08-08 14:30:40,14:00,906987379684182,1팀,120249876219520200,20.김자반밥바(ASC)(메가딜)_TROAS_A+SC캠페인_구매최적화_값_표준기여_3003_260705,1404,0,0,0
2026-08-08 14:30:40,14:00,906987379684182,1팀,120249878429160200,01.통살(ASC)(하이브리드)_TROAS_A+SC캠페인_구매최적화_값_표준기여_3028_260705,4910,0,0,0
2026-08-08 14:30:40,14:00,906987379684182,1팀,120249878429240200,01.통살(ASC)(하이브리드)_A+SC캠페인_구매최적화_수_표준기여_3028_260705,331,0,0,0
2026-08-08 14:30:40,14:00,906987379684182,1팀,120250098930220200,01.통살(ASC)(101010)_TROAS_A+SC캠페인_구매최적화_값_표준기여_2336_260712,7846,0,0,0
2026-08-08 14:30:40,14:00,906987379684182,1팀,120250099159310200,07.크리스피(ASC)(메가딜)_A+SC캠페인_구매최적화_수_표준기여_2464_260712,1740,0,0,0
2026-08-08 14:30:40,14:00,906987379684182,1팀,120250099159320200,07.크리스피(ASC)(메가딜)_TROAS_A+SC캠페인_구매최적화_값_표준기여_2464_260712,2299,0,0,0
2026-08-08 14:30:40,14:00,906987379684182,1팀,120250099159330200,07.크리스피(ASC)(메가딜)_TCPA_A+SC캠페인_ALL_C7_수_표준기여_2464_260712,1001,0,0,0
2026-08-08 14:30:40,14:00,906987379684182,1팀,120250099335020200,77.프로모션(ASC)(줄리엔강)_TCPA_A+SC캠페인_ALL_C7_수_표준기여_260713,2306,0,0,0
2026-08-08 14:30:40,14:00,906987379684182,1팀,120250099335030200,77.프로모션(ASC)(줄리엔강)_TROAS_A+SC캠페인_구매최적화_값_표준기여_260713,2605,1,174600,6702.495201535508
2026-08-08 14:30:40,14:00,906987379684182,1팀,120250268133470200,03.닭다리살(ASC)(하이브리드)_TROAS_A+SC캠페인_구매최적화_값_표준기여_3111_260726,1762,0,0,0
2026-08-08 14:30:40,14:00,906987379684182,1팀,120250444210730200,20.김자반밥바(ASC)(하이브리드)_TROAS_A+SC캠페인_구매최적화_값_표준기여_3159_260726,1864,0,0,0
2026-08-08 14:30:40,14:00,906987379684182,1팀,120250444210740200,20.김자반밥바(ASC)(하이브리드)_A+SC캠페인_구매최적화_수_표준기여_3159_260726,5431,0,0,0
2026-08-08 14:30:40,14:00,906987379684182,1팀,120250444210900200,20.김자반밥바(ASC)(하이브리드)_TCPA_A+SC캠페인_ALL_C7_수_표준기여_3159_260726,1473,0,0,0
2026-08-08 14:30:40,14:00,906987379684182,1팀,120250444423310200,21.통살+그릴드(ASC)(하이브리드)_TROAS_A+SC캠페인_구매최적화_값_표준기여_3162_260726,1711,0,0,0
2026-08-08 14:30:40,14:00,906987379684182,1팀,120250444423320200,21.통살+그릴드(ASC)(하이브리드)_TCPA_A+SC캠페인_ALL_C7_수_표준기여_3162_260726,120,0,0,0
2026-08-08 14:30:40,14:00,906987379684182,1팀,120250444423330200,21.통살+그릴드(ASC)(하이브리드)_A+SC캠페인_구매최적화_수_표준기여_3162_260726,1223,0,0,0
2026-08-08 14:30:40,14:00,906987379684182,1팀,120250475752460200,07.크리스피(ASC)(하이브리드)_TROAS_A+SC캠페인_구매최적화_값_표준기여_3078_260722(페르소나),310,0,0,0
2026-08-08 14:30:40,14:00,906987379684182,1팀,120250614451020200,07.크리스피(ASC)(하이브리드)_A+SC캠페인_구매최적화_수_표준기여_3078_260728,324,0,0,0
2026-08-08 14:30:40,14:00,906987379684182,1팀,120250614451040200,07.크리스피(ASC)(하이브리드)_TROAS_A+SC캠페인_구매최적화_값_표준기여_3078_260728,3141,0,0,0
2026-08-08 14:30:40,14:00,906987379684182,1팀,120250614451160200,07.크리스피(ASC)(하이브리드)_TCPA_A+SC캠페인_ALL_C7_수_표준기여_3078_260728,9,0,0,0
2026-08-08 14:30:40,14:00,906987379684182,1팀,120250649570130200,07.크리스피(ASC)(하이브리드)_TROAS_A+SC캠페인_구매최적화_값_표준기여_3078_260802_AI,1818,0,0,0
2026-08-08 14:30:40,14:00,906987379684182,1팀,120250649570150200,07.크리스피(ASC)(하이브리드)_TCPA_A+SC캠페인_ALL_C7_수_표준기여_3078_260802_AI,752,0,0,0
2026-08-08 14:30:40,14:00,906987379684182,1팀,120250649570180200,07.크리스피(ASC)(하이브리드)_A+SC캠페인_구매최적화_수_표준기여_3078_260802_AI,1731,0,0,0
2026-08-08 14:30:40,14:00,906987379684182,1팀,120250856737330200,77.프로모션(ASC)(통크크)_TROAS_A+SC캠페인_구매최적화_값_표준기여_260806,1742,0,0,0
2026-08-08 14:30:40,14:00,906987379684182,1팀,120250856737340200,77.프로모션(ASC)(통크크)_TCPA_A+SC캠페인_ALL_C7_수_표준기여_260806,846,0,0,0
2026-08-08 14:30:40,14:00,906987379684182,1팀,120250856737350200,77.프로모션(ASC)(통크크)_A+SC캠페인_구매최적화_수_표준기여_260806,8255,0,0,0
2026-08-08 14:30:40,14:00,906987379684182,1팀,120250859367430200,20.김자반밥바(ASC)(하이브리드)_A+SC캠페인_구매최적화_수_가치조정_3159_260806,1532,0,0,0
2026-08-08 14:30:40,14:00,906987379684182,1팀,120250859367440200,20.김자반밥바(ASC)(하이브리드)_TCPA_A+SC캠페인_ALL_C7_수_표준기여_3159_260806,1137,0,0,0
2026-08-08 14:30:40,14:00,906987379684182,1팀,120250859367470200,20.김자반밥바(ASC)(하이브리드)_TROAS_A+SC캠페인_구매최적화_값_표준기여_3159_260806,493,0,0,0
2026-08-08 15:08:33,15:00,906987379684182,1팀,120228320649100200,01.통살(ASC)(101010)_TCPA16000_A+SC 캠페인_ALL_V1C7_수_표준기여_2336,334,0,0,0
2026-08-08 15:08:33,15:00,906987379684182,1팀,120228788396590200,01.통살(ASC)(메가딜)_TCPA20000_A+SC 캠페인_ALL_V1C7_수_표준기여_1874,1328,0,0,0
2026-08-08 15:08:33,15:00,906987379684182,1팀,120230755324960200,07.크리스피(ASC)(메가딜)_A+SC 캠페인_구매최적화_수_표준기여_2464,65,0,0,0
2026-08-08 15:08:33,15:00,906987379684182,1팀,120237509836570200,07.크리스피(ASC)(메가딜)_TCPA16000_A+SC 캠페인_ALL_수_표준기여_2464,1053,0,0,0
2026-08-08 15:08:33,15:00,906987379684182,1팀,120243001852340200,01.통살(ASC)(101010)_TCPA16000_A+SC 캠페인_ALL_V1C7_수_표준기여_2336_02,219,0,0,0
2026-08-08 15:08:33,15:00,906987379684182,1팀,120243258462660200,07.크리스피(ASC)(101010)_A+SC 캠페인_구매최적화_수_표준기여_2659_260322,359,0,0,0
2026-08-08 15:08:33,15:00,906987379684182,1팀,120243592510760200,16.안심크리스피(ASC)(메가딜)_TCPA14000_A+SC 캠페인_ALL_C7_수_표준기여_2863_260327,528,0,0,0
2026-08-08 15:08:33,15:00,906987379684182,1팀,120244042753880200,07.크리스피(ASC)(메가딜)_TCPA16000_A+SC 캠페인_ALL_수_표준기여_2464_260403,388,0,0,0
2026-08-08 15:08:33,15:00,906987379684182,1팀,120244128322750200,01.통살(ASC)(101010)_TCPA16000_A+SC 캠페인_ALL_V1C7_수_표준기여_2336_03,199,0,0,0
2026-08-08 15:08:33,15:00,906987379684182,1팀,120244130427210200,07.크리스피(ASC)(메가딜)_A+SC 캠페인_구매최적화_수_표준기여_2464_260404,3980,0,0,0
2026-08-08 15:08:33,15:00,906987379684182,1팀,120244370408130200,17.안심볶음밥(ASC)(메가딜)_TCPA_A+SC 캠페인_ALL_C7_수_표준기여_2903_260409,212,0,0,0
2026-08-08 15:08:33,15:00,906987379684182,1팀,120244785115700200,07.크리스피(ASC)(메가딜)_A+SC 캠페인_구매최적화_수_표준기여_2464_260416_intern,487,0,0,0
2026-08-08 15:08:33,15:00,906987379684182,1팀,120244785115970200,07.크리스피(ASC)(메가딜)_TCPA14000_A+SC 캠페인_ALL_C7_수_표준기여_2464_260416_intern,293,0,0,0
2026-08-08 15:08:33,15:00,906987379684182,1팀,120246157174550200,17.안심볶음밥(ASC)(메가딜)_A+SC 캠페인_구매최적화_수_표준기여_2903_260507_남자,271,0,0,0
2026-08-08 15:08:33,15:00,906987379684182,1팀,120246224683700200,17.안심볶음밥(ASC)(메가딜)_A+SC 캠페인_구매최적화_수_표준기여_2903_260507_남자_02,657,0,0,0
2026-08-08 15:08:33,15:00,906987379684182,1팀,120246397028850200,07.크리스피(ASC)(통합)_A+SC 캠페인_구매최적화_수_표준기여_통합_260511,2395,0,0,0
2026-08-08 15:08:33,15:00,906987379684182,1팀,120246898203940200,03.닭다리살(ASC)(1010)_A+SC캠페인_구매최적화_수_표준기여_2604_260519,630,0,0,0
2026-08-08 15:08:33,15:00,906987379684182,1팀,120246898384670200,03.닭다리살(ASC)(1010)_TROAS_A+SC캠페인_구매최적화_값_표준기여_2604_260519,3771,0,0,0
2026-08-08 15:08:33,15:00,906987379684182,1팀,120247354343980200,20.김자반밥바(ASC)(메가딜)_TCPA_A+SC캠페인_ALL_C7_수_표준기여_3003_260527,1421,0,0,0
2026-08-08 15:08:33,15:00,906987379684182,1팀,120247354558020200,20.김자반밥바(ASC)(메가딜)_A+SC캠페인_구매최적화_수_표준기여_3003_260527,763,0,0,0
2026-08-08 15:08:33,15:00,906987379684182,1팀,120247379361950200,07.크리스피(ASC)(1010)_A+SC캠페인_구매최적화_수_표준기여_2992_260527,535,0,0,0
2026-08-08 15:08:33,15:00,906987379684182,1팀,120247379587080200,07.크리스피(ASC)(1010)_TROAS_A+SC캠페인_구매최적화_값_표준기여_2992_260527,535,0,0,0
2026-08-08 15:08:33,15:00,906987379684182,1팀,120247842896910200,20.김자반밥바(ASC)(메가딜)_A+SC캠페인_구매최적화_수_표준기여_3003_260603,77,0,0,0
2026-08-08 15:08:33,15:00,906987379684182,1팀,120248207670120200,17.안심볶음밥(ASC)(메가딜)_A+SC 캠페인_구매최적화_수_표준기여_2903_260609_남자(가치조정),1846,0,0,0
2026-08-08 15:08:33,15:00,906987379684182,1팀,120248361514480200,01.통살(ASC)(하이브리드)_TCPA_A+SC캠페인_ALL_C7_수_표준기여_3028_260611,166,0,0,0
2026-08-08 15:08:33,15:00,906987379684182,1팀,120248361514580200,01.통살(ASC)(하이브리드)_TROAS_A+SC캠페인_구매최적화_값_표준기여_3028_260611,322,0,0,0
2026-08-08 15:08:33,15:00,906987379684182,1팀,120248762624470200,17.안심볶음밥(ASC)(메가딜)_TROAS_A+SC캠페인_구매최적화_값_표준기여_2903_260705,106,0,0,0
2026-08-08 15:08:33,15:00,906987379684182,1팀,120248762761370200,17.안심볶음밥(ASC)(메가딜)_A+SC캠페인_구매최적화_수_표준기여_2903_260705,446,0,0,0
2026-08-08 15:08:33,15:00,906987379684182,1팀,120248762858730200,16.안심크리스피(ASC)(메가딜)_A+SC 캠페인_구매최적화_수_표준기여_2908_260720(페르소나),324,0,0,0
2026-08-08 15:08:33,15:00,906987379684182,1팀,120248763306900200,16.안심크리스피(ASC)(메가딜)_TCPA_A+SC캠페인_ALL_C7_수_표준기여_2908_260621,461,0,0,0
2026-08-08 15:08:33,15:00,906987379684182,1팀,120248763797300200,21.통살+그릴드(ASC)(메가딜)_TROAS_A+SC캠페인_구매최적화_값_표준기여_3068_260617,421,0,0,0
2026-08-08 15:08:33,15:00,906987379684182,1팀,120248763797350200,21.통살+그릴드(ASC)(메가딜)_A+SC캠페인_구매최적화_수_표준기여_3068_260617,59,0,0,0
2026-08-08 15:08:33,15:00,906987379684182,1팀,120249317264110200,07.크리스피(ASC)(하이브리드)_A+SC캠페인_구매최적화_수_표준기여_3078_260713,989,0,0,0
2026-08-08 15:08:33,15:00,906987379684182,1팀,120249317264120200,07.크리스피(ASC)(하이브리드)_TCPA_A+SC캠페인_ALL_C7_수_표준기여_3078_260713,409,0,0,0
2026-08-08 15:08:33,15:00,906987379684182,1팀,120249317264140200,07.크리스피(ASC)(하이브리드)_TROAS_A+SC캠페인_구매최적화_값_표준기여_3078_260713,778,0,0,0
2026-08-08 15:08:33,15:00,906987379684182,1팀,120249873291990200,07.크리스피(ASC)(1010)_TROAS_A+SC캠페인_구매최적화_값_표준기여_2992_260705,161,0,0,0
2026-08-08 15:08:33,15:00,906987379684182,1팀,120249873905240200,07.크리스피(ASC)(101010)_TROAS_A+SC캠페인_구매최적화_값_표준기여_2659_260705,336,0,0,0
2026-08-08 15:08:33,15:00,906987379684182,1팀,120249873905280200,07.크리스피(ASC)(101010)_A+SC캠페인_구매최적화_수_표준기여_2659_260705,901,0,0,0
2026-08-08 15:08:33,15:00,906987379684182,1팀,120249875227840200,16.안심크리스피(ASC)(메가딜)_A+SC캠페인_구매최적화_수_표준기여_2908_260705,1742,0,0,0
2026-08-08 15:08:33,15:00,906987379684182,1팀,120249875227870200,16.안심크리스피(ASC)(메가딜)_TCPA_A+SC캠페인_ALL_C7_수_표준기여_2908_260705,1,0,0,0
2026-08-08 15:08:33,15:00,906987379684182,1팀,120249876219490200,20.김자반밥바(ASC)(메가딜)_A+SC캠페인_구매최적화_수_표준기여_3003_260705,2880,0,0,0
2026-08-08 15:08:33,15:00,906987379684182,1팀,120249876219520200,20.김자반밥바(ASC)(메가딜)_TROAS_A+SC캠페인_구매최적화_값_표준기여_3003_260705,287,0,0,0
2026-08-08 15:08:33,15:00,906987379684182,1팀,120249878429160200,01.통살(ASC)(하이브리드)_TROAS_A+SC캠페인_구매최적화_값_표준기여_3028_260705,2394,0,0,0
2026-08-08 15:08:33,15:00,906987379684182,1팀,120249878429240200,01.통살(ASC)(하이브리드)_A+SC캠페인_구매최적화_수_표준기여_3028_260705,132,0,0,0
2026-08-08 15:08:33,15:00,906987379684182,1팀,120250098930220200,01.통살(ASC)(101010)_TROAS_A+SC캠페인_구매최적화_값_표준기여_2336_260712,3375,0,0,0
2026-08-08 15:08:33,15:00,906987379684182,1팀,120250099159310200,07.크리스피(ASC)(메가딜)_A+SC캠페인_구매최적화_수_표준기여_2464_260712,957,0,0,0
2026-08-08 15:08:33,15:00,906987379684182,1팀,120250099159320200,07.크리스피(ASC)(메가딜)_TROAS_A+SC캠페인_구매최적화_값_표준기여_2464_260712,829,0,0,0
2026-08-08 15:08:33,15:00,906987379684182,1팀,120250099335020200,77.프로모션(ASC)(줄리엔강)_TCPA_A+SC캠페인_ALL_C7_수_표준기여_260713,99,0,0,0
2026-08-08 15:08:33,15:00,906987379684182,1팀,120250099335030200,77.프로모션(ASC)(줄리엔강)_TROAS_A+SC캠페인_구매최적화_값_표준기여_260713,1284,0,0,0
2026-08-08 15:08:33,15:00,906987379684182,1팀,120250268133470200,03.닭다리살(ASC)(하이브리드)_TROAS_A+SC캠페인_구매최적화_값_표준기여_3111_260726,382,0,0,0
2026-08-08 15:08:33,15:00,906987379684182,1팀,120250444210730200,20.김자반밥바(ASC)(하이브리드)_TROAS_A+SC캠페인_구매최적화_값_표준기여_3159_260726,358,0,0,0
2026-08-08 15:08:33,15:00,906987379684182,1팀,120250444210740200,20.김자반밥바(ASC)(하이브리드)_A+SC캠페인_구매최적화_수_표준기여_3159_260726,112,0,0,0
2026-08-08 15:08:33,15:00,906987379684182,1팀,120250444210900200,20.김자반밥바(ASC)(하이브리드)_TCPA_A+SC캠페인_ALL_C7_수_표준기여_3159_260726,112,0,0,0
2026-08-08 15:08:33,15:00,906987379684182,1팀,120250444423310200,21.통살+그릴드(ASC)(하이브리드)_TROAS_A+SC캠페인_구매최적화_값_표준기여_3162_260726,81,0,0,0
2026-08-08 15:08:33,15:00,906987379684182,1팀,120250444423330200,21.통살+그릴드(ASC)(하이브리드)_A+SC캠페인_구매최적화_수_표준기여_3162_260726,284,0,0,0
2026-08-08 15:08:33,15:00,906987379684182,1팀,120250475752460200,07.크리스피(ASC)(하이브리드)_TROAS_A+SC캠페인_구매최적화_값_표준기여_3078_260722(페르소나),16,0,0,0
2026-08-08 15:08:33,15:00,906987379684182,1팀,120250614451020200,07.크리스피(ASC)(하이브리드)_A+SC캠페인_구매최적화_수_표준기여_3078_260728,821,0,0,0
2026-08-08 15:08:33,15:00,906987379684182,1팀,120250614451040200,07.크리스피(ASC)(하이브리드)_TROAS_A+SC캠페인_구매최적화_값_표준기여_3078_260728,166,0,0,0
2026-08-08 15:08:33,15:00,906987379684182,1팀,120250649570130200,07.크리스피(ASC)(하이브리드)_TROAS_A+SC캠페인_구매최적화_값_표준기여_3078_260802_AI,688,0,0,0
2026-08-08 15:08:33,15:00,906987379684182,1팀,120250649570180200,07.크리스피(ASC)(하이브리드)_A+SC캠페인_구매최적화_수_표준기여_3078_260802_AI,624,0,0,0
2026-08-08 15:08:33,15:00,906987379684182,1팀,120250856737330200,77.프로모션(ASC)(통크크)_TROAS_A+SC캠페인_구매최적화_값_표준기여_260806,152,0,0,0
2026-08-08 15:08:33,15:00,906987379684182,1팀,120250856737340200,77.프로모션(ASC)(통크크)_TCPA_A+SC캠페인_ALL_C7_수_표준기여_260806,117,0,0,0
2026-08-08 15:08:33,15:00,906987379684182,1팀,120250856737350200,77.프로모션(ASC)(통크크)_A+SC캠페인_구매최적화_수_표준기여_260806,3046,0,0,0
2026-08-08 15:08:33,15:00,906987379684182,1팀,120250859367430200,20.김자반밥바(ASC)(하이브리드)_A+SC캠페인_구매최적화_수_가치조정_3159_260806,66,0,0,0
2026-08-08 15:08:33,15:00,906987379684182,1팀,120250859367440200,20.김자반밥바(ASC)(하이브리드)_TCPA_A+SC캠페인_ALL_C7_수_표준기여_3159_260806,190,0,0,0
2026-08-08 15:08:33,15:00,906987379684182,1팀,120250859367470200,20.김자반밥바(ASC)(하이브리드)_TROAS_A+SC캠페인_구매최적화_값_표준기여_3159_260806,366,0,0,0
2026-08-08 15:30:41,15:00,906987379684182,1팀,120228320649100200,01.통살(ASC)(101010)_TCPA16000_A+SC 캠페인_ALL_V1C7_수_표준기여_2336,1510,0,0,0
2026-08-08 15:30:41,15:00,906987379684182,1팀,120228788396590200,01.통살(ASC)(메가딜)_TCPA20000_A+SC 캠페인_ALL_V1C7_수_표준기여_1874,9256,0,0,0
2026-08-08 15:30:41,15:00,906987379684182,1팀,120230755324960200,07.크리스피(ASC)(메가딜)_A+SC 캠페인_구매최적화_수_표준기여_2464,1777,0,0,0
2026-08-08 15:30:41,15:00,906987379684182,1팀,120237509836570200,07.크리스피(ASC)(메가딜)_TCPA16000_A+SC 캠페인_ALL_수_표준기여_2464,16014,0,0,0
2026-08-08 15:30:41,15:00,906987379684182,1팀,120243001852340200,01.통살(ASC)(101010)_TCPA16000_A+SC 캠페인_ALL_V1C7_수_표준기여_2336_02,1538,0,0,0
2026-08-08 15:30:41,15:00,906987379684182,1팀,120243258462660200,07.크리스피(ASC)(101010)_A+SC 캠페인_구매최적화_수_표준기여_2659_260322,1948,0,0,0
2026-08-08 15:30:41,15:00,906987379684182,1팀,120243592510760200,16.안심크리스피(ASC)(메가딜)_TCPA14000_A+SC 캠페인_ALL_C7_수_표준기여_2863_260327,1961,0,0,0
2026-08-08 15:30:41,15:00,906987379684182,1팀,120244042753880200,07.크리스피(ASC)(메가딜)_TCPA16000_A+SC 캠페인_ALL_수_표준기여_2464_260403,2098,0,0,0
2026-08-08 15:30:41,15:00,906987379684182,1팀,120244128322750200,01.통살(ASC)(101010)_TCPA16000_A+SC 캠페인_ALL_V1C7_수_표준기여_2336_03,1337,0,0,0
2026-08-08 15:30:41,15:00,906987379684182,1팀,120244130427210200,07.크리스피(ASC)(메가딜)_A+SC 캠페인_구매최적화_수_표준기여_2464_260404,24192,0,0,0
2026-08-08 15:30:41,15:00,906987379684182,1팀,120244370408130200,17.안심볶음밥(ASC)(메가딜)_TCPA_A+SC 캠페인_ALL_C7_수_표준기여_2903_260409,1893,0,0,0
2026-08-08 15:30:41,15:00,906987379684182,1팀,120244785115700200,07.크리스피(ASC)(메가딜)_A+SC 캠페인_구매최적화_수_표준기여_2464_260416_intern,2682,0,0,0
2026-08-08 15:30:41,15:00,906987379684182,1팀,120244785115970200,07.크리스피(ASC)(메가딜)_TCPA14000_A+SC 캠페인_ALL_C7_수_표준기여_2464_260416_intern,2258,0,0,0
2026-08-08 15:30:41,15:00,906987379684182,1팀,120246157174550200,17.안심볶음밥(ASC)(메가딜)_A+SC 캠페인_구매최적화_수_표준기여_2903_260507_남자,1741,0,0,0
2026-08-08 15:30:41,15:00,906987379684182,1팀,120246224683700200,17.안심볶음밥(ASC)(메가딜)_A+SC 캠페인_구매최적화_수_표준기여_2903_260507_남자_02,6525,0,0,0
2026-08-08 15:30:41,15:00,906987379684182,1팀,120246397028850200,07.크리스피(ASC)(통합)_A+SC 캠페인_구매최적화_수_표준기여_통합_260511,12345,0,0,0
2026-08-08 15:30:41,15:00,906987379684182,1팀,120246898203940200,03.닭다리살(ASC)(1010)_A+SC캠페인_구매최적화_수_표준기여_2604_260519,3169,0,0,0
2026-08-08 15:30:41,15:00,906987379684182,1팀,120246898384670200,03.닭다리살(ASC)(1010)_TROAS_A+SC캠페인_구매최적화_값_표준기여_2604_260519,24825,0,0,0
2026-08-08 15:30:41,15:00,906987379684182,1팀,120247354343980200,20.김자반밥바(ASC)(메가딜)_TCPA_A+SC캠페인_ALL_C7_수_표준기여_3003_260527,6535,0,0,0
2026-08-08 15:30:41,15:00,906987379684182,1팀,120247354558020200,20.김자반밥바(ASC)(메가딜)_A+SC캠페인_구매최적화_수_표준기여_3003_260527,15442,0,0,0
2026-08-08 15:30:41,15:00,906987379684182,1팀,120247379361950200,07.크리스피(ASC)(1010)_A+SC캠페인_구매최적화_수_표준기여_2992_260527,2431,0,0,0
2026-08-08 15:30:41,15:00,906987379684182,1팀,120247379587080200,07.크리스피(ASC)(1010)_TROAS_A+SC캠페인_구매최적화_값_표준기여_2992_260527,3020,0,0,0
2026-08-08 15:30:41,15:00,906987379684182,1팀,120247842896910200,20.김자반밥바(ASC)(메가딜)_A+SC캠페인_구매최적화_수_표준기여_3003_260603,2099,0,0,0
2026-08-08 15:30:41,15:00,906987379684182,1팀,120248207670120200,17.안심볶음밥(ASC)(메가딜)_A+SC 캠페인_구매최적화_수_표준기여_2903_260609_남자(가치조정),8291,0,0,0
2026-08-08 15:30:41,15:00,906987379684182,1팀,120248361514480200,01.통살(ASC)(하이브리드)_TCPA_A+SC캠페인_ALL_C7_수_표준기여_3028_260611,318,0,0,0
2026-08-08 15:30:41,15:00,906987379684182,1팀,120248361514580200,01.통살(ASC)(하이브리드)_TROAS_A+SC캠페인_구매최적화_값_표준기여_3028_260611,1597,0,0,0
2026-08-08 15:30:41,15:00,906987379684182,1팀,120248762624470200,17.안심볶음밥(ASC)(메가딜)_TROAS_A+SC캠페인_구매최적화_값_표준기여_2903_260705,1225,0,0,0
2026-08-08 15:30:41,15:00,906987379684182,1팀,120248762761370200,17.안심볶음밥(ASC)(메가딜)_A+SC캠페인_구매최적화_수_표준기여_2903_260705,2386,0,0,0
2026-08-08 15:30:41,15:00,906987379684182,1팀,120248762858730200,16.안심크리스피(ASC)(메가딜)_A+SC 캠페인_구매최적화_수_표준기여_2908_260720(페르소나),1789,0,0,0
2026-08-08 15:30:41,15:00,906987379684182,1팀,120248763306900200,16.안심크리스피(ASC)(메가딜)_TCPA_A+SC캠페인_ALL_C7_수_표준기여_2908_260621,2282,0,0,0
2026-08-08 15:30:41,15:00,906987379684182,1팀,120248763797300200,21.통살+그릴드(ASC)(메가딜)_TROAS_A+SC캠페인_구매최적화_값_표준기여_3068_260617,2844,0,0,0
2026-08-08 15:30:41,15:00,906987379684182,1팀,120248763797350200,21.통살+그릴드(ASC)(메가딜)_A+SC캠페인_구매최적화_수_표준기여_3068_260617,1155,0,0,0
2026-08-08 15:30:41,15:00,906987379684182,1팀,120249317264110200,07.크리스피(ASC)(하이브리드)_A+SC캠페인_구매최적화_수_표준기여_3078_260713,6424,0,0,0
2026-08-08 15:30:41,15:00,906987379684182,1팀,120249317264120200,07.크리스피(ASC)(하이브리드)_TCPA_A+SC캠페인_ALL_C7_수_표준기여_3078_260713,2548,0,0,0
2026-08-08 15:30:41,15:00,906987379684182,1팀,120249317264140200,07.크리스피(ASC)(하이브리드)_TROAS_A+SC캠페인_구매최적화_값_표준기여_3078_260713,8952,1,179000,1999.5531724754244
2026-08-08 15:30:41,15:00,906987379684182,1팀,120249873291990200,07.크리스피(ASC)(1010)_TROAS_A+SC캠페인_구매최적화_값_표준기여_2992_260705,1278,0,0,0
2026-08-08 15:30:41,15:00,906987379684182,1팀,120249873905240200,07.크리스피(ASC)(101010)_TROAS_A+SC캠페인_구매최적화_값_표준기여_2659_260705,1995,0,0,0
2026-08-08 15:30:41,15:00,906987379684182,1팀,120249873905280200,07.크리스피(ASC)(101010)_A+SC캠페인_구매최적화_수_표준기여_2659_260705,4816,0,0,0
2026-08-08 15:30:41,15:00,906987379684182,1팀,120249875227840200,16.안심크리스피(ASC)(메가딜)_A+SC캠페인_구매최적화_수_표준기여_2908_260705,9500,0,0,0
2026-08-08 15:30:41,15:00,906987379684182,1팀,120249875227870200,16.안심크리스피(ASC)(메가딜)_TCPA_A+SC캠페인_ALL_C7_수_표준기여_2908_260705,9,0,0,0
2026-08-08 15:30:41,15:00,906987379684182,1팀,120249876219490200,20.김자반밥바(ASC)(메가딜)_A+SC캠페인_구매최적화_수_표준기여_3003_260705,14016,0,0,0
2026-08-08 15:30:41,15:00,906987379684182,1팀,120249876219520200,20.김자반밥바(ASC)(메가딜)_TROAS_A+SC캠페인_구매최적화_값_표준기여_3003_260705,1987,0,0,0
2026-08-08 15:30:41,15:00,906987379684182,1팀,120249878429160200,01.통살(ASC)(하이브리드)_TROAS_A+SC캠페인_구매최적화_값_표준기여_3028_260705,7286,0,0,0
2026-08-08 15:30:41,15:00,906987379684182,1팀,120249878429240200,01.통살(ASC)(하이브리드)_A+SC캠페인_구매최적화_수_표준기여_3028_260705,666,0,0,0
2026-08-08 15:30:41,15:00,906987379684182,1팀,120250098930220200,01.통살(ASC)(101010)_TROAS_A+SC캠페인_구매최적화_값_표준기여_2336_260712,18393,0,0,0
2026-08-08 15:30:41,15:00,906987379684182,1팀,120250099159310200,07.크리스피(ASC)(메가딜)_A+SC캠페인_구매최적화_수_표준기여_2464_260712,4373,0,0,0
2026-08-08 15:30:41,15:00,906987379684182,1팀,120250099159320200,07.크리스피(ASC)(메가딜)_TROAS_A+SC캠페인_구매최적화_값_표준기여_2464_260712,6810,2,82000,1204.1116005873714
2026-08-08 15:30:41,15:00,906987379684182,1팀,120250099335020200,77.프로모션(ASC)(줄리엔강)_TCPA_A+SC캠페인_ALL_C7_수_표준기여_260713,873,0,0,0
2026-08-08 15:30:41,15:00,906987379684182,1팀,120250099335030200,77.프로모션(ASC)(줄리엔강)_TROAS_A+SC캠페인_구매최적화_값_표준기여_260713,7674,0,0,0
2026-08-08 15:30:41,15:00,906987379684182,1팀,120250268133470200,03.닭다리살(ASC)(하이브리드)_TROAS_A+SC캠페인_구매최적화_값_표준기여_3111_260726,1546,0,0,0
2026-08-08 15:30:41,15:00,906987379684182,1팀,120250444210730200,20.김자반밥바(ASC)(하이브리드)_TROAS_A+SC캠페인_구매최적화_값_표준기여_3159_260726,2256,0,0,0
2026-08-08 15:30:41,15:00,906987379684182,1팀,120250444210740200,20.김자반밥바(ASC)(하이브리드)_A+SC캠페인_구매최적화_수_표준기여_3159_260726,2651,0,0,0
2026-08-08 15:30:41,15:00,906987379684182,1팀,120250444210900200,20.김자반밥바(ASC)(하이브리드)_TCPA_A+SC캠페인_ALL_C7_수_표준기여_3159_260726,1411,0,0,0
2026-08-08 15:30:41,15:00,906987379684182,1팀,120250444423310200,21.통살+그릴드(ASC)(하이브리드)_TROAS_A+SC캠페인_구매최적화_값_표준기여_3162_260726,1093,0,0,0
2026-08-08 15:30:41,15:00,906987379684182,1팀,120250444423320200,21.통살+그릴드(ASC)(하이브리드)_TCPA_A+SC캠페인_ALL_C7_수_표준기여_3162_260726,90,0,0,0
2026-08-08 15:30:41,15:00,906987379684182,1팀,120250444423330200,21.통살+그릴드(ASC)(하이브리드)_A+SC캠페인_구매최적화_수_표준기여_3162_260726,1743,0,0,0
2026-08-08 15:30:41,15:00,906987379684182,1팀,120250475752460200,07.크리스피(ASC)(하이브리드)_TROAS_A+SC캠페인_구매최적화_값_표준기여_3078_260722(페르소나),86,0,0,0
2026-08-08 15:30:41,15:00,906987379684182,1팀,120250614451020200,07.크리스피(ASC)(하이브리드)_A+SC캠페인_구매최적화_수_표준기여_3078_260728,3781,0,0,0
2026-08-08 15:30:41,15:00,906987379684182,1팀,120250614451040200,07.크리스피(ASC)(하이브리드)_TROAS_A+SC캠페인_구매최적화_값_표준기여_3078_260728,1875,0,0,0
2026-08-08 15:30:41,15:00,906987379684182,1팀,120250614451160200,07.크리스피(ASC)(하이브리드)_TCPA_A+SC캠페인_ALL_C7_수_표준기여_3078_260728,30,0,0,0
2026-08-08 15:30:41,15:00,906987379684182,1팀,120250649570130200,07.크리스피(ASC)(하이브리드)_TROAS_A+SC캠페인_구매최적화_값_표준기여_3078_260802_AI,4310,0,0,0
2026-08-08 15:30:41,15:00,906987379684182,1팀,120250649570150200,07.크리스피(ASC)(하이브리드)_TCPA_A+SC캠페인_ALL_C7_수_표준기여_3078_260802_AI,579,0,0,0
2026-08-08 15:30:41,15:00,906987379684182,1팀,120250649570180200,07.크리스피(ASC)(하이브리드)_A+SC캠페인_구매최적화_수_표준기여_3078_260802_AI,2414,0,0,0
2026-08-08 15:30:41,15:00,906987379684182,1팀,120250856737330200,77.프로모션(ASC)(통크크)_TROAS_A+SC캠페인_구매최적화_값_표준기여_260806,1615,0,0,0
2026-08-08 15:30:41,15:00,906987379684182,1팀,120250856737340200,77.프로모션(ASC)(통크크)_TCPA_A+SC캠페인_ALL_C7_수_표준기여_260806,606,0,0,0
2026-08-08 15:30:41,15:00,906987379684182,1팀,120250856737350200,77.프로모션(ASC)(통크크)_A+SC캠페인_구매최적화_수_표준기여_260806,16633,0,0,0
2026-08-08 15:30:41,15:00,906987379684182,1팀,120250859367430200,20.김자반밥바(ASC)(하이브리드)_A+SC캠페인_구매최적화_수_가치조정_3159_260806,1352,0,0,0
2026-08-08 15:30:41,15:00,906987379684182,1팀,120250859367440200,20.김자반밥바(ASC)(하이브리드)_TCPA_A+SC캠페인_ALL_C7_수_표준기여_3159_260806,1408,1,53900,3828.125
2026-08-08 15:30:41,15:00,906987379684182,1팀,120250859367470200,20.김자반밥바(ASC)(하이브리드)_TROAS_A+SC캠페인_구매최적화_값_표준기여_3159_260806,1597,0,0,0
2026-08-08 16:14:11,16:00,906987379684182,1팀,120228320649100200,01.통살(ASC)(101010)_TCPA16000_A+SC 캠페인_ALL_V1C7_수_표준기여_2336,526,0,0,0
2026-08-08 16:14:11,16:00,906987379684182,1팀,120228788396590200,01.통살(ASC)(메가딜)_TCPA20000_A+SC 캠페인_ALL_V1C7_수_표준기여_1874,3083,0,0,0
2026-08-08 16:14:11,16:00,906987379684182,1팀,120230755324960200,07.크리스피(ASC)(메가딜)_A+SC 캠페인_구매최적화_수_표준기여_2464,807,0,0,0
2026-08-08 16:14:11,16:00,906987379684182,1팀,120237509836570200,07.크리스피(ASC)(메가딜)_TCPA16000_A+SC 캠페인_ALL_수_표준기여_2464,6784,0,0,0
2026-08-08 16:14:11,16:00,906987379684182,1팀,120243001852340200,01.통살(ASC)(101010)_TCPA16000_A+SC 캠페인_ALL_V1C7_수_표준기여_2336_02,1814,0,0,0
2026-08-08 16:14:11,16:00,906987379684182,1팀,120243258462660200,07.크리스피(ASC)(101010)_A+SC 캠페인_구매최적화_수_표준기여_2659_260322,619,0,0,0
2026-08-08 16:14:11,16:00,906987379684182,1팀,120243592510760200,16.안심크리스피(ASC)(메가딜)_TCPA14000_A+SC 캠페인_ALL_C7_수_표준기여_2863_260327,243,0,0,0
2026-08-08 16:14:11,16:00,906987379684182,1팀,120244042753880200,07.크리스피(ASC)(메가딜)_TCPA16000_A+SC 캠페인_ALL_수_표준기여_2464_260403,540,0,0,0
2026-08-08 16:14:11,16:00,906987379684182,1팀,120244128322750200,01.통살(ASC)(101010)_TCPA16000_A+SC 캠페인_ALL_V1C7_수_표준기여_2336_03,316,0,0,0
2026-08-08 16:14:11,16:00,906987379684182,1팀,120244130427210200,07.크리스피(ASC)(메가딜)_A+SC 캠페인_구매최적화_수_표준기여_2464_260404,6575,0,0,0
2026-08-08 16:14:11,16:00,906987379684182,1팀,120244370408130200,17.안심볶음밥(ASC)(메가딜)_TCPA_A+SC 캠페인_ALL_C7_수_표준기여_2903_260409,713,0,0,0
2026-08-08 16:14:11,16:00,906987379684182,1팀,120244785115700200,07.크리스피(ASC)(메가딜)_A+SC 캠페인_구매최적화_수_표준기여_2464_260416_intern,308,0,0,0
2026-08-08 16:14:11,16:00,906987379684182,1팀,120244785115970200,07.크리스피(ASC)(메가딜)_TCPA14000_A+SC 캠페인_ALL_C7_수_표준기여_2464_260416_intern,1088,0,0,0
2026-08-08 16:14:11,16:00,906987379684182,1팀,120246157174550200,17.안심볶음밥(ASC)(메가딜)_A+SC 캠페인_구매최적화_수_표준기여_2903_260507_남자,679,0,0,0
2026-08-08 16:14:11,16:00,906987379684182,1팀,120246224683700200,17.안심볶음밥(ASC)(메가딜)_A+SC 캠페인_구매최적화_수_표준기여_2903_260507_남자_02,2378,0,0,0
2026-08-08 16:14:11,16:00,906987379684182,1팀,120246397028850200,07.크리스피(ASC)(통합)_A+SC 캠페인_구매최적화_수_표준기여_통합_260511,4115,0,0,0
2026-08-08 16:14:11,16:00,906987379684182,1팀,120246898203940200,03.닭다리살(ASC)(1010)_A+SC캠페인_구매최적화_수_표준기여_2604_260519,1716,0,0,0
2026-08-08 16:14:11,16:00,906987379684182,1팀,120246898384670200,03.닭다리살(ASC)(1010)_TROAS_A+SC캠페인_구매최적화_값_표준기여_2604_260519,6910,0,0,0
2026-08-08 16:14:11,16:00,906987379684182,1팀,120247354343980200,20.김자반밥바(ASC)(메가딜)_TCPA_A+SC캠페인_ALL_C7_수_표준기여_3003_260527,1203,0,0,0
2026-08-08 16:14:11,16:00,906987379684182,1팀,120247354558020200,20.김자반밥바(ASC)(메가딜)_A+SC캠페인_구매최적화_수_표준기여_3003_260527,7248,0,0,0
2026-08-08 16:14:11,16:00,906987379684182,1팀,120247379361950200,07.크리스피(ASC)(1010)_A+SC캠페인_구매최적화_수_표준기여_2992_260527,524,0,0,0
2026-08-08 16:14:11,16:00,906987379684182,1팀,120247379587080200,07.크리스피(ASC)(1010)_TROAS_A+SC캠페인_구매최적화_값_표준기여_2992_260527,3040,0,0,0
2026-08-08 16:14:11,16:00,906987379684182,1팀,120247842896910200,20.김자반밥바(ASC)(메가딜)_A+SC캠페인_구매최적화_수_표준기여_3003_260603,1261,0,0,0
2026-08-08 16:14:11,16:00,906987379684182,1팀,120248207670120200,17.안심볶음밥(ASC)(메가딜)_A+SC 캠페인_구매최적화_수_표준기여_2903_260609_남자(가치조정),3131,0,0,0
2026-08-08 16:14:11,16:00,906987379684182,1팀,120248361514480200,01.통살(ASC)(하이브리드)_TCPA_A+SC캠페인_ALL_C7_수_표준기여_3028_260611,104,0,0,0
2026-08-08 16:14:11,16:00,906987379684182,1팀,120248361514580200,01.통살(ASC)(하이브리드)_TROAS_A+SC캠페인_구매최적화_값_표준기여_3028_260611,351,0,0,0
2026-08-08 16:14:11,16:00,906987379684182,1팀,120248762624470200,17.안심볶음밥(ASC)(메가딜)_TROAS_A+SC캠페인_구매최적화_값_표준기여_2903_260705,802,0,0,0
2026-08-08 16:14:11,16:00,906987379684182,1팀,120248762761370200,17.안심볶음밥(ASC)(메가딜)_A+SC캠페인_구매최적화_수_표준기여_2903_260705,619,0,0,0
2026-08-08 16:14:11,16:00,906987379684182,1팀,120248762858730200,16.안심크리스피(ASC)(메가딜)_A+SC 캠페인_구매최적화_수_표준기여_2908_260720(페르소나),1065,0,0,0
2026-08-08 16:14:11,16:00,906987379684182,1팀,120248763306900200,16.안심크리스피(ASC)(메가딜)_TCPA_A+SC캠페인_ALL_C7_수_표준기여_2908_260621,520,0,0,0
2026-08-08 16:14:11,16:00,906987379684182,1팀,120248763797300200,21.통살+그릴드(ASC)(메가딜)_TROAS_A+SC캠페인_구매최적화_값_표준기여_3068_260617,1032,0,0,0
2026-08-08 16:14:11,16:00,906987379684182,1팀,120248763797350200,21.통살+그릴드(ASC)(메가딜)_A+SC캠페인_구매최적화_수_표준기여_3068_260617,77,0,0,0
2026-08-08 16:14:11,16:00,906987379684182,1팀,120249317264110200,07.크리스피(ASC)(하이브리드)_A+SC캠페인_구매최적화_수_표준기여_3078_260713,2839,0,0,0
2026-08-08 16:14:11,16:00,906987379684182,1팀,120249317264120200,07.크리스피(ASC)(하이브리드)_TCPA_A+SC캠페인_ALL_C7_수_표준기여_3078_260713,1722,0,0,0
2026-08-08 16:14:11,16:00,906987379684182,1팀,120249317264140200,07.크리스피(ASC)(하이브리드)_TROAS_A+SC캠페인_구매최적화_값_표준기여_3078_260713,4351,0,0,0
2026-08-08 16:14:11,16:00,906987379684182,1팀,120249873291990200,07.크리스피(ASC)(1010)_TROAS_A+SC캠페인_구매최적화_값_표준기여_2992_260705,359,0,0,0
2026-08-08 16:14:11,16:00,906987379684182,1팀,120249873905240200,07.크리스피(ASC)(101010)_TROAS_A+SC캠페인_구매최적화_값_표준기여_2659_260705,438,0,0,0
2026-08-08 16:14:11,16:00,906987379684182,1팀,120249873905280200,07.크리스피(ASC)(101010)_A+SC캠페인_구매최적화_수_표준기여_2659_260705,1282,0,0,0
2026-08-08 16:14:11,16:00,906987379684182,1팀,120249875227840200,16.안심크리스피(ASC)(메가딜)_A+SC캠페인_구매최적화_수_표준기여_2908_260705,3470,0,0,0
2026-08-08 16:14:11,16:00,906987379684182,1팀,120249875227870200,16.안심크리스피(ASC)(메가딜)_TCPA_A+SC캠페인_ALL_C7_수_표준기여_2908_260705,10,0,0,0
2026-08-08 16:14:11,16:00,906987379684182,1팀,120249876219490200,20.김자반밥바(ASC)(메가딜)_A+SC캠페인_구매최적화_수_표준기여_3003_260705,4650,0,0,0
2026-08-08 16:14:11,16:00,906987379684182,1팀,120249876219520200,20.김자반밥바(ASC)(메가딜)_TROAS_A+SC캠페인_구매최적화_값_표준기여_3003_260705,780,0,0,0
2026-08-08 16:14:11,16:00,906987379684182,1팀,120249878429160200,01.통살(ASC)(하이브리드)_TROAS_A+SC캠페인_구매최적화_값_표준기여_3028_260705,3932,0,0,0
2026-08-08 16:14:11,16:00,906987379684182,1팀,120249878429240200,01.통살(ASC)(하이브리드)_A+SC캠페인_구매최적화_수_표준기여_3028_260705,158,0,0,0
2026-08-08 16:14:11,16:00,906987379684182,1팀,120250098930220200,01.통살(ASC)(101010)_TROAS_A+SC캠페인_구매최적화_값_표준기여_2336_260712,4276,0,0,0
2026-08-08 16:14:11,16:00,906987379684182,1팀,120250099159310200,07.크리스피(ASC)(메가딜)_A+SC캠페인_구매최적화_수_표준기여_2464_260712,287,0,0,0
2026-08-08 16:14:11,16:00,906987379684182,1팀,120250099159320200,07.크리스피(ASC)(메가딜)_TROAS_A+SC캠페인_구매최적화_값_표준기여_2464_260712,1926,0,0,0
2026-08-08 16:14:11,16:00,906987379684182,1팀,120250099159330200,07.크리스피(ASC)(메가딜)_TCPA_A+SC캠페인_ALL_C7_수_표준기여_2464_260712,40,0,0,0
2026-08-08 16:14:11,16:00,906987379684182,1팀,120250099335020200,77.프로모션(ASC)(줄리엔강)_TCPA_A+SC캠페인_ALL_C7_수_표준기여_260713,715,0,0,0
2026-08-08 16:14:11,16:00,906987379684182,1팀,120250099335030200,77.프로모션(ASC)(줄리엔강)_TROAS_A+SC캠페인_구매최적화_값_표준기여_260713,2493,0,0,0
2026-08-08 16:14:11,16:00,906987379684182,1팀,120250268133470200,03.닭다리살(ASC)(하이브리드)_TROAS_A+SC캠페인_구매최적화_값_표준기여_3111_260726,703,0,0,0
2026-08-08 16:14:11,16:00,906987379684182,1팀,120250444210730200,20.김자반밥바(ASC)(하이브리드)_TROAS_A+SC캠페인_구매최적화_값_표준기여_3159_260726,523,0,0,0
2026-08-08 16:14:11,16:00,906987379684182,1팀,120250444210740200,20.김자반밥바(ASC)(하이브리드)_A+SC캠페인_구매최적화_수_표준기여_3159_260726,657,0,0,0
2026-08-08 16:14:11,16:00,906987379684182,1팀,120250444210900200,20.김자반밥바(ASC)(하이브리드)_TCPA_A+SC캠페인_ALL_C7_수_표준기여_3159_260726,500,0,0,0
2026-08-08 16:14:11,16:00,906987379684182,1팀,120250444423310200,21.통살+그릴드(ASC)(하이브리드)_TROAS_A+SC캠페인_구매최적화_값_표준기여_3162_260726,386,0,0,0
2026-08-08 16:14:11,16:00,906987379684182,1팀,120250444423320200,21.통살+그릴드(ASC)(하이브리드)_TCPA_A+SC캠페인_ALL_C7_수_표준기여_3162_260726,83,0,0,0
2026-08-08 16:14:11,16:00,906987379684182,1팀,120250444423330200,21.통살+그릴드(ASC)(하이브리드)_A+SC캠페인_구매최적화_수_표준기여_3162_260726,176,0,0,0
2026-08-08 16:14:11,16:00,906987379684182,1팀,120250475752460200,07.크리스피(ASC)(하이브리드)_TROAS_A+SC캠페인_구매최적화_값_표준기여_3078_260722(페르소나),228,0,0,0
2026-08-08 16:14:11,16:00,906987379684182,1팀,120250614451020200,07.크리스피(ASC)(하이브리드)_A+SC캠페인_구매최적화_수_표준기여_3078_260728,1399,0,0,0
2026-08-08 16:14:11,16:00,906987379684182,1팀,120250614451040200,07.크리스피(ASC)(하이브리드)_TROAS_A+SC캠페인_구매최적화_값_표준기여_3078_260728,264,0,0,0
2026-08-08 16:14:11,16:00,906987379684182,1팀,120250614451160200,07.크리스피(ASC)(하이브리드)_TCPA_A+SC캠페인_ALL_C7_수_표준기여_3078_260728,204,0,0,0
2026-08-08 16:14:11,16:00,906987379684182,1팀,120250649570130200,07.크리스피(ASC)(하이브리드)_TROAS_A+SC캠페인_구매최적화_값_표준기여_3078_260802_AI,2072,0,0,0
2026-08-08 16:14:11,16:00,906987379684182,1팀,120250649570150200,07.크리스피(ASC)(하이브리드)_TCPA_A+SC캠페인_ALL_C7_수_표준기여_3078_260802_AI,162,0,0,0
2026-08-08 16:14:11,16:00,906987379684182,1팀,120250649570180200,07.크리스피(ASC)(하이브리드)_A+SC캠페인_구매최적화_수_표준기여_3078_260802_AI,123,0,0,0
2026-08-08 16:14:11,16:00,906987379684182,1팀,120250856737330200,77.프로모션(ASC)(통크크)_TROAS_A+SC캠페인_구매최적화_값_표준기여_260806,441,0,0,0
2026-08-08 16:14:11,16:00,906987379684182,1팀,120250856737340200,77.프로모션(ASC)(통크크)_TCPA_A+SC캠페인_ALL_C7_수_표준기여_260806,176,0,0,0
2026-08-08 16:14:11,16:00,906987379684182,1팀,120250856737350200,77.프로모션(ASC)(통크크)_A+SC캠페인_구매최적화_수_표준기여_260806,5765,0,0,0
2026-08-08 16:14:11,16:00,906987379684182,1팀,120250859367430200,20.김자반밥바(ASC)(하이브리드)_A+SC캠페인_구매최적화_수_가치조정_3159_260806,865,0,0,0
2026-08-08 16:14:11,16:00,906987379684182,1팀,120250859367440200,20.김자반밥바(ASC)(하이브리드)_TCPA_A+SC캠페인_ALL_C7_수_표준기여_3159_260806,617,0,0,0
2026-08-08 16:14:11,16:00,906987379684182,1팀,120250859367470200,20.김자반밥바(ASC)(하이브리드)_TROAS_A+SC캠페인_구매최적화_값_표준기여_3159_260806,452,0,0,0
2026-08-08 16:30:41,16:00,906987379684182,1팀,120228320649100200,01.통살(ASC)(101010)_TCPA16000_A+SC 캠페인_ALL_V1C7_수_표준기여_2336,1928,0,0,0
2026-08-08 16:30:41,16:00,906987379684182,1팀,120228788396590200,01.통살(ASC)(메가딜)_TCPA20000_A+SC 캠페인_ALL_V1C7_수_표준기여_1874,9510,0,0,0
2026-08-08 16:30:41,16:00,906987379684182,1팀,120230755324960200,07.크리스피(ASC)(메가딜)_A+SC 캠페인_구매최적화_수_표준기여_2464,2386,0,0,0
2026-08-08 16:30:41,16:00,906987379684182,1팀,120237509836570200,07.크리스피(ASC)(메가딜)_TCPA16000_A+SC 캠페인_ALL_수_표준기여_2464,18503,1,49750,268.8753175160785
2026-08-08 16:30:41,16:00,906987379684182,1팀,120243001852340200,01.통살(ASC)(101010)_TCPA16000_A+SC 캠페인_ALL_V1C7_수_표준기여_2336_02,3738,0,0,0
2026-08-08 16:30:41,16:00,906987379684182,1팀,120243258462660200,07.크리스피(ASC)(101010)_A+SC 캠페인_구매최적화_수_표준기여_2659_260322,1719,0,0,0
2026-08-08 16:30:41,16:00,906987379684182,1팀,120243592510760200,16.안심크리스피(ASC)(메가딜)_TCPA14000_A+SC 캠페인_ALL_C7_수_표준기여_2863_260327,1118,0,0,0
2026-08-08 16:30:41,16:00,906987379684182,1팀,120244042753880200,07.크리스피(ASC)(메가딜)_TCPA16000_A+SC 캠페인_ALL_수_표준기여_2464_260403,2177,0,0,0
2026-08-08 16:30:41,16:00,906987379684182,1팀,120244128322750200,01.통살(ASC)(101010)_TCPA16000_A+SC 캠페인_ALL_V1C7_수_표준기여_2336_03,1356,0,0,0
2026-08-08 16:30:41,16:00,906987379684182,1팀,120244130427210200,07.크리스피(ASC)(메가딜)_A+SC 캠페인_구매최적화_수_표준기여_2464_260404,26947,0,0,0
2026-08-08 16:30:41,16:00,906987379684182,1팀,120244370408130200,17.안심볶음밥(ASC)(메가딜)_TCPA_A+SC 캠페인_ALL_C7_수_표준기여_2903_260409,1139,0,0,0
2026-08-08 16:30:41,16:00,906987379684182,1팀,120244785115700200,07.크리스피(ASC)(메가딜)_A+SC 캠페인_구매최적화_수_표준기여_2464_260416_intern,2441,0,0,0
2026-08-08 16:30:41,16:00,906987379684182,1팀,120244785115970200,07.크리스피(ASC)(메가딜)_TCPA14000_A+SC 캠페인_ALL_C7_수_표준기여_2464_260416_intern,2340,1,148800,6358.974358974359
2026-08-08 16:30:41,16:00,906987379684182,1팀,120246157174550200,17.안심볶음밥(ASC)(메가딜)_A+SC 캠페인_구매최적화_수_표준기여_2903_260507_남자,2033,1,75500,3713.723561239547
2026-08-08 16:30:41,16:00,906987379684182,1팀,120246224683700200,17.안심볶음밥(ASC)(메가딜)_A+SC 캠페인_구매최적화_수_표준기여_2903_260507_남자_02,6176,0,0,0
2026-08-08 16:30:41,16:00,906987379684182,1팀,120246397028850200,07.크리스피(ASC)(통합)_A+SC 캠페인_구매최적화_수_표준기여_통합_260511,13109,0,0,0
2026-08-08 16:30:41,16:00,906987379684182,1팀,120246898203940200,03.닭다리살(ASC)(1010)_A+SC캠페인_구매최적화_수_표준기여_2604_260519,4765,1,66500,1395.5928646379853
2026-08-08 16:30:41,16:00,906987379684182,1팀,120246898384670200,03.닭다리살(ASC)(1010)_TROAS_A+SC캠페인_구매최적화_값_표준기여_2604_260519,24899,0,0,0
2026-08-08 16:30:41,16:00,906987379684182,1팀,120247354343980200,20.김자반밥바(ASC)(메가딜)_TCPA_A+SC캠페인_ALL_C7_수_표준기여_3003_260527,4661,0,0,0
2026-08-08 16:30:41,16:00,906987379684182,1팀,120247354558020200,20.김자반밥바(ASC)(메가딜)_A+SC캠페인_구매최적화_수_표준기여_3003_260527,16716,1,32900,196.81742043551088
2026-08-08 16:30:41,16:00,906987379684182,1팀,120247379361950200,07.크리스피(ASC)(1010)_A+SC캠페인_구매최적화_수_표준기여_2992_260527,3069,0,0,0
2026-08-08 16:30:41,16:00,906987379684182,1팀,120247379587080200,07.크리스피(ASC)(1010)_TROAS_A+SC캠페인_구매최적화_값_표준기여_2992_260527,4657,0,0,0
2026-08-08 16:30:41,16:00,906987379684182,1팀,120247842896910200,20.김자반밥바(ASC)(메가딜)_A+SC캠페인_구매최적화_수_표준기여_3003_260603,3489,0,0,0
2026-08-08 16:30:41,16:00,906987379684182,1팀,120248207670120200,17.안심볶음밥(ASC)(메가딜)_A+SC 캠페인_구매최적화_수_표준기여_2903_260609_남자(가치조정),8641,0,0,0
2026-08-08 16:30:41,16:00,906987379684182,1팀,120248361514480200,01.통살(ASC)(하이브리드)_TCPA_A+SC캠페인_ALL_C7_수_표준기여_3028_260611,407,0,0,0
2026-08-08 16:30:41,16:00,906987379684182,1팀,120248361514580200,01.통살(ASC)(하이브리드)_TROAS_A+SC캠페인_구매최적화_값_표준기여_3028_260611,1757,0,0,0
2026-08-08 16:30:41,16:00,906987379684182,1팀,120248762624190200,17.안심볶음밥(ASC)(메가딜)_TCPA_A+SC캠페인_ALL_C7_수_표준기여_2903_260705,88,0,0,0
2026-08-08 16:30:41,16:00,906987379684182,1팀,120248762624470200,17.안심볶음밥(ASC)(메가딜)_TROAS_A+SC캠페인_구매최적화_값_표준기여_2903_260705,1463,0,0,0
2026-08-08 16:30:41,16:00,906987379684182,1팀,120248762761370200,17.안심볶음밥(ASC)(메가딜)_A+SC캠페인_구매최적화_수_표준기여_2903_260705,1868,0,0,0
2026-08-08 16:30:41,16:00,906987379684182,1팀,120248762858730200,16.안심크리스피(ASC)(메가딜)_A+SC 캠페인_구매최적화_수_표준기여_2908_260720(페르소나),1951,0,0,0
2026-08-08 16:30:41,16:00,906987379684182,1팀,120248763306900200,16.안심크리스피(ASC)(메가딜)_TCPA_A+SC캠페인_ALL_C7_수_표준기여_2908_260621,1869,0,0,0
2026-08-08 16:30:41,16:00,906987379684182,1팀,120248763797300200,21.통살+그릴드(ASC)(메가딜)_TROAS_A+SC캠페인_구매최적화_값_표준기여_3068_260617,1449,0,0,0
2026-08-08 16:30:41,16:00,906987379684182,1팀,120248763797350200,21.통살+그릴드(ASC)(메가딜)_A+SC캠페인_구매최적화_수_표준기여_3068_260617,836,0,0,0
2026-08-08 16:30:41,16:00,906987379684182,1팀,120249317264110200,07.크리스피(ASC)(하이브리드)_A+SC캠페인_구매최적화_수_표준기여_3078_260713,8361,0,0,0
2026-08-08 16:30:41,16:00,906987379684182,1팀,120249317264120200,07.크리스피(ASC)(하이브리드)_TCPA_A+SC캠페인_ALL_C7_수_표준기여_3078_260713,3581,0,0,0
2026-08-08 16:30:41,16:00,906987379684182,1팀,120249317264140200,07.크리스피(ASC)(하이브리드)_TROAS_A+SC캠페인_구매최적화_값_표준기여_3078_260713,7574,1,59700,788.2228677053076
2026-08-08 16:30:41,16:00,906987379684182,1팀,120249873291990200,07.크리스피(ASC)(1010)_TROAS_A+SC캠페인_구매최적화_값_표준기여_2992_260705,1310,0,0,0
2026-08-08 16:30:41,16:00,906987379684182,1팀,120249873905240200,07.크리스피(ASC)(101010)_TROAS_A+SC캠페인_구매최적화_값_표준기여_2659_260705,1268,0,0,0
2026-08-08 16:30:41,16:00,906987379684182,1팀,120249873905280200,07.크리스피(ASC)(101010)_A+SC캠페인_구매최적화_수_표준기여_2659_260705,3545,0,0,0
2026-08-08 16:30:41,16:00,906987379684182,1팀,120249875227840200,16.안심크리스피(ASC)(메가딜)_A+SC캠페인_구매최적화_수_표준기여_2908_260705,9131,0,0,0
2026-08-08 16:30:41,16:00,906987379684182,1팀,120249875227870200,16.안심크리스피(ASC)(메가딜)_TCPA_A+SC캠페인_ALL_C7_수_표준기여_2908_260705,10,0,0,0
2026-08-08 16:30:41,16:00,906987379684182,1팀,120249876219490200,20.김자반밥바(ASC)(메가딜)_A+SC캠페인_구매최적화_수_표준기여_3003_260705,12524,1,53900,430.37368252954326
2026-08-08 16:30:41,16:00,906987379684182,1팀,120249876219520200,20.김자반밥바(ASC)(메가딜)_TROAS_A+SC캠페인_구매최적화_값_표준기여_3003_260705,1877,0,0,0
2026-08-08 16:30:41,16:00,906987379684182,1팀,120249878429160200,01.통살(ASC)(하이브리드)_TROAS_A+SC캠페인_구매최적화_값_표준기여_3028_260705,10428,2,119200,1143.0763329497506
2026-08-08 16:30:41,16:00,906987379684182,1팀,120249878429240200,01.통살(ASC)(하이브리드)_A+SC캠페인_구매최적화_수_표준기여_3028_260705,927,0,0,0
2026-08-08 16:30:41,16:00,906987379684182,1팀,120250098930220200,01.통살(ASC)(101010)_TROAS_A+SC캠페인_구매최적화_값_표준기여_2336_260712,12476,0,0,0
2026-08-08 16:30:41,16:00,906987379684182,1팀,120250099159310200,07.크리스피(ASC)(메가딜)_A+SC캠페인_구매최적화_수_표준기여_2464_260712,1550,0,0,0
2026-08-08 16:30:41,16:00,906987379684182,1팀,120250099159320200,07.크리스피(ASC)(메가딜)_TROAS_A+SC캠페인_구매최적화_값_표준기여_2464_260712,4903,0,0,0
2026-08-08 16:30:41,16:00,906987379684182,1팀,120250099159330200,07.크리스피(ASC)(메가딜)_TCPA_A+SC캠페인_ALL_C7_수_표준기여_2464_260712,132,0,0,0
2026-08-08 16:30:41,16:00,906987379684182,1팀,120250099335020200,77.프로모션(ASC)(줄리엔강)_TCPA_A+SC캠페인_ALL_C7_수_표준기여_260713,1518,0,0,0
2026-08-08 16:30:41,16:00,906987379684182,1팀,120250099335030200,77.프로모션(ASC)(줄리엔강)_TROAS_A+SC캠페인_구매최적화_값_표준기여_260713,7665,0,0,0
2026-08-08 16:30:41,16:00,906987379684182,1팀,120250268133470200,03.닭다리살(ASC)(하이브리드)_TROAS_A+SC캠페인_구매최적화_값_표준기여_3111_260726,2318,0,0,0
2026-08-08 16:30:41,16:00,906987379684182,1팀,120250444210730200,20.김자반밥바(ASC)(하이브리드)_TROAS_A+SC캠페인_구매최적화_값_표준기여_3159_260726,1808,0,0,0
2026-08-08 16:30:41,16:00,906987379684182,1팀,120250444210740200,20.김자반밥바(ASC)(하이브리드)_A+SC캠페인_구매최적화_수_표준기여_3159_260726,2137,0,0,0
2026-08-08 16:30:41,16:00,906987379684182,1팀,120250444210900200,20.김자반밥바(ASC)(하이브리드)_TCPA_A+SC캠페인_ALL_C7_수_표준기여_3159_260726,530,0,0,0
2026-08-08 16:30:41,16:00,906987379684182,1팀,120250444423310200,21.통살+그릴드(ASC)(하이브리드)_TROAS_A+SC캠페인_구매최적화_값_표준기여_3162_260726,1309,0,0,0
2026-08-08 16:30:41,16:00,906987379684182,1팀,120250444423320200,21.통살+그릴드(ASC)(하이브리드)_TCPA_A+SC캠페인_ALL_C7_수_표준기여_3162_260726,491,0,0,0
2026-08-08 16:30:41,16:00,906987379684182,1팀,120250444423330200,21.통살+그릴드(ASC)(하이브리드)_A+SC캠페인_구매최적화_수_표준기여_3162_260726,1122,0,0,0
2026-08-08 16:30:41,16:00,906987379684182,1팀,120250475752460200,07.크리스피(ASC)(하이브리드)_TROAS_A+SC캠페인_구매최적화_값_표준기여_3078_260722(페르소나),415,0,0,0
2026-08-08 16:30:41,16:00,906987379684182,1팀,120250614451020200,07.크리스피(ASC)(하이브리드)_A+SC캠페인_구매최적화_수_표준기여_3078_260728,4335,0,0,0
2026-08-08 16:30:41,16:00,906987379684182,1팀,120250614451040200,07.크리스피(ASC)(하이브리드)_TROAS_A+SC캠페인_구매최적화_값_표준기여_3078_260728,498,0,0,0
2026-08-08 16:30:41,16:00,906987379684182,1팀,120250614451160200,07.크리스피(ASC)(하이브리드)_TCPA_A+SC캠페인_ALL_C7_수_표준기여_3078_260728,208,0,0,0
2026-08-08 16:30:41,16:00,906987379684182,1팀,120250649570130200,07.크리스피(ASC)(하이브리드)_TROAS_A+SC캠페인_구매최적화_값_표준기여_3078_260802_AI,4630,0,0,0
2026-08-08 16:30:41,16:00,906987379684182,1팀,120250649570150200,07.크리스피(ASC)(하이브리드)_TCPA_A+SC캠페인_ALL_C7_수_표준기여_3078_260802_AI,593,0,0,0
2026-08-08 16:30:41,16:00,906987379684182,1팀,120250649570180200,07.크리스피(ASC)(하이브리드)_A+SC캠페인_구매최적화_수_표준기여_3078_260802_AI,1190,0,0,0
2026-08-08 16:30:41,16:00,906987379684182,1팀,120250856737330200,77.프로모션(ASC)(통크크)_TROAS_A+SC캠페인_구매최적화_값_표준기여_260806,1972,0,0,0
2026-08-08 16:30:41,16:00,906987379684182,1팀,120250856737340200,77.프로모션(ASC)(통크크)_TCPA_A+SC캠페인_ALL_C7_수_표준기여_260806,562,0,0,0
2026-08-08 16:30:41,16:00,906987379684182,1팀,120250856737350200,77.프로모션(ASC)(통크크)_A+SC캠페인_구매최적화_수_표준기여_260806,14163,0,0,0
2026-08-08 16:30:41,16:00,906987379684182,1팀,120250859367430200,20.김자반밥바(ASC)(하이브리드)_A+SC캠페인_구매최적화_수_가치조정_3159_260806,1706,0,0,0
2026-08-08 16:30:41,16:00,906987379684182,1팀,120250859367440200,20.김자반밥바(ASC)(하이브리드)_TCPA_A+SC캠페인_ALL_C7_수_표준기여_3159_260806,1694,0,0,0
2026-08-08 16:30:41,16:00,906987379684182,1팀,120250859367470200,20.김자반밥바(ASC)(하이브리드)_TROAS_A+SC캠페인_구매최적화_값_표준기여_3159_260806,1290,0,0,0
2026-08-08 17:03:42,17:00,906987379684182,1팀,120248361514480200,01.통살(ASC)(하이브리드)_TCPA_A+SC캠페인_ALL_C7_수_표준기여_3028_260611,26,0,0,0
2026-08-08 17:03:42,17:00,906987379684182,1팀,120249875227840200,16.안심크리스피(ASC)(메가딜)_A+SC캠페인_구매최적화_수_표준기여_2908_260705,382,0,0,0
2026-08-08 17:03:42,17:00,906987379684182,1팀,120250099159310200,07.크리스피(ASC)(메가딜)_A+SC캠페인_구매최적화_수_표준기여_2464_260712,90,0,0,0
2026-08-08 17:03:42,17:00,906987379684182,1팀,120250444210900200,20.김자반밥바(ASC)(하이브리드)_TCPA_A+SC캠페인_ALL_C7_수_표준기여_3159_260726,21,0,0,0
2026-08-08 17:03:42,17:00,906987379684182,1팀,120250649570130200,07.크리스피(ASC)(하이브리드)_TROAS_A+SC캠페인_구매최적화_값_표준기여_3078_260802_AI,108,0,0,0
2026-08-08 17:30:35,17:00,906987379684182,1팀,120228320649100200,01.통살(ASC)(101010)_TCPA16000_A+SC 캠페인_ALL_V1C7_수_표준기여_2336,599,0,0,0
2026-08-08 17:30:35,17:00,906987379684182,1팀,120228788396590200,01.통살(ASC)(메가딜)_TCPA20000_A+SC 캠페인_ALL_V1C7_수_표준기여_1874,3032,1,111200,3667.5461741424806
2026-08-08 17:30:35,17:00,906987379684182,1팀,120230755324960200,07.크리스피(ASC)(메가딜)_A+SC 캠페인_구매최적화_수_표준기여_2464,2134,0,0,0
2026-08-08 17:30:35,17:00,906987379684182,1팀,120237509836570200,07.크리스피(ASC)(메가딜)_TCPA16000_A+SC 캠페인_ALL_수_표준기여_2464,2542,0,0,0
2026-08-08 17:30:35,17:00,906987379684182,1팀,120243001852340200,01.통살(ASC)(101010)_TCPA16000_A+SC 캠페인_ALL_V1C7_수_표준기여_2336_02,1519,0,0,0
2026-08-08 17:30:35,17:00,906987379684182,1팀,120243258462660200,07.크리스피(ASC)(101010)_A+SC 캠페인_구매최적화_수_표준기여_2659_260322,1577,0,0,0
2026-08-08 17:30:35,17:00,906987379684182,1팀,120243592510760200,16.안심크리스피(ASC)(메가딜)_TCPA14000_A+SC 캠페인_ALL_C7_수_표준기여_2863_260327,454,0,0,0
2026-08-08 17:30:35,17:00,906987379684182,1팀,120244042753880200,07.크리스피(ASC)(메가딜)_TCPA16000_A+SC 캠페인_ALL_수_표준기여_2464_260403,1584,0,0,0
2026-08-08 17:30:35,17:00,906987379684182,1팀,120244128322750200,01.통살(ASC)(101010)_TCPA16000_A+SC 캠페인_ALL_V1C7_수_표준기여_2336_03,322,0,0,0
2026-08-08 17:30:35,17:00,906987379684182,1팀,120244130427210200,07.크리스피(ASC)(메가딜)_A+SC 캠페인_구매최적화_수_표준기여_2464_260404,16537,0,0,0
2026-08-08 17:30:35,17:00,906987379684182,1팀,120244370408130200,17.안심볶음밥(ASC)(메가딜)_TCPA_A+SC 캠페인_ALL_C7_수_표준기여_2903_260409,660,0,0,0
2026-08-08 17:30:35,17:00,906987379684182,1팀,120244785115700200,07.크리스피(ASC)(메가딜)_A+SC 캠페인_구매최적화_수_표준기여_2464_260416_intern,1340,0,0,0
2026-08-08 17:30:35,17:00,906987379684182,1팀,120244785115970200,07.크리스피(ASC)(메가딜)_TCPA14000_A+SC 캠페인_ALL_C7_수_표준기여_2464_260416_intern,855,0,0,0
2026-08-08 17:30:35,17:00,906987379684182,1팀,120246157174550200,17.안심볶음밥(ASC)(메가딜)_A+SC 캠페인_구매최적화_수_표준기여_2903_260507_남자,1387,0,0,0
2026-08-08 17:30:35,17:00,906987379684182,1팀,120246224683700200,17.안심볶음밥(ASC)(메가딜)_A+SC 캠페인_구매최적화_수_표준기여_2903_260507_남자_02,3567,0,0,0
2026-08-08 17:30:35,17:00,906987379684182,1팀,120246397028850200,07.크리스피(ASC)(통합)_A+SC 캠페인_구매최적화_수_표준기여_통합_260511,29952,0,0,0
2026-08-08 17:30:35,17:00,906987379684182,1팀,120246898203940200,03.닭다리살(ASC)(1010)_A+SC캠페인_구매최적화_수_표준기여_2604_260519,2170,0,0,0
2026-08-08 17:30:35,17:00,906987379684182,1팀,120246898384670200,03.닭다리살(ASC)(1010)_TROAS_A+SC캠페인_구매최적화_값_표준기여_2604_260519,18965,0,0,0
2026-08-08 17:30:35,17:00,906987379684182,1팀,120247354343980200,20.김자반밥바(ASC)(메가딜)_TCPA_A+SC캠페인_ALL_C7_수_표준기여_3003_260527,1106,0,0,0
2026-08-08 17:30:35,17:00,906987379684182,1팀,120247354558020200,20.김자반밥바(ASC)(메가딜)_A+SC캠페인_구매최적화_수_표준기여_3003_260527,14379,2,101300,704.4996174977397
2026-08-08 17:30:35,17:00,906987379684182,1팀,120247379361950200,07.크리스피(ASC)(1010)_A+SC캠페인_구매최적화_수_표준기여_2992_260527,5748,2,74300,1292.6235212247739
2026-08-08 17:30:35,17:00,906987379684182,1팀,120247379587080200,07.크리스피(ASC)(1010)_TROAS_A+SC캠페인_구매최적화_값_표준기여_2992_260527,1816,0,0,0
2026-08-08 17:30:35,17:00,906987379684182,1팀,120247842896910200,20.김자반밥바(ASC)(메가딜)_A+SC캠페인_구매최적화_수_표준기여_3003_260603,2268,0,0,0
2026-08-08 17:30:35,17:00,906987379684182,1팀,120248207670120200,17.안심볶음밥(ASC)(메가딜)_A+SC 캠페인_구매최적화_수_표준기여_2903_260609_남자(가치조정),6855,0,0,0
2026-08-08 17:30:35,17:00,906987379684182,1팀,120248361514480200,01.통살(ASC)(하이브리드)_TCPA_A+SC캠페인_ALL_C7_수_표준기여_3028_260611,352,0,0,0
2026-08-08 17:30:35,17:00,906987379684182,1팀,120248361514580200,01.통살(ASC)(하이브리드)_TROAS_A+SC캠페인_구매최적화_값_표준기여_3028_260611,1640,0,0,0
2026-08-08 17:30:35,17:00,906987379684182,1팀,120248762624190200,17.안심볶음밥(ASC)(메가딜)_TCPA_A+SC캠페인_ALL_C7_수_표준기여_2903_260705,48,0,0,0
2026-08-08 17:30:35,17:00,906987379684182,1팀,120248762624470200,17.안심볶음밥(ASC)(메가딜)_TROAS_A+SC캠페인_구매최적화_값_표준기여_2903_260705,1270,0,0,0
2026-08-08 17:30:35,17:00,906987379684182,1팀,120248762761370200,17.안심볶음밥(ASC)(메가딜)_A+SC캠페인_구매최적화_수_표준기여_2903_260705,825,0,0,0
2026-08-08 17:30:35,17:00,906987379684182,1팀,120248762858730200,16.안심크리스피(ASC)(메가딜)_A+SC 캠페인_구매최적화_수_표준기여_2908_260720(페르소나),550,0,0,0
2026-08-08 17:30:35,17:00,906987379684182,1팀,120248763306900200,16.안심크리스피(ASC)(메가딜)_TCPA_A+SC캠페인_ALL_C7_수_표준기여_2908_260621,434,0,0,0
2026-08-08 17:30:35,17:00,906987379684182,1팀,120248763797300200,21.통살+그릴드(ASC)(메가딜)_TROAS_A+SC캠페인_구매최적화_값_표준기여_3068_260617,529,0,0,0
2026-08-08 17:30:35,17:00,906987379684182,1팀,120248763797350200,21.통살+그릴드(ASC)(메가딜)_A+SC캠페인_구매최적화_수_표준기여_3068_260617,646,0,0,0
2026-08-08 17:30:35,17:00,906987379684182,1팀,120249317264110200,07.크리스피(ASC)(하이브리드)_A+SC캠페인_구매최적화_수_표준기여_3078_260713,2186,0,0,0
2026-08-08 17:30:35,17:00,906987379684182,1팀,120249317264120200,07.크리스피(ASC)(하이브리드)_TCPA_A+SC캠페인_ALL_C7_수_표준기여_3078_260713,575,0,0,0
2026-08-08 17:30:35,17:00,906987379684182,1팀,120249317264140200,07.크리스피(ASC)(하이브리드)_TROAS_A+SC캠페인_구매최적화_값_표준기여_3078_260713,4224,0,0,0
2026-08-08 17:30:35,17:00,906987379684182,1팀,120249873291990200,07.크리스피(ASC)(1010)_TROAS_A+SC캠페인_구매최적화_값_표준기여_2992_260705,1185,0,0,0
2026-08-08 17:30:35,17:00,906987379684182,1팀,120249873905240200,07.크리스피(ASC)(101010)_TROAS_A+SC캠페인_구매최적화_값_표준기여_2659_260705,1536,0,0,0
2026-08-08 17:30:35,17:00,906987379684182,1팀,120249873905280200,07.크리스피(ASC)(101010)_A+SC캠페인_구매최적화_수_표준기여_2659_260705,5101,0,0,0
2026-08-08 17:30:35,17:00,906987379684182,1팀,120249875227840200,16.안심크리스피(ASC)(메가딜)_A+SC캠페인_구매최적화_수_표준기여_2908_260705,6150,0,0,0
2026-08-08 17:30:35,17:00,906987379684182,1팀,120249875227870200,16.안심크리스피(ASC)(메가딜)_TCPA_A+SC캠페인_ALL_C7_수_표준기여_2908_260705,6,0,0,0
2026-08-08 17:30:35,17:00,906987379684182,1팀,120249876219490200,20.김자반밥바(ASC)(메가딜)_A+SC캠페인_구매최적화_수_표준기여_3003_260705,9657,0,0,0
2026-08-08 17:30:35,17:00,906987379684182,1팀,120249876219520200,20.김자반밥바(ASC)(메가딜)_TROAS_A+SC캠페인_구매최적화_값_표준기여_3003_260705,430,0,0,0
2026-08-08 17:30:35,17:00,906987379684182,1팀,120249878429160200,01.통살(ASC)(하이브리드)_TROAS_A+SC캠페인_구매최적화_값_표준기여_3028_260705,5968,0,0,0
2026-08-08 17:30:35,17:00,906987379684182,1팀,120249878429240200,01.통살(ASC)(하이브리드)_A+SC캠페인_구매최적화_수_표준기여_3028_260705,1022,0,0,0
2026-08-08 17:30:35,17:00,906987379684182,1팀,120250098930220200,01.통살(ASC)(101010)_TROAS_A+SC캠페인_구매최적화_값_표준기여_2336_260712,864,0,0,0
2026-08-08 17:30:35,17:00,906987379684182,1팀,120250099159310200,07.크리스피(ASC)(메가딜)_A+SC캠페인_구매최적화_수_표준기여_2464_260712,1223,0,0,0
2026-08-08 17:30:35,17:00,906987379684182,1팀,120250099159320200,07.크리스피(ASC)(메가딜)_TROAS_A+SC캠페인_구매최적화_값_표준기여_2464_260712,10302,0,0,0
2026-08-08 17:30:35,17:00,906987379684182,1팀,120250099159330200,07.크리스피(ASC)(메가딜)_TCPA_A+SC캠페인_ALL_C7_수_표준기여_2464_260712,179,0,0,0
2026-08-08 17:30:35,17:00,906987379684182,1팀,120250099335020200,77.프로모션(ASC)(줄리엔강)_TCPA_A+SC캠페인_ALL_C7_수_표준기여_260713,2828,0,0,0
2026-08-08 17:30:35,17:00,906987379684182,1팀,120250099335030200,77.프로모션(ASC)(줄리엔강)_TROAS_A+SC캠페인_구매최적화_값_표준기여_260713,3481,0,0,0
2026-08-08 17:30:35,17:00,906987379684182,1팀,120250268133470200,03.닭다리살(ASC)(하이브리드)_TROAS_A+SC캠페인_구매최적화_값_표준기여_3111_260726,1405,0,0,0
2026-08-08 17:30:35,17:00,906987379684182,1팀,120250444210730200,20.김자반밥바(ASC)(하이브리드)_TROAS_A+SC캠페인_구매최적화_값_표준기여_3159_260726,1191,0,0,0
2026-08-08 17:30:35,17:00,906987379684182,1팀,120250444210740200,20.김자반밥바(ASC)(하이브리드)_A+SC캠페인_구매최적화_수_표준기여_3159_260726,1349,0,0,0
2026-08-08 17:30:35,17:00,906987379684182,1팀,120250444210900200,20.김자반밥바(ASC)(하이브리드)_TCPA_A+SC캠페인_ALL_C7_수_표준기여_3159_260726,440,0,0,0
2026-08-08 17:30:35,17:00,906987379684182,1팀,120250444423310200,21.통살+그릴드(ASC)(하이브리드)_TROAS_A+SC캠페인_구매최적화_값_표준기여_3162_260726,880,0,0,0
2026-08-08 17:30:35,17:00,906987379684182,1팀,120250444423320200,21.통살+그릴드(ASC)(하이브리드)_TCPA_A+SC캠페인_ALL_C7_수_표준기여_3162_260726,403,0,0,0
2026-08-08 17:30:35,17:00,906987379684182,1팀,120250444423330200,21.통살+그릴드(ASC)(하이브리드)_A+SC캠페인_구매최적화_수_표준기여_3162_260726,956,0,0,0
2026-08-08 17:30:35,17:00,906987379684182,1팀,120250475752460200,07.크리스피(ASC)(하이브리드)_TROAS_A+SC캠페인_구매최적화_값_표준기여_3078_260722(페르소나),192,0,0,0
2026-08-08 17:30:35,17:00,906987379684182,1팀,120250614451020200,07.크리스피(ASC)(하이브리드)_A+SC캠페인_구매최적화_수_표준기여_3078_260728,1326,0,0,0
2026-08-08 17:30:35,17:00,906987379684182,1팀,120250614451040200,07.크리스피(ASC)(하이브리드)_TROAS_A+SC캠페인_구매최적화_값_표준기여_3078_260728,1291,0,0,0
2026-08-08 17:30:35,17:00,906987379684182,1팀,120250614451160200,07.크리스피(ASC)(하이브리드)_TCPA_A+SC캠페인_ALL_C7_수_표준기여_3078_260728,3,0,0,0
2026-08-08 17:30:35,17:00,906987379684182,1팀,120250649570130200,07.크리스피(ASC)(하이브리드)_TROAS_A+SC캠페인_구매최적화_값_표준기여_3078_260802_AI,2187,0,0,0
2026-08-08 17:30:35,17:00,906987379684182,1팀,120250649570150200,07.크리스피(ASC)(하이브리드)_TCPA_A+SC캠페인_ALL_C7_수_표준기여_3078_260802_AI,439,0,0,0
2026-08-08 17:30:35,17:00,906987379684182,1팀,120250649570180200,07.크리스피(ASC)(하이브리드)_A+SC캠페인_구매최적화_수_표준기여_3078_260802_AI,932,0,0,0
2026-08-08 17:30:35,17:00,906987379684182,1팀,120250856737330200,77.프로모션(ASC)(통크크)_TROAS_A+SC캠페인_구매최적화_값_표준기여_260806,1043,0,0,0
2026-08-08 17:30:35,17:00,906987379684182,1팀,120250856737340200,77.프로모션(ASC)(통크크)_TCPA_A+SC캠페인_ALL_C7_수_표준기여_260806,353,0,0,0
2026-08-08 17:30:35,17:00,906987379684182,1팀,120250856737350200,77.프로모션(ASC)(통크크)_A+SC캠페인_구매최적화_수_표준기여_260806,15630,0,0,0
2026-08-08 17:30:35,17:00,906987379684182,1팀,120250859367430200,20.김자반밥바(ASC)(하이브리드)_A+SC캠페인_구매최적화_수_가치조정_3159_260806,1336,0,0,0
2026-08-08 17:30:35,17:00,906987379684182,1팀,120250859367440200,20.김자반밥바(ASC)(하이브리드)_TCPA_A+SC캠페인_ALL_C7_수_표준기여_3159_260806,1534,0,0,0
2026-08-08 17:30:35,17:00,906987379684182,1팀,120250859367470200,20.김자반밥바(ASC)(하이브리드)_TROAS_A+SC캠페인_구매최적화_값_표준기여_3159_260806,762,0,0,0
2026-08-08 17:57:27,17:00,906987379684182,1팀,120228320649100200,01.통살(ASC)(101010)_TCPA16000_A+SC 캠페인_ALL_V1C7_수_표준기여_2336,1687,0,0,0
2026-08-08 17:57:27,17:00,906987379684182,1팀,120228788396590200,01.통살(ASC)(메가딜)_TCPA20000_A+SC 캠페인_ALL_V1C7_수_표준기여_1874,11217,1,111200,991.3524115182313
2026-08-08 17:57:27,17:00,906987379684182,1팀,120230755324960200,07.크리스피(ASC)(메가딜)_A+SC 캠페인_구매최적화_수_표준기여_2464,5937,0,0,0
2026-08-08 17:57:27,17:00,906987379684182,1팀,120237509836570200,07.크리스피(ASC)(메가딜)_TCPA16000_A+SC 캠페인_ALL_수_표준기여_2464,10584,1,59800,565.0037792894935
2026-08-08 17:57:27,17:00,906987379684182,1팀,120243001852340200,01.통살(ASC)(101010)_TCPA16000_A+SC 캠페인_ALL_V1C7_수_표준기여_2336_02,4293,1,79900,1861.1693454460749
2026-08-08 17:57:27,17:00,906987379684182,1팀,120243258462660200,07.크리스피(ASC)(101010)_A+SC 캠페인_구매최적화_수_표준기여_2659_260322,4442,1,65900,1483.5659612787033
2026-08-08 17:57:27,17:00,906987379684182,1팀,120243592510760200,16.안심크리스피(ASC)(메가딜)_TCPA14000_A+SC 캠페인_ALL_C7_수_표준기여_2863_260327,1511,0,0,0
2026-08-08 17:57:27,17:00,906987379684182,1팀,120244042753880200,07.크리스피(ASC)(메가딜)_TCPA16000_A+SC 캠페인_ALL_수_표준기여_2464_260403,4352,0,0,0
2026-08-08 17:57:27,17:00,906987379684182,1팀,120244128322750200,01.통살(ASC)(101010)_TCPA16000_A+SC 캠페인_ALL_V1C7_수_표준기여_2336_03,606,0,0,0
2026-08-08 17:57:27,17:00,906987379684182,1팀,120244130427210200,07.크리스피(ASC)(메가딜)_A+SC 캠페인_구매최적화_수_표준기여_2464_260404,59559,1,77600,130.29097197736698
2026-08-08 17:57:27,17:00,906987379684182,1팀,120244370408130200,17.안심볶음밥(ASC)(메가딜)_TCPA_A+SC 캠페인_ALL_C7_수_표준기여_2903_260409,1564,0,0,0
2026-08-08 17:57:27,17:00,906987379684182,1팀,120244785115700200,07.크리스피(ASC)(메가딜)_A+SC 캠페인_구매최적화_수_표준기여_2464_260416_intern,3845,0,0,0
2026-08-08 17:57:27,17:00,906987379684182,1팀,120244785115970200,07.크리스피(ASC)(메가딜)_TCPA14000_A+SC 캠페인_ALL_C7_수_표준기여_2464_260416_intern,2426,0,0,0
2026-08-08 17:57:27,17:00,906987379684182,1팀,120246157174550200,17.안심볶음밥(ASC)(메가딜)_A+SC 캠페인_구매최적화_수_표준기여_2903_260507_남자,5300,0,0,0
2026-08-08 17:57:27,17:00,906987379684182,1팀,120246224683700200,17.안심볶음밥(ASC)(메가딜)_A+SC 캠페인_구매최적화_수_표준기여_2903_260507_남자_02,15706,0,0,0
2026-08-08 17:57:27,17:00,906987379684182,1팀,120246397028850200,07.크리스피(ASC)(통합)_A+SC 캠페인_구매최적화_수_표준기여_통합_260511,102866,3,219300,213.18997530768183
2026-08-08 17:57:27,17:00,906987379684182,1팀,120246898203940200,03.닭다리살(ASC)(1010)_A+SC캠페인_구매최적화_수_표준기여_2604_260519,6933,0,0,0
2026-08-08 17:57:27,17:00,906987379684182,1팀,120246898384670200,03.닭다리살(ASC)(1010)_TROAS_A+SC캠페인_구매최적화_값_표준기여_2604_260519,58350,2,101800,174.46443873179092
2026-08-08 17:57:27,17:00,906987379684182,1팀,120247354343980200,20.김자반밥바(ASC)(메가딜)_TCPA_A+SC캠페인_ALL_C7_수_표준기여_3003_260527,3652,0,0,0
2026-08-08 17:57:27,17:00,906987379684182,1팀,120247354558020200,20.김자반밥바(ASC)(메가딜)_A+SC캠페인_구매최적화_수_표준기여_3003_260527,47180,3,184600,391.26748622297583
2026-08-08 17:57:27,17:00,906987379684182,1팀,120247379361950200,07.크리스피(ASC)(1010)_A+SC캠페인_구매최적화_수_표준기여_2992_260527,8619,2,74300,862.048961596473
2026-08-08 17:57:27,17:00,906987379684182,1팀,120247379587080200,07.크리스피(ASC)(1010)_TROAS_A+SC캠페인_구매최적화_값_표준기여_2992_260527,5095,0,0,0
2026-08-08 17:57:27,17:00,906987379684182,1팀,120247842896910200,20.김자반밥바(ASC)(메가딜)_A+SC캠페인_구매최적화_수_표준기여_3003_260603,7453,2,40900,548.772306453777
2026-08-08 17:57:27,17:00,906987379684182,1팀,120248207670120200,17.안심볶음밥(ASC)(메가딜)_A+SC 캠페인_구매최적화_수_표준기여_2903_260609_남자(가치조정),13165,0,0,0
2026-08-08 17:57:27,17:00,906987379684182,1팀,120248361514480200,01.통살(ASC)(하이브리드)_TCPA_A+SC캠페인_ALL_C7_수_표준기여_3028_260611,2486,0,0,0
2026-08-08 17:57:27,17:00,906987379684182,1팀,120248361514580200,01.통살(ASC)(하이브리드)_TROAS_A+SC캠페인_구매최적화_값_표준기여_3028_260611,4422,0,0,0
2026-08-08 17:57:27,17:00,906987379684182,1팀,120248762624190200,17.안심볶음밥(ASC)(메가딜)_TCPA_A+SC캠페인_ALL_C7_수_표준기여_2903_260705,94,0,0,0
2026-08-08 17:57:27,17:00,906987379684182,1팀,120248762624470200,17.안심볶음밥(ASC)(메가딜)_TROAS_A+SC캠페인_구매최적화_값_표준기여_2903_260705,3945,0,0,0
2026-08-08 17:57:27,17:00,906987379684182,1팀,120248762761370200,17.안심볶음밥(ASC)(메가딜)_A+SC캠페인_구매최적화_수_표준기여_2903_260705,2608,0,0,0
2026-08-08 17:57:27,17:00,906987379684182,1팀,120248762858730200,16.안심크리스피(ASC)(메가딜)_A+SC 캠페인_구매최적화_수_표준기여_2908_260720(페르소나),2306,0,0,0
2026-08-08 17:57:27,17:00,906987379684182,1팀,120248763306900200,16.안심크리스피(ASC)(메가딜)_TCPA_A+SC캠페인_ALL_C7_수_표준기여_2908_260621,1426,0,0,0
2026-08-08 17:57:27,17:00,906987379684182,1팀,120248763797300200,21.통살+그릴드(ASC)(메가딜)_TROAS_A+SC캠페인_구매최적화_값_표준기여_3068_260617,1132,0,0,0
2026-08-08 17:57:27,17:00,906987379684182,1팀,120248763797350200,21.통살+그릴드(ASC)(메가딜)_A+SC캠페인_구매최적화_수_표준기여_3068_260617,1806,0,0,0
2026-08-08 17:57:27,17:00,906987379684182,1팀,120249317264110200,07.크리스피(ASC)(하이브리드)_A+SC캠페인_구매최적화_수_표준기여_3078_260713,8148,0,0,0
2026-08-08 17:57:27,17:00,906987379684182,1팀,120249317264120200,07.크리스피(ASC)(하이브리드)_TCPA_A+SC캠페인_ALL_C7_수_표준기여_3078_260713,2780,0,0,0
2026-08-08 17:57:27,17:00,906987379684182,1팀,120249317264140200,07.크리스피(ASC)(하이브리드)_TROAS_A+SC캠페인_구매최적화_값_표준기여_3078_260713,11325,0,0,0
2026-08-08 17:57:27,17:00,906987379684182,1팀,120249873027780200,03.닭다리살(ASC)(1010)_TCPA_A+SC캠페인_ALL_C7_수_표준기여_2604_260719,0,0,0,0
2026-08-08 17:57:27,17:00,906987379684182,1팀,120249873291990200,07.크리스피(ASC)(1010)_TROAS_A+SC캠페인_구매최적화_값_표준기여_2992_260705,2740,0,0,0
2026-08-08 17:57:27,17:00,906987379684182,1팀,120249873905240200,07.크리스피(ASC)(101010)_TROAS_A+SC캠페인_구매최적화_값_표준기여_2659_260705,4020,1,63900,1589.55223880597
2026-08-08 17:57:27,17:00,906987379684182,1팀,120249873905280200,07.크리스피(ASC)(101010)_A+SC캠페인_구매최적화_수_표준기여_2659_260705,9984,0,0,0
2026-08-08 17:57:27,17:00,906987379684182,1팀,120249875227840200,16.안심크리스피(ASC)(메가딜)_A+SC캠페인_구매최적화_수_표준기여_2908_260705,18322,0,0,0
2026-08-08 17:57:27,17:00,906987379684182,1팀,120249875227870200,16.안심크리스피(ASC)(메가딜)_TCPA_A+SC캠페인_ALL_C7_수_표준기여_2908_260705,218,0,0,0
2026-08-08 17:57:27,17:00,906987379684182,1팀,120249876219490200,20.김자반밥바(ASC)(메가딜)_A+SC캠페인_구매최적화_수_표준기여_3003_260705,27052,1,32900,121.61762531420968
2026-08-08 17:57:27,17:00,906987379684182,1팀,120249876219520200,20.김자반밥바(ASC)(메가딜)_TROAS_A+SC캠페인_구매최적화_값_표준기여_3003_260705,1644,0,0,0
2026-08-08 17:57:27,17:00,906987379684182,1팀,120249878429160200,01.통살(ASC)(하이브리드)_TROAS_A+SC캠페인_구매최적화_값_표준기여_3028_260705,13799,1,66500,481.9189796362055
2026-08-08 17:57:27,17:00,906987379684182,1팀,120249878429240200,01.통살(ASC)(하이브리드)_A+SC캠페인_구매최적화_수_표준기여_3028_260705,2864,0,0,0
2026-08-08 17:57:27,17:00,906987379684182,1팀,120250098930220200,01.통살(ASC)(101010)_TROAS_A+SC캠페인_구매최적화_값_표준기여_2336_260712,2571,0,0,0
2026-08-08 17:57:27,17:00,906987379684182,1팀,120250099159310200,07.크리스피(ASC)(메가딜)_A+SC캠페인_구매최적화_수_표준기여_2464_260712,2749,0,0,0
2026-08-08 17:57:27,17:00,906987379684182,1팀,120250099159320200,07.크리스피(ASC)(메가딜)_TROAS_A+SC캠페인_구매최적화_값_표준기여_2464_260712,30491,0,0,0
2026-08-08 17:57:27,17:00,906987379684182,1팀,120250099159330200,07.크리스피(ASC)(메가딜)_TCPA_A+SC캠페인_ALL_C7_수_표준기여_2464_260712,604,0,0,0
2026-08-08 17:57:27,17:00,906987379684182,1팀,120250099335020200,77.프로모션(ASC)(줄리엔강)_TCPA_A+SC캠페인_ALL_C7_수_표준기여_260713,7591,0,0,0
2026-08-08 17:57:27,17:00,906987379684182,1팀,120250099335030200,77.프로모션(ASC)(줄리엔강)_TROAS_A+SC캠페인_구매최적화_값_표준기여_260713,10341,0,0,0
2026-08-08 17:57:27,17:00,906987379684182,1팀,120250268133470200,03.닭다리살(ASC)(하이브리드)_TROAS_A+SC캠페인_구매최적화_값_표준기여_3111_260726,4223,0,0,0
2026-08-08 17:57:27,17:00,906987379684182,1팀,120250444210730200,20.김자반밥바(ASC)(하이브리드)_TROAS_A+SC캠페인_구매최적화_값_표준기여_3159_260726,3847,0,0,0
2026-08-08 17:57:27,17:00,906987379684182,1팀,120250444210740200,20.김자반밥바(ASC)(하이브리드)_A+SC캠페인_구매최적화_수_표준기여_3159_260726,3436,0,0,0
2026-08-08 17:57:27,17:00,906987379684182,1팀,120250444210900200,20.김자반밥바(ASC)(하이브리드)_TCPA_A+SC캠페인_ALL_C7_수_표준기여_3159_260726,1378,0,0,0
2026-08-08 17:57:27,17:00,906987379684182,1팀,120250444423310200,21.통살+그릴드(ASC)(하이브리드)_TROAS_A+SC캠페인_구매최적화_값_표준기여_3162_260726,3014,0,0,0
2026-08-08 17:57:27,17:00,906987379684182,1팀,120250444423320200,21.통살+그릴드(ASC)(하이브리드)_TCPA_A+SC캠페인_ALL_C7_수_표준기여_3162_260726,2561,0,0,0
2026-08-08 17:57:27,17:00,906987379684182,1팀,120250444423330200,21.통살+그릴드(ASC)(하이브리드)_A+SC캠페인_구매최적화_수_표준기여_3162_260726,2973,0,0,0
2026-08-08 17:57:27,17:00,906987379684182,1팀,120250475752460200,07.크리스피(ASC)(하이브리드)_TROAS_A+SC캠페인_구매최적화_값_표준기여_3078_260722(페르소나),782,0,0,0
2026-08-08 17:57:27,17:00,906987379684182,1팀,120250614451020200,07.크리스피(ASC)(하이브리드)_A+SC캠페인_구매최적화_수_표준기여_3078_260728,2713,0,0,0
2026-08-08 17:57:27,17:00,906987379684182,1팀,120250614451040200,07.크리스피(ASC)(하이브리드)_TROAS_A+SC캠페인_구매최적화_값_표준기여_3078_260728,3538,0,0,0
2026-08-08 17:57:27,17:00,906987379684182,1팀,120250614451160200,07.크리스피(ASC)(하이브리드)_TCPA_A+SC캠페인_ALL_C7_수_표준기여_3078_260728,213,0,0,0
2026-08-08 17:57:27,17:00,906987379684182,1팀,120250649570130200,07.크리스피(ASC)(하이브리드)_TROAS_A+SC캠페인_구매최적화_값_표준기여_3078_260802_AI,5001,0,0,0
2026-08-08 17:57:27,17:00,906987379684182,1팀,120250649570150200,07.크리스피(ASC)(하이브리드)_TCPA_A+SC캠페인_ALL_C7_수_표준기여_3078_260802_AI,1724,1,20000,1160.092807424594
2026-08-08 17:57:27,17:00,906987379684182,1팀,120250649570180200,07.크리스피(ASC)(하이브리드)_A+SC캠페인_구매최적화_수_표준기여_3078_260802_AI,1713,0,0,0
2026-08-08 17:57:27,17:00,906987379684182,1팀,120250856737330200,77.프로모션(ASC)(통크크)_TROAS_A+SC캠페인_구매최적화_값_표준기여_260806,4097,0,0,0
2026-08-08 17:57:27,17:00,906987379684182,1팀,120250856737340200,77.프로모션(ASC)(통크크)_TCPA_A+SC캠페인_ALL_C7_수_표준기여_260806,1063,0,0,0
2026-08-08 17:57:27,17:00,906987379684182,1팀,120250856737350200,77.프로모션(ASC)(통크크)_A+SC캠페인_구매최적화_수_표준기여_260806,49020,0,0,0
2026-08-08 17:57:27,17:00,906987379684182,1팀,120250859367430200,20.김자반밥바(ASC)(하이브리드)_A+SC캠페인_구매최적화_수_가치조정_3159_260806,4043,0,0,0
2026-08-08 17:57:27,17:00,906987379684182,1팀,120250859367440200,20.김자반밥바(ASC)(하이브리드)_TCPA_A+SC캠페인_ALL_C7_수_표준기여_3159_260806,3890,0,0,0
2026-08-08 17:57:27,17:00,906987379684182,1팀,120250859367470200,20.김자반밥바(ASC)(하이브리드)_TROAS_A+SC캠페인_구매최적화_값_표준기여_3159_260806,2158,0,0,0
2026-08-08 18:30:46,18:00,906987379684182,1팀,120228320649100200,01.통살(ASC)(101010)_TCPA16000_A+SC 캠페인_ALL_V1C7_수_표준기여_2336,512,1,64600,12617.1875
2026-08-08 18:30:46,18:00,906987379684182,1팀,120228788396590200,01.통살(ASC)(메가딜)_TCPA20000_A+SC 캠페인_ALL_V1C7_수_표준기여_1874,9152,0,0,0
2026-08-08 18:30:46,18:00,906987379684182,1팀,120230755324960200,07.크리스피(ASC)(메가딜)_A+SC 캠페인_구매최적화_수_표준기여_2464,7275,0,0,0
2026-08-08 18:30:46,18:00,906987379684182,1팀,120237509836570200,07.크리스피(ASC)(메가딜)_TCPA16000_A+SC 캠페인_ALL_수_표준기여_2464,10270,0,0,0
2026-08-08 18:30:46,18:00,906987379684182,1팀,120243001852340200,01.통살(ASC)(101010)_TCPA16000_A+SC 캠페인_ALL_V1C7_수_표준기여_2336_02,2117,0,0,0
2026-08-08 18:30:46,18:00,906987379684182,1팀,120243258462660200,07.크리스피(ASC)(101010)_A+SC 캠페인_구매최적화_수_표준기여_2659_260322,1386,0,0,0
2026-08-08 18:30:46,18:00,906987379684182,1팀,120243592510760200,16.안심크리스피(ASC)(메가딜)_TCPA14000_A+SC 캠페인_ALL_C7_수_표준기여_2863_260327,994,0,0,0
2026-08-08 18:30:46,18:00,906987379684182,1팀,120244042753880200,07.크리스피(ASC)(메가딜)_TCPA16000_A+SC 캠페인_ALL_수_표준기여_2464_260403,2652,0,0,0
2026-08-08 18:30:46,18:00,906987379684182,1팀,120244128322750200,01.통살(ASC)(101010)_TCPA16000_A+SC 캠페인_ALL_V1C7_수_표준기여_2336_03,718,0,0,0
2026-08-08 18:30:46,18:00,906987379684182,1팀,120244130427210200,07.크리스피(ASC)(메가딜)_A+SC 캠페인_구매최적화_수_표준기여_2464_260404,8231,1,25800,313.4491556311505
2026-08-08 18:30:46,18:00,906987379684182,1팀,120244370408130200,17.안심볶음밥(ASC)(메가딜)_TCPA_A+SC 캠페인_ALL_C7_수_표준기여_2903_260409,823,0,0,0
2026-08-08 18:30:46,18:00,906987379684182,1팀,120244785115700200,07.크리스피(ASC)(메가딜)_A+SC 캠페인_구매최적화_수_표준기여_2464_260416_intern,1071,0,0,0
2026-08-08 18:30:46,18:00,906987379684182,1팀,120244785115970200,07.크리스피(ASC)(메가딜)_TCPA14000_A+SC 캠페인_ALL_C7_수_표준기여_2464_260416_intern,1165,0,0,0
2026-08-08 18:30:46,18:00,906987379684182,1팀,120246157174550200,17.안심볶음밥(ASC)(메가딜)_A+SC 캠페인_구매최적화_수_표준기여_2903_260507_남자,2958,0,0,0
2026-08-08 18:30:46,18:00,906987379684182,1팀,120246224683700200,17.안심볶음밥(ASC)(메가딜)_A+SC 캠페인_구매최적화_수_표준기여_2903_260507_남자_02,3347,0,0,0
2026-08-08 18:30:46,18:00,906987379684182,1팀,120246397028850200,07.크리스피(ASC)(통합)_A+SC 캠페인_구매최적화_수_표준기여_통합_260511,48939,1,25800,52.718690614847056
2026-08-08 18:30:46,18:00,906987379684182,1팀,120246898203940200,03.닭다리살(ASC)(1010)_A+SC캠페인_구매최적화_수_표준기여_2604_260519,3875,1,50900,1313.5483870967741
2026-08-08 18:30:46,18:00,906987379684182,1팀,120246898384670200,03.닭다리살(ASC)(1010)_TROAS_A+SC캠페인_구매최적화_값_표준기여_2604_260519,29953,1,50900,169.93289486862753
2026-08-08 18:30:46,18:00,906987379684182,1팀,120247354343980200,20.김자반밥바(ASC)(메가딜)_TCPA_A+SC캠페인_ALL_C7_수_표준기여_3003_260527,2544,1,18900,742.9245283018868
2026-08-08 18:30:46,18:00,906987379684182,1팀,120247354558020200,20.김자반밥바(ASC)(메가딜)_A+SC캠페인_구매최적화_수_표준기여_3003_260527,28955,1,83300,287.687791400449
2026-08-08 18:30:46,18:00,906987379684182,1팀,120247379361950200,07.크리스피(ASC)(1010)_A+SC캠페인_구매최적화_수_표준기여_2992_260527,5571,0,0,0
2026-08-08 18:30:46,18:00,906987379684182,1팀,120247379587080200,07.크리스피(ASC)(1010)_TROAS_A+SC캠페인_구매최적화_값_표준기여_2992_260527,2568,0,0,0
2026-08-08 18:30:46,18:00,906987379684182,1팀,120247842896910200,20.김자반밥바(ASC)(메가딜)_A+SC캠페인_구매최적화_수_표준기여_3003_260603,3245,0,0,0
2026-08-08 18:30:46,18:00,906987379684182,1팀,120248207670120200,17.안심볶음밥(ASC)(메가딜)_A+SC 캠페인_구매최적화_수_표준기여_2903_260609_남자(가치조정),3122,0,0,0
2026-08-08 18:30:46,18:00,906987379684182,1팀,120248361514480200,01.통살(ASC)(하이브리드)_TCPA_A+SC캠페인_ALL_C7_수_표준기여_3028_260611,871,0,0,0
2026-08-08 18:30:46,18:00,906987379684182,1팀,120248361514580200,01.통살(ASC)(하이브리드)_TROAS_A+SC캠페인_구매최적화_값_표준기여_3028_260611,2190,0,0,0
2026-08-08 18:30:46,18:00,906987379684182,1팀,120248762624470200,17.안심볶음밥(ASC)(메가딜)_TROAS_A+SC캠페인_구매최적화_값_표준기여_2903_260705,930,0,0,0
2026-08-08 18:30:46,18:00,906987379684182,1팀,120248762761370200,17.안심볶음밥(ASC)(메가딜)_A+SC캠페인_구매최적화_수_표준기여_2903_260705,974,0,0,0
2026-08-08 18:30:46,18:00,906987379684182,1팀,120248762858730200,16.안심크리스피(ASC)(메가딜)_A+SC 캠페인_구매최적화_수_표준기여_2908_260720(페르소나),1236,0,0,0
2026-08-08 18:30:46,18:00,906987379684182,1팀,120248763306900200,16.안심크리스피(ASC)(메가딜)_TCPA_A+SC캠페인_ALL_C7_수_표준기여_2908_260621,748,0,0,0
2026-08-08 18:30:46,18:00,906987379684182,1팀,120248763797300200,21.통살+그릴드(ASC)(메가딜)_TROAS_A+SC캠페인_구매최적화_값_표준기여_3068_260617,643,0,0,0
2026-08-08 18:30:46,18:00,906987379684182,1팀,120248763797350200,21.통살+그릴드(ASC)(메가딜)_A+SC캠페인_구매최적화_수_표준기여_3068_260617,665,0,0,0
2026-08-08 18:30:46,18:00,906987379684182,1팀,120249317264110200,07.크리스피(ASC)(하이브리드)_A+SC캠페인_구매최적화_수_표준기여_3078_260713,3172,0,0,0
2026-08-08 18:30:46,18:00,906987379684182,1팀,120249317264120200,07.크리스피(ASC)(하이브리드)_TCPA_A+SC캠페인_ALL_C7_수_표준기여_3078_260713,1286,0,0,0
2026-08-08 18:30:46,18:00,906987379684182,1팀,120249317264140200,07.크리스피(ASC)(하이브리드)_TROAS_A+SC캠페인_구매최적화_값_표준기여_3078_260713,4295,0,0,0
2026-08-08 18:30:46,18:00,906987379684182,1팀,120249873291990200,07.크리스피(ASC)(1010)_TROAS_A+SC캠페인_구매최적화_값_표준기여_2992_260705,1451,0,0,0
2026-08-08 18:30:46,18:00,906987379684182,1팀,120249873905240200,07.크리스피(ASC)(101010)_TROAS_A+SC캠페인_구매최적화_값_표준기여_2659_260705,2464,0,0,0
2026-08-08 18:30:46,18:00,906987379684182,1팀,120249873905280200,07.크리스피(ASC)(101010)_A+SC캠페인_구매최적화_수_표준기여_2659_260705,2778,0,0,0
2026-08-08 18:30:46,18:00,906987379684182,1팀,120249875227840200,16.안심크리스피(ASC)(메가딜)_A+SC캠페인_구매최적화_수_표준기여_2908_260705,10097,0,0,0
2026-08-08 18:30:46,18:00,906987379684182,1팀,120249875227870200,16.안심크리스피(ASC)(메가딜)_TCPA_A+SC캠페인_ALL_C7_수_표준기여_2908_260705,92,0,0,0
2026-08-08 18:30:46,18:00,906987379684182,1팀,120249876219490200,20.김자반밥바(ASC)(메가딜)_A+SC캠페인_구매최적화_수_표준기여_3003_260705,16956,1,41900,247.1101674923331
2026-08-08 18:30:46,18:00,906987379684182,1팀,120249876219520200,20.김자반밥바(ASC)(메가딜)_TROAS_A+SC캠페인_구매최적화_값_표준기여_3003_260705,621,0,0,0
2026-08-08 18:30:46,18:00,906987379684182,1팀,120249878429160200,01.통살(ASC)(하이브리드)_TROAS_A+SC캠페인_구매최적화_값_표준기여_3028_260705,6782,0,0,0
2026-08-08 18:30:46,18:00,906987379684182,1팀,120249878429240200,01.통살(ASC)(하이브리드)_A+SC캠페인_구매최적화_수_표준기여_3028_260705,1138,0,0,0
2026-08-08 18:30:46,18:00,906987379684182,1팀,120250098930220200,01.통살(ASC)(101010)_TROAS_A+SC캠페인_구매최적화_값_표준기여_2336_260712,1413,0,0,0
2026-08-08 18:30:46,18:00,906987379684182,1팀,120250099159310200,07.크리스피(ASC)(메가딜)_A+SC캠페인_구매최적화_수_표준기여_2464_260712,1146,0,0,0
2026-08-08 18:30:46,18:00,906987379684182,1팀,120250099159320200,07.크리스피(ASC)(메가딜)_TROAS_A+SC캠페인_구매최적화_값_표준기여_2464_260712,7302,0,0,0
2026-08-08 18:30:46,18:00,906987379684182,1팀,120250099159330200,07.크리스피(ASC)(메가딜)_TCPA_A+SC캠페인_ALL_C7_수_표준기여_2464_260712,83,0,0,0
2026-08-08 18:30:46,18:00,906987379684182,1팀,120250099335020200,77.프로모션(ASC)(줄리엔강)_TCPA_A+SC캠페인_ALL_C7_수_표준기여_260713,4665,0,0,0
2026-08-08 18:30:46,18:00,906987379684182,1팀,120250099335030200,77.프로모션(ASC)(줄리엔강)_TROAS_A+SC캠페인_구매최적화_값_표준기여_260713,4874,0,0,0
2026-08-08 18:30:46,18:00,906987379684182,1팀,120250268133470200,03.닭다리살(ASC)(하이브리드)_TROAS_A+SC캠페인_구매최적화_값_표준기여_3111_260726,2011,0,0,0
2026-08-08 18:30:46,18:00,906987379684182,1팀,120250444210730200,20.김자반밥바(ASC)(하이브리드)_TROAS_A+SC캠페인_구매최적화_값_표준기여_3159_260726,1928,0,0,0
2026-08-08 18:30:46,18:00,906987379684182,1팀,120250444210740200,20.김자반밥바(ASC)(하이브리드)_A+SC캠페인_구매최적화_수_표준기여_3159_260726,1939,0,0,0
2026-08-08 18:30:46,18:00,906987379684182,1팀,120250444210900200,20.김자반밥바(ASC)(하이브리드)_TCPA_A+SC캠페인_ALL_C7_수_표준기여_3159_260726,353,0,0,0
2026-08-08 18:30:46,18:00,906987379684182,1팀,120250444423310200,21.통살+그릴드(ASC)(하이브리드)_TROAS_A+SC캠페인_구매최적화_값_표준기여_3162_260726,1288,0,0,0
2026-08-08 18:30:46,18:00,906987379684182,1팀,120250444423320200,21.통살+그릴드(ASC)(하이브리드)_TCPA_A+SC캠페인_ALL_C7_수_표준기여_3162_260726,47,0,0,0
2026-08-08 18:30:46,18:00,906987379684182,1팀,120250444423330200,21.통살+그릴드(ASC)(하이브리드)_A+SC캠페인_구매최적화_수_표준기여_3162_260726,996,0,0,0
2026-08-08 18:30:46,18:00,906987379684182,1팀,120250475752460200,07.크리스피(ASC)(하이브리드)_TROAS_A+SC캠페인_구매최적화_값_표준기여_3078_260722(페르소나),291,0,0,0
2026-08-08 18:30:46,18:00,906987379684182,1팀,120250614451020200,07.크리스피(ASC)(하이브리드)_A+SC캠페인_구매최적화_수_표준기여_3078_260728,6,0,0,0
2026-08-08 18:30:46,18:00,906987379684182,1팀,120250614451040200,07.크리스피(ASC)(하이브리드)_TROAS_A+SC캠페인_구매최적화_값_표준기여_3078_260728,2578,0,0,0
2026-08-08 18:30:46,18:00,906987379684182,1팀,120250649570130200,07.크리스피(ASC)(하이브리드)_TROAS_A+SC캠페인_구매최적화_값_표준기여_3078_260802_AI,1341,0,0,0
2026-08-08 18:30:46,18:00,906987379684182,1팀,120250649570150200,07.크리스피(ASC)(하이브리드)_TCPA_A+SC캠페인_ALL_C7_수_표준기여_3078_260802_AI,422,0,0,0
2026-08-08 18:30:46,18:00,906987379684182,1팀,120250649570180200,07.크리스피(ASC)(하이브리드)_A+SC캠페인_구매최적화_수_표준기여_3078_260802_AI,2267,0,0,0
2026-08-08 18:30:46,18:00,906987379684182,1팀,120250856737330200,77.프로모션(ASC)(통크크)_TROAS_A+SC캠페인_구매최적화_값_표준기여_260806,1910,1,77600,4062.82722513089
2026-08-08 18:30:46,18:00,906987379684182,1팀,120250856737340200,77.프로모션(ASC)(통크크)_TCPA_A+SC캠페인_ALL_C7_수_표준기여_260806,640,0,0,0
2026-08-08 18:30:46,18:00,906987379684182,1팀,120250856737350200,77.프로모션(ASC)(통크크)_A+SC캠페인_구매최적화_수_표준기여_260806,3861,0,0,0
2026-08-08 18:30:46,18:00,906987379684182,1팀,120250859367430200,20.김자반밥바(ASC)(하이브리드)_A+SC캠페인_구매최적화_수_가치조정_3159_260806,1404,0,0,0
2026-08-08 18:30:46,18:00,906987379684182,1팀,120250859367440200,20.김자반밥바(ASC)(하이브리드)_TCPA_A+SC캠페인_ALL_C7_수_표준기여_3159_260806,1456,0,0,0
2026-08-08 18:30:46,18:00,906987379684182,1팀,120250859367470200,20.김자반밥바(ASC)(하이브리드)_TROAS_A+SC캠페인_구매최적화_값_표준기여_3159_260806,1576,0,0,0
2026-08-08 18:47:31,18:00,906987379684182,1팀,120228320649100200,01.통살(ASC)(101010)_TCPA16000_A+SC 캠페인_ALL_V1C7_수_표준기여_2336,1354,1,64600,4771.048744460857
2026-08-08 18:47:31,18:00,906987379684182,1팀,120228788396590200,01.통살(ASC)(메가딜)_TCPA20000_A+SC 캠페인_ALL_V1C7_수_표준기여_1874,16956,0,0,0
2026-08-08 18:47:31,18:00,906987379684182,1팀,120230755324960200,07.크리스피(ASC)(메가딜)_A+SC 캠페인_구매최적화_수_표준기여_2464,10746,0,0,0
2026-08-08 18:47:31,18:00,906987379684182,1팀,120237509836570200,07.크리스피(ASC)(메가딜)_TCPA16000_A+SC 캠페인_ALL_수_표준기여_2464,19181,0,0,0
2026-08-08 18:47:31,18:00,906987379684182,1팀,120243001852340200,01.통살(ASC)(101010)_TCPA16000_A+SC 캠페인_ALL_V1C7_수_표준기여_2336_02,3415,0,0,0
2026-08-08 18:47:31,18:00,906987379684182,1팀,120243258462660200,07.크리스피(ASC)(101010)_A+SC 캠페인_구매최적화_수_표준기여_2659_260322,2487,0,0,0
2026-08-08 18:47:31,18:00,906987379684182,1팀,120243592510760200,16.안심크리스피(ASC)(메가딜)_TCPA14000_A+SC 캠페인_ALL_C7_수_표준기여_2863_260327,1446,0,0,0
2026-08-08 18:47:31,18:00,906987379684182,1팀,120244042753880200,07.크리스피(ASC)(메가딜)_TCPA16000_A+SC 캠페인_ALL_수_표준기여_2464_260403,3814,0,0,0
2026-08-08 18:47:31,18:00,906987379684182,1팀,120244128322750200,01.통살(ASC)(101010)_TCPA16000_A+SC 캠페인_ALL_V1C7_수_표준기여_2336_03,1594,0,0,0
2026-08-08 18:47:31,18:00,906987379684182,1팀,120244130427210200,07.크리스피(ASC)(메가딜)_A+SC 캠페인_구매최적화_수_표준기여_2464_260404,13244,2,51600,389.61038961038963
2026-08-08 18:47:31,18:00,906987379684182,1팀,120244370408130200,17.안심볶음밥(ASC)(메가딜)_TCPA_A+SC 캠페인_ALL_C7_수_표준기여_2903_260409,1191,0,0,0
2026-08-08 18:47:31,18:00,906987379684182,1팀,120244785115700200,07.크리스피(ASC)(메가딜)_A+SC 캠페인_구매최적화_수_표준기여_2464_260416_intern,1663,0,0,0
2026-08-08 18:47:31,18:00,906987379684182,1팀,120244785115970200,07.크리스피(ASC)(메가딜)_TCPA14000_A+SC 캠페인_ALL_C7_수_표준기여_2464_260416_intern,1823,0,0,0
2026-08-08 18:47:31,18:00,906987379684182,1팀,120246157174550200,17.안심볶음밥(ASC)(메가딜)_A+SC 캠페인_구매최적화_수_표준기여_2903_260507_남자,5185,0,0,0
2026-08-08 18:47:31,18:00,906987379684182,1팀,120246224683700200,17.안심볶음밥(ASC)(메가딜)_A+SC 캠페인_구매최적화_수_표준기여_2903_260507_남자_02,5441,0,0,0
2026-08-08 18:47:31,18:00,906987379684182,1팀,120246397028850200,07.크리스피(ASC)(통합)_A+SC 캠페인_구매최적화_수_표준기여_통합_260511,80142,1,25800,32.19285767762222
2026-08-08 18:47:31,18:00,906987379684182,1팀,120246898203940200,03.닭다리살(ASC)(1010)_A+SC캠페인_구매최적화_수_표준기여_2604_260519,6174,1,50900,824.4250080984775
2026-08-08 18:47:31,18:00,906987379684182,1팀,120246898384670200,03.닭다리살(ASC)(1010)_TROAS_A+SC캠페인_구매최적화_값_표준기여_2604_260519,49813,1,50900,102.18216128319916
2026-08-08 18:47:31,18:00,906987379684182,1팀,120247354343980200,20.김자반밥바(ASC)(메가딜)_TCPA_A+SC캠페인_ALL_C7_수_표준기여_3003_260527,3246,1,18900,582.2550831792977
2026-08-08 18:47:31,18:00,906987379684182,1팀,120247354558020200,20.김자반밥바(ASC)(메가딜)_A+SC캠페인_구매최적화_수_표준기여_3003_260527,47803,2,120600,252.28542141706586
2026-08-08 18:47:31,18:00,906987379684182,1팀,120247379361950200,07.크리스피(ASC)(1010)_A+SC캠페인_구매최적화_수_표준기여_2992_260527,11374,0,0,0
2026-08-08 18:47:31,18:00,906987379684182,1팀,120247379587080200,07.크리스피(ASC)(1010)_TROAS_A+SC캠페인_구매최적화_값_표준기여_2992_260527,4174,1,65100,1559.6550071873503
2026-08-08 18:47:31,18:00,906987379684182,1팀,120247842896910200,20.김자반밥바(ASC)(메가딜)_A+SC캠페인_구매최적화_수_표준기여_3003_260603,5333,0,0,0
2026-08-08 18:47:31,18:00,906987379684182,1팀,120248207670120200,17.안심볶음밥(ASC)(메가딜)_A+SC 캠페인_구매최적화_수_표준기여_2903_260609_남자(가치조정),5077,0,0,0
2026-08-08 18:47:31,18:00,906987379684182,1팀,120248361514480200,01.통살(ASC)(하이브리드)_TCPA_A+SC캠페인_ALL_C7_수_표준기여_3028_260611,1127,0,0,0
2026-08-08 18:47:31,18:00,906987379684182,1팀,120248361514580200,01.통살(ASC)(하이브리드)_TROAS_A+SC캠페인_구매최적화_값_표준기여_3028_260611,3924,0,0,0
2026-08-08 18:47:31,18:00,906987379684182,1팀,120248762624470200,17.안심볶음밥(ASC)(메가딜)_TROAS_A+SC캠페인_구매최적화_값_표준기여_2903_260705,1172,0,0,0
2026-08-08 18:47:31,18:00,906987379684182,1팀,120248762761370200,17.안심볶음밥(ASC)(메가딜)_A+SC캠페인_구매최적화_수_표준기여_2903_260705,2094,0,0,0
2026-08-08 18:47:31,18:00,906987379684182,1팀,120248762858730200,16.안심크리스피(ASC)(메가딜)_A+SC 캠페인_구매최적화_수_표준기여_2908_260720(페르소나),2272,0,0,0
2026-08-08 18:47:31,18:00,906987379684182,1팀,120248763306900200,16.안심크리스피(ASC)(메가딜)_TCPA_A+SC캠페인_ALL_C7_수_표준기여_2908_260621,1284,0,0,0
2026-08-08 18:47:31,18:00,906987379684182,1팀,120248763797300200,21.통살+그릴드(ASC)(메가딜)_TROAS_A+SC캠페인_구매최적화_값_표준기여_3068_260617,897,0,0,0
2026-08-08 18:47:31,18:00,906987379684182,1팀,120248763797350200,21.통살+그릴드(ASC)(메가딜)_A+SC캠페인_구매최적화_수_표준기여_3068_260617,1138,0,0,0
2026-08-08 18:47:31,18:00,906987379684182,1팀,120249317264110200,07.크리스피(ASC)(하이브리드)_A+SC캠페인_구매최적화_수_표준기여_3078_260713,5661,0,0,0
2026-08-08 18:47:31,18:00,906987379684182,1팀,120249317264120200,07.크리스피(ASC)(하이브리드)_TCPA_A+SC캠페인_ALL_C7_수_표준기여_3078_260713,1829,0,0,0
2026-08-08 18:47:31,18:00,906987379684182,1팀,120249317264140200,07.크리스피(ASC)(하이브리드)_TROAS_A+SC캠페인_구매최적화_값_표준기여_3078_260713,10237,0,0,0
2026-08-08 18:47:31,18:00,906987379684182,1팀,120249873291990200,07.크리스피(ASC)(1010)_TROAS_A+SC캠페인_구매최적화_값_표준기여_2992_260705,2267,0,0,0
2026-08-08 18:47:31,18:00,906987379684182,1팀,120249873905240200,07.크리스피(ASC)(101010)_TROAS_A+SC캠페인_구매최적화_값_표준기여_2659_260705,3459,0,0,0
2026-08-08 18:47:31,18:00,906987379684182,1팀,120249873905280200,07.크리스피(ASC)(101010)_A+SC캠페인_구매최적화_수_표준기여_2659_260705,3653,2,135800,3717.492471940871
2026-08-08 18:47:31,18:00,906987379684182,1팀,120249875227840200,16.안심크리스피(ASC)(메가딜)_A+SC캠페인_구매최적화_수_표준기여_2908_260705,14043,0,0,0
2026-08-08 18:47:31,18:00,906987379684182,1팀,120249875227870200,16.안심크리스피(ASC)(메가딜)_TCPA_A+SC캠페인_ALL_C7_수_표준기여_2908_260705,199,0,0,0
2026-08-08 18:47:31,18:00,906987379684182,1팀,120249876219490200,20.김자반밥바(ASC)(메가딜)_A+SC캠페인_구매최적화_수_표준기여_3003_260705,26966,1,41900,155.3808499592079
2026-08-08 18:47:31,18:00,906987379684182,1팀,120249876219520200,20.김자반밥바(ASC)(메가딜)_TROAS_A+SC캠페인_구매최적화_값_표준기여_3003_260705,1106,0,0,0
2026-08-08 18:47:31,18:00,906987379684182,1팀,120249878429160200,01.통살(ASC)(하이브리드)_TROAS_A+SC캠페인_구매최적화_값_표준기여_3028_260705,12663,0,0,0
2026-08-08 18:47:31,18:00,906987379684182,1팀,120249878429240200,01.통살(ASC)(하이브리드)_A+SC캠페인_구매최적화_수_표준기여_3028_260705,1967,0,0,0
2026-08-08 18:47:31,18:00,906987379684182,1팀,120250098930220200,01.통살(ASC)(101010)_TROAS_A+SC캠페인_구매최적화_값_표준기여_2336_260712,2194,0,0,0
2026-08-08 18:47:31,18:00,906987379684182,1팀,120250099159310200,07.크리스피(ASC)(메가딜)_A+SC캠페인_구매최적화_수_표준기여_2464_260712,1988,0,0,0
2026-08-08 18:47:31,18:00,906987379684182,1팀,120250099159320200,07.크리스피(ASC)(메가딜)_TROAS_A+SC캠페인_구매최적화_값_표준기여_2464_260712,12918,0,0,0
2026-08-08 18:47:31,18:00,906987379684182,1팀,120250099159330200,07.크리스피(ASC)(메가딜)_TCPA_A+SC캠페인_ALL_C7_수_표준기여_2464_260712,188,0,0,0
2026-08-08 18:47:31,18:00,906987379684182,1팀,120250099335020200,77.프로모션(ASC)(줄리엔강)_TCPA_A+SC캠페인_ALL_C7_수_표준기여_260713,6868,0,0,0
2026-08-08 18:47:31,18:00,906987379684182,1팀,120250099335030200,77.프로모션(ASC)(줄리엔강)_TROAS_A+SC캠페인_구매최적화_값_표준기여_260713,9970,0,0,0
2026-08-08 18:47:31,18:00,906987379684182,1팀,120250268133470200,03.닭다리살(ASC)(하이브리드)_TROAS_A+SC캠페인_구매최적화_값_표준기여_3111_260726,3517,1,117200,3332.3855558714813
2026-08-08 18:47:31,18:00,906987379684182,1팀,120250444210730200,20.김자반밥바(ASC)(하이브리드)_TROAS_A+SC캠페인_구매최적화_값_표준기여_3159_260726,3313,0,0,0
2026-08-08 18:47:31,18:00,906987379684182,1팀,120250444210740200,20.김자반밥바(ASC)(하이브리드)_A+SC캠페인_구매최적화_수_표준기여_3159_260726,3050,0,0,0
2026-08-08 18:47:31,18:00,906987379684182,1팀,120250444210900200,20.김자반밥바(ASC)(하이브리드)_TCPA_A+SC캠페인_ALL_C7_수_표준기여_3159_260726,619,0,0,0
2026-08-08 18:47:31,18:00,906987379684182,1팀,120250444423310200,21.통살+그릴드(ASC)(하이브리드)_TROAS_A+SC캠페인_구매최적화_값_표준기여_3162_260726,1580,0,0,0
2026-08-08 18:47:31,18:00,906987379684182,1팀,120250444423320200,21.통살+그릴드(ASC)(하이브리드)_TCPA_A+SC캠페인_ALL_C7_수_표준기여_3162_260726,138,0,0,0
2026-08-08 18:47:31,18:00,906987379684182,1팀,120250444423330200,21.통살+그릴드(ASC)(하이브리드)_A+SC캠페인_구매최적화_수_표준기여_3162_260726,1674,0,0,0
2026-08-08 18:47:31,18:00,906987379684182,1팀,120250475752460200,07.크리스피(ASC)(하이브리드)_TROAS_A+SC캠페인_구매최적화_값_표준기여_3078_260722(페르소나),470,0,0,0
2026-08-08 18:47:31,18:00,906987379684182,1팀,120250614451020200,07.크리스피(ASC)(하이브리드)_A+SC캠페인_구매최적화_수_표준기여_3078_260728,30,0,0,0
2026-08-08 18:47:31,18:00,906987379684182,1팀,120250614451040200,07.크리스피(ASC)(하이브리드)_TROAS_A+SC캠페인_구매최적화_값_표준기여_3078_260728,3417,0,0,0
2026-08-08 18:47:31,18:00,906987379684182,1팀,120250649570130200,07.크리스피(ASC)(하이브리드)_TROAS_A+SC캠페인_구매최적화_값_표준기여_3078_260802_AI,2285,0,0,0
2026-08-08 18:47:31,18:00,906987379684182,1팀,120250649570150200,07.크리스피(ASC)(하이브리드)_TCPA_A+SC캠페인_ALL_C7_수_표준기여_3078_260802_AI,760,0,0,0
2026-08-08 18:47:31,18:00,906987379684182,1팀,120250649570180200,07.크리스피(ASC)(하이브리드)_A+SC캠페인_구매최적화_수_표준기여_3078_260802_AI,3407,0,0,0
2026-08-08 18:47:31,18:00,906987379684182,1팀,120250856737330200,77.프로모션(ASC)(통크크)_TROAS_A+SC캠페인_구매최적화_값_표준기여_260806,3441,1,77600,2255.158384190642
2026-08-08 18:47:31,18:00,906987379684182,1팀,120250856737340200,77.프로모션(ASC)(통크크)_TCPA_A+SC캠페인_ALL_C7_수_표준기여_260806,1285,0,0,0
2026-08-08 18:47:31,18:00,906987379684182,1팀,120250856737350200,77.프로모션(ASC)(통크크)_A+SC캠페인_구매최적화_수_표준기여_260806,7960,0,0,0
2026-08-08 18:47:31,18:00,906987379684182,1팀,120250859367430200,20.김자반밥바(ASC)(하이브리드)_A+SC캠페인_구매최적화_수_가치조정_3159_260806,2957,0,0,0
2026-08-08 18:47:31,18:00,906987379684182,1팀,120250859367440200,20.김자반밥바(ASC)(하이브리드)_TCPA_A+SC캠페인_ALL_C7_수_표준기여_3159_260806,2414,0,0,0
2026-08-08 18:47:31,18:00,906987379684182,1팀,120250859367470200,20.김자반밥바(ASC)(하이브리드)_TROAS_A+SC캠페인_구매최적화_값_표준기여_3159_260806,2395,0,0,0
2026-08-08 19:16:38,19:00,906987379684182,1팀,120228320649100200,01.통살(ASC)(101010)_TCPA16000_A+SC 캠페인_ALL_V1C7_수_표준기여_2336,619,0,0,0
2026-08-08 19:16:38,19:00,906987379684182,1팀,120228788396590200,01.통살(ASC)(메가딜)_TCPA20000_A+SC 캠페인_ALL_V1C7_수_표준기여_1874,5449,0,0,0
2026-08-08 19:16:38,19:00,906987379684182,1팀,120230755324960200,07.크리스피(ASC)(메가딜)_A+SC 캠페인_구매최적화_수_표준기여_2464,1062,0,0,0
2026-08-08 19:16:38,19:00,906987379684182,1팀,120237509836570200,07.크리스피(ASC)(메가딜)_TCPA16000_A+SC 캠페인_ALL_수_표준기여_2464,6691,0,0,0
2026-08-08 19:16:38,19:00,906987379684182,1팀,120243001852340200,01.통살(ASC)(101010)_TCPA16000_A+SC 캠페인_ALL_V1C7_수_표준기여_2336_02,762,0,0,0
2026-08-08 19:16:38,19:00,906987379684182,1팀,120243258462660200,07.크리스피(ASC)(101010)_A+SC 캠페인_구매최적화_수_표준기여_2659_260322,721,0,0,0
2026-08-08 19:16:38,19:00,906987379684182,1팀,120243592510760200,16.안심크리스피(ASC)(메가딜)_TCPA14000_A+SC 캠페인_ALL_C7_수_표준기여_2863_260327,1214,0,0,0
2026-08-08 19:16:38,19:00,906987379684182,1팀,120244042753880200,07.크리스피(ASC)(메가딜)_TCPA16000_A+SC 캠페인_ALL_수_표준기여_2464_260403,1280,0,0,0
2026-08-08 19:16:38,19:00,906987379684182,1팀,120244128322750200,01.통살(ASC)(101010)_TCPA16000_A+SC 캠페인_ALL_V1C7_수_표준기여_2336_03,534,0,0,0
2026-08-08 19:16:38,19:00,906987379684182,1팀,120244130427210200,07.크리스피(ASC)(메가딜)_A+SC 캠페인_구매최적화_수_표준기여_2464_260404,3834,0,0,0
2026-08-08 19:16:38,19:00,906987379684182,1팀,120244370408130200,17.안심볶음밥(ASC)(메가딜)_TCPA_A+SC 캠페인_ALL_C7_수_표준기여_2903_260409,183,0,0,0
2026-08-08 19:16:38,19:00,906987379684182,1팀,120244785115700200,07.크리스피(ASC)(메가딜)_A+SC 캠페인_구매최적화_수_표준기여_2464_260416_intern,376,0,0,0
2026-08-08 19:16:38,19:00,906987379684182,1팀,120244785115970200,07.크리스피(ASC)(메가딜)_TCPA14000_A+SC 캠페인_ALL_C7_수_표준기여_2464_260416_intern,489,0,0,0
2026-08-08 19:16:38,19:00,906987379684182,1팀,120246157174550200,17.안심볶음밥(ASC)(메가딜)_A+SC 캠페인_구매최적화_수_표준기여_2903_260507_남자,1402,0,0,0
2026-08-08 19:16:38,19:00,906987379684182,1팀,120246224683700200,17.안심볶음밥(ASC)(메가딜)_A+SC 캠페인_구매최적화_수_표준기여_2903_260507_남자_02,791,0,0,0
2026-08-08 19:16:38,19:00,906987379684182,1팀,120246397028850200,07.크리스피(ASC)(통합)_A+SC 캠페인_구매최적화_수_표준기여_통합_260511,25713,0,0,0
2026-08-08 19:16:38,19:00,906987379684182,1팀,120246898203940200,03.닭다리살(ASC)(1010)_A+SC캠페인_구매최적화_수_표준기여_2604_260519,923,0,0,0
2026-08-08 19:16:38,19:00,906987379684182,1팀,120246898384670200,03.닭다리살(ASC)(1010)_TROAS_A+SC캠페인_구매최적화_값_표준기여_2604_260519,13833,1,50900,367.96067375117474
2026-08-08 19:16:38,19:00,906987379684182,1팀,120247354343980200,20.김자반밥바(ASC)(메가딜)_TCPA_A+SC캠페인_ALL_C7_수_표준기여_3003_260527,977,0,0,0
2026-08-08 19:16:38,19:00,906987379684182,1팀,120247354558020200,20.김자반밥바(ASC)(메가딜)_A+SC캠페인_구매최적화_수_표준기여_3003_260527,12996,0,0,0
2026-08-08 19:16:38,19:00,906987379684182,1팀,120247379361950200,07.크리스피(ASC)(1010)_A+SC캠페인_구매최적화_수_표준기여_2992_260527,3075,0,0,0
2026-08-08 19:16:38,19:00,906987379684182,1팀,120247379587080200,07.크리스피(ASC)(1010)_TROAS_A+SC캠페인_구매최적화_값_표준기여_2992_260527,1032,0,0,0
2026-08-08 19:16:38,19:00,906987379684182,1팀,120247842896910200,20.김자반밥바(ASC)(메가딜)_A+SC캠페인_구매최적화_수_표준기여_3003_260603,1163,0,0,0
2026-08-08 19:16:38,19:00,906987379684182,1팀,120248207670120200,17.안심볶음밥(ASC)(메가딜)_A+SC 캠페인_구매최적화_수_표준기여_2903_260609_남자(가치조정),1944,0,0,0
2026-08-08 19:16:38,19:00,906987379684182,1팀,120248361514480200,01.통살(ASC)(하이브리드)_TCPA_A+SC캠페인_ALL_C7_수_표준기여_3028_260611,585,0,0,0
2026-08-08 19:16:38,19:00,906987379684182,1팀,120248361514580200,01.통살(ASC)(하이브리드)_TROAS_A+SC캠페인_구매최적화_값_표준기여_3028_260611,809,0,0,0
2026-08-08 19:16:38,19:00,906987379684182,1팀,120248762761370200,17.안심볶음밥(ASC)(메가딜)_A+SC캠페인_구매최적화_수_표준기여_2903_260705,649,0,0,0
2026-08-08 19:16:38,19:00,906987379684182,1팀,120248762858730200,16.안심크리스피(ASC)(메가딜)_A+SC 캠페인_구매최적화_수_표준기여_2908_260720(페르소나),511,0,0,0
2026-08-08 19:16:38,19:00,906987379684182,1팀,120248763306900200,16.안심크리스피(ASC)(메가딜)_TCPA_A+SC캠페인_ALL_C7_수_표준기여_2908_260621,324,0,0,0
2026-08-08 19:16:38,19:00,906987379684182,1팀,120248763797300200,21.통살+그릴드(ASC)(메가딜)_TROAS_A+SC캠페인_구매최적화_값_표준기여_3068_260617,1192,0,0,0
2026-08-08 19:16:38,19:00,906987379684182,1팀,120248763797350200,21.통살+그릴드(ASC)(메가딜)_A+SC캠페인_구매최적화_수_표준기여_3068_260617,584,0,0,0
2026-08-08 19:16:38,19:00,906987379684182,1팀,120249317264110200,07.크리스피(ASC)(하이브리드)_A+SC캠페인_구매최적화_수_표준기여_3078_260713,1592,0,0,0
2026-08-08 19:16:38,19:00,906987379684182,1팀,120249317264120200,07.크리스피(ASC)(하이브리드)_TCPA_A+SC캠페인_ALL_C7_수_표준기여_3078_260713,441,0,0,0
2026-08-08 19:16:38,19:00,906987379684182,1팀,120249317264140200,07.크리스피(ASC)(하이브리드)_TROAS_A+SC캠페인_구매최적화_값_표준기여_3078_260713,3659,0,0,0
2026-08-08 19:16:38,19:00,906987379684182,1팀,120249873291990200,07.크리스피(ASC)(1010)_TROAS_A+SC캠페인_구매최적화_값_표준기여_2992_260705,817,0,0,0
2026-08-08 19:16:38,19:00,906987379684182,1팀,120249873905240200,07.크리스피(ASC)(101010)_TROAS_A+SC캠페인_구매최적화_값_표준기여_2659_260705,2017,0,0,0
2026-08-08 19:16:38,19:00,906987379684182,1팀,120249873905280200,07.크리스피(ASC)(101010)_A+SC캠페인_구매최적화_수_표준기여_2659_260705,1681,0,0,0
2026-08-08 19:16:38,19:00,906987379684182,1팀,120249875227840200,16.안심크리스피(ASC)(메가딜)_A+SC캠페인_구매최적화_수_표준기여_2908_260705,3373,0,0,0
2026-08-08 19:16:38,19:00,906987379684182,1팀,120249875227870200,16.안심크리스피(ASC)(메가딜)_TCPA_A+SC캠페인_ALL_C7_수_표준기여_2908_260705,58,0,0,0
2026-08-08 19:16:38,19:00,906987379684182,1팀,120249876219490200,20.김자반밥바(ASC)(메가딜)_A+SC캠페인_구매최적화_수_표준기여_3003_260705,8614,0,0,0
2026-08-08 19:16:38,19:00,906987379684182,1팀,120249876219520200,20.김자반밥바(ASC)(메가딜)_TROAS_A+SC캠페인_구매최적화_값_표준기여_3003_260705,357,0,0,0
2026-08-08 19:16:38,19:00,906987379684182,1팀,120249878429160200,01.통살(ASC)(하이브리드)_TROAS_A+SC캠페인_구매최적화_값_표준기여_3028_260705,4530,0,0,0
2026-08-08 19:16:38,19:00,906987379684182,1팀,120249878429240200,01.통살(ASC)(하이브리드)_A+SC캠페인_구매최적화_수_표준기여_3028_260705,623,0,0,0
2026-08-08 19:16:38,19:00,906987379684182,1팀,120250098930220200,01.통살(ASC)(101010)_TROAS_A+SC캠페인_구매최적화_값_표준기여_2336_260712,1644,0,0,0
2026-08-08 19:16:38,19:00,906987379684182,1팀,120250099159310200,07.크리스피(ASC)(메가딜)_A+SC캠페인_구매최적화_수_표준기여_2464_260712,1289,0,0,0
2026-08-08 19:16:38,19:00,906987379684182,1팀,120250099159320200,07.크리스피(ASC)(메가딜)_TROAS_A+SC캠페인_구매최적화_값_표준기여_2464_260712,2602,0,0,0
2026-08-08 19:16:38,19:00,906987379684182,1팀,120250099159330200,07.크리스피(ASC)(메가딜)_TCPA_A+SC캠페인_ALL_C7_수_표준기여_2464_260712,102,0,0,0
2026-08-08 19:16:38,19:00,906987379684182,1팀,120250099335020200,77.프로모션(ASC)(줄리엔강)_TCPA_A+SC캠페인_ALL_C7_수_표준기여_260713,1379,0,0,0
2026-08-08 19:16:38,19:00,906987379684182,1팀,120250099335030200,77.프로모션(ASC)(줄리엔강)_TROAS_A+SC캠페인_구매최적화_값_표준기여_260713,4943,0,0,0
2026-08-08 19:16:38,19:00,906987379684182,1팀,120250268133470200,03.닭다리살(ASC)(하이브리드)_TROAS_A+SC캠페인_구매최적화_값_표준기여_3111_260726,902,0,0,0
2026-08-08 19:16:38,19:00,906987379684182,1팀,120250444210730200,20.김자반밥바(ASC)(하이브리드)_TROAS_A+SC캠페인_구매최적화_값_표준기여_3159_260726,709,0,0,0
2026-08-08 19:16:38,19:00,906987379684182,1팀,120250444210740200,20.김자반밥바(ASC)(하이브리드)_A+SC캠페인_구매최적화_수_표준기여_3159_260726,739,0,0,0
2026-08-08 19:16:38,19:00,906987379684182,1팀,120250444210900200,20.김자반밥바(ASC)(하이브리드)_TCPA_A+SC캠페인_ALL_C7_수_표준기여_3159_260726,154,0,0,0
2026-08-08 19:16:38,19:00,906987379684182,1팀,120250444423310200,21.통살+그릴드(ASC)(하이브리드)_TROAS_A+SC캠페인_구매최적화_값_표준기여_3162_260726,639,0,0,0
2026-08-08 19:16:38,19:00,906987379684182,1팀,120250444423320200,21.통살+그릴드(ASC)(하이브리드)_TCPA_A+SC캠페인_ALL_C7_수_표준기여_3162_260726,47,0,0,0
2026-08-08 19:16:38,19:00,906987379684182,1팀,120250444423330200,21.통살+그릴드(ASC)(하이브리드)_A+SC캠페인_구매최적화_수_표준기여_3162_260726,409,0,0,0
2026-08-08 19:16:38,19:00,906987379684182,1팀,120250475752460200,07.크리스피(ASC)(하이브리드)_TROAS_A+SC캠페인_구매최적화_값_표준기여_3078_260722(페르소나),162,0,0,0
2026-08-08 19:16:38,19:00,906987379684182,1팀,120250614451020200,07.크리스피(ASC)(하이브리드)_A+SC캠페인_구매최적화_수_표준기여_3078_260728,49,0,0,0
2026-08-08 19:16:38,19:00,906987379684182,1팀,120250614451040200,07.크리스피(ASC)(하이브리드)_TROAS_A+SC캠페인_구매최적화_값_표준기여_3078_260728,484,0,0,0
2026-08-08 19:16:38,19:00,906987379684182,1팀,120250614451160200,07.크리스피(ASC)(하이브리드)_TCPA_A+SC캠페인_ALL_C7_수_표준기여_3078_260728,5,0,0,0
2026-08-08 19:16:38,19:00,906987379684182,1팀,120250649570130200,07.크리스피(ASC)(하이브리드)_TROAS_A+SC캠페인_구매최적화_값_표준기여_3078_260802_AI,720,0,0,0
2026-08-08 19:16:38,19:00,906987379684182,1팀,120250649570150200,07.크리스피(ASC)(하이브리드)_TCPA_A+SC캠페인_ALL_C7_수_표준기여_3078_260802_AI,361,0,0,0
2026-08-08 19:16:38,19:00,906987379684182,1팀,120250649570180200,07.크리스피(ASC)(하이브리드)_A+SC캠페인_구매최적화_수_표준기여_3078_260802_AI,447,0,0,0
2026-08-08 19:16:38,19:00,906987379684182,1팀,120250856737330200,77.프로모션(ASC)(통크크)_TROAS_A+SC캠페인_구매최적화_값_표준기여_260806,1207,0,0,0
2026-08-08 19:16:38,19:00,906987379684182,1팀,120250856737340200,77.프로모션(ASC)(통크크)_TCPA_A+SC캠페인_ALL_C7_수_표준기여_260806,423,0,0,0
2026-08-08 19:16:38,19:00,906987379684182,1팀,120250856737350200,77.프로모션(ASC)(통크크)_A+SC캠페인_구매최적화_수_표준기여_260806,3190,0,0,0
2026-08-08 19:16:38,19:00,906987379684182,1팀,120250859367430200,20.김자반밥바(ASC)(하이브리드)_A+SC캠페인_구매최적화_수_가치조정_3159_260806,883,0,0,0
2026-08-08 19:16:38,19:00,906987379684182,1팀,120250859367440200,20.김자반밥바(ASC)(하이브리드)_TCPA_A+SC캠페인_ALL_C7_수_표준기여_3159_260806,580,0,0,0
2026-08-08 19:16:38,19:00,906987379684182,1팀,120250859367470200,20.김자반밥바(ASC)(하이브리드)_TROAS_A+SC캠페인_구매최적화_값_표준기여_3159_260806,977,0,0,0
2026-08-08 19:30:46,19:00,906987379684182,1팀,120228320649100200,01.통살(ASC)(101010)_TCPA16000_A+SC 캠페인_ALL_V1C7_수_표준기여_2336,1088,0,0,0
2026-08-08 19:30:46,19:00,906987379684182,1팀,120228788396590200,01.통살(ASC)(메가딜)_TCPA20000_A+SC 캠페인_ALL_V1C7_수_표준기여_1874,13857,0,0,0
2026-08-08 19:30:46,19:00,906987379684182,1팀,120230755324960200,07.크리스피(ASC)(메가딜)_A+SC 캠페인_구매최적화_수_표준기여_2464,2329,0,0,0
2026-08-08 19:30:46,19:00,906987379684182,1팀,120237509836570200,07.크리스피(ASC)(메가딜)_TCPA16000_A+SC 캠페인_ALL_수_표준기여_2464,12592,0,0,0
2026-08-08 19:30:46,19:00,906987379684182,1팀,120243001852340200,01.통살(ASC)(101010)_TCPA16000_A+SC 캠페인_ALL_V1C7_수_표준기여_2336_02,1668,0,0,0
2026-08-08 19:30:46,19:00,906987379684182,1팀,120243258462660200,07.크리스피(ASC)(101010)_A+SC 캠페인_구매최적화_수_표준기여_2659_260322,1970,0,0,0
2026-08-08 19:30:46,19:00,906987379684182,1팀,120243592510760200,16.안심크리스피(ASC)(메가딜)_TCPA14000_A+SC 캠페인_ALL_C7_수_표준기여_2863_260327,2241,0,0,0
2026-08-08 19:30:46,19:00,906987379684182,1팀,120244042753880200,07.크리스피(ASC)(메가딜)_TCPA16000_A+SC 캠페인_ALL_수_표준기여_2464_260403,2323,0,0,0
2026-08-08 19:30:46,19:00,906987379684182,1팀,120244128322750200,01.통살(ASC)(101010)_TCPA16000_A+SC 캠페인_ALL_V1C7_수_표준기여_2336_03,849,0,0,0
2026-08-08 19:30:46,19:00,906987379684182,1팀,120244130427210200,07.크리스피(ASC)(메가딜)_A+SC 캠페인_구매최적화_수_표준기여_2464_260404,6493,0,0,0
2026-08-08 19:30:46,19:00,906987379684182,1팀,120244370408130200,17.안심볶음밥(ASC)(메가딜)_TCPA_A+SC 캠페인_ALL_C7_수_표준기여_2903_260409,933,0,0,0
2026-08-08 19:30:46,19:00,906987379684182,1팀,120244785115700200,07.크리스피(ASC)(메가딜)_A+SC 캠페인_구매최적화_수_표준기여_2464_260416_intern,1027,0,0,0
2026-08-08 19:30:46,19:00,906987379684182,1팀,120244785115970200,07.크리스피(ASC)(메가딜)_TCPA14000_A+SC 캠페인_ALL_C7_수_표준기여_2464_260416_intern,1617,0,0,0
2026-08-08 19:30:46,19:00,906987379684182,1팀,120246157174550200,17.안심볶음밥(ASC)(메가딜)_A+SC 캠페인_구매최적화_수_표준기여_2903_260507_남자,3007,0,0,0
2026-08-08 19:30:46,19:00,906987379684182,1팀,120246224683700200,17.안심볶음밥(ASC)(메가딜)_A+SC 캠페인_구매최적화_수_표준기여_2903_260507_남자_02,2404,0,0,0
2026-08-08 19:30:46,19:00,906987379684182,1팀,120246397028850200,07.크리스피(ASC)(통합)_A+SC 캠페인_구매최적화_수_표준기여_통합_260511,48942,3,157400,321.60516529769933
2026-08-08 19:30:46,19:00,906987379684182,1팀,120246898203940200,03.닭다리살(ASC)(1010)_A+SC캠페인_구매최적화_수_표준기여_2604_260519,1994,0,0,0
2026-08-08 19:30:46,19:00,906987379684182,1팀,120246898384670200,03.닭다리살(ASC)(1010)_TROAS_A+SC캠페인_구매최적화_값_표준기여_2604_260519,25003,1,50900,203.57557093148824
2026-08-08 19:30:46,19:00,906987379684182,1팀,120247354343980200,20.김자반밥바(ASC)(메가딜)_TCPA_A+SC캠페인_ALL_C7_수_표준기여_3003_260527,1677,0,0,0
2026-08-08 19:30:46,19:00,906987379684182,1팀,120247354558020200,20.김자반밥바(ASC)(메가딜)_A+SC캠페인_구매최적화_수_표준기여_3003_260527,26344,0,0,0
2026-08-08 19:30:46,19:00,906987379684182,1팀,120247379361950200,07.크리스피(ASC)(1010)_A+SC캠페인_구매최적화_수_표준기여_2992_260527,5212,0,0,0
2026-08-08 19:30:46,19:00,906987379684182,1팀,120247379587080200,07.크리스피(ASC)(1010)_TROAS_A+SC캠페인_구매최적화_값_표준기여_2992_260527,1918,0,0,0
2026-08-08 19:30:46,19:00,906987379684182,1팀,120247842896910200,20.김자반밥바(ASC)(메가딜)_A+SC캠페인_구매최적화_수_표준기여_3003_260603,2444,1,34800,1423.8952536824877
2026-08-08 19:30:46,19:00,906987379684182,1팀,120248207670120200,17.안심볶음밥(ASC)(메가딜)_A+SC 캠페인_구매최적화_수_표준기여_2903_260609_남자(가치조정),3652,0,0,0
2026-08-08 19:30:46,19:00,906987379684182,1팀,120248361514480200,01.통살(ASC)(하이브리드)_TCPA_A+SC캠페인_ALL_C7_수_표준기여_3028_260611,919,0,0,0
2026-08-08 19:30:46,19:00,906987379684182,1팀,120248361514580200,01.통살(ASC)(하이브리드)_TROAS_A+SC캠페인_구매최적화_값_표준기여_3028_260611,1757,0,0,0
2026-08-08 19:30:46,19:00,906987379684182,1팀,120248762624470200,17.안심볶음밥(ASC)(메가딜)_TROAS_A+SC캠페인_구매최적화_값_표준기여_2903_260705,1206,0,0,0
2026-08-08 19:30:46,19:00,906987379684182,1팀,120248762761370200,17.안심볶음밥(ASC)(메가딜)_A+SC캠페인_구매최적화_수_표준기여_2903_260705,1341,0,0,0
2026-08-08 19:30:46,19:00,906987379684182,1팀,120248762858730200,16.안심크리스피(ASC)(메가딜)_A+SC 캠페인_구매최적화_수_표준기여_2908_260720(페르소나),1268,0,0,0
2026-08-08 19:30:46,19:00,906987379684182,1팀,120248763306900200,16.안심크리스피(ASC)(메가딜)_TCPA_A+SC캠페인_ALL_C7_수_표준기여_2908_260621,766,1,79300,10352.480417754568
2026-08-08 19:30:46,19:00,906987379684182,1팀,120248763797300200,21.통살+그릴드(ASC)(메가딜)_TROAS_A+SC캠페인_구매최적화_값_표준기여_3068_260617,1939,0,0,0
2026-08-08 19:30:46,19:00,906987379684182,1팀,120248763797350200,21.통살+그릴드(ASC)(메가딜)_A+SC캠페인_구매최적화_수_표준기여_3068_260617,1173,0,0,0
2026-08-08 19:30:46,19:00,906987379684182,1팀,120249317264110200,07.크리스피(ASC)(하이브리드)_A+SC캠페인_구매최적화_수_표준기여_3078_260713,3375,0,0,0
2026-08-08 19:30:46,19:00,906987379684182,1팀,120249317264120200,07.크리스피(ASC)(하이브리드)_TCPA_A+SC캠페인_ALL_C7_수_표준기여_3078_260713,1329,0,0,0
2026-08-08 19:30:46,19:00,906987379684182,1팀,120249317264140200,07.크리스피(ASC)(하이브리드)_TROAS_A+SC캠페인_구매최적화_값_표준기여_3078_260713,12401,0,0,0
2026-08-08 19:30:46,19:00,906987379684182,1팀,120249873291990200,07.크리스피(ASC)(1010)_TROAS_A+SC캠페인_구매최적화_값_표준기여_2992_260705,1171,0,0,0
2026-08-08 19:30:46,19:00,906987379684182,1팀,120249873905240200,07.크리스피(ASC)(101010)_TROAS_A+SC캠페인_구매최적화_값_표준기여_2659_260705,5598,0,0,0
2026-08-08 19:30:46,19:00,906987379684182,1팀,120249873905280200,07.크리스피(ASC)(101010)_A+SC캠페인_구매최적화_수_표준기여_2659_260705,3037,0,0,0
2026-08-08 19:30:46,19:00,906987379684182,1팀,120249875227840200,16.안심크리스피(ASC)(메가딜)_A+SC캠페인_구매최적화_수_표준기여_2908_260705,5917,0,0,0
2026-08-08 19:30:46,19:00,906987379684182,1팀,120249875227870200,16.안심크리스피(ASC)(메가딜)_TCPA_A+SC캠페인_ALL_C7_수_표준기여_2908_260705,100,0,0,0
2026-08-08 19:30:46,19:00,906987379684182,1팀,120249876219490200,20.김자반밥바(ASC)(메가딜)_A+SC캠페인_구매최적화_수_표준기여_3003_260705,15378,1,29300,190.53192872935364
2026-08-08 19:30:46,19:00,906987379684182,1팀,120249876219520200,20.김자반밥바(ASC)(메가딜)_TROAS_A+SC캠페인_구매최적화_값_표준기여_3003_260705,824,0,0,0
2026-08-08 19:30:46,19:00,906987379684182,1팀,120249878429160200,01.통살(ASC)(하이브리드)_TROAS_A+SC캠페인_구매최적화_값_표준기여_3028_260705,9076,0,0,0
2026-08-08 19:30:46,19:00,906987379684182,1팀,120249878429240200,01.통살(ASC)(하이브리드)_A+SC캠페인_구매최적화_수_표준기여_3028_260705,1441,0,0,0
2026-08-08 19:30:46,19:00,906987379684182,1팀,120250098930220200,01.통살(ASC)(101010)_TROAS_A+SC캠페인_구매최적화_값_표준기여_2336_260712,3111,0,0,0
2026-08-08 19:30:46,19:00,906987379684182,1팀,120250099159310200,07.크리스피(ASC)(메가딜)_A+SC캠페인_구매최적화_수_표준기여_2464_260712,2014,0,0,0
2026-08-08 19:30:46,19:00,906987379684182,1팀,120250099159320200,07.크리스피(ASC)(메가딜)_TROAS_A+SC캠페인_구매최적화_값_표준기여_2464_260712,5466,1,34450,630.2597877789974
2026-08-08 19:30:46,19:00,906987379684182,1팀,120250099159330200,07.크리스피(ASC)(메가딜)_TCPA_A+SC캠페인_ALL_C7_수_표준기여_2464_260712,128,0,0,0
2026-08-08 19:30:46,19:00,906987379684182,1팀,120250099335020200,77.프로모션(ASC)(줄리엔강)_TCPA_A+SC캠페인_ALL_C7_수_표준기여_260713,2939,0,0,0
2026-08-08 19:30:46,19:00,906987379684182,1팀,120250099335030200,77.프로모션(ASC)(줄리엔강)_TROAS_A+SC캠페인_구매최적화_값_표준기여_260713,9778,1,88600,906.1157700961342
2026-08-08 19:30:46,19:00,906987379684182,1팀,120250268133470200,03.닭다리살(ASC)(하이브리드)_TROAS_A+SC캠페인_구매최적화_값_표준기여_3111_260726,1752,0,0,0
2026-08-08 19:30:46,19:00,906987379684182,1팀,120250444210730200,20.김자반밥바(ASC)(하이브리드)_TROAS_A+SC캠페인_구매최적화_값_표준기여_3159_260726,1804,0,0,0
2026-08-08 19:30:46,19:00,906987379684182,1팀,120250444210740200,20.김자반밥바(ASC)(하이브리드)_A+SC캠페인_구매최적화_수_표준기여_3159_260726,2032,0,0,0
2026-08-08 19:30:46,19:00,906987379684182,1팀,120250444210900200,20.김자반밥바(ASC)(하이브리드)_TCPA_A+SC캠페인_ALL_C7_수_표준기여_3159_260726,500,0,0,0
2026-08-08 19:30:46,19:00,906987379684182,1팀,120250444423310200,21.통살+그릴드(ASC)(하이브리드)_TROAS_A+SC캠페인_구매최적화_값_표준기여_3162_260726,1100,0,0,0
2026-08-08 19:30:46,19:00,906987379684182,1팀,120250444423320200,21.통살+그릴드(ASC)(하이브리드)_TCPA_A+SC캠페인_ALL_C7_수_표준기여_3162_260726,213,0,0,0
2026-08-08 19:30:46,19:00,906987379684182,1팀,120250444423330200,21.통살+그릴드(ASC)(하이브리드)_A+SC캠페인_구매최적화_수_표준기여_3162_260726,1031,0,0,0
2026-08-08 19:30:46,19:00,906987379684182,1팀,120250475752460200,07.크리스피(ASC)(하이브리드)_TROAS_A+SC캠페인_구매최적화_값_표준기여_3078_260722(페르소나),320,0,0,0
2026-08-08 19:30:46,19:00,906987379684182,1팀,120250614451020200,07.크리스피(ASC)(하이브리드)_A+SC캠페인_구매최적화_수_표준기여_3078_260728,399,0,0,0
2026-08-08 19:30:46,19:00,906987379684182,1팀,120250614451040200,07.크리스피(ASC)(하이브리드)_TROAS_A+SC캠페인_구매최적화_값_표준기여_3078_260728,1077,0,0,0
2026-08-08 19:30:46,19:00,906987379684182,1팀,120250614451160200,07.크리스피(ASC)(하이브리드)_TCPA_A+SC캠페인_ALL_C7_수_표준기여_3078_260728,5,0,0,0
2026-08-08 19:30:46,19:00,906987379684182,1팀,120250649570130200,07.크리스피(ASC)(하이브리드)_TROAS_A+SC캠페인_구매최적화_값_표준기여_3078_260802_AI,1305,0,0,0
2026-08-08 19:30:46,19:00,906987379684182,1팀,120250649570150200,07.크리스피(ASC)(하이브리드)_TCPA_A+SC캠페인_ALL_C7_수_표준기여_3078_260802_AI,549,0,0,0
2026-08-08 19:30:46,19:00,906987379684182,1팀,120250649570180200,07.크리스피(ASC)(하이브리드)_A+SC캠페인_구매최적화_수_표준기여_3078_260802_AI,1003,0,0,0
2026-08-08 19:30:46,19:00,906987379684182,1팀,120250856737330200,77.프로모션(ASC)(통크크)_TROAS_A+SC캠페인_구매최적화_값_표준기여_260806,1965,0,0,0
2026-08-08 19:30:46,19:00,906987379684182,1팀,120250856737340200,77.프로모션(ASC)(통크크)_TCPA_A+SC캠페인_ALL_C7_수_표준기여_260806,654,0,0,0
2026-08-08 19:30:46,19:00,906987379684182,1팀,120250856737350200,77.프로모션(ASC)(통크크)_A+SC캠페인_구매최적화_수_표준기여_260806,6486,0,0,0
2026-08-08 19:30:46,19:00,906987379684182,1팀,120250859367430200,20.김자반밥바(ASC)(하이브리드)_A+SC캠페인_구매최적화_수_가치조정_3159_260806,1483,0,0,0
2026-08-08 19:30:46,19:00,906987379684182,1팀,120250859367440200,20.김자반밥바(ASC)(하이브리드)_TCPA_A+SC캠페인_ALL_C7_수_표준기여_3159_260806,1625,0,0,0
2026-08-08 19:30:46,19:00,906987379684182,1팀,120250859367470200,20.김자반밥바(ASC)(하이브리드)_TROAS_A+SC캠페인_구매최적화_값_표준기여_3159_260806,2083,0,0,0
