pollTime,hour,account,accountLabel,campaignId,campaignName,spend,purchases,purchaseValue,roas
2026-09-13 00:30:43,00:00,906987379684182,1팀,120228320649100200,01.통살(ASC)(101010)_TCPA16000_A+SC 캠페인_ALL_V1C7_수_표준기여_2336,5866,0,0,0
2026-09-13 00:30:43,00:00,906987379684182,1팀,120228788396590200,01.통살(ASC)(메가딜)_TCPA20000_A+SC 캠페인_ALL_V1C7_수_표준기여_1874,21097,0,0,0
2026-09-13 00:30:43,00:00,906987379684182,1팀,120237509836570200,07.크리스피(ASC)(메가딜)_TCPA16000_A+SC 캠페인_ALL_수_표준기여_2464,1577,0,0,0
2026-09-13 00:30:43,00:00,906987379684182,1팀,120243001852340200,01.통살(ASC)(101010)_TCPA16000_A+SC 캠페인_ALL_V1C7_수_표준기여_2336_02,942,0,0,0
2026-09-13 00:30:43,00:00,906987379684182,1팀,120244128322750200,01.통살(ASC)(101010)_TCPA16000_A+SC 캠페인_ALL_V1C7_수_표준기여_2336_03,848,0,0,0
2026-09-13 00:30:43,00:00,906987379684182,1팀,120246397028850200,07.크리스피(ASC)(통합)_A+SC 캠페인_구매최적화_수_표준기여_통합_260511,2691,0,0,0
2026-09-13 00:30:43,00:00,906987379684182,1팀,120246898203940200,03.닭다리살(ASC)(1010)_A+SC캠페인_구매최적화_수_표준기여_2604_260519,6689,0,0,0
2026-09-13 00:30:43,00:00,906987379684182,1팀,120246898384670200,03.닭다리살(ASC)(1010)_TROAS_A+SC캠페인_구매최적화_값_표준기여_2604_260519,30005,0,0,0
2026-09-13 00:30:43,00:00,906987379684182,1팀,120247379587080200,07.크리스피(ASC)(1010)_TROAS_A+SC캠페인_구매최적화_값_표준기여_2992_260527,3588,0,0,0
2026-09-13 00:30:43,00:00,906987379684182,1팀,120248361514480200,01.통살(ASC)(하이브리드)_TCPA_A+SC캠페인_ALL_C7_수_표준기여_3028_260611,1179,0,0,0
2026-09-13 00:30:43,00:00,906987379684182,1팀,120249317264140200,07.크리스피(ASC)(하이브리드)_TROAS_A+SC캠페인_구매최적화_값_표준기여_3078_260713,9037,0,0,0
2026-09-13 00:30:43,00:00,906987379684182,1팀,120249873905240200,07.크리스피(ASC)(101010)_TROAS_A+SC캠페인_구매최적화_값_표준기여_2659_260705,5293,0,0,0
2026-09-13 00:30:43,00:00,906987379684182,1팀,120249878429160200,01.통살(ASC)(하이브리드)_TROAS_A+SC캠페인_구매최적화_값_표준기여_3028_260705,3994,0,0,0
2026-09-13 00:30:43,00:00,906987379684182,1팀,120250099159330200,07.크리스피(ASC)(메가딜)_TCPA_A+SC캠페인_ALL_C7_수_표준기여_2464_260712,1044,0,0,0
2026-09-13 00:30:43,00:00,906987379684182,1팀,120250268133470200,03.닭다리살(ASC)(하이브리드)_TROAS_A+SC캠페인_구매최적화_값_표준기여_3111_260726,5080,0,0,0
2026-09-13 00:30:43,00:00,906987379684182,1팀,120250614451040200,07.크리스피(ASC)(하이브리드)_TROAS_A+SC캠페인_구매최적화_값_표준기여_3078_260728,5257,0,0,0
2026-09-13 00:30:43,00:00,906987379684182,1팀,120250649570130200,07.크리스피(ASC)(하이브리드)_TROAS_A+SC캠페인_구매최적화_값_표준기여_3078_260802_AI,15254,0,0,0
2026-09-13 00:30:43,00:00,906987379684182,1팀,120250649570180200,07.크리스피(ASC)(하이브리드)_A+SC캠페인_구매최적화_수_표준기여_3078_260802_AI,9792,0,0,0
2026-09-13 00:30:43,00:00,906987379684182,1팀,120250858093370200,01.통살(ASC)(하이브리드)_TROAS_A+SC캠페인_구매최적화_값_표준기여_3028_260806,16616,0,0,0
2026-09-13 00:30:43,00:00,906987379684182,1팀,120250858456470200,01.통살(ASC)(하이브리드)_A+SC캠페인_구매최적화_수_표준기여_3028_260806,3525,0,0,0
2026-09-13 00:30:43,00:00,906987379684182,1팀,120250858902230200,07.크리스피(ASC)(메가딜)_A+SC캠페인_구매최적화_수_표준기여_2464_260806,4062,0,0,0
2026-09-13 00:30:43,00:00,906987379684182,1팀,120250858902240200,07.크리스피(ASC)(메가딜)_TCPA_A+SC캠페인_ALL_C7_수_표준기여_2464_260806,4380,0,0,0
2026-09-13 00:30:43,00:00,906987379684182,1팀,120250858902260200,07.크리스피(ASC)(메가딜)_TROAS_A+SC캠페인_구매최적화_값_표준기여_2464_260806,6334,0,0,0
2026-09-13 00:30:43,00:00,906987379684182,1팀,120250859189800200,17.안심볶음밥(ASC)(메가딜)_A+SC캠페인_구매최적화_수_표준기여_2903_260907,19019,0,0,0
2026-09-13 00:30:43,00:00,906987379684182,1팀,120250859189820200,17.안심볶음밥(ASC)(메가딜)_TROAS_A+SC캠페인_구매최적화_값_표준기여_2903_260907,11419,0,0,0
2026-09-13 00:30:43,00:00,906987379684182,1팀,120250859367430200,20.김자반밥바(ASC)(하이브리드)_A+SC캠페인_구매최적화_수_가치조정_3159_260806,6371,0,0,0
2026-09-13 00:30:43,00:00,906987379684182,1팀,120251066794820200,07.크리스피(ASC)(하이브리드)_A+SC캠페인_구매최적화_수_표준기여_3078_260816_AI _2,3187,0,0,0
2026-09-13 00:30:43,00:00,906987379684182,1팀,120251066794930200,07.크리스피(ASC)(하이브리드)_TROAS_A+SC캠페인_구매최적화_값_표준기여_3078_260816_AI _2,10431,0,0,0
2026-09-13 00:30:43,00:00,906987379684182,1팀,120251169199390200,07.크리스피(ASC)(하이브리드)_TROAS_A+SC캠페인_구매최적화_값_표준기여_3078_260817(페르소나2),3168,0,0,0
2026-09-13 00:30:43,00:00,906987379684182,1팀,120251209789390200,07.크리스피(ASC)(하이브리드)_ABO캠페인_구매최적화_수_표준기여_3078_260819,5449,0,0,0
2026-09-13 00:30:43,00:00,906987379684182,1팀,120251211164300200,07.크리스피(ASC)(하이브리드)_TCPA_A+SC캠페인_ALL_C7_수_표준기여_3078_260819(테무콘),352,0,0,0
2026-09-13 00:30:43,00:00,906987379684182,1팀,120251211164310200,07.크리스피(ASC)(하이브리드)_TROAS_A+SC캠페인_구매최적화_값_표준기여_3078_260819(테무콘),5069,0,0,0
2026-09-13 00:30:43,00:00,906987379684182,1팀,120251211164320200,07.크리스피(ASC)(하이브리드)_A+SC캠페인_구매최적화_수_표준기여_3078_260819(테무콘),10293,0,0,0
2026-09-13 00:30:43,00:00,906987379684182,1팀,120251251665220200,07.크리스피(ASC)(하이브리드)_TROAS_ABO캠페인_구매최적화_수_표준기여_3078_260821,17525,0,0,0
2026-09-13 00:30:43,00:00,906987379684182,1팀,120251327515450200,07.크리스피(ASC)(메가딜)_ABO캠페인_구매최적화_수_표준기여_2464_260825,5055,0,0,0
2026-09-13 00:30:43,00:00,906987379684182,1팀,120251328004940200,07.크리스피(ASC)(메가딜)_TROAS_ABO캠페인_구매최적화_수_표준기여_2464_260825,5066,0,0,0
2026-09-13 00:30:43,00:00,906987379684182,1팀,120251367693570200,07.크리스피(ASC)(하이브리드)_TCPA_ABO캠페인_구매최적화_수_표준기여_3078_260827,1131,0,0,0
2026-09-13 00:30:43,00:00,906987379684182,1팀,120251367790160200,07.크리스피(ASC)(메가딜)_TCPA_ABO캠페인_구매최적화_수_표준기여_2464_260827,14695,1,25700,174.88941816944538
2026-09-13 00:30:43,00:00,906987379684182,1팀,120251368155020200,01.통살(ASC)(하이브리드)_ABO캠페인_구매최적화_수_표준기여_3028_260827,2045,0,0,0
2026-09-13 00:30:43,00:00,906987379684182,1팀,120251368716980200,01.통살(ASC)(하이브리드)_TPCA_ABO캠페인_구매최적화_수_표준기여_3028_260827,2787,0,0,0
2026-09-13 00:30:43,00:00,906987379684182,1팀,120251368728810200,01.통살(ASC)(하이브리드)_TROAS_ABO캠페인_구매최적화_수_표준기여_3028_260827,2706,0,0,0
2026-09-13 00:30:43,00:00,906987379684182,1팀,120251369567610200,20.김자반밥바(ASC)(메가딜)_TCPA_ABO캠페인_구매최적화_수_표준기여_3003_260827,2985,0,0,0
2026-09-13 00:30:43,00:00,906987379684182,1팀,120251369567620200,20.김자반밥바(ASC)(메가딜)_TROAS_ABO캠페인_구매최적화_수_표준기여_3003_260827,5463,0,0,0
2026-09-13 00:30:43,00:00,906987379684182,1팀,120251369567660200,20.김자반밥바(ASC)(메가딜)_ABO캠페인_구매최적화_수_표준기여_3003_260827,5189,1,51700,996.3384081711313
2026-09-13 00:30:43,00:00,906987379684182,1팀,120251444359310200,07.크리스피(ASC)(하이브리드)_TROAS_A+SC캠페인_구매최적화_값_표준기여_3078_260901(테무콘2),3130,0,0,0
2026-09-13 00:30:43,00:00,906987379684182,1팀,120251466594180200,22.닭가슴살볼(ASC)(메가딜)_ABO캠페인_구매최적화_수_표준기여_2905_260906,6102,0,0,0
2026-09-13 00:30:43,00:00,906987379684182,1팀,120251466785500200,22.닭가슴살볼(ASC)(메가딜)_TROAS_A+SC캠페인_구매최적화_값_표준기여_2905_260906,4152,0,0,0
2026-09-13 00:30:43,00:00,906987379684182,1팀,120251503407460200,22.닭가슴살볼(ASC)(메가딜)_TROAS_A+SC캠페인_구매최적화_값_표준기여_2905_260906(김혜선),5920,0,0,0
2026-09-13 00:45:14,00:00,906987379684182,1팀,120228320649100200,01.통살(ASC)(101010)_TCPA16000_A+SC 캠페인_ALL_V1C7_수_표준기여_2336,8753,0,0,0
2026-09-13 00:45:14,00:00,906987379684182,1팀,120228788396590200,01.통살(ASC)(메가딜)_TCPA20000_A+SC 캠페인_ALL_V1C7_수_표준기여_1874,32637,1,99000,303.3367037411527
2026-09-13 00:45:14,00:00,906987379684182,1팀,120237509836570200,07.크리스피(ASC)(메가딜)_TCPA16000_A+SC 캠페인_ALL_수_표준기여_2464,2604,0,0,0
2026-09-13 00:45:14,00:00,906987379684182,1팀,120243001852340200,01.통살(ASC)(101010)_TCPA16000_A+SC 캠페인_ALL_V1C7_수_표준기여_2336_02,1431,0,0,0
2026-09-13 00:45:14,00:00,906987379684182,1팀,120244128322750200,01.통살(ASC)(101010)_TCPA16000_A+SC 캠페인_ALL_V1C7_수_표준기여_2336_03,1275,1,59800,4690.196078431372
2026-09-13 00:45:14,00:00,906987379684182,1팀,120246397028850200,07.크리스피(ASC)(통합)_A+SC 캠페인_구매최적화_수_표준기여_통합_260511,4723,0,0,0
2026-09-13 00:45:14,00:00,906987379684182,1팀,120246898203940200,03.닭다리살(ASC)(1010)_A+SC캠페인_구매최적화_수_표준기여_2604_260519,12258,0,0,0
2026-09-13 00:45:14,00:00,906987379684182,1팀,120246898384670200,03.닭다리살(ASC)(1010)_TROAS_A+SC캠페인_구매최적화_값_표준기여_2604_260519,45558,0,0,0
2026-09-13 00:45:14,00:00,906987379684182,1팀,120247379587080200,07.크리스피(ASC)(1010)_TROAS_A+SC캠페인_구매최적화_값_표준기여_2992_260527,6234,0,0,0
2026-09-13 00:45:14,00:00,906987379684182,1팀,120248361514480200,01.통살(ASC)(하이브리드)_TCPA_A+SC캠페인_ALL_C7_수_표준기여_3028_260611,1562,0,0,0
2026-09-13 00:45:14,00:00,906987379684182,1팀,120249317264140200,07.크리스피(ASC)(하이브리드)_TROAS_A+SC캠페인_구매최적화_값_표준기여_3078_260713,13240,0,0,0
2026-09-13 00:45:14,00:00,906987379684182,1팀,120249873905240200,07.크리스피(ASC)(101010)_TROAS_A+SC캠페인_구매최적화_값_표준기여_2659_260705,8002,0,0,0
2026-09-13 00:45:14,00:00,906987379684182,1팀,120249878429160200,01.통살(ASC)(하이브리드)_TROAS_A+SC캠페인_구매최적화_값_표준기여_3028_260705,6946,0,0,0
2026-09-13 00:45:14,00:00,906987379684182,1팀,120250099159330200,07.크리스피(ASC)(메가딜)_TCPA_A+SC캠페인_ALL_C7_수_표준기여_2464_260712,1602,0,0,0
2026-09-13 00:45:14,00:00,906987379684182,1팀,120250268133470200,03.닭다리살(ASC)(하이브리드)_TROAS_A+SC캠페인_구매최적화_값_표준기여_3111_260726,7979,0,0,0
2026-09-13 00:45:14,00:00,906987379684182,1팀,120250614451040200,07.크리스피(ASC)(하이브리드)_TROAS_A+SC캠페인_구매최적화_값_표준기여_3078_260728,8905,1,97000,1089.2756878158339
2026-09-13 00:45:14,00:00,906987379684182,1팀,120250649570130200,07.크리스피(ASC)(하이브리드)_TROAS_A+SC캠페인_구매최적화_값_표준기여_3078_260802_AI,25476,0,0,0
2026-09-13 00:45:14,00:00,906987379684182,1팀,120250649570180200,07.크리스피(ASC)(하이브리드)_A+SC캠페인_구매최적화_수_표준기여_3078_260802_AI,17736,0,0,0
2026-09-13 00:45:14,00:00,906987379684182,1팀,120250858093370200,01.통살(ASC)(하이브리드)_TROAS_A+SC캠페인_구매최적화_값_표준기여_3028_260806,26063,0,0,0
2026-09-13 00:45:14,00:00,906987379684182,1팀,120250858093380200,01.통살(ASC)(하이브리드)_TCPA_A+SC캠페인_ALL_C7_수_표준기여_3028_260806,22,0,0,0
2026-09-13 00:45:14,00:00,906987379684182,1팀,120250858456470200,01.통살(ASC)(하이브리드)_A+SC캠페인_구매최적화_수_표준기여_3028_260806,4997,0,0,0
2026-09-13 00:45:14,00:00,906987379684182,1팀,120250858902230200,07.크리스피(ASC)(메가딜)_A+SC캠페인_구매최적화_수_표준기여_2464_260806,5989,0,0,0
2026-09-13 00:45:14,00:00,906987379684182,1팀,120250858902240200,07.크리스피(ASC)(메가딜)_TCPA_A+SC캠페인_ALL_C7_수_표준기여_2464_260806,7072,0,0,0
2026-09-13 00:45:14,00:00,906987379684182,1팀,120250858902260200,07.크리스피(ASC)(메가딜)_TROAS_A+SC캠페인_구매최적화_값_표준기여_2464_260806,10247,0,0,0
2026-09-13 00:45:14,00:00,906987379684182,1팀,120250859189800200,17.안심볶음밥(ASC)(메가딜)_A+SC캠페인_구매최적화_수_표준기여_2903_260907,29429,0,0,0
2026-09-13 00:45:14,00:00,906987379684182,1팀,120250859189820200,17.안심볶음밥(ASC)(메가딜)_TROAS_A+SC캠페인_구매최적화_값_표준기여_2903_260907,14428,0,0,0
2026-09-13 00:45:14,00:00,906987379684182,1팀,120250859367430200,20.김자반밥바(ASC)(하이브리드)_A+SC캠페인_구매최적화_수_가치조정_3159_260806,12182,0,0,0
2026-09-13 00:45:14,00:00,906987379684182,1팀,120251066794820200,07.크리스피(ASC)(하이브리드)_A+SC캠페인_구매최적화_수_표준기여_3078_260816_AI _2,7447,0,0,0
2026-09-13 00:45:14,00:00,906987379684182,1팀,120251066794930200,07.크리스피(ASC)(하이브리드)_TROAS_A+SC캠페인_구매최적화_값_표준기여_3078_260816_AI _2,15992,0,0,0
2026-09-13 00:45:14,00:00,906987379684182,1팀,120251169199390200,07.크리스피(ASC)(하이브리드)_TROAS_A+SC캠페인_구매최적화_값_표준기여_3078_260817(페르소나2),6324,0,0,0
2026-09-13 00:45:14,00:00,906987379684182,1팀,120251209789390200,07.크리스피(ASC)(하이브리드)_ABO캠페인_구매최적화_수_표준기여_3078_260819,8212,1,108350,1319.4106186069166
2026-09-13 00:45:14,00:00,906987379684182,1팀,120251211164300200,07.크리스피(ASC)(하이브리드)_TCPA_A+SC캠페인_ALL_C7_수_표준기여_3078_260819(테무콘),408,0,0,0
2026-09-13 00:45:14,00:00,906987379684182,1팀,120251211164310200,07.크리스피(ASC)(하이브리드)_TROAS_A+SC캠페인_구매최적화_값_표준기여_3078_260819(테무콘),11965,0,0,0
2026-09-13 00:45:14,00:00,906987379684182,1팀,120251211164320200,07.크리스피(ASC)(하이브리드)_A+SC캠페인_구매최적화_수_표준기여_3078_260819(테무콘),15749,0,0,0
2026-09-13 00:45:14,00:00,906987379684182,1팀,120251251665220200,07.크리스피(ASC)(하이브리드)_TROAS_ABO캠페인_구매최적화_수_표준기여_3078_260821,29982,0,0,0
2026-09-13 00:45:14,00:00,906987379684182,1팀,120251327515450200,07.크리스피(ASC)(메가딜)_ABO캠페인_구매최적화_수_표준기여_2464_260825,8164,0,0,0
2026-09-13 00:45:14,00:00,906987379684182,1팀,120251328004940200,07.크리스피(ASC)(메가딜)_TROAS_ABO캠페인_구매최적화_수_표준기여_2464_260825,9394,0,0,0
2026-09-13 00:45:14,00:00,906987379684182,1팀,120251367693570200,07.크리스피(ASC)(하이브리드)_TCPA_ABO캠페인_구매최적화_수_표준기여_3078_260827,1704,0,0,0
2026-09-13 00:45:14,00:00,906987379684182,1팀,120251367790160200,07.크리스피(ASC)(메가딜)_TCPA_ABO캠페인_구매최적화_수_표준기여_2464_260827,20896,1,25700,122.99004594180704
2026-09-13 00:45:14,00:00,906987379684182,1팀,120251368155020200,01.통살(ASC)(하이브리드)_ABO캠페인_구매최적화_수_표준기여_3028_260827,3103,0,0,0
2026-09-13 00:45:14,00:00,906987379684182,1팀,120251368716980200,01.통살(ASC)(하이브리드)_TPCA_ABO캠페인_구매최적화_수_표준기여_3028_260827,4475,0,0,0
2026-09-13 00:45:14,00:00,906987379684182,1팀,120251368728810200,01.통살(ASC)(하이브리드)_TROAS_ABO캠페인_구매최적화_수_표준기여_3028_260827,4082,0,0,0
2026-09-13 00:45:14,00:00,906987379684182,1팀,120251369567610200,20.김자반밥바(ASC)(메가딜)_TCPA_ABO캠페인_구매최적화_수_표준기여_3003_260827,5514,0,0,0
2026-09-13 00:45:14,00:00,906987379684182,1팀,120251369567620200,20.김자반밥바(ASC)(메가딜)_TROAS_ABO캠페인_구매최적화_수_표준기여_3003_260827,9004,0,0,0
2026-09-13 00:45:14,00:00,906987379684182,1팀,120251369567660200,20.김자반밥바(ASC)(메가딜)_ABO캠페인_구매최적화_수_표준기여_3003_260827,8029,1,51700,643.9158052061277
2026-09-13 00:45:14,00:00,906987379684182,1팀,120251444359310200,07.크리스피(ASC)(하이브리드)_TROAS_A+SC캠페인_구매최적화_값_표준기여_3078_260901(테무콘2),5256,0,0,0
2026-09-13 00:45:14,00:00,906987379684182,1팀,120251466594180200,22.닭가슴살볼(ASC)(메가딜)_ABO캠페인_구매최적화_수_표준기여_2905_260906,9825,0,0,0
2026-09-13 00:45:14,00:00,906987379684182,1팀,120251466785500200,22.닭가슴살볼(ASC)(메가딜)_TROAS_A+SC캠페인_구매최적화_값_표준기여_2905_260906,6015,0,0,0
2026-09-13 00:45:14,00:00,906987379684182,1팀,120251503407460200,22.닭가슴살볼(ASC)(메가딜)_TROAS_A+SC캠페인_구매최적화_값_표준기여_2905_260906(김혜선),8753,0,0,0
2026-09-13 01:30:43,01:00,906987379684182,1팀,120228320649100200,01.통살(ASC)(101010)_TCPA16000_A+SC 캠페인_ALL_V1C7_수_표준기여_2336,5606,0,0,0
2026-09-13 01:30:43,01:00,906987379684182,1팀,120228788396590200,01.통살(ASC)(메가딜)_TCPA20000_A+SC 캠페인_ALL_V1C7_수_표준기여_1874,10871,1,66500,611.7192530585963
2026-09-13 01:30:43,01:00,906987379684182,1팀,120237509836570200,07.크리스피(ASC)(메가딜)_TCPA16000_A+SC 캠페인_ALL_수_표준기여_2464,634,0,0,0
2026-09-13 01:30:43,01:00,906987379684182,1팀,120243001852340200,01.통살(ASC)(101010)_TCPA16000_A+SC 캠페인_ALL_V1C7_수_표준기여_2336_02,411,0,0,0
2026-09-13 01:30:43,01:00,906987379684182,1팀,120244128322750200,01.통살(ASC)(101010)_TCPA16000_A+SC 캠페인_ALL_V1C7_수_표준기여_2336_03,1750,0,0,0
2026-09-13 01:30:43,01:00,906987379684182,1팀,120246397028850200,07.크리스피(ASC)(통합)_A+SC 캠페인_구매최적화_수_표준기여_통합_260511,2128,0,0,0
2026-09-13 01:30:43,01:00,906987379684182,1팀,120246898203940200,03.닭다리살(ASC)(1010)_A+SC캠페인_구매최적화_수_표준기여_2604_260519,6320,0,0,0
2026-09-13 01:30:43,01:00,906987379684182,1팀,120246898384670200,03.닭다리살(ASC)(1010)_TROAS_A+SC캠페인_구매최적화_값_표준기여_2604_260519,26983,0,0,0
2026-09-13 01:30:43,01:00,906987379684182,1팀,120247379587080200,07.크리스피(ASC)(1010)_TROAS_A+SC캠페인_구매최적화_값_표준기여_2992_260527,4848,0,0,0
2026-09-13 01:30:43,01:00,906987379684182,1팀,120248361514480200,01.통살(ASC)(하이브리드)_TCPA_A+SC캠페인_ALL_C7_수_표준기여_3028_260611,1050,0,0,0
2026-09-13 01:30:43,01:00,906987379684182,1팀,120249317264140200,07.크리스피(ASC)(하이브리드)_TROAS_A+SC캠페인_구매최적화_값_표준기여_3078_260713,7163,0,0,0
2026-09-13 01:30:43,01:00,906987379684182,1팀,120249873905240200,07.크리스피(ASC)(101010)_TROAS_A+SC캠페인_구매최적화_값_표준기여_2659_260705,3545,0,0,0
2026-09-13 01:30:43,01:00,906987379684182,1팀,120249878429160200,01.통살(ASC)(하이브리드)_TROAS_A+SC캠페인_구매최적화_값_표준기여_3028_260705,4869,0,0,0
2026-09-13 01:30:43,01:00,906987379684182,1팀,120250099159330200,07.크리스피(ASC)(메가딜)_TCPA_A+SC캠페인_ALL_C7_수_표준기여_2464_260712,373,0,0,0
2026-09-13 01:30:43,01:00,906987379684182,1팀,120250268133470200,03.닭다리살(ASC)(하이브리드)_TROAS_A+SC캠페인_구매최적화_값_표준기여_3111_260726,2668,0,0,0
2026-09-13 01:30:43,01:00,906987379684182,1팀,120250614451040200,07.크리스피(ASC)(하이브리드)_TROAS_A+SC캠페인_구매최적화_값_표준기여_3078_260728,5301,0,0,0
2026-09-13 01:30:43,01:00,906987379684182,1팀,120250649570130200,07.크리스피(ASC)(하이브리드)_TROAS_A+SC캠페인_구매최적화_값_표준기여_3078_260802_AI,8987,0,0,0
2026-09-13 01:30:43,01:00,906987379684182,1팀,120250649570180200,07.크리스피(ASC)(하이브리드)_A+SC캠페인_구매최적화_수_표준기여_3078_260802_AI,9344,0,0,0
2026-09-13 01:30:43,01:00,906987379684182,1팀,120250858093370200,01.통살(ASC)(하이브리드)_TROAS_A+SC캠페인_구매최적화_값_표준기여_3028_260806,18068,0,0,0
2026-09-13 01:30:43,01:00,906987379684182,1팀,120250858093380200,01.통살(ASC)(하이브리드)_TCPA_A+SC캠페인_ALL_C7_수_표준기여_3028_260806,4,0,0,0
2026-09-13 01:30:43,01:00,906987379684182,1팀,120250858456470200,01.통살(ASC)(하이브리드)_A+SC캠페인_구매최적화_수_표준기여_3028_260806,2069,0,0,0
2026-09-13 01:30:43,01:00,906987379684182,1팀,120250858902230200,07.크리스피(ASC)(메가딜)_A+SC캠페인_구매최적화_수_표준기여_2464_260806,3044,0,0,0
2026-09-13 01:30:43,01:00,906987379684182,1팀,120250858902240200,07.크리스피(ASC)(메가딜)_TCPA_A+SC캠페인_ALL_C7_수_표준기여_2464_260806,2572,0,0,0
2026-09-13 01:30:43,01:00,906987379684182,1팀,120250858902260200,07.크리스피(ASC)(메가딜)_TROAS_A+SC캠페인_구매최적화_값_표준기여_2464_260806,3740,0,0,0
2026-09-13 01:30:43,01:00,906987379684182,1팀,120250859189800200,17.안심볶음밥(ASC)(메가딜)_A+SC캠페인_구매최적화_수_표준기여_2903_260907,11584,0,0,0
2026-09-13 01:30:43,01:00,906987379684182,1팀,120250859189820200,17.안심볶음밥(ASC)(메가딜)_TROAS_A+SC캠페인_구매최적화_값_표준기여_2903_260907,2731,0,0,0
2026-09-13 01:30:43,01:00,906987379684182,1팀,120250859367430200,20.김자반밥바(ASC)(하이브리드)_A+SC캠페인_구매최적화_수_가치조정_3159_260806,9311,0,0,0
2026-09-13 01:30:43,01:00,906987379684182,1팀,120250859367440200,20.김자반밥바(ASC)(하이브리드)_TCPA_A+SC캠페인_ALL_C7_수_표준기여_3159_260806,0,0,0,0
2026-09-13 01:30:43,01:00,906987379684182,1팀,120251066794820200,07.크리스피(ASC)(하이브리드)_A+SC캠페인_구매최적화_수_표준기여_3078_260816_AI _2,4246,0,0,0
2026-09-13 01:30:43,01:00,906987379684182,1팀,120251066794930200,07.크리스피(ASC)(하이브리드)_TROAS_A+SC캠페인_구매최적화_값_표준기여_3078_260816_AI _2,3694,0,0,0
2026-09-13 01:30:43,01:00,906987379684182,1팀,120251169199390200,07.크리스피(ASC)(하이브리드)_TROAS_A+SC캠페인_구매최적화_값_표준기여_3078_260817(페르소나2),2701,0,0,0
2026-09-13 01:30:43,01:00,906987379684182,1팀,120251209789390200,07.크리스피(ASC)(하이브리드)_ABO캠페인_구매최적화_수_표준기여_3078_260819,4391,0,0,0
2026-09-13 01:30:43,01:00,906987379684182,1팀,120251211164300200,07.크리스피(ASC)(하이브리드)_TCPA_A+SC캠페인_ALL_C7_수_표준기여_3078_260819(테무콘),305,0,0,0
2026-09-13 01:30:43,01:00,906987379684182,1팀,120251211164310200,07.크리스피(ASC)(하이브리드)_TROAS_A+SC캠페인_구매최적화_값_표준기여_3078_260819(테무콘),11072,0,0,0
2026-09-13 01:30:43,01:00,906987379684182,1팀,120251211164320200,07.크리스피(ASC)(하이브리드)_A+SC캠페인_구매최적화_수_표준기여_3078_260819(테무콘),4648,0,0,0
2026-09-13 01:30:43,01:00,906987379684182,1팀,120251251665220200,07.크리스피(ASC)(하이브리드)_TROAS_ABO캠페인_구매최적화_수_표준기여_3078_260821,16327,0,0,0
2026-09-13 01:30:43,01:00,906987379684182,1팀,120251327515450200,07.크리스피(ASC)(메가딜)_ABO캠페인_구매최적화_수_표준기여_2464_260825,4997,0,0,0
2026-09-13 01:30:43,01:00,906987379684182,1팀,120251328004940200,07.크리스피(ASC)(메가딜)_TROAS_ABO캠페인_구매최적화_수_표준기여_2464_260825,4675,0,0,0
2026-09-13 01:30:43,01:00,906987379684182,1팀,120251367693570200,07.크리스피(ASC)(하이브리드)_TCPA_ABO캠페인_구매최적화_수_표준기여_3078_260827,371,0,0,0
2026-09-13 01:30:43,01:00,906987379684182,1팀,120251367790160200,07.크리스피(ASC)(메가딜)_TCPA_ABO캠페인_구매최적화_수_표준기여_2464_260827,6494,0,0,0
2026-09-13 01:30:43,01:00,906987379684182,1팀,120251368155020200,01.통살(ASC)(하이브리드)_ABO캠페인_구매최적화_수_표준기여_3028_260827,1942,0,0,0
2026-09-13 01:30:43,01:00,906987379684182,1팀,120251368716980200,01.통살(ASC)(하이브리드)_TPCA_ABO캠페인_구매최적화_수_표준기여_3028_260827,1341,0,0,0
2026-09-13 01:30:43,01:00,906987379684182,1팀,120251368728810200,01.통살(ASC)(하이브리드)_TROAS_ABO캠페인_구매최적화_수_표준기여_3028_260827,3697,0,0,0
2026-09-13 01:30:43,01:00,906987379684182,1팀,120251369567610200,20.김자반밥바(ASC)(메가딜)_TCPA_ABO캠페인_구매최적화_수_표준기여_3003_260827,1880,0,0,0
2026-09-13 01:30:43,01:00,906987379684182,1팀,120251369567620200,20.김자반밥바(ASC)(메가딜)_TROAS_ABO캠페인_구매최적화_수_표준기여_3003_260827,3470,0,0,0
2026-09-13 01:30:43,01:00,906987379684182,1팀,120251369567660200,20.김자반밥바(ASC)(메가딜)_ABO캠페인_구매최적화_수_표준기여_3003_260827,2749,0,0,0
2026-09-13 01:30:43,01:00,906987379684182,1팀,120251444359310200,07.크리스피(ASC)(하이브리드)_TROAS_A+SC캠페인_구매최적화_값_표준기여_3078_260901(테무콘2),1411,0,0,0
2026-09-13 01:30:43,01:00,906987379684182,1팀,120251466594180200,22.닭가슴살볼(ASC)(메가딜)_ABO캠페인_구매최적화_수_표준기여_2905_260906,4592,0,0,0
2026-09-13 01:30:43,01:00,906987379684182,1팀,120251466785500200,22.닭가슴살볼(ASC)(메가딜)_TROAS_A+SC캠페인_구매최적화_값_표준기여_2905_260906,2377,0,0,0
2026-09-13 01:30:43,01:00,906987379684182,1팀,120251503407460200,22.닭가슴살볼(ASC)(메가딜)_TROAS_A+SC캠페인_구매최적화_값_표준기여_2905_260906(김혜선),2014,0,0,0
2026-09-13 02:30:44,02:00,906987379684182,1팀,120228320649100200,01.통살(ASC)(101010)_TCPA16000_A+SC 캠페인_ALL_V1C7_수_표준기여_2336,3142,0,0,0
2026-09-13 02:30:44,02:00,906987379684182,1팀,120228788396590200,01.통살(ASC)(메가딜)_TCPA20000_A+SC 캠페인_ALL_V1C7_수_표준기여_1874,5881,0,0,0
2026-09-13 02:30:44,02:00,906987379684182,1팀,120237509836570200,07.크리스피(ASC)(메가딜)_TCPA16000_A+SC 캠페인_ALL_수_표준기여_2464,281,0,0,0
2026-09-13 02:30:44,02:00,906987379684182,1팀,120243001852340200,01.통살(ASC)(101010)_TCPA16000_A+SC 캠페인_ALL_V1C7_수_표준기여_2336_02,1171,0,0,0
2026-09-13 02:30:44,02:00,906987379684182,1팀,120244128322750200,01.통살(ASC)(101010)_TCPA16000_A+SC 캠페인_ALL_V1C7_수_표준기여_2336_03,1828,0,0,0
2026-09-13 02:30:44,02:00,906987379684182,1팀,120246397028850200,07.크리스피(ASC)(통합)_A+SC 캠페인_구매최적화_수_표준기여_통합_260511,1195,0,0,0
2026-09-13 02:30:44,02:00,906987379684182,1팀,120246898203940200,03.닭다리살(ASC)(1010)_A+SC캠페인_구매최적화_수_표준기여_2604_260519,5500,0,0,0
2026-09-13 02:30:44,02:00,906987379684182,1팀,120246898384670200,03.닭다리살(ASC)(1010)_TROAS_A+SC캠페인_구매최적화_값_표준기여_2604_260519,16533,0,0,0
2026-09-13 02:30:44,02:00,906987379684182,1팀,120247379587080200,07.크리스피(ASC)(1010)_TROAS_A+SC캠페인_구매최적화_값_표준기여_2992_260527,2010,0,0,0
2026-09-13 02:30:44,02:00,906987379684182,1팀,120248361514480200,01.통살(ASC)(하이브리드)_TCPA_A+SC캠페인_ALL_C7_수_표준기여_3028_260611,204,0,0,0
2026-09-13 02:30:44,02:00,906987379684182,1팀,120249317264140200,07.크리스피(ASC)(하이브리드)_TROAS_A+SC캠페인_구매최적화_값_표준기여_3078_260713,5124,0,0,0
2026-09-13 02:30:44,02:00,906987379684182,1팀,120249873905240200,07.크리스피(ASC)(101010)_TROAS_A+SC캠페인_구매최적화_값_표준기여_2659_260705,2522,0,0,0
2026-09-13 02:30:44,02:00,906987379684182,1팀,120249878429160200,01.통살(ASC)(하이브리드)_TROAS_A+SC캠페인_구매최적화_값_표준기여_3028_260705,2608,0,0,0
2026-09-13 02:30:44,02:00,906987379684182,1팀,120250099159330200,07.크리스피(ASC)(메가딜)_TCPA_A+SC캠페인_ALL_C7_수_표준기여_2464_260712,263,0,0,0
2026-09-13 02:30:44,02:00,906987379684182,1팀,120250268133470200,03.닭다리살(ASC)(하이브리드)_TROAS_A+SC캠페인_구매최적화_값_표준기여_3111_260726,3046,0,0,0
2026-09-13 02:30:44,02:00,906987379684182,1팀,120250614451040200,07.크리스피(ASC)(하이브리드)_TROAS_A+SC캠페인_구매최적화_값_표준기여_3078_260728,3954,0,0,0
2026-09-13 02:30:44,02:00,906987379684182,1팀,120250649570130200,07.크리스피(ASC)(하이브리드)_TROAS_A+SC캠페인_구매최적화_값_표준기여_3078_260802_AI,5444,0,0,0
2026-09-13 02:30:44,02:00,906987379684182,1팀,120250649570180200,07.크리스피(ASC)(하이브리드)_A+SC캠페인_구매최적화_수_표준기여_3078_260802_AI,6724,0,0,0
2026-09-13 02:30:44,02:00,906987379684182,1팀,120250858093370200,01.통살(ASC)(하이브리드)_TROAS_A+SC캠페인_구매최적화_값_표준기여_3028_260806,10818,1,42700,394.71251617674244
2026-09-13 02:30:44,02:00,906987379684182,1팀,120250858093380200,01.통살(ASC)(하이브리드)_TCPA_A+SC캠페인_ALL_C7_수_표준기여_3028_260806,24,0,0,0
2026-09-13 02:30:44,02:00,906987379684182,1팀,120250858456470200,01.통살(ASC)(하이브리드)_A+SC캠페인_구매최적화_수_표준기여_3028_260806,515,0,0,0
2026-09-13 02:30:44,02:00,906987379684182,1팀,120250858902230200,07.크리스피(ASC)(메가딜)_A+SC캠페인_구매최적화_수_표준기여_2464_260806,2107,0,0,0
2026-09-13 02:30:44,02:00,906987379684182,1팀,120250858902240200,07.크리스피(ASC)(메가딜)_TCPA_A+SC캠페인_ALL_C7_수_표준기여_2464_260806,1231,0,0,0
2026-09-13 02:30:44,02:00,906987379684182,1팀,120250858902260200,07.크리스피(ASC)(메가딜)_TROAS_A+SC캠페인_구매최적화_값_표준기여_2464_260806,4123,0,0,0
2026-09-13 02:30:44,02:00,906987379684182,1팀,120250859189800200,17.안심볶음밥(ASC)(메가딜)_A+SC캠페인_구매최적화_수_표준기여_2903_260907,8702,0,0,0
2026-09-13 02:30:44,02:00,906987379684182,1팀,120250859189820200,17.안심볶음밥(ASC)(메가딜)_TROAS_A+SC캠페인_구매최적화_값_표준기여_2903_260907,2346,0,0,0
2026-09-13 02:30:44,02:00,906987379684182,1팀,120250859367430200,20.김자반밥바(ASC)(하이브리드)_A+SC캠페인_구매최적화_수_가치조정_3159_260806,5389,0,0,0
2026-09-13 02:30:44,02:00,906987379684182,1팀,120251066794820200,07.크리스피(ASC)(하이브리드)_A+SC캠페인_구매최적화_수_표준기여_3078_260816_AI _2,1926,0,0,0
2026-09-13 02:30:44,02:00,906987379684182,1팀,120251066794930200,07.크리스피(ASC)(하이브리드)_TROAS_A+SC캠페인_구매최적화_값_표준기여_3078_260816_AI _2,5422,0,0,0
2026-09-13 02:30:44,02:00,906987379684182,1팀,120251169199390200,07.크리스피(ASC)(하이브리드)_TROAS_A+SC캠페인_구매최적화_값_표준기여_3078_260817(페르소나2),2231,0,0,0
2026-09-13 02:30:44,02:00,906987379684182,1팀,120251209789390200,07.크리스피(ASC)(하이브리드)_ABO캠페인_구매최적화_수_표준기여_3078_260819,3205,0,0,0
2026-09-13 02:30:44,02:00,906987379684182,1팀,120251211164300200,07.크리스피(ASC)(하이브리드)_TCPA_A+SC캠페인_ALL_C7_수_표준기여_3078_260819(테무콘),146,0,0,0
2026-09-13 02:30:44,02:00,906987379684182,1팀,120251211164310200,07.크리스피(ASC)(하이브리드)_TROAS_A+SC캠페인_구매최적화_값_표준기여_3078_260819(테무콘),7213,0,0,0
2026-09-13 02:30:44,02:00,906987379684182,1팀,120251211164320200,07.크리스피(ASC)(하이브리드)_A+SC캠페인_구매최적화_수_표준기여_3078_260819(테무콘),3119,0,0,0
2026-09-13 02:30:44,02:00,906987379684182,1팀,120251251665220200,07.크리스피(ASC)(하이브리드)_TROAS_ABO캠페인_구매최적화_수_표준기여_3078_260821,11888,0,0,0
2026-09-13 02:30:44,02:00,906987379684182,1팀,120251327515450200,07.크리스피(ASC)(메가딜)_ABO캠페인_구매최적화_수_표준기여_2464_260825,3205,0,0,0
2026-09-13 02:30:44,02:00,906987379684182,1팀,120251328004940200,07.크리스피(ASC)(메가딜)_TROAS_ABO캠페인_구매최적화_수_표준기여_2464_260825,3095,0,0,0
2026-09-13 02:30:44,02:00,906987379684182,1팀,120251367693570200,07.크리스피(ASC)(하이브리드)_TCPA_ABO캠페인_구매최적화_수_표준기여_3078_260827,600,0,0,0
2026-09-13 02:30:44,02:00,906987379684182,1팀,120251367790160200,07.크리스피(ASC)(메가딜)_TCPA_ABO캠페인_구매최적화_수_표준기여_2464_260827,5311,0,0,0
2026-09-13 02:30:44,02:00,906987379684182,1팀,120251368155020200,01.통살(ASC)(하이브리드)_ABO캠페인_구매최적화_수_표준기여_3028_260827,589,0,0,0
2026-09-13 02:30:44,02:00,906987379684182,1팀,120251368716980200,01.통살(ASC)(하이브리드)_TPCA_ABO캠페인_구매최적화_수_표준기여_3028_260827,671,0,0,0
2026-09-13 02:30:44,02:00,906987379684182,1팀,120251368728810200,01.통살(ASC)(하이브리드)_TROAS_ABO캠페인_구매최적화_수_표준기여_3028_260827,1271,0,0,0
2026-09-13 02:30:44,02:00,906987379684182,1팀,120251369567610200,20.김자반밥바(ASC)(메가딜)_TCPA_ABO캠페인_구매최적화_수_표준기여_3003_260827,1333,0,0,0
2026-09-13 02:30:44,02:00,906987379684182,1팀,120251369567620200,20.김자반밥바(ASC)(메가딜)_TROAS_ABO캠페인_구매최적화_수_표준기여_3003_260827,2707,0,0,0
2026-09-13 02:30:44,02:00,906987379684182,1팀,120251369567660200,20.김자반밥바(ASC)(메가딜)_ABO캠페인_구매최적화_수_표준기여_3003_260827,1695,0,0,0
2026-09-13 02:30:44,02:00,906987379684182,1팀,120251444359310200,07.크리스피(ASC)(하이브리드)_TROAS_A+SC캠페인_구매최적화_값_표준기여_3078_260901(테무콘2),1065,0,0,0
2026-09-13 02:30:44,02:00,906987379684182,1팀,120251466594180200,22.닭가슴살볼(ASC)(메가딜)_ABO캠페인_구매최적화_수_표준기여_2905_260906,2927,0,0,0
2026-09-13 02:30:44,02:00,906987379684182,1팀,120251466785500200,22.닭가슴살볼(ASC)(메가딜)_TROAS_A+SC캠페인_구매최적화_값_표준기여_2905_260906,1690,0,0,0
2026-09-13 02:30:44,02:00,906987379684182,1팀,120251503407460200,22.닭가슴살볼(ASC)(메가딜)_TROAS_A+SC캠페인_구매최적화_값_표준기여_2905_260906(김혜선),4088,0,0,0
2026-09-13 02:52:50,02:00,906987379684182,1팀,120228320649100200,01.통살(ASC)(101010)_TCPA16000_A+SC 캠페인_ALL_V1C7_수_표준기여_2336,7479,0,0,0
2026-09-13 02:52:50,02:00,906987379684182,1팀,120228788396590200,01.통살(ASC)(메가딜)_TCPA20000_A+SC 캠페인_ALL_V1C7_수_표준기여_1874,9716,0,0,0
2026-09-13 02:52:50,02:00,906987379684182,1팀,120237509836570200,07.크리스피(ASC)(메가딜)_TCPA16000_A+SC 캠페인_ALL_수_표준기여_2464,1097,0,0,0
2026-09-13 02:52:50,02:00,906987379684182,1팀,120243001852340200,01.통살(ASC)(101010)_TCPA16000_A+SC 캠페인_ALL_V1C7_수_표준기여_2336_02,1892,0,0,0
2026-09-13 02:52:50,02:00,906987379684182,1팀,120244128322750200,01.통살(ASC)(101010)_TCPA16000_A+SC 캠페인_ALL_V1C7_수_표준기여_2336_03,3407,0,0,0
2026-09-13 02:52:50,02:00,906987379684182,1팀,120246397028850200,07.크리스피(ASC)(통합)_A+SC 캠페인_구매최적화_수_표준기여_통합_260511,2121,0,0,0
2026-09-13 02:52:50,02:00,906987379684182,1팀,120246898203940200,03.닭다리살(ASC)(1010)_A+SC캠페인_구매최적화_수_표준기여_2604_260519,9898,0,0,0
2026-09-13 02:52:50,02:00,906987379684182,1팀,120246898384670200,03.닭다리살(ASC)(1010)_TROAS_A+SC캠페인_구매최적화_값_표준기여_2604_260519,26954,0,0,0
2026-09-13 02:52:50,02:00,906987379684182,1팀,120247379587080200,07.크리스피(ASC)(1010)_TROAS_A+SC캠페인_구매최적화_값_표준기여_2992_260527,3741,1,124350,3323.977546110665
2026-09-13 02:52:50,02:00,906987379684182,1팀,120248361514480200,01.통살(ASC)(하이브리드)_TCPA_A+SC캠페인_ALL_C7_수_표준기여_3028_260611,271,0,0,0
2026-09-13 02:52:50,02:00,906987379684182,1팀,120249317264140200,07.크리스피(ASC)(하이브리드)_TROAS_A+SC캠페인_구매최적화_값_표준기여_3078_260713,9498,0,0,0
2026-09-13 02:52:50,02:00,906987379684182,1팀,120249873905240200,07.크리스피(ASC)(101010)_TROAS_A+SC캠페인_구매최적화_값_표준기여_2659_260705,4295,0,0,0
2026-09-13 02:52:50,02:00,906987379684182,1팀,120249878429160200,01.통살(ASC)(하이브리드)_TROAS_A+SC캠페인_구매최적화_값_표준기여_3028_260705,4670,0,0,0
2026-09-13 02:52:50,02:00,906987379684182,1팀,120250099159330200,07.크리스피(ASC)(메가딜)_TCPA_A+SC캠페인_ALL_C7_수_표준기여_2464_260712,480,0,0,0
2026-09-13 02:52:50,02:00,906987379684182,1팀,120250268133470200,03.닭다리살(ASC)(하이브리드)_TROAS_A+SC캠페인_구매최적화_값_표준기여_3111_260726,5786,0,0,0
2026-09-13 02:52:50,02:00,906987379684182,1팀,120250614451040200,07.크리스피(ASC)(하이브리드)_TROAS_A+SC캠페인_구매최적화_값_표준기여_3078_260728,7258,0,0,0
2026-09-13 02:52:50,02:00,906987379684182,1팀,120250649570130200,07.크리스피(ASC)(하이브리드)_TROAS_A+SC캠페인_구매최적화_값_표준기여_3078_260802_AI,8345,0,0,0
2026-09-13 02:52:50,02:00,906987379684182,1팀,120250649570180200,07.크리스피(ASC)(하이브리드)_A+SC캠페인_구매최적화_수_표준기여_3078_260802_AI,10339,0,0,0
2026-09-13 02:52:50,02:00,906987379684182,1팀,120250858093370200,01.통살(ASC)(하이브리드)_TROAS_A+SC캠페인_구매최적화_값_표준기여_3028_260806,18857,1,42700,226.44110940234395
2026-09-13 02:52:50,02:00,906987379684182,1팀,120250858093380200,01.통살(ASC)(하이브리드)_TCPA_A+SC캠페인_ALL_C7_수_표준기여_3028_260806,27,0,0,0
2026-09-13 02:52:50,02:00,906987379684182,1팀,120250858456470200,01.통살(ASC)(하이브리드)_A+SC캠페인_구매최적화_수_표준기여_3028_260806,1499,0,0,0
2026-09-13 02:52:50,02:00,906987379684182,1팀,120250858902230200,07.크리스피(ASC)(메가딜)_A+SC캠페인_구매최적화_수_표준기여_2464_260806,3703,0,0,0
2026-09-13 02:52:50,02:00,906987379684182,1팀,120250858902240200,07.크리스피(ASC)(메가딜)_TCPA_A+SC캠페인_ALL_C7_수_표준기여_2464_260806,2775,0,0,0
2026-09-13 02:52:50,02:00,906987379684182,1팀,120250858902260200,07.크리스피(ASC)(메가딜)_TROAS_A+SC캠페인_구매최적화_값_표준기여_2464_260806,7261,0,0,0
2026-09-13 02:52:50,02:00,906987379684182,1팀,120250859189800200,17.안심볶음밥(ASC)(메가딜)_A+SC캠페인_구매최적화_수_표준기여_2903_260907,14859,0,0,0
2026-09-13 02:52:50,02:00,906987379684182,1팀,120250859189820200,17.안심볶음밥(ASC)(메가딜)_TROAS_A+SC캠페인_구매최적화_값_표준기여_2903_260907,4366,0,0,0
2026-09-13 02:52:50,02:00,906987379684182,1팀,120250859367430200,20.김자반밥바(ASC)(하이브리드)_A+SC캠페인_구매최적화_수_가치조정_3159_260806,8595,0,0,0
2026-09-13 02:52:50,02:00,906987379684182,1팀,120251066794820200,07.크리스피(ASC)(하이브리드)_A+SC캠페인_구매최적화_수_표준기여_3078_260816_AI _2,3033,0,0,0
2026-09-13 02:52:50,02:00,906987379684182,1팀,120251066794930200,07.크리스피(ASC)(하이브리드)_TROAS_A+SC캠페인_구매최적화_값_표준기여_3078_260816_AI _2,8711,0,0,0
2026-09-13 02:52:50,02:00,906987379684182,1팀,120251169199390200,07.크리스피(ASC)(하이브리드)_TROAS_A+SC캠페인_구매최적화_값_표준기여_3078_260817(페르소나2),4206,0,0,0
2026-09-13 02:52:50,02:00,906987379684182,1팀,120251209789390200,07.크리스피(ASC)(하이브리드)_ABO캠페인_구매최적화_수_표준기여_3078_260819,7046,0,0,0
2026-09-13 02:52:50,02:00,906987379684182,1팀,120251211164300200,07.크리스피(ASC)(하이브리드)_TCPA_A+SC캠페인_ALL_C7_수_표준기여_3078_260819(테무콘),386,0,0,0
2026-09-13 02:52:50,02:00,906987379684182,1팀,120251211164310200,07.크리스피(ASC)(하이브리드)_TROAS_A+SC캠페인_구매최적화_값_표준기여_3078_260819(테무콘),12242,0,0,0
2026-09-13 02:52:50,02:00,906987379684182,1팀,120251211164320200,07.크리스피(ASC)(하이브리드)_A+SC캠페인_구매최적화_수_표준기여_3078_260819(테무콘),6818,0,0,0
2026-09-13 02:52:50,02:00,906987379684182,1팀,120251251665220200,07.크리스피(ASC)(하이브리드)_TROAS_ABO캠페인_구매최적화_수_표준기여_3078_260821,19085,0,0,0
2026-09-13 02:52:50,02:00,906987379684182,1팀,120251327515450200,07.크리스피(ASC)(메가딜)_ABO캠페인_구매최적화_수_표준기여_2464_260825,5432,0,0,0
2026-09-13 02:52:50,02:00,906987379684182,1팀,120251328004940200,07.크리스피(ASC)(메가딜)_TROAS_ABO캠페인_구매최적화_수_표준기여_2464_260825,5465,0,0,0
2026-09-13 02:52:50,02:00,906987379684182,1팀,120251367693570200,07.크리스피(ASC)(하이브리드)_TCPA_ABO캠페인_구매최적화_수_표준기여_3078_260827,824,0,0,0
2026-09-13 02:52:50,02:00,906987379684182,1팀,120251367790160200,07.크리스피(ASC)(메가딜)_TCPA_ABO캠페인_구매최적화_수_표준기여_2464_260827,9823,0,0,0
2026-09-13 02:52:50,02:00,906987379684182,1팀,120251368155020200,01.통살(ASC)(하이브리드)_ABO캠페인_구매최적화_수_표준기여_3028_260827,1295,0,0,0
2026-09-13 02:52:50,02:00,906987379684182,1팀,120251368716980200,01.통살(ASC)(하이브리드)_TPCA_ABO캠페인_구매최적화_수_표준기여_3028_260827,1332,0,0,0
2026-09-13 02:52:50,02:00,906987379684182,1팀,120251368728810200,01.통살(ASC)(하이브리드)_TROAS_ABO캠페인_구매최적화_수_표준기여_3028_260827,1745,0,0,0
2026-09-13 02:52:50,02:00,906987379684182,1팀,120251369567610200,20.김자반밥바(ASC)(메가딜)_TCPA_ABO캠페인_구매최적화_수_표준기여_3003_260827,3053,0,0,0
2026-09-13 02:52:50,02:00,906987379684182,1팀,120251369567620200,20.김자반밥바(ASC)(메가딜)_TROAS_ABO캠페인_구매최적화_수_표준기여_3003_260827,4600,0,0,0
2026-09-13 02:52:50,02:00,906987379684182,1팀,120251369567660200,20.김자반밥바(ASC)(메가딜)_ABO캠페인_구매최적화_수_표준기여_3003_260827,2425,0,0,0
2026-09-13 02:52:50,02:00,906987379684182,1팀,120251444359310200,07.크리스피(ASC)(하이브리드)_TROAS_A+SC캠페인_구매최적화_값_표준기여_3078_260901(테무콘2),2105,0,0,0
2026-09-13 02:52:50,02:00,906987379684182,1팀,120251466594180200,22.닭가슴살볼(ASC)(메가딜)_ABO캠페인_구매최적화_수_표준기여_2905_260906,5525,0,0,0
2026-09-13 02:52:50,02:00,906987379684182,1팀,120251466785500200,22.닭가슴살볼(ASC)(메가딜)_TROAS_A+SC캠페인_구매최적화_값_표준기여_2905_260906,2737,0,0,0
2026-09-13 02:52:50,02:00,906987379684182,1팀,120251503407460200,22.닭가슴살볼(ASC)(메가딜)_TROAS_A+SC캠페인_구매최적화_값_표준기여_2905_260906(김혜선),6404,0,0,0
2026-09-13 03:30:48,03:00,906987379684182,1팀,120228320649100200,01.통살(ASC)(101010)_TCPA16000_A+SC 캠페인_ALL_V1C7_수_표준기여_2336,2434,0,0,0
2026-09-13 03:30:48,03:00,906987379684182,1팀,120228788396590200,01.통살(ASC)(메가딜)_TCPA20000_A+SC 캠페인_ALL_V1C7_수_표준기여_1874,5684,0,0,0
2026-09-13 03:30:48,03:00,906987379684182,1팀,120237509836570200,07.크리스피(ASC)(메가딜)_TCPA16000_A+SC 캠페인_ALL_수_표준기여_2464,239,0,0,0
2026-09-13 03:30:48,03:00,906987379684182,1팀,120243001852340200,01.통살(ASC)(101010)_TCPA16000_A+SC 캠페인_ALL_V1C7_수_표준기여_2336_02,488,0,0,0
2026-09-13 03:30:48,03:00,906987379684182,1팀,120244128322750200,01.통살(ASC)(101010)_TCPA16000_A+SC 캠페인_ALL_V1C7_수_표준기여_2336_03,1652,0,0,0
2026-09-13 03:30:48,03:00,906987379684182,1팀,120246397028850200,07.크리스피(ASC)(통합)_A+SC 캠페인_구매최적화_수_표준기여_통합_260511,1523,0,0,0
2026-09-13 03:30:48,03:00,906987379684182,1팀,120246898203940200,03.닭다리살(ASC)(1010)_A+SC캠페인_구매최적화_수_표준기여_2604_260519,2337,0,0,0
2026-09-13 03:30:48,03:00,906987379684182,1팀,120246898384670200,03.닭다리살(ASC)(1010)_TROAS_A+SC캠페인_구매최적화_값_표준기여_2604_260519,9929,0,0,0
2026-09-13 03:30:48,03:00,906987379684182,1팀,120247379587080200,07.크리스피(ASC)(1010)_TROAS_A+SC캠페인_구매최적화_값_표준기여_2992_260527,1879,0,0,0
2026-09-13 03:30:48,03:00,906987379684182,1팀,120248361514480200,01.통살(ASC)(하이브리드)_TCPA_A+SC캠페인_ALL_C7_수_표준기여_3028_260611,81,0,0,0
2026-09-13 03:30:48,03:00,906987379684182,1팀,120249317264140200,07.크리스피(ASC)(하이브리드)_TROAS_A+SC캠페인_구매최적화_값_표준기여_3078_260713,3057,0,0,0
2026-09-13 03:30:48,03:00,906987379684182,1팀,120249873905240200,07.크리스피(ASC)(101010)_TROAS_A+SC캠페인_구매최적화_값_표준기여_2659_260705,1650,0,0,0
2026-09-13 03:30:48,03:00,906987379684182,1팀,120249878429160200,01.통살(ASC)(하이브리드)_TROAS_A+SC캠페인_구매최적화_값_표준기여_3028_260705,1822,0,0,0
2026-09-13 03:30:48,03:00,906987379684182,1팀,120250099159330200,07.크리스피(ASC)(메가딜)_TCPA_A+SC캠페인_ALL_C7_수_표준기여_2464_260712,44,0,0,0
2026-09-13 03:30:48,03:00,906987379684182,1팀,120250268133470200,03.닭다리살(ASC)(하이브리드)_TROAS_A+SC캠페인_구매최적화_값_표준기여_3111_260726,1780,0,0,0
2026-09-13 03:30:48,03:00,906987379684182,1팀,120250614451040200,07.크리스피(ASC)(하이브리드)_TROAS_A+SC캠페인_구매최적화_값_표준기여_3078_260728,2816,0,0,0
2026-09-13 03:30:48,03:00,906987379684182,1팀,120250649570130200,07.크리스피(ASC)(하이브리드)_TROAS_A+SC캠페인_구매최적화_값_표준기여_3078_260802_AI,3890,0,0,0
2026-09-13 03:30:48,03:00,906987379684182,1팀,120250649570180200,07.크리스피(ASC)(하이브리드)_A+SC캠페인_구매최적화_수_표준기여_3078_260802_AI,6518,0,0,0
2026-09-13 03:30:48,03:00,906987379684182,1팀,120250858093370200,01.통살(ASC)(하이브리드)_TROAS_A+SC캠페인_구매최적화_값_표준기여_3028_260806,4847,0,0,0
2026-09-13 03:30:48,03:00,906987379684182,1팀,120250858456470200,01.통살(ASC)(하이브리드)_A+SC캠페인_구매최적화_수_표준기여_3028_260806,951,0,0,0
2026-09-13 03:30:48,03:00,906987379684182,1팀,120250858902230200,07.크리스피(ASC)(메가딜)_A+SC캠페인_구매최적화_수_표준기여_2464_260806,1236,0,0,0
2026-09-13 03:30:48,03:00,906987379684182,1팀,120250858902240200,07.크리스피(ASC)(메가딜)_TCPA_A+SC캠페인_ALL_C7_수_표준기여_2464_260806,1100,0,0,0
2026-09-13 03:30:48,03:00,906987379684182,1팀,120250858902260200,07.크리스피(ASC)(메가딜)_TROAS_A+SC캠페인_구매최적화_값_표준기여_2464_260806,2362,0,0,0
2026-09-13 03:30:48,03:00,906987379684182,1팀,120250859189800200,17.안심볶음밥(ASC)(메가딜)_A+SC캠페인_구매최적화_수_표준기여_2903_260907,4816,0,0,0
2026-09-13 03:30:48,03:00,906987379684182,1팀,120250859189820200,17.안심볶음밥(ASC)(메가딜)_TROAS_A+SC캠페인_구매최적화_값_표준기여_2903_260907,1820,0,0,0
2026-09-13 03:30:48,03:00,906987379684182,1팀,120250859367430200,20.김자반밥바(ASC)(하이브리드)_A+SC캠페인_구매최적화_수_가치조정_3159_260806,2638,0,0,0
2026-09-13 03:30:48,03:00,906987379684182,1팀,120250859367440200,20.김자반밥바(ASC)(하이브리드)_TCPA_A+SC캠페인_ALL_C7_수_표준기여_3159_260806,0,0,0,0
2026-09-13 03:30:48,03:00,906987379684182,1팀,120251066794820200,07.크리스피(ASC)(하이브리드)_A+SC캠페인_구매최적화_수_표준기여_3078_260816_AI _2,1280,0,0,0
2026-09-13 03:30:48,03:00,906987379684182,1팀,120251066794930200,07.크리스피(ASC)(하이브리드)_TROAS_A+SC캠페인_구매최적화_값_표준기여_3078_260816_AI _2,2082,0,0,0
2026-09-13 03:30:48,03:00,906987379684182,1팀,120251169199390200,07.크리스피(ASC)(하이브리드)_TROAS_A+SC캠페인_구매최적화_값_표준기여_3078_260817(페르소나2),1849,0,0,0
2026-09-13 03:30:48,03:00,906987379684182,1팀,120251209789390200,07.크리스피(ASC)(하이브리드)_ABO캠페인_구매최적화_수_표준기여_3078_260819,2854,0,0,0
2026-09-13 03:30:48,03:00,906987379684182,1팀,120251211164300200,07.크리스피(ASC)(하이브리드)_TCPA_A+SC캠페인_ALL_C7_수_표준기여_3078_260819(테무콘),280,0,0,0
2026-09-13 03:30:48,03:00,906987379684182,1팀,120251211164310200,07.크리스피(ASC)(하이브리드)_TROAS_A+SC캠페인_구매최적화_값_표준기여_3078_260819(테무콘),4741,0,0,0
2026-09-13 03:30:48,03:00,906987379684182,1팀,120251211164320200,07.크리스피(ASC)(하이브리드)_A+SC캠페인_구매최적화_수_표준기여_3078_260819(테무콘),2454,0,0,0
2026-09-13 03:30:48,03:00,906987379684182,1팀,120251251665220200,07.크리스피(ASC)(하이브리드)_TROAS_ABO캠페인_구매최적화_수_표준기여_3078_260821,5335,0,0,0
2026-09-13 03:30:48,03:00,906987379684182,1팀,120251327515450200,07.크리스피(ASC)(메가딜)_ABO캠페인_구매최적화_수_표준기여_2464_260825,2001,0,0,0
2026-09-13 03:30:48,03:00,906987379684182,1팀,120251328004940200,07.크리스피(ASC)(메가딜)_TROAS_ABO캠페인_구매최적화_수_표준기여_2464_260825,2359,0,0,0
2026-09-13 03:30:48,03:00,906987379684182,1팀,120251367693570200,07.크리스피(ASC)(하이브리드)_TCPA_ABO캠페인_구매최적화_수_표준기여_3078_260827,254,0,0,0
2026-09-13 03:30:48,03:00,906987379684182,1팀,120251367790160200,07.크리스피(ASC)(메가딜)_TCPA_ABO캠페인_구매최적화_수_표준기여_2464_260827,3665,0,0,0
2026-09-13 03:30:48,03:00,906987379684182,1팀,120251368155020200,01.통살(ASC)(하이브리드)_ABO캠페인_구매최적화_수_표준기여_3028_260827,355,1,66490,18729.577464788734
2026-09-13 03:30:48,03:00,906987379684182,1팀,120251368716980200,01.통살(ASC)(하이브리드)_TPCA_ABO캠페인_구매최적화_수_표준기여_3028_260827,652,0,0,0
2026-09-13 03:30:48,03:00,906987379684182,1팀,120251368728810200,01.통살(ASC)(하이브리드)_TROAS_ABO캠페인_구매최적화_수_표준기여_3028_260827,700,0,0,0
2026-09-13 03:30:48,03:00,906987379684182,1팀,120251369567610200,20.김자반밥바(ASC)(메가딜)_TCPA_ABO캠페인_구매최적화_수_표준기여_3003_260827,1120,0,0,0
2026-09-13 03:30:48,03:00,906987379684182,1팀,120251369567620200,20.김자반밥바(ASC)(메가딜)_TROAS_ABO캠페인_구매최적화_수_표준기여_3003_260827,1163,0,0,0
2026-09-13 03:30:48,03:00,906987379684182,1팀,120251369567660200,20.김자반밥바(ASC)(메가딜)_ABO캠페인_구매최적화_수_표준기여_3003_260827,535,0,0,0
2026-09-13 03:30:48,03:00,906987379684182,1팀,120251444359310200,07.크리스피(ASC)(하이브리드)_TROAS_A+SC캠페인_구매최적화_값_표준기여_3078_260901(테무콘2),663,0,0,0
2026-09-13 03:30:48,03:00,906987379684182,1팀,120251466594180200,22.닭가슴살볼(ASC)(메가딜)_ABO캠페인_구매최적화_수_표준기여_2905_260906,1818,0,0,0
2026-09-13 03:30:48,03:00,906987379684182,1팀,120251466785500200,22.닭가슴살볼(ASC)(메가딜)_TROAS_A+SC캠페인_구매최적화_값_표준기여_2905_260906,664,0,0,0
2026-09-13 03:30:48,03:00,906987379684182,1팀,120251503407460200,22.닭가슴살볼(ASC)(메가딜)_TROAS_A+SC캠페인_구매최적화_값_표준기여_2905_260906(김혜선),3406,0,0,0
2026-09-13 04:30:43,04:00,906987379684182,1팀,120228320649100200,01.통살(ASC)(101010)_TCPA16000_A+SC 캠페인_ALL_V1C7_수_표준기여_2336,2059,0,0,0
2026-09-13 04:30:43,04:00,906987379684182,1팀,120228788396590200,01.통살(ASC)(메가딜)_TCPA20000_A+SC 캠페인_ALL_V1C7_수_표준기여_1874,2124,1,96000,4519.774011299435
2026-09-13 04:30:43,04:00,906987379684182,1팀,120237509836570200,07.크리스피(ASC)(메가딜)_TCPA16000_A+SC 캠페인_ALL_수_표준기여_2464,182,0,0,0
2026-09-13 04:30:43,04:00,906987379684182,1팀,120243001852340200,01.통살(ASC)(101010)_TCPA16000_A+SC 캠페인_ALL_V1C7_수_표준기여_2336_02,721,0,0,0
2026-09-13 04:30:43,04:00,906987379684182,1팀,120244128322750200,01.통살(ASC)(101010)_TCPA16000_A+SC 캠페인_ALL_V1C7_수_표준기여_2336_03,1060,0,0,0
2026-09-13 04:30:43,04:00,906987379684182,1팀,120246397028850200,07.크리스피(ASC)(통합)_A+SC 캠페인_구매최적화_수_표준기여_통합_260511,513,0,0,0
2026-09-13 04:30:43,04:00,906987379684182,1팀,120246898203940200,03.닭다리살(ASC)(1010)_A+SC캠페인_구매최적화_수_표준기여_2604_260519,1969,0,0,0
2026-09-13 04:30:43,04:00,906987379684182,1팀,120246898384670200,03.닭다리살(ASC)(1010)_TROAS_A+SC캠페인_구매최적화_값_표준기여_2604_260519,4900,1,66000,1346.938775510204
2026-09-13 04:30:43,04:00,906987379684182,1팀,120247379587080200,07.크리스피(ASC)(1010)_TROAS_A+SC캠페인_구매최적화_값_표준기여_2992_260527,782,0,0,0
2026-09-13 04:30:43,04:00,906987379684182,1팀,120248361514480200,01.통살(ASC)(하이브리드)_TCPA_A+SC캠페인_ALL_C7_수_표준기여_3028_260611,46,0,0,0
2026-09-13 04:30:43,04:00,906987379684182,1팀,120249317264140200,07.크리스피(ASC)(하이브리드)_TROAS_A+SC캠페인_구매최적화_값_표준기여_3078_260713,1707,0,0,0
2026-09-13 04:30:43,04:00,906987379684182,1팀,120249873905240200,07.크리스피(ASC)(101010)_TROAS_A+SC캠페인_구매최적화_값_표준기여_2659_260705,915,0,0,0
2026-09-13 04:30:43,04:00,906987379684182,1팀,120249878429160200,01.통살(ASC)(하이브리드)_TROAS_A+SC캠페인_구매최적화_값_표준기여_3028_260705,713,0,0,0
2026-09-13 04:30:43,04:00,906987379684182,1팀,120250099159330200,07.크리스피(ASC)(메가딜)_TCPA_A+SC캠페인_ALL_C7_수_표준기여_2464_260712,27,0,0,0
2026-09-13 04:30:43,04:00,906987379684182,1팀,120250268133470200,03.닭다리살(ASC)(하이브리드)_TROAS_A+SC캠페인_구매최적화_값_표준기여_3111_260726,1514,0,0,0
2026-09-13 04:30:43,04:00,906987379684182,1팀,120250614451040200,07.크리스피(ASC)(하이브리드)_TROAS_A+SC캠페인_구매최적화_값_표준기여_3078_260728,2135,0,0,0
2026-09-13 04:30:43,04:00,906987379684182,1팀,120250649570130200,07.크리스피(ASC)(하이브리드)_TROAS_A+SC캠페인_구매최적화_값_표준기여_3078_260802_AI,5606,0,0,0
2026-09-13 04:30:43,04:00,906987379684182,1팀,120250649570180200,07.크리스피(ASC)(하이브리드)_A+SC캠페인_구매최적화_수_표준기여_3078_260802_AI,1715,0,0,0
2026-09-13 04:30:43,04:00,906987379684182,1팀,120250858093370200,01.통살(ASC)(하이브리드)_TROAS_A+SC캠페인_구매최적화_값_표준기여_3028_260806,4102,0,0,0
2026-09-13 04:30:43,04:00,906987379684182,1팀,120250858456470200,01.통살(ASC)(하이브리드)_A+SC캠페인_구매최적화_수_표준기여_3028_260806,689,0,0,0
2026-09-13 04:30:43,04:00,906987379684182,1팀,120250858902230200,07.크리스피(ASC)(메가딜)_A+SC캠페인_구매최적화_수_표준기여_2464_260806,440,0,0,0
2026-09-13 04:30:43,04:00,906987379684182,1팀,120250858902240200,07.크리스피(ASC)(메가딜)_TCPA_A+SC캠페인_ALL_C7_수_표준기여_2464_260806,536,0,0,0
2026-09-13 04:30:43,04:00,906987379684182,1팀,120250858902260200,07.크리스피(ASC)(메가딜)_TROAS_A+SC캠페인_구매최적화_값_표준기여_2464_260806,1883,0,0,0
2026-09-13 04:30:43,04:00,906987379684182,1팀,120250859189800200,17.안심볶음밥(ASC)(메가딜)_A+SC캠페인_구매최적화_수_표준기여_2903_260907,3376,1,56500,1673.5781990521327
2026-09-13 04:30:43,04:00,906987379684182,1팀,120250859189820200,17.안심볶음밥(ASC)(메가딜)_TROAS_A+SC캠페인_구매최적화_값_표준기여_2903_260907,667,0,0,0
2026-09-13 04:30:43,04:00,906987379684182,1팀,120250859367430200,20.김자반밥바(ASC)(하이브리드)_A+SC캠페인_구매최적화_수_가치조정_3159_260806,2615,0,0,0
2026-09-13 04:30:43,04:00,906987379684182,1팀,120251066794820200,07.크리스피(ASC)(하이브리드)_A+SC캠페인_구매최적화_수_표준기여_3078_260816_AI _2,753,0,0,0
2026-09-13 04:30:43,04:00,906987379684182,1팀,120251066794930200,07.크리스피(ASC)(하이브리드)_TROAS_A+SC캠페인_구매최적화_값_표준기여_3078_260816_AI _2,2138,0,0,0
2026-09-13 04:30:43,04:00,906987379684182,1팀,120251169199390200,07.크리스피(ASC)(하이브리드)_TROAS_A+SC캠페인_구매최적화_값_표준기여_3078_260817(페르소나2),1156,0,0,0
2026-09-13 04:30:43,04:00,906987379684182,1팀,120251209789390200,07.크리스피(ASC)(하이브리드)_ABO캠페인_구매최적화_수_표준기여_3078_260819,1494,1,97100,6499.330655957162
2026-09-13 04:30:43,04:00,906987379684182,1팀,120251211164300200,07.크리스피(ASC)(하이브리드)_TCPA_A+SC캠페인_ALL_C7_수_표준기여_3078_260819(테무콘),242,0,0,0
2026-09-13 04:30:43,04:00,906987379684182,1팀,120251211164310200,07.크리스피(ASC)(하이브리드)_TROAS_A+SC캠페인_구매최적화_값_표준기여_3078_260819(테무콘),5108,0,0,0
2026-09-13 04:30:43,04:00,906987379684182,1팀,120251211164320200,07.크리스피(ASC)(하이브리드)_A+SC캠페인_구매최적화_수_표준기여_3078_260819(테무콘),3003,0,0,0
2026-09-13 04:30:43,04:00,906987379684182,1팀,120251251665220200,07.크리스피(ASC)(하이브리드)_TROAS_ABO캠페인_구매최적화_수_표준기여_3078_260821,3556,0,0,0
2026-09-13 04:30:43,04:00,906987379684182,1팀,120251327515450200,07.크리스피(ASC)(메가딜)_ABO캠페인_구매최적화_수_표준기여_2464_260825,948,0,0,0
2026-09-13 04:30:43,04:00,906987379684182,1팀,120251328004940200,07.크리스피(ASC)(메가딜)_TROAS_ABO캠페인_구매최적화_수_표준기여_2464_260825,832,0,0,0
2026-09-13 04:30:43,04:00,906987379684182,1팀,120251367693570200,07.크리스피(ASC)(하이브리드)_TCPA_ABO캠페인_구매최적화_수_표준기여_3078_260827,252,0,0,0
2026-09-13 04:30:43,04:00,906987379684182,1팀,120251367790160200,07.크리스피(ASC)(메가딜)_TCPA_ABO캠페인_구매최적화_수_표준기여_2464_260827,2205,0,0,0
2026-09-13 04:30:43,04:00,906987379684182,1팀,120251368155020200,01.통살(ASC)(하이브리드)_ABO캠페인_구매최적화_수_표준기여_3028_260827,269,0,0,0
2026-09-13 04:30:43,04:00,906987379684182,1팀,120251368716980200,01.통살(ASC)(하이브리드)_TPCA_ABO캠페인_구매최적화_수_표준기여_3028_260827,272,0,0,0
2026-09-13 04:30:43,04:00,906987379684182,1팀,120251368728810200,01.통살(ASC)(하이브리드)_TROAS_ABO캠페인_구매최적화_수_표준기여_3028_260827,186,0,0,0
2026-09-13 04:30:43,04:00,906987379684182,1팀,120251369567610200,20.김자반밥바(ASC)(메가딜)_TCPA_ABO캠페인_구매최적화_수_표준기여_3003_260827,998,0,0,0
2026-09-13 04:30:43,04:00,906987379684182,1팀,120251369567620200,20.김자반밥바(ASC)(메가딜)_TROAS_ABO캠페인_구매최적화_수_표준기여_3003_260827,629,0,0,0
2026-09-13 04:30:43,04:00,906987379684182,1팀,120251369567660200,20.김자반밥바(ASC)(메가딜)_ABO캠페인_구매최적화_수_표준기여_3003_260827,506,0,0,0
2026-09-13 04:30:43,04:00,906987379684182,1팀,120251444359310200,07.크리스피(ASC)(하이브리드)_TROAS_A+SC캠페인_구매최적화_값_표준기여_3078_260901(테무콘2),1407,0,0,0
2026-09-13 04:30:43,04:00,906987379684182,1팀,120251466594180200,22.닭가슴살볼(ASC)(메가딜)_ABO캠페인_구매최적화_수_표준기여_2905_260906,775,0,0,0
2026-09-13 04:30:43,04:00,906987379684182,1팀,120251466785500200,22.닭가슴살볼(ASC)(메가딜)_TROAS_A+SC캠페인_구매최적화_값_표준기여_2905_260906,475,0,0,0
2026-09-13 04:30:43,04:00,906987379684182,1팀,120251503407460200,22.닭가슴살볼(ASC)(메가딜)_TROAS_A+SC캠페인_구매최적화_값_표준기여_2905_260906(김혜선),2174,0,0,0
2026-09-13 05:21:48,05:00,906987379684182,1팀,120228320649100200,01.통살(ASC)(101010)_TCPA16000_A+SC 캠페인_ALL_V1C7_수_표준기여_2336,544,1,52950,9733.45588235294
2026-09-13 05:21:48,05:00,906987379684182,1팀,120228788396590200,01.통살(ASC)(메가딜)_TCPA20000_A+SC 캠페인_ALL_V1C7_수_표준기여_1874,816,0,0,0
2026-09-13 05:21:48,05:00,906987379684182,1팀,120237509836570200,07.크리스피(ASC)(메가딜)_TCPA16000_A+SC 캠페인_ALL_수_표준기여_2464,189,0,0,0
2026-09-13 05:21:48,05:00,906987379684182,1팀,120243001852340200,01.통살(ASC)(101010)_TCPA16000_A+SC 캠페인_ALL_V1C7_수_표준기여_2336_02,654,0,0,0
2026-09-13 05:21:48,05:00,906987379684182,1팀,120244128322750200,01.통살(ASC)(101010)_TCPA16000_A+SC 캠페인_ALL_V1C7_수_표준기여_2336_03,922,0,0,0
2026-09-13 05:21:48,05:00,906987379684182,1팀,120246397028850200,07.크리스피(ASC)(통합)_A+SC 캠페인_구매최적화_수_표준기여_통합_260511,533,0,0,0
2026-09-13 05:21:48,05:00,906987379684182,1팀,120246898203940200,03.닭다리살(ASC)(1010)_A+SC캠페인_구매최적화_수_표준기여_2604_260519,1599,0,0,0
2026-09-13 05:21:48,05:00,906987379684182,1팀,120246898384670200,03.닭다리살(ASC)(1010)_TROAS_A+SC캠페인_구매최적화_값_표준기여_2604_260519,3174,0,0,0
2026-09-13 05:21:48,05:00,906987379684182,1팀,120247379587080200,07.크리스피(ASC)(1010)_TROAS_A+SC캠페인_구매최적화_값_표준기여_2992_260527,518,0,0,0
2026-09-13 05:21:48,05:00,906987379684182,1팀,120248361514480200,01.통살(ASC)(하이브리드)_TCPA_A+SC캠페인_ALL_C7_수_표준기여_3028_260611,85,0,0,0
2026-09-13 05:21:48,05:00,906987379684182,1팀,120249317264140200,07.크리스피(ASC)(하이브리드)_TROAS_A+SC캠페인_구매최적화_값_표준기여_3078_260713,1303,0,0,0
2026-09-13 05:21:48,05:00,906987379684182,1팀,120249873905240200,07.크리스피(ASC)(101010)_TROAS_A+SC캠페인_구매최적화_값_표준기여_2659_260705,579,0,0,0
2026-09-13 05:21:48,05:00,906987379684182,1팀,120249878429160200,01.통살(ASC)(하이브리드)_TROAS_A+SC캠페인_구매최적화_값_표준기여_3028_260705,266,0,0,0
2026-09-13 05:21:48,05:00,906987379684182,1팀,120250099159330200,07.크리스피(ASC)(메가딜)_TCPA_A+SC캠페인_ALL_C7_수_표준기여_2464_260712,8,0,0,0
2026-09-13 05:21:48,05:00,906987379684182,1팀,120250268133470200,03.닭다리살(ASC)(하이브리드)_TROAS_A+SC캠페인_구매최적화_값_표준기여_3111_260726,1083,0,0,0
2026-09-13 05:21:48,05:00,906987379684182,1팀,120250614451040200,07.크리스피(ASC)(하이브리드)_TROAS_A+SC캠페인_구매최적화_값_표준기여_3078_260728,914,0,0,0
2026-09-13 05:21:48,05:00,906987379684182,1팀,120250649570130200,07.크리스피(ASC)(하이브리드)_TROAS_A+SC캠페인_구매최적화_값_표준기여_3078_260802_AI,968,0,0,0
2026-09-13 05:21:48,05:00,906987379684182,1팀,120250649570180200,07.크리스피(ASC)(하이브리드)_A+SC캠페인_구매최적화_수_표준기여_3078_260802_AI,695,0,0,0
2026-09-13 05:21:48,05:00,906987379684182,1팀,120250858093370200,01.통살(ASC)(하이브리드)_TROAS_A+SC캠페인_구매최적화_값_표준기여_3028_260806,2264,0,0,0
2026-09-13 05:21:48,05:00,906987379684182,1팀,120250858093380200,01.통살(ASC)(하이브리드)_TCPA_A+SC캠페인_ALL_C7_수_표준기여_3028_260806,22,0,0,0
2026-09-13 05:21:48,05:00,906987379684182,1팀,120250858456470200,01.통살(ASC)(하이브리드)_A+SC캠페인_구매최적화_수_표준기여_3028_260806,295,0,0,0
2026-09-13 05:21:48,05:00,906987379684182,1팀,120250858902230200,07.크리스피(ASC)(메가딜)_A+SC캠페인_구매최적화_수_표준기여_2464_260806,347,0,0,0
2026-09-13 05:21:48,05:00,906987379684182,1팀,120250858902240200,07.크리스피(ASC)(메가딜)_TCPA_A+SC캠페인_ALL_C7_수_표준기여_2464_260806,206,0,0,0
2026-09-13 05:21:48,05:00,906987379684182,1팀,120250858902260200,07.크리스피(ASC)(메가딜)_TROAS_A+SC캠페인_구매최적화_값_표준기여_2464_260806,1207,0,0,0
2026-09-13 05:21:48,05:00,906987379684182,1팀,120250859189800200,17.안심볶음밥(ASC)(메가딜)_A+SC캠페인_구매최적화_수_표준기여_2903_260907,1946,0,0,0
2026-09-13 05:21:48,05:00,906987379684182,1팀,120250859189820200,17.안심볶음밥(ASC)(메가딜)_TROAS_A+SC캠페인_구매최적화_값_표준기여_2903_260907,591,0,0,0
2026-09-13 05:21:48,05:00,906987379684182,1팀,120250859367430200,20.김자반밥바(ASC)(하이브리드)_A+SC캠페인_구매최적화_수_가치조정_3159_260806,1693,0,0,0
2026-09-13 05:21:48,05:00,906987379684182,1팀,120251066794820200,07.크리스피(ASC)(하이브리드)_A+SC캠페인_구매최적화_수_표준기여_3078_260816_AI _2,759,0,0,0
2026-09-13 05:21:48,05:00,906987379684182,1팀,120251066794930200,07.크리스피(ASC)(하이브리드)_TROAS_A+SC캠페인_구매최적화_값_표준기여_3078_260816_AI _2,1641,0,0,0
2026-09-13 05:21:48,05:00,906987379684182,1팀,120251169199390200,07.크리스피(ASC)(하이브리드)_TROAS_A+SC캠페인_구매최적화_값_표준기여_3078_260817(페르소나2),735,0,0,0
2026-09-13 05:21:48,05:00,906987379684182,1팀,120251209789390200,07.크리스피(ASC)(하이브리드)_ABO캠페인_구매최적화_수_표준기여_3078_260819,783,0,0,0
2026-09-13 05:21:48,05:00,906987379684182,1팀,120251211164300200,07.크리스피(ASC)(하이브리드)_TCPA_A+SC캠페인_ALL_C7_수_표준기여_3078_260819(테무콘),155,0,0,0
2026-09-13 05:21:48,05:00,906987379684182,1팀,120251211164310200,07.크리스피(ASC)(하이브리드)_TROAS_A+SC캠페인_구매최적화_값_표준기여_3078_260819(테무콘),3493,0,0,0
2026-09-13 05:21:48,05:00,906987379684182,1팀,120251211164320200,07.크리스피(ASC)(하이브리드)_A+SC캠페인_구매최적화_수_표준기여_3078_260819(테무콘),2067,0,0,0
2026-09-13 05:21:48,05:00,906987379684182,1팀,120251251665220200,07.크리스피(ASC)(하이브리드)_TROAS_ABO캠페인_구매최적화_수_표준기여_3078_260821,2412,0,0,0
2026-09-13 05:21:48,05:00,906987379684182,1팀,120251327515450200,07.크리스피(ASC)(메가딜)_ABO캠페인_구매최적화_수_표준기여_2464_260825,428,0,0,0
2026-09-13 05:21:48,05:00,906987379684182,1팀,120251328004940200,07.크리스피(ASC)(메가딜)_TROAS_ABO캠페인_구매최적화_수_표준기여_2464_260825,951,0,0,0
2026-09-13 05:21:48,05:00,906987379684182,1팀,120251367693570200,07.크리스피(ASC)(하이브리드)_TCPA_ABO캠페인_구매최적화_수_표준기여_3078_260827,131,0,0,0
2026-09-13 05:21:48,05:00,906987379684182,1팀,120251367790160200,07.크리스피(ASC)(메가딜)_TCPA_ABO캠페인_구매최적화_수_표준기여_2464_260827,723,0,0,0
2026-09-13 05:21:48,05:00,906987379684182,1팀,120251368155020200,01.통살(ASC)(하이브리드)_ABO캠페인_구매최적화_수_표준기여_3028_260827,155,0,0,0
2026-09-13 05:21:48,05:00,906987379684182,1팀,120251368716980200,01.통살(ASC)(하이브리드)_TPCA_ABO캠페인_구매최적화_수_표준기여_3028_260827,117,0,0,0
2026-09-13 05:21:48,05:00,906987379684182,1팀,120251368728810200,01.통살(ASC)(하이브리드)_TROAS_ABO캠페인_구매최적화_수_표준기여_3028_260827,156,0,0,0
2026-09-13 05:21:48,05:00,906987379684182,1팀,120251369567610200,20.김자반밥바(ASC)(메가딜)_TCPA_ABO캠페인_구매최적화_수_표준기여_3003_260827,176,0,0,0
2026-09-13 05:21:48,05:00,906987379684182,1팀,120251369567620200,20.김자반밥바(ASC)(메가딜)_TROAS_ABO캠페인_구매최적화_수_표준기여_3003_260827,338,0,0,0
2026-09-13 05:21:48,05:00,906987379684182,1팀,120251369567660200,20.김자반밥바(ASC)(메가딜)_ABO캠페인_구매최적화_수_표준기여_3003_260827,676,0,0,0
2026-09-13 05:21:48,05:00,906987379684182,1팀,120251444359310200,07.크리스피(ASC)(하이브리드)_TROAS_A+SC캠페인_구매최적화_값_표준기여_3078_260901(테무콘2),1331,0,0,0
2026-09-13 05:21:48,05:00,906987379684182,1팀,120251466594180200,22.닭가슴살볼(ASC)(메가딜)_ABO캠페인_구매최적화_수_표준기여_2905_260906,581,0,0,0
2026-09-13 05:21:48,05:00,906987379684182,1팀,120251466785500200,22.닭가슴살볼(ASC)(메가딜)_TROAS_A+SC캠페인_구매최적화_값_표준기여_2905_260906,86,0,0,0
2026-09-13 05:21:48,05:00,906987379684182,1팀,120251503407460200,22.닭가슴살볼(ASC)(메가딜)_TROAS_A+SC캠페인_구매최적화_값_표준기여_2905_260906(김혜선),802,0,0,0
2026-09-13 05:30:46,05:00,906987379684182,1팀,120228320649100200,01.통살(ASC)(101010)_TCPA16000_A+SC 캠페인_ALL_V1C7_수_표준기여_2336,877,1,52950,6037.628278221208
2026-09-13 05:30:46,05:00,906987379684182,1팀,120228788396590200,01.통살(ASC)(메가딜)_TCPA20000_A+SC 캠페인_ALL_V1C7_수_표준기여_1874,1537,0,0,0
2026-09-13 05:30:46,05:00,906987379684182,1팀,120237509836570200,07.크리스피(ASC)(메가딜)_TCPA16000_A+SC 캠페인_ALL_수_표준기여_2464,228,0,0,0
2026-09-13 05:30:46,05:00,906987379684182,1팀,120243001852340200,01.통살(ASC)(101010)_TCPA16000_A+SC 캠페인_ALL_V1C7_수_표준기여_2336_02,733,0,0,0
2026-09-13 05:30:46,05:00,906987379684182,1팀,120244128322750200,01.통살(ASC)(101010)_TCPA16000_A+SC 캠페인_ALL_V1C7_수_표준기여_2336_03,1323,0,0,0
2026-09-13 05:30:46,05:00,906987379684182,1팀,120246397028850200,07.크리스피(ASC)(통합)_A+SC 캠페인_구매최적화_수_표준기여_통합_260511,652,0,0,0
2026-09-13 05:30:46,05:00,906987379684182,1팀,120246898203940200,03.닭다리살(ASC)(1010)_A+SC캠페인_구매최적화_수_표준기여_2604_260519,1851,0,0,0
2026-09-13 05:30:46,05:00,906987379684182,1팀,120246898384670200,03.닭다리살(ASC)(1010)_TROAS_A+SC캠페인_구매최적화_값_표준기여_2604_260519,4365,0,0,0
2026-09-13 05:30:46,05:00,906987379684182,1팀,120247379587080200,07.크리스피(ASC)(1010)_TROAS_A+SC캠페인_구매최적화_값_표준기여_2992_260527,1033,0,0,0
2026-09-13 05:30:46,05:00,906987379684182,1팀,120248361514480200,01.통살(ASC)(하이브리드)_TCPA_A+SC캠페인_ALL_C7_수_표준기여_3028_260611,134,0,0,0
2026-09-13 05:30:46,05:00,906987379684182,1팀,120249317264140200,07.크리스피(ASC)(하이브리드)_TROAS_A+SC캠페인_구매최적화_값_표준기여_3078_260713,2101,0,0,0
2026-09-13 05:30:46,05:00,906987379684182,1팀,120249873905240200,07.크리스피(ASC)(101010)_TROAS_A+SC캠페인_구매최적화_값_표준기여_2659_260705,730,0,0,0
2026-09-13 05:30:46,05:00,906987379684182,1팀,120249878429160200,01.통살(ASC)(하이브리드)_TROAS_A+SC캠페인_구매최적화_값_표준기여_3028_260705,520,0,0,0
2026-09-13 05:30:46,05:00,906987379684182,1팀,120250099159330200,07.크리스피(ASC)(메가딜)_TCPA_A+SC캠페인_ALL_C7_수_표준기여_2464_260712,16,0,0,0
2026-09-13 05:30:46,05:00,906987379684182,1팀,120250268133470200,03.닭다리살(ASC)(하이브리드)_TROAS_A+SC캠페인_구매최적화_값_표준기여_3111_260726,1507,0,0,0
2026-09-13 05:30:46,05:00,906987379684182,1팀,120250614451040200,07.크리스피(ASC)(하이브리드)_TROAS_A+SC캠페인_구매최적화_값_표준기여_3078_260728,1189,0,0,0
2026-09-13 05:30:46,05:00,906987379684182,1팀,120250649570130200,07.크리스피(ASC)(하이브리드)_TROAS_A+SC캠페인_구매최적화_값_표준기여_3078_260802_AI,1697,0,0,0
2026-09-13 05:30:46,05:00,906987379684182,1팀,120250649570180200,07.크리스피(ASC)(하이브리드)_A+SC캠페인_구매최적화_수_표준기여_3078_260802_AI,1853,0,0,0
2026-09-13 05:30:46,05:00,906987379684182,1팀,120250858093370200,01.통살(ASC)(하이브리드)_TROAS_A+SC캠페인_구매최적화_값_표준기여_3028_260806,3744,0,0,0
2026-09-13 05:30:46,05:00,906987379684182,1팀,120250858093380200,01.통살(ASC)(하이브리드)_TCPA_A+SC캠페인_ALL_C7_수_표준기여_3028_260806,22,0,0,0
2026-09-13 05:30:46,05:00,906987379684182,1팀,120250858456470200,01.통살(ASC)(하이브리드)_A+SC캠페인_구매최적화_수_표준기여_3028_260806,426,0,0,0
2026-09-13 05:30:46,05:00,906987379684182,1팀,120250858902230200,07.크리스피(ASC)(메가딜)_A+SC캠페인_구매최적화_수_표준기여_2464_260806,488,0,0,0
2026-09-13 05:30:46,05:00,906987379684182,1팀,120250858902240200,07.크리스피(ASC)(메가딜)_TCPA_A+SC캠페인_ALL_C7_수_표준기여_2464_260806,442,0,0,0
2026-09-13 05:30:46,05:00,906987379684182,1팀,120250858902260200,07.크리스피(ASC)(메가딜)_TROAS_A+SC캠페인_구매최적화_값_표준기여_2464_260806,1673,0,0,0
2026-09-13 05:30:46,05:00,906987379684182,1팀,120250859189800200,17.안심볶음밥(ASC)(메가딜)_A+SC캠페인_구매최적화_수_표준기여_2903_260907,2830,0,0,0
2026-09-13 05:30:46,05:00,906987379684182,1팀,120250859189820200,17.안심볶음밥(ASC)(메가딜)_TROAS_A+SC캠페인_구매최적화_값_표준기여_2903_260907,966,0,0,0
2026-09-13 05:30:46,05:00,906987379684182,1팀,120250859367430200,20.김자반밥바(ASC)(하이브리드)_A+SC캠페인_구매최적화_수_가치조정_3159_260806,2675,0,0,0
2026-09-13 05:30:46,05:00,906987379684182,1팀,120251066794820200,07.크리스피(ASC)(하이브리드)_A+SC캠페인_구매최적화_수_표준기여_3078_260816_AI _2,1144,0,0,0
2026-09-13 05:30:46,05:00,906987379684182,1팀,120251066794930200,07.크리스피(ASC)(하이브리드)_TROAS_A+SC캠페인_구매최적화_값_표준기여_3078_260816_AI _2,2215,0,0,0
2026-09-13 05:30:46,05:00,906987379684182,1팀,120251169199390200,07.크리스피(ASC)(하이브리드)_TROAS_A+SC캠페인_구매최적화_값_표준기여_3078_260817(페르소나2),1258,0,0,0
2026-09-13 05:30:46,05:00,906987379684182,1팀,120251209789390200,07.크리스피(ASC)(하이브리드)_ABO캠페인_구매최적화_수_표준기여_3078_260819,1022,0,0,0
2026-09-13 05:30:46,05:00,906987379684182,1팀,120251211164300200,07.크리스피(ASC)(하이브리드)_TCPA_A+SC캠페인_ALL_C7_수_표준기여_3078_260819(테무콘),257,0,0,0
2026-09-13 05:30:46,05:00,906987379684182,1팀,120251211164310200,07.크리스피(ASC)(하이브리드)_TROAS_A+SC캠페인_구매최적화_값_표준기여_3078_260819(테무콘),5698,0,0,0
2026-09-13 05:30:46,05:00,906987379684182,1팀,120251211164320200,07.크리스피(ASC)(하이브리드)_A+SC캠페인_구매최적화_수_표준기여_3078_260819(테무콘),2716,0,0,0
2026-09-13 05:30:46,05:00,906987379684182,1팀,120251251665220200,07.크리스피(ASC)(하이브리드)_TROAS_ABO캠페인_구매최적화_수_표준기여_3078_260821,3657,0,0,0
2026-09-13 05:30:46,05:00,906987379684182,1팀,120251327515450200,07.크리스피(ASC)(메가딜)_ABO캠페인_구매최적화_수_표준기여_2464_260825,710,0,0,0
2026-09-13 05:30:46,05:00,906987379684182,1팀,120251328004940200,07.크리스피(ASC)(메가딜)_TROAS_ABO캠페인_구매최적화_수_표준기여_2464_260825,1429,0,0,0
2026-09-13 05:30:46,05:00,906987379684182,1팀,120251367693570200,07.크리스피(ASC)(하이브리드)_TCPA_ABO캠페인_구매최적화_수_표준기여_3078_260827,160,0,0,0
2026-09-13 05:30:46,05:00,906987379684182,1팀,120251367790160200,07.크리스피(ASC)(메가딜)_TCPA_ABO캠페인_구매최적화_수_표준기여_2464_260827,1145,1,98600,8611.353711790392
2026-09-13 05:30:46,05:00,906987379684182,1팀,120251368155020200,01.통살(ASC)(하이브리드)_ABO캠페인_구매최적화_수_표준기여_3028_260827,169,0,0,0
2026-09-13 05:30:46,05:00,906987379684182,1팀,120251368716980200,01.통살(ASC)(하이브리드)_TPCA_ABO캠페인_구매최적화_수_표준기여_3028_260827,166,0,0,0
2026-09-13 05:30:46,05:00,906987379684182,1팀,120251368728810200,01.통살(ASC)(하이브리드)_TROAS_ABO캠페인_구매최적화_수_표준기여_3028_260827,277,0,0,0
2026-09-13 05:30:46,05:00,906987379684182,1팀,120251369567610200,20.김자반밥바(ASC)(메가딜)_TCPA_ABO캠페인_구매최적화_수_표준기여_3003_260827,390,0,0,0
2026-09-13 05:30:46,05:00,906987379684182,1팀,120251369567620200,20.김자반밥바(ASC)(메가딜)_TROAS_ABO캠페인_구매최적화_수_표준기여_3003_260827,529,0,0,0
2026-09-13 05:30:46,05:00,906987379684182,1팀,120251369567660200,20.김자반밥바(ASC)(메가딜)_ABO캠페인_구매최적화_수_표준기여_3003_260827,816,0,0,0
2026-09-13 05:30:46,05:00,906987379684182,1팀,120251444359310200,07.크리스피(ASC)(하이브리드)_TROAS_A+SC캠페인_구매최적화_값_표준기여_3078_260901(테무콘2),2438,0,0,0
2026-09-13 05:30:46,05:00,906987379684182,1팀,120251466594180200,22.닭가슴살볼(ASC)(메가딜)_ABO캠페인_구매최적화_수_표준기여_2905_260906,683,0,0,0
2026-09-13 05:30:46,05:00,906987379684182,1팀,120251466785500200,22.닭가슴살볼(ASC)(메가딜)_TROAS_A+SC캠페인_구매최적화_값_표준기여_2905_260906,125,0,0,0
2026-09-13 05:30:46,05:00,906987379684182,1팀,120251503407460200,22.닭가슴살볼(ASC)(메가딜)_TROAS_A+SC캠페인_구매최적화_값_표준기여_2905_260906(김혜선),2125,0,0,0
2026-09-13 06:30:48,06:00,906987379684182,1팀,120228320649100200,01.통살(ASC)(101010)_TCPA16000_A+SC 캠페인_ALL_V1C7_수_표준기여_2336,1010,0,0,0
2026-09-13 06:30:48,06:00,906987379684182,1팀,120228788396590200,01.통살(ASC)(메가딜)_TCPA20000_A+SC 캠페인_ALL_V1C7_수_표준기여_1874,1229,0,0,0
2026-09-13 06:30:48,06:00,906987379684182,1팀,120237509836570200,07.크리스피(ASC)(메가딜)_TCPA16000_A+SC 캠페인_ALL_수_표준기여_2464,738,0,0,0
2026-09-13 06:30:48,06:00,906987379684182,1팀,120243001852340200,01.통살(ASC)(101010)_TCPA16000_A+SC 캠페인_ALL_V1C7_수_표준기여_2336_02,87,0,0,0
2026-09-13 06:30:48,06:00,906987379684182,1팀,120244128322750200,01.통살(ASC)(101010)_TCPA16000_A+SC 캠페인_ALL_V1C7_수_표준기여_2336_03,1187,0,0,0
2026-09-13 06:30:48,06:00,906987379684182,1팀,120246397028850200,07.크리스피(ASC)(통합)_A+SC 캠페인_구매최적화_수_표준기여_통합_260511,545,0,0,0
2026-09-13 06:30:48,06:00,906987379684182,1팀,120246898203940200,03.닭다리살(ASC)(1010)_A+SC캠페인_구매최적화_수_표준기여_2604_260519,892,0,0,0
2026-09-13 06:30:48,06:00,906987379684182,1팀,120246898384670200,03.닭다리살(ASC)(1010)_TROAS_A+SC캠페인_구매최적화_값_표준기여_2604_260519,4584,0,0,0
2026-09-13 06:30:48,06:00,906987379684182,1팀,120247379587080200,07.크리스피(ASC)(1010)_TROAS_A+SC캠페인_구매최적화_값_표준기여_2992_260527,1387,0,0,0
2026-09-13 06:30:48,06:00,906987379684182,1팀,120248361514480200,01.통살(ASC)(하이브리드)_TCPA_A+SC캠페인_ALL_C7_수_표준기여_3028_260611,124,0,0,0
2026-09-13 06:30:48,06:00,906987379684182,1팀,120249317264140200,07.크리스피(ASC)(하이브리드)_TROAS_A+SC캠페인_구매최적화_값_표준기여_3078_260713,2521,0,0,0
2026-09-13 06:30:48,06:00,906987379684182,1팀,120249873905240200,07.크리스피(ASC)(101010)_TROAS_A+SC캠페인_구매최적화_값_표준기여_2659_260705,690,0,0,0
2026-09-13 06:30:48,06:00,906987379684182,1팀,120249878429160200,01.통살(ASC)(하이브리드)_TROAS_A+SC캠페인_구매최적화_값_표준기여_3028_260705,782,0,0,0
2026-09-13 06:30:48,06:00,906987379684182,1팀,120250099159330200,07.크리스피(ASC)(메가딜)_TCPA_A+SC캠페인_ALL_C7_수_표준기여_2464_260712,53,0,0,0
2026-09-13 06:30:48,06:00,906987379684182,1팀,120250268133470200,03.닭다리살(ASC)(하이브리드)_TROAS_A+SC캠페인_구매최적화_값_표준기여_3111_260726,1054,0,0,0
2026-09-13 06:30:48,06:00,906987379684182,1팀,120250614451040200,07.크리스피(ASC)(하이브리드)_TROAS_A+SC캠페인_구매최적화_값_표준기여_3078_260728,787,0,0,0
2026-09-13 06:30:48,06:00,906987379684182,1팀,120250649570130200,07.크리스피(ASC)(하이브리드)_TROAS_A+SC캠페인_구매최적화_값_표준기여_3078_260802_AI,2933,0,0,0
2026-09-13 06:30:48,06:00,906987379684182,1팀,120250649570180200,07.크리스피(ASC)(하이브리드)_A+SC캠페인_구매최적화_수_표준기여_3078_260802_AI,2279,0,0,0
2026-09-13 06:30:48,06:00,906987379684182,1팀,120250858093370200,01.통살(ASC)(하이브리드)_TROAS_A+SC캠페인_구매최적화_값_표준기여_3028_260806,5798,0,0,0
2026-09-13 06:30:48,06:00,906987379684182,1팀,120250858456470200,01.통살(ASC)(하이브리드)_A+SC캠페인_구매최적화_수_표준기여_3028_260806,1068,0,0,0
2026-09-13 06:30:48,06:00,906987379684182,1팀,120250858902230200,07.크리스피(ASC)(메가딜)_A+SC캠페인_구매최적화_수_표준기여_2464_260806,326,0,0,0
2026-09-13 06:30:48,06:00,906987379684182,1팀,120250858902240200,07.크리스피(ASC)(메가딜)_TCPA_A+SC캠페인_ALL_C7_수_표준기여_2464_260806,503,0,0,0
2026-09-13 06:30:48,06:00,906987379684182,1팀,120250858902260200,07.크리스피(ASC)(메가딜)_TROAS_A+SC캠페인_구매최적화_값_표준기여_2464_260806,1733,0,0,0
2026-09-13 06:30:48,06:00,906987379684182,1팀,120250859189800200,17.안심볶음밥(ASC)(메가딜)_A+SC캠페인_구매최적화_수_표준기여_2903_260907,2306,1,93000,4032.9575021682567
2026-09-13 06:30:48,06:00,906987379684182,1팀,120250859189820200,17.안심볶음밥(ASC)(메가딜)_TROAS_A+SC캠페인_구매최적화_값_표준기여_2903_260907,765,0,0,0
2026-09-13 06:30:48,06:00,906987379684182,1팀,120250859367430200,20.김자반밥바(ASC)(하이브리드)_A+SC캠페인_구매최적화_수_가치조정_3159_260806,2342,0,0,0
2026-09-13 06:30:48,06:00,906987379684182,1팀,120251066794820200,07.크리스피(ASC)(하이브리드)_A+SC캠페인_구매최적화_수_표준기여_3078_260816_AI _2,1288,0,0,0
2026-09-13 06:30:48,06:00,906987379684182,1팀,120251066794930200,07.크리스피(ASC)(하이브리드)_TROAS_A+SC캠페인_구매최적화_값_표준기여_3078_260816_AI _2,2286,0,0,0
2026-09-13 06:30:48,06:00,906987379684182,1팀,120251169199390200,07.크리스피(ASC)(하이브리드)_TROAS_A+SC캠페인_구매최적화_값_표준기여_3078_260817(페르소나2),1375,0,0,0
2026-09-13 06:30:48,06:00,906987379684182,1팀,120251209789390200,07.크리스피(ASC)(하이브리드)_ABO캠페인_구매최적화_수_표준기여_3078_260819,797,0,0,0
2026-09-13 06:30:48,06:00,906987379684182,1팀,120251211164300200,07.크리스피(ASC)(하이브리드)_TCPA_A+SC캠페인_ALL_C7_수_표준기여_3078_260819(테무콘),426,0,0,0
2026-09-13 06:30:48,06:00,906987379684182,1팀,120251211164310200,07.크리스피(ASC)(하이브리드)_TROAS_A+SC캠페인_구매최적화_값_표준기여_3078_260819(테무콘),5225,0,0,0
2026-09-13 06:30:48,06:00,906987379684182,1팀,120251211164320200,07.크리스피(ASC)(하이브리드)_A+SC캠페인_구매최적화_수_표준기여_3078_260819(테무콘),3721,0,0,0
2026-09-13 06:30:48,06:00,906987379684182,1팀,120251251665220200,07.크리스피(ASC)(하이브리드)_TROAS_ABO캠페인_구매최적화_수_표준기여_3078_260821,3967,0,0,0
2026-09-13 06:30:48,06:00,906987379684182,1팀,120251327515450200,07.크리스피(ASC)(메가딜)_ABO캠페인_구매최적화_수_표준기여_2464_260825,568,0,0,0
2026-09-13 06:30:48,06:00,906987379684182,1팀,120251328004940200,07.크리스피(ASC)(메가딜)_TROAS_ABO캠페인_구매최적화_수_표준기여_2464_260825,1048,0,0,0
2026-09-13 06:30:48,06:00,906987379684182,1팀,120251367693570200,07.크리스피(ASC)(하이브리드)_TCPA_ABO캠페인_구매최적화_수_표준기여_3078_260827,130,0,0,0
2026-09-13 06:30:48,06:00,906987379684182,1팀,120251367790160200,07.크리스피(ASC)(메가딜)_TCPA_ABO캠페인_구매최적화_수_표준기여_2464_260827,1251,0,0,0
2026-09-13 06:30:48,06:00,906987379684182,1팀,120251368155020200,01.통살(ASC)(하이브리드)_ABO캠페인_구매최적화_수_표준기여_3028_260827,226,0,0,0
2026-09-13 06:30:48,06:00,906987379684182,1팀,120251368716980200,01.통살(ASC)(하이브리드)_TPCA_ABO캠페인_구매최적화_수_표준기여_3028_260827,231,0,0,0
2026-09-13 06:30:48,06:00,906987379684182,1팀,120251368728810200,01.통살(ASC)(하이브리드)_TROAS_ABO캠페인_구매최적화_수_표준기여_3028_260827,136,0,0,0
2026-09-13 06:30:48,06:00,906987379684182,1팀,120251369567610200,20.김자반밥바(ASC)(메가딜)_TCPA_ABO캠페인_구매최적화_수_표준기여_3003_260827,1338,0,0,0
2026-09-13 06:30:48,06:00,906987379684182,1팀,120251369567620200,20.김자반밥바(ASC)(메가딜)_TROAS_ABO캠페인_구매최적화_수_표준기여_3003_260827,673,0,0,0
2026-09-13 06:30:48,06:00,906987379684182,1팀,120251369567660200,20.김자반밥바(ASC)(메가딜)_ABO캠페인_구매최적화_수_표준기여_3003_260827,381,0,0,0
2026-09-13 06:30:48,06:00,906987379684182,1팀,120251444359310200,07.크리스피(ASC)(하이브리드)_TROAS_A+SC캠페인_구매최적화_값_표준기여_3078_260901(테무콘2),1856,0,0,0
2026-09-13 06:30:48,06:00,906987379684182,1팀,120251466594180200,22.닭가슴살볼(ASC)(메가딜)_ABO캠페인_구매최적화_수_표준기여_2905_260906,417,0,0,0
2026-09-13 06:30:48,06:00,906987379684182,1팀,120251466785500200,22.닭가슴살볼(ASC)(메가딜)_TROAS_A+SC캠페인_구매최적화_값_표준기여_2905_260906,212,0,0,0
2026-09-13 06:30:48,06:00,906987379684182,1팀,120251503407460200,22.닭가슴살볼(ASC)(메가딜)_TROAS_A+SC캠페인_구매최적화_값_표준기여_2905_260906(김혜선),1665,0,0,0
2026-09-13 07:29:04,07:00,906987379684182,1팀,120228320649100200,01.통살(ASC)(101010)_TCPA16000_A+SC 캠페인_ALL_V1C7_수_표준기여_2336,2350,0,0,0
2026-09-13 07:29:04,07:00,906987379684182,1팀,120228788396590200,01.통살(ASC)(메가딜)_TCPA20000_A+SC 캠페인_ALL_V1C7_수_표준기여_1874,2478,0,0,0
2026-09-13 07:29:04,07:00,906987379684182,1팀,120237509836570200,07.크리스피(ASC)(메가딜)_TCPA16000_A+SC 캠페인_ALL_수_표준기여_2464,452,0,0,0
2026-09-13 07:29:04,07:00,906987379684182,1팀,120243001852340200,01.통살(ASC)(101010)_TCPA16000_A+SC 캠페인_ALL_V1C7_수_표준기여_2336_02,101,0,0,0
2026-09-13 07:29:04,07:00,906987379684182,1팀,120244128322750200,01.통살(ASC)(101010)_TCPA16000_A+SC 캠페인_ALL_V1C7_수_표준기여_2336_03,1722,0,0,0
2026-09-13 07:29:04,07:00,906987379684182,1팀,120246397028850200,07.크리스피(ASC)(통합)_A+SC 캠페인_구매최적화_수_표준기여_통합_260511,642,0,0,0
2026-09-13 07:29:04,07:00,906987379684182,1팀,120246898203940200,03.닭다리살(ASC)(1010)_A+SC캠페인_구매최적화_수_표준기여_2604_260519,1752,0,0,0
2026-09-13 07:29:04,07:00,906987379684182,1팀,120246898384670200,03.닭다리살(ASC)(1010)_TROAS_A+SC캠페인_구매최적화_값_표준기여_2604_260519,7116,0,0,0
2026-09-13 07:29:04,07:00,906987379684182,1팀,120247379587080200,07.크리스피(ASC)(1010)_TROAS_A+SC캠페인_구매최적화_값_표준기여_2992_260527,1746,0,0,0
2026-09-13 07:29:04,07:00,906987379684182,1팀,120248361514480200,01.통살(ASC)(하이브리드)_TCPA_A+SC캠페인_ALL_C7_수_표준기여_3028_260611,340,0,0,0
2026-09-13 07:29:04,07:00,906987379684182,1팀,120249317264140200,07.크리스피(ASC)(하이브리드)_TROAS_A+SC캠페인_구매최적화_값_표준기여_3078_260713,4350,0,0,0
2026-09-13 07:29:04,07:00,906987379684182,1팀,120249873905240200,07.크리스피(ASC)(101010)_TROAS_A+SC캠페인_구매최적화_값_표준기여_2659_260705,1538,0,0,0
2026-09-13 07:29:04,07:00,906987379684182,1팀,120249878429160200,01.통살(ASC)(하이브리드)_TROAS_A+SC캠페인_구매최적화_값_표준기여_3028_260705,1750,0,0,0
2026-09-13 07:29:04,07:00,906987379684182,1팀,120250099159330200,07.크리스피(ASC)(메가딜)_TCPA_A+SC캠페인_ALL_C7_수_표준기여_2464_260712,49,0,0,0
2026-09-13 07:29:04,07:00,906987379684182,1팀,120250268133470200,03.닭다리살(ASC)(하이브리드)_TROAS_A+SC캠페인_구매최적화_값_표준기여_3111_260726,998,0,0,0
2026-09-13 07:29:04,07:00,906987379684182,1팀,120250614451040200,07.크리스피(ASC)(하이브리드)_TROAS_A+SC캠페인_구매최적화_값_표준기여_3078_260728,1089,0,0,0
2026-09-13 07:29:04,07:00,906987379684182,1팀,120250649570130200,07.크리스피(ASC)(하이브리드)_TROAS_A+SC캠페인_구매최적화_값_표준기여_3078_260802_AI,6584,0,0,0
2026-09-13 07:29:04,07:00,906987379684182,1팀,120250649570180200,07.크리스피(ASC)(하이브리드)_A+SC캠페인_구매최적화_수_표준기여_3078_260802_AI,3591,0,0,0
2026-09-13 07:29:04,07:00,906987379684182,1팀,120250858093370200,01.통살(ASC)(하이브리드)_TROAS_A+SC캠페인_구매최적화_값_표준기여_3028_260806,8733,0,0,0
2026-09-13 07:29:04,07:00,906987379684182,1팀,120250858456470200,01.통살(ASC)(하이브리드)_A+SC캠페인_구매최적화_수_표준기여_3028_260806,1039,0,0,0
2026-09-13 07:29:04,07:00,906987379684182,1팀,120250858902230200,07.크리스피(ASC)(메가딜)_A+SC캠페인_구매최적화_수_표준기여_2464_260806,176,0,0,0
2026-09-13 07:29:04,07:00,906987379684182,1팀,120250858902240200,07.크리스피(ASC)(메가딜)_TCPA_A+SC캠페인_ALL_C7_수_표준기여_2464_260806,970,0,0,0
2026-09-13 07:29:04,07:00,906987379684182,1팀,120250858902260200,07.크리스피(ASC)(메가딜)_TROAS_A+SC캠페인_구매최적화_값_표준기여_2464_260806,3278,0,0,0
2026-09-13 07:29:04,07:00,906987379684182,1팀,120250859189800200,17.안심볶음밥(ASC)(메가딜)_A+SC캠페인_구매최적화_수_표준기여_2903_260907,3706,0,0,0
2026-09-13 07:29:04,07:00,906987379684182,1팀,120250859189820200,17.안심볶음밥(ASC)(메가딜)_TROAS_A+SC캠페인_구매최적화_값_표준기여_2903_260907,1771,0,0,0
2026-09-13 07:29:04,07:00,906987379684182,1팀,120250859367430200,20.김자반밥바(ASC)(하이브리드)_A+SC캠페인_구매최적화_수_가치조정_3159_260806,7755,0,0,0
2026-09-13 07:29:04,07:00,906987379684182,1팀,120251066794820200,07.크리스피(ASC)(하이브리드)_A+SC캠페인_구매최적화_수_표준기여_3078_260816_AI _2,2209,0,0,0
2026-09-13 07:29:04,07:00,906987379684182,1팀,120251066794930200,07.크리스피(ASC)(하이브리드)_TROAS_A+SC캠페인_구매최적화_값_표준기여_3078_260816_AI _2,1317,0,0,0
2026-09-13 07:29:04,07:00,906987379684182,1팀,120251169199390200,07.크리스피(ASC)(하이브리드)_TROAS_A+SC캠페인_구매최적화_값_표준기여_3078_260817(페르소나2),3299,0,0,0
2026-09-13 07:29:04,07:00,906987379684182,1팀,120251209789390200,07.크리스피(ASC)(하이브리드)_ABO캠페인_구매최적화_수_표준기여_3078_260819,1849,0,0,0
2026-09-13 07:29:04,07:00,906987379684182,1팀,120251211164300200,07.크리스피(ASC)(하이브리드)_TCPA_A+SC캠페인_ALL_C7_수_표준기여_3078_260819(테무콘),708,0,0,0
2026-09-13 07:29:04,07:00,906987379684182,1팀,120251211164310200,07.크리스피(ASC)(하이브리드)_TROAS_A+SC캠페인_구매최적화_값_표준기여_3078_260819(테무콘),11251,1,61200,543.951648742334
2026-09-13 07:29:04,07:00,906987379684182,1팀,120251211164320200,07.크리스피(ASC)(하이브리드)_A+SC캠페인_구매최적화_수_표준기여_3078_260819(테무콘),8067,0,0,0
2026-09-13 07:29:04,07:00,906987379684182,1팀,120251251665220200,07.크리스피(ASC)(하이브리드)_TROAS_ABO캠페인_구매최적화_수_표준기여_3078_260821,4963,0,0,0
2026-09-13 07:29:04,07:00,906987379684182,1팀,120251327515450200,07.크리스피(ASC)(메가딜)_ABO캠페인_구매최적화_수_표준기여_2464_260825,1289,0,0,0
2026-09-13 07:29:04,07:00,906987379684182,1팀,120251328004940200,07.크리스피(ASC)(메가딜)_TROAS_ABO캠페인_구매최적화_수_표준기여_2464_260825,747,0,0,0
2026-09-13 07:29:04,07:00,906987379684182,1팀,120251367693570200,07.크리스피(ASC)(하이브리드)_TCPA_ABO캠페인_구매최적화_수_표준기여_3078_260827,402,0,0,0
2026-09-13 07:29:04,07:00,906987379684182,1팀,120251367790160200,07.크리스피(ASC)(메가딜)_TCPA_ABO캠페인_구매최적화_수_표준기여_2464_260827,2192,0,0,0
2026-09-13 07:29:04,07:00,906987379684182,1팀,120251368155020200,01.통살(ASC)(하이브리드)_ABO캠페인_구매최적화_수_표준기여_3028_260827,147,0,0,0
2026-09-13 07:29:04,07:00,906987379684182,1팀,120251368716980200,01.통살(ASC)(하이브리드)_TPCA_ABO캠페인_구매최적화_수_표준기여_3028_260827,587,0,0,0
2026-09-13 07:29:04,07:00,906987379684182,1팀,120251368728810200,01.통살(ASC)(하이브리드)_TROAS_ABO캠페인_구매최적화_수_표준기여_3028_260827,139,0,0,0
2026-09-13 07:29:04,07:00,906987379684182,1팀,120251369567610200,20.김자반밥바(ASC)(메가딜)_TCPA_ABO캠페인_구매최적화_수_표준기여_3003_260827,2062,0,0,0
2026-09-13 07:29:04,07:00,906987379684182,1팀,120251369567620200,20.김자반밥바(ASC)(메가딜)_TROAS_ABO캠페인_구매최적화_수_표준기여_3003_260827,1355,0,0,0
2026-09-13 07:29:04,07:00,906987379684182,1팀,120251369567660200,20.김자반밥바(ASC)(메가딜)_ABO캠페인_구매최적화_수_표준기여_3003_260827,1499,0,0,0
2026-09-13 07:29:04,07:00,906987379684182,1팀,120251444359310200,07.크리스피(ASC)(하이브리드)_TROAS_A+SC캠페인_구매최적화_값_표준기여_3078_260901(테무콘2),3712,0,0,0
2026-09-13 07:29:04,07:00,906987379684182,1팀,120251466594180200,22.닭가슴살볼(ASC)(메가딜)_ABO캠페인_구매최적화_수_표준기여_2905_260906,502,0,0,0
2026-09-13 07:29:04,07:00,906987379684182,1팀,120251466785500200,22.닭가슴살볼(ASC)(메가딜)_TROAS_A+SC캠페인_구매최적화_값_표준기여_2905_260906,494,0,0,0
2026-09-13 07:29:04,07:00,906987379684182,1팀,120251503407460200,22.닭가슴살볼(ASC)(메가딜)_TROAS_A+SC캠페인_구매최적화_값_표준기여_2905_260906(김혜선),2127,0,0,0
2026-09-13 07:30:55,07:00,906987379684182,1팀,120228320649100200,01.통살(ASC)(101010)_TCPA16000_A+SC 캠페인_ALL_V1C7_수_표준기여_2336,2793,0,0,0
2026-09-13 07:30:55,07:00,906987379684182,1팀,120228788396590200,01.통살(ASC)(메가딜)_TCPA20000_A+SC 캠페인_ALL_V1C7_수_표준기여_1874,2627,0,0,0
2026-09-13 07:30:55,07:00,906987379684182,1팀,120237509836570200,07.크리스피(ASC)(메가딜)_TCPA16000_A+SC 캠페인_ALL_수_표준기여_2464,455,0,0,0
2026-09-13 07:30:55,07:00,906987379684182,1팀,120243001852340200,01.통살(ASC)(101010)_TCPA16000_A+SC 캠페인_ALL_V1C7_수_표준기여_2336_02,101,0,0,0
2026-09-13 07:30:55,07:00,906987379684182,1팀,120244128322750200,01.통살(ASC)(101010)_TCPA16000_A+SC 캠페인_ALL_V1C7_수_표준기여_2336_03,2177,0,0,0
2026-09-13 07:30:55,07:00,906987379684182,1팀,120246397028850200,07.크리스피(ASC)(통합)_A+SC 캠페인_구매최적화_수_표준기여_통합_260511,725,0,0,0
2026-09-13 07:30:55,07:00,906987379684182,1팀,120246898203940200,03.닭다리살(ASC)(1010)_A+SC캠페인_구매최적화_수_표준기여_2604_260519,1871,0,0,0
2026-09-13 07:30:55,07:00,906987379684182,1팀,120246898384670200,03.닭다리살(ASC)(1010)_TROAS_A+SC캠페인_구매최적화_값_표준기여_2604_260519,8264,0,0,0
2026-09-13 07:30:55,07:00,906987379684182,1팀,120247379587080200,07.크리스피(ASC)(1010)_TROAS_A+SC캠페인_구매최적화_값_표준기여_2992_260527,1883,0,0,0
2026-09-13 07:30:55,07:00,906987379684182,1팀,120248361514480200,01.통살(ASC)(하이브리드)_TCPA_A+SC캠페인_ALL_C7_수_표준기여_3028_260611,358,0,0,0
2026-09-13 07:30:55,07:00,906987379684182,1팀,120249317264140200,07.크리스피(ASC)(하이브리드)_TROAS_A+SC캠페인_구매최적화_값_표준기여_3078_260713,4927,0,0,0
2026-09-13 07:30:55,07:00,906987379684182,1팀,120249873905240200,07.크리스피(ASC)(101010)_TROAS_A+SC캠페인_구매최적화_값_표준기여_2659_260705,1714,0,0,0
2026-09-13 07:30:55,07:00,906987379684182,1팀,120249878429160200,01.통살(ASC)(하이브리드)_TROAS_A+SC캠페인_구매최적화_값_표준기여_3028_260705,1984,0,0,0
2026-09-13 07:30:55,07:00,906987379684182,1팀,120250099159330200,07.크리스피(ASC)(메가딜)_TCPA_A+SC캠페인_ALL_C7_수_표준기여_2464_260712,49,0,0,0
2026-09-13 07:30:55,07:00,906987379684182,1팀,120250268133470200,03.닭다리살(ASC)(하이브리드)_TROAS_A+SC캠페인_구매최적화_값_표준기여_3111_260726,1264,0,0,0
2026-09-13 07:30:55,07:00,906987379684182,1팀,120250614451040200,07.크리스피(ASC)(하이브리드)_TROAS_A+SC캠페인_구매최적화_값_표준기여_3078_260728,1294,0,0,0
2026-09-13 07:30:55,07:00,906987379684182,1팀,120250649570130200,07.크리스피(ASC)(하이브리드)_TROAS_A+SC캠페인_구매최적화_값_표준기여_3078_260802_AI,8226,0,0,0
2026-09-13 07:30:55,07:00,906987379684182,1팀,120250649570180200,07.크리스피(ASC)(하이브리드)_A+SC캠페인_구매최적화_수_표준기여_3078_260802_AI,4121,0,0,0
2026-09-13 07:30:55,07:00,906987379684182,1팀,120250858093370200,01.통살(ASC)(하이브리드)_TROAS_A+SC캠페인_구매최적화_값_표준기여_3028_260806,10455,0,0,0
2026-09-13 07:30:55,07:00,906987379684182,1팀,120250858456470200,01.통살(ASC)(하이브리드)_A+SC캠페인_구매최적화_수_표준기여_3028_260806,1191,0,0,0
2026-09-13 07:30:55,07:00,906987379684182,1팀,120250858902230200,07.크리스피(ASC)(메가딜)_A+SC캠페인_구매최적화_수_표준기여_2464_260806,242,0,0,0
2026-09-13 07:30:55,07:00,906987379684182,1팀,120250858902240200,07.크리스피(ASC)(메가딜)_TCPA_A+SC캠페인_ALL_C7_수_표준기여_2464_260806,1012,0,0,0
2026-09-13 07:30:55,07:00,906987379684182,1팀,120250858902260200,07.크리스피(ASC)(메가딜)_TROAS_A+SC캠페인_구매최적화_값_표준기여_2464_260806,3813,0,0,0
2026-09-13 07:30:55,07:00,906987379684182,1팀,120250859189800200,17.안심볶음밥(ASC)(메가딜)_A+SC캠페인_구매최적화_수_표준기여_2903_260907,4342,0,0,0
2026-09-13 07:30:55,07:00,906987379684182,1팀,120250859189820200,17.안심볶음밥(ASC)(메가딜)_TROAS_A+SC캠페인_구매최적화_값_표준기여_2903_260907,1911,0,0,0
2026-09-13 07:30:55,07:00,906987379684182,1팀,120250859367430200,20.김자반밥바(ASC)(하이브리드)_A+SC캠페인_구매최적화_수_가치조정_3159_260806,8322,0,0,0
2026-09-13 07:30:55,07:00,906987379684182,1팀,120251066794820200,07.크리스피(ASC)(하이브리드)_A+SC캠페인_구매최적화_수_표준기여_3078_260816_AI _2,2564,0,0,0
2026-09-13 07:30:55,07:00,906987379684182,1팀,120251066794930200,07.크리스피(ASC)(하이브리드)_TROAS_A+SC캠페인_구매최적화_값_표준기여_3078_260816_AI _2,1444,0,0,0
2026-09-13 07:30:55,07:00,906987379684182,1팀,120251169199390200,07.크리스피(ASC)(하이브리드)_TROAS_A+SC캠페인_구매최적화_값_표준기여_3078_260817(페르소나2),3696,0,0,0
2026-09-13 07:30:55,07:00,906987379684182,1팀,120251209789390200,07.크리스피(ASC)(하이브리드)_ABO캠페인_구매최적화_수_표준기여_3078_260819,1963,0,0,0
2026-09-13 07:30:55,07:00,906987379684182,1팀,120251211164300200,07.크리스피(ASC)(하이브리드)_TCPA_A+SC캠페인_ALL_C7_수_표준기여_3078_260819(테무콘),785,0,0,0
2026-09-13 07:30:55,07:00,906987379684182,1팀,120251211164310200,07.크리스피(ASC)(하이브리드)_TROAS_A+SC캠페인_구매최적화_값_표준기여_3078_260819(테무콘),13255,1,61200,461.71256129762355
2026-09-13 07:30:55,07:00,906987379684182,1팀,120251211164320200,07.크리스피(ASC)(하이브리드)_A+SC캠페인_구매최적화_수_표준기여_3078_260819(테무콘),8898,0,0,0
2026-09-13 07:30:55,07:00,906987379684182,1팀,120251251665220200,07.크리스피(ASC)(하이브리드)_TROAS_ABO캠페인_구매최적화_수_표준기여_3078_260821,5751,0,0,0
2026-09-13 07:30:55,07:00,906987379684182,1팀,120251327515450200,07.크리스피(ASC)(메가딜)_ABO캠페인_구매최적화_수_표준기여_2464_260825,1588,0,0,0
2026-09-13 07:30:55,07:00,906987379684182,1팀,120251328004940200,07.크리스피(ASC)(메가딜)_TROAS_ABO캠페인_구매최적화_수_표준기여_2464_260825,851,0,0,0
2026-09-13 07:30:55,07:00,906987379684182,1팀,120251367693570200,07.크리스피(ASC)(하이브리드)_TCPA_ABO캠페인_구매최적화_수_표준기여_3078_260827,461,0,0,0
2026-09-13 07:30:55,07:00,906987379684182,1팀,120251367790160200,07.크리스피(ASC)(메가딜)_TCPA_ABO캠페인_구매최적화_수_표준기여_2464_260827,2527,0,0,0
2026-09-13 07:30:55,07:00,906987379684182,1팀,120251368155020200,01.통살(ASC)(하이브리드)_ABO캠페인_구매최적화_수_표준기여_3028_260827,166,0,0,0
2026-09-13 07:30:55,07:00,906987379684182,1팀,120251368716980200,01.통살(ASC)(하이브리드)_TPCA_ABO캠페인_구매최적화_수_표준기여_3028_260827,721,0,0,0
2026-09-13 07:30:55,07:00,906987379684182,1팀,120251368728810200,01.통살(ASC)(하이브리드)_TROAS_ABO캠페인_구매최적화_수_표준기여_3028_260827,168,0,0,0
2026-09-13 07:30:55,07:00,906987379684182,1팀,120251369567610200,20.김자반밥바(ASC)(메가딜)_TCPA_ABO캠페인_구매최적화_수_표준기여_3003_260827,2329,0,0,0
2026-09-13 07:30:55,07:00,906987379684182,1팀,120251369567620200,20.김자반밥바(ASC)(메가딜)_TROAS_ABO캠페인_구매최적화_수_표준기여_3003_260827,1683,0,0,0
2026-09-13 07:30:55,07:00,906987379684182,1팀,120251369567660200,20.김자반밥바(ASC)(메가딜)_ABO캠페인_구매최적화_수_표준기여_3003_260827,1637,0,0,0
2026-09-13 07:30:55,07:00,906987379684182,1팀,120251444359310200,07.크리스피(ASC)(하이브리드)_TROAS_A+SC캠페인_구매최적화_값_표준기여_3078_260901(테무콘2),4466,0,0,0
2026-09-13 07:30:55,07:00,906987379684182,1팀,120251466594180200,22.닭가슴살볼(ASC)(메가딜)_ABO캠페인_구매최적화_수_표준기여_2905_260906,639,0,0,0
2026-09-13 07:30:55,07:00,906987379684182,1팀,120251466785500200,22.닭가슴살볼(ASC)(메가딜)_TROAS_A+SC캠페인_구매최적화_값_표준기여_2905_260906,494,0,0,0
2026-09-13 07:30:55,07:00,906987379684182,1팀,120251503407460200,22.닭가슴살볼(ASC)(메가딜)_TROAS_A+SC캠페인_구매최적화_값_표준기여_2905_260906(김혜선),2415,0,0,0
2026-09-13 08:30:46,08:00,906987379684182,1팀,120228320649100200,01.통살(ASC)(101010)_TCPA16000_A+SC 캠페인_ALL_V1C7_수_표준기여_2336,4405,0,0,0
2026-09-13 08:30:46,08:00,906987379684182,1팀,120228788396590200,01.통살(ASC)(메가딜)_TCPA20000_A+SC 캠페인_ALL_V1C7_수_표준기여_1874,2296,0,0,0
2026-09-13 08:30:46,08:00,906987379684182,1팀,120237509836570200,07.크리스피(ASC)(메가딜)_TCPA16000_A+SC 캠페인_ALL_수_표준기여_2464,666,0,0,0
2026-09-13 08:30:46,08:00,906987379684182,1팀,120243001852340200,01.통살(ASC)(101010)_TCPA16000_A+SC 캠페인_ALL_V1C7_수_표준기여_2336_02,24,0,0,0
2026-09-13 08:30:46,08:00,906987379684182,1팀,120244128322750200,01.통살(ASC)(101010)_TCPA16000_A+SC 캠페인_ALL_V1C7_수_표준기여_2336_03,3904,0,0,0
2026-09-13 08:30:46,08:00,906987379684182,1팀,120246397028850200,07.크리스피(ASC)(통합)_A+SC 캠페인_구매최적화_수_표준기여_통합_260511,1014,0,0,0
2026-09-13 08:30:46,08:00,906987379684182,1팀,120246898203940200,03.닭다리살(ASC)(1010)_A+SC캠페인_구매최적화_수_표준기여_2604_260519,3346,0,0,0
2026-09-13 08:30:46,08:00,906987379684182,1팀,120246898384670200,03.닭다리살(ASC)(1010)_TROAS_A+SC캠페인_구매최적화_값_표준기여_2604_260519,16428,0,0,0
2026-09-13 08:30:46,08:00,906987379684182,1팀,120247379587080200,07.크리스피(ASC)(1010)_TROAS_A+SC캠페인_구매최적화_값_표준기여_2992_260527,5014,0,0,0
2026-09-13 08:30:46,08:00,906987379684182,1팀,120248361514480200,01.통살(ASC)(하이브리드)_TCPA_A+SC캠페인_ALL_C7_수_표준기여_3028_260611,825,0,0,0
2026-09-13 08:30:46,08:00,906987379684182,1팀,120249317264140200,07.크리스피(ASC)(하이브리드)_TROAS_A+SC캠페인_구매최적화_값_표준기여_3078_260713,8052,0,0,0
2026-09-13 08:30:46,08:00,906987379684182,1팀,120249873905240200,07.크리스피(ASC)(101010)_TROAS_A+SC캠페인_구매최적화_값_표준기여_2659_260705,2907,0,0,0
2026-09-13 08:30:46,08:00,906987379684182,1팀,120249878429160200,01.통살(ASC)(하이브리드)_TROAS_A+SC캠페인_구매최적화_값_표준기여_3028_260705,2266,0,0,0
2026-09-13 08:30:46,08:00,906987379684182,1팀,120250099159330200,07.크리스피(ASC)(메가딜)_TCPA_A+SC캠페인_ALL_C7_수_표준기여_2464_260712,73,0,0,0
2026-09-13 08:30:46,08:00,906987379684182,1팀,120250268133470200,03.닭다리살(ASC)(하이브리드)_TROAS_A+SC캠페인_구매최적화_값_표준기여_3111_260726,2632,0,0,0
2026-09-13 08:30:46,08:00,906987379684182,1팀,120250614451040200,07.크리스피(ASC)(하이브리드)_TROAS_A+SC캠페인_구매최적화_값_표준기여_3078_260728,2733,0,0,0
2026-09-13 08:30:46,08:00,906987379684182,1팀,120250649570130200,07.크리스피(ASC)(하이브리드)_TROAS_A+SC캠페인_구매최적화_값_표준기여_3078_260802_AI,14734,0,0,0
2026-09-13 08:30:46,08:00,906987379684182,1팀,120250649570180200,07.크리스피(ASC)(하이브리드)_A+SC캠페인_구매최적화_수_표준기여_3078_260802_AI,10379,1,97100,935.5429232103285
2026-09-13 08:30:46,08:00,906987379684182,1팀,120250858093370200,01.통살(ASC)(하이브리드)_TROAS_A+SC캠페인_구매최적화_값_표준기여_3028_260806,17082,0,0,0
2026-09-13 08:30:46,08:00,906987379684182,1팀,120250858456470200,01.통살(ASC)(하이브리드)_A+SC캠페인_구매최적화_수_표준기여_3028_260806,2410,0,0,0
2026-09-13 08:30:46,08:00,906987379684182,1팀,120250858902230200,07.크리스피(ASC)(메가딜)_A+SC캠페인_구매최적화_수_표준기여_2464_260806,741,0,0,0
2026-09-13 08:30:46,08:00,906987379684182,1팀,120250858902240200,07.크리스피(ASC)(메가딜)_TCPA_A+SC캠페인_ALL_C7_수_표준기여_2464_260806,1167,0,0,0
2026-09-13 08:30:46,08:00,906987379684182,1팀,120250858902260200,07.크리스피(ASC)(메가딜)_TROAS_A+SC캠페인_구매최적화_값_표준기여_2464_260806,4467,0,0,0
2026-09-13 08:30:46,08:00,906987379684182,1팀,120250859189800200,17.안심볶음밥(ASC)(메가딜)_A+SC캠페인_구매최적화_수_표준기여_2903_260907,10730,0,0,0
2026-09-13 08:30:46,08:00,906987379684182,1팀,120250859189820200,17.안심볶음밥(ASC)(메가딜)_TROAS_A+SC캠페인_구매최적화_값_표준기여_2903_260907,2561,0,0,0
2026-09-13 08:30:46,08:00,906987379684182,1팀,120250859367430200,20.김자반밥바(ASC)(하이브리드)_A+SC캠페인_구매최적화_수_가치조정_3159_260806,11174,0,0,0
2026-09-13 08:30:46,08:00,906987379684182,1팀,120251066794820200,07.크리스피(ASC)(하이브리드)_A+SC캠페인_구매최적화_수_표준기여_3078_260816_AI _2,3633,0,0,0
2026-09-13 08:30:46,08:00,906987379684182,1팀,120251066794930200,07.크리스피(ASC)(하이브리드)_TROAS_A+SC캠페인_구매최적화_값_표준기여_3078_260816_AI _2,2490,0,0,0
2026-09-13 08:30:46,08:00,906987379684182,1팀,120251169199390200,07.크리스피(ASC)(하이브리드)_TROAS_A+SC캠페인_구매최적화_값_표준기여_3078_260817(페르소나2),4568,0,0,0
2026-09-13 08:30:46,08:00,906987379684182,1팀,120251209789390200,07.크리스피(ASC)(하이브리드)_ABO캠페인_구매최적화_수_표준기여_3078_260819,3909,0,0,0
2026-09-13 08:30:46,08:00,906987379684182,1팀,120251211164300200,07.크리스피(ASC)(하이브리드)_TCPA_A+SC캠페인_ALL_C7_수_표준기여_3078_260819(테무콘),1744,0,0,0
2026-09-13 08:30:46,08:00,906987379684182,1팀,120251211164310200,07.크리스피(ASC)(하이브리드)_TROAS_A+SC캠페인_구매최적화_값_표준기여_3078_260819(테무콘),18312,0,0,0
2026-09-13 08:30:46,08:00,906987379684182,1팀,120251211164320200,07.크리스피(ASC)(하이브리드)_A+SC캠페인_구매최적화_수_표준기여_3078_260819(테무콘),14691,0,0,0
2026-09-13 08:30:46,08:00,906987379684182,1팀,120251251665220200,07.크리스피(ASC)(하이브리드)_TROAS_ABO캠페인_구매최적화_수_표준기여_3078_260821,11012,0,0,0
2026-09-13 08:30:46,08:00,906987379684182,1팀,120251327515450200,07.크리스피(ASC)(메가딜)_ABO캠페인_구매최적화_수_표준기여_2464_260825,2740,0,0,0
2026-09-13 08:30:46,08:00,906987379684182,1팀,120251328004940200,07.크리스피(ASC)(메가딜)_TROAS_ABO캠페인_구매최적화_수_표준기여_2464_260825,1759,0,0,0
2026-09-13 08:30:46,08:00,906987379684182,1팀,120251367693570200,07.크리스피(ASC)(하이브리드)_TCPA_ABO캠페인_구매최적화_수_표준기여_3078_260827,1061,0,0,0
2026-09-13 08:30:46,08:00,906987379684182,1팀,120251367790160200,07.크리스피(ASC)(메가딜)_TCPA_ABO캠페인_구매최적화_수_표준기여_2464_260827,8102,0,0,0
2026-09-13 08:30:46,08:00,906987379684182,1팀,120251368155020200,01.통살(ASC)(하이브리드)_ABO캠페인_구매최적화_수_표준기여_3028_260827,599,0,0,0
2026-09-13 08:30:46,08:00,906987379684182,1팀,120251368716980200,01.통살(ASC)(하이브리드)_TPCA_ABO캠페인_구매최적화_수_표준기여_3028_260827,1906,0,0,0
2026-09-13 08:30:46,08:00,906987379684182,1팀,120251368728810200,01.통살(ASC)(하이브리드)_TROAS_ABO캠페인_구매최적화_수_표준기여_3028_260827,596,0,0,0
2026-09-13 08:30:46,08:00,906987379684182,1팀,120251369567610200,20.김자반밥바(ASC)(메가딜)_TCPA_ABO캠페인_구매최적화_수_표준기여_3003_260827,2436,0,0,0
2026-09-13 08:30:46,08:00,906987379684182,1팀,120251369567620200,20.김자반밥바(ASC)(메가딜)_TROAS_ABO캠페인_구매최적화_수_표준기여_3003_260827,4382,0,0,0
2026-09-13 08:30:46,08:00,906987379684182,1팀,120251369567660200,20.김자반밥바(ASC)(메가딜)_ABO캠페인_구매최적화_수_표준기여_3003_260827,3713,0,0,0
2026-09-13 08:30:46,08:00,906987379684182,1팀,120251444359310200,07.크리스피(ASC)(하이브리드)_TROAS_A+SC캠페인_구매최적화_값_표준기여_3078_260901(테무콘2),4128,0,0,0
2026-09-13 08:30:46,08:00,906987379684182,1팀,120251466594180200,22.닭가슴살볼(ASC)(메가딜)_ABO캠페인_구매최적화_수_표준기여_2905_260906,944,1,67700,7171.610169491525
2026-09-13 08:30:46,08:00,906987379684182,1팀,120251466785500200,22.닭가슴살볼(ASC)(메가딜)_TROAS_A+SC캠페인_구매최적화_값_표준기여_2905_260906,742,0,0,0
2026-09-13 08:30:46,08:00,906987379684182,1팀,120251503407460200,22.닭가슴살볼(ASC)(메가딜)_TROAS_A+SC캠페인_구매최적화_값_표준기여_2905_260906(김혜선),4171,0,0,0
2026-09-13 09:13:07,09:00,906987379684182,1팀,120228320649100200,01.통살(ASC)(101010)_TCPA16000_A+SC 캠페인_ALL_V1C7_수_표준기여_2336,1490,0,0,0
2026-09-13 09:13:07,09:00,906987379684182,1팀,120228788396590200,01.통살(ASC)(메가딜)_TCPA20000_A+SC 캠페인_ALL_V1C7_수_표준기여_1874,709,0,0,0
2026-09-13 09:13:07,09:00,906987379684182,1팀,120237509836570200,07.크리스피(ASC)(메가딜)_TCPA16000_A+SC 캠페인_ALL_수_표준기여_2464,467,0,0,0
2026-09-13 09:13:07,09:00,906987379684182,1팀,120243001852340200,01.통살(ASC)(101010)_TCPA16000_A+SC 캠페인_ALL_V1C7_수_표준기여_2336_02,76,0,0,0
2026-09-13 09:13:07,09:00,906987379684182,1팀,120244128322750200,01.통살(ASC)(101010)_TCPA16000_A+SC 캠페인_ALL_V1C7_수_표준기여_2336_03,1089,0,0,0
2026-09-13 09:13:07,09:00,906987379684182,1팀,120246397028850200,07.크리스피(ASC)(통합)_A+SC 캠페인_구매최적화_수_표준기여_통합_260511,519,0,0,0
2026-09-13 09:13:07,09:00,906987379684182,1팀,120246898203940200,03.닭다리살(ASC)(1010)_A+SC캠페인_구매최적화_수_표준기여_2604_260519,1357,0,0,0
2026-09-13 09:13:07,09:00,906987379684182,1팀,120246898384670200,03.닭다리살(ASC)(1010)_TROAS_A+SC캠페인_구매최적화_값_표준기여_2604_260519,6370,0,0,0
2026-09-13 09:13:07,09:00,906987379684182,1팀,120247379587080200,07.크리스피(ASC)(1010)_TROAS_A+SC캠페인_구매최적화_값_표준기여_2992_260527,2389,0,0,0
2026-09-13 09:13:07,09:00,906987379684182,1팀,120248361514480200,01.통살(ASC)(하이브리드)_TCPA_A+SC캠페인_ALL_C7_수_표준기여_3028_260611,247,0,0,0
2026-09-13 09:13:07,09:00,906987379684182,1팀,120249317264140200,07.크리스피(ASC)(하이브리드)_TROAS_A+SC캠페인_구매최적화_값_표준기여_3078_260713,4892,0,0,0
2026-09-13 09:13:07,09:00,906987379684182,1팀,120249873905240200,07.크리스피(ASC)(101010)_TROAS_A+SC캠페인_구매최적화_값_표준기여_2659_260705,1198,0,0,0
2026-09-13 09:13:07,09:00,906987379684182,1팀,120249878429160200,01.통살(ASC)(하이브리드)_TROAS_A+SC캠페인_구매최적화_값_표준기여_3028_260705,727,0,0,0
2026-09-13 09:13:07,09:00,906987379684182,1팀,120250099159330200,07.크리스피(ASC)(메가딜)_TCPA_A+SC캠페인_ALL_C7_수_표준기여_2464_260712,22,0,0,0
2026-09-13 09:13:07,09:00,906987379684182,1팀,120250268133470200,03.닭다리살(ASC)(하이브리드)_TROAS_A+SC캠페인_구매최적화_값_표준기여_3111_260726,1227,0,0,0
2026-09-13 09:13:07,09:00,906987379684182,1팀,120250614451040200,07.크리스피(ASC)(하이브리드)_TROAS_A+SC캠페인_구매최적화_값_표준기여_3078_260728,680,0,0,0
2026-09-13 09:13:07,09:00,906987379684182,1팀,120250649570130200,07.크리스피(ASC)(하이브리드)_TROAS_A+SC캠페인_구매최적화_값_표준기여_3078_260802_AI,6974,0,0,0
2026-09-13 09:13:07,09:00,906987379684182,1팀,120250649570180200,07.크리스피(ASC)(하이브리드)_A+SC캠페인_구매최적화_수_표준기여_3078_260802_AI,3719,0,0,0
2026-09-13 09:13:07,09:00,906987379684182,1팀,120250858093370200,01.통살(ASC)(하이브리드)_TROAS_A+SC캠페인_구매최적화_값_표준기여_3028_260806,4679,0,0,0
2026-09-13 09:13:07,09:00,906987379684182,1팀,120250858093380200,01.통살(ASC)(하이브리드)_TCPA_A+SC캠페인_ALL_C7_수_표준기여_3028_260806,19,0,0,0
2026-09-13 09:13:07,09:00,906987379684182,1팀,120250858456470200,01.통살(ASC)(하이브리드)_A+SC캠페인_구매최적화_수_표준기여_3028_260806,422,0,0,0
2026-09-13 09:13:07,09:00,906987379684182,1팀,120250858902230200,07.크리스피(ASC)(메가딜)_A+SC캠페인_구매최적화_수_표준기여_2464_260806,400,0,0,0
2026-09-13 09:13:07,09:00,906987379684182,1팀,120250858902240200,07.크리스피(ASC)(메가딜)_TCPA_A+SC캠페인_ALL_C7_수_표준기여_2464_260806,346,0,0,0
2026-09-13 09:13:07,09:00,906987379684182,1팀,120250858902260200,07.크리스피(ASC)(메가딜)_TROAS_A+SC캠페인_구매최적화_값_표준기여_2464_260806,1531,0,0,0
2026-09-13 09:13:07,09:00,906987379684182,1팀,120250859189800200,17.안심볶음밥(ASC)(메가딜)_A+SC캠페인_구매최적화_수_표준기여_2903_260907,5544,0,0,0
2026-09-13 09:13:07,09:00,906987379684182,1팀,120250859189820200,17.안심볶음밥(ASC)(메가딜)_TROAS_A+SC캠페인_구매최적화_값_표준기여_2903_260907,1902,0,0,0
2026-09-13 09:13:07,09:00,906987379684182,1팀,120250859367430200,20.김자반밥바(ASC)(하이브리드)_A+SC캠페인_구매최적화_수_가치조정_3159_260806,3901,0,0,0
2026-09-13 09:13:07,09:00,906987379684182,1팀,120251066794820200,07.크리스피(ASC)(하이브리드)_A+SC캠페인_구매최적화_수_표준기여_3078_260816_AI _2,1154,0,0,0
2026-09-13 09:13:07,09:00,906987379684182,1팀,120251066794930200,07.크리스피(ASC)(하이브리드)_TROAS_A+SC캠페인_구매최적화_값_표준기여_3078_260816_AI _2,1082,0,0,0
2026-09-13 09:13:07,09:00,906987379684182,1팀,120251169199390200,07.크리스피(ASC)(하이브리드)_TROAS_A+SC캠페인_구매최적화_값_표준기여_3078_260817(페르소나2),1156,0,0,0
2026-09-13 09:13:07,09:00,906987379684182,1팀,120251209789390200,07.크리스피(ASC)(하이브리드)_ABO캠페인_구매최적화_수_표준기여_3078_260819,2440,0,0,0
2026-09-13 09:13:07,09:00,906987379684182,1팀,120251211164300200,07.크리스피(ASC)(하이브리드)_TCPA_A+SC캠페인_ALL_C7_수_표준기여_3078_260819(테무콘),253,0,0,0
2026-09-13 09:13:07,09:00,906987379684182,1팀,120251211164310200,07.크리스피(ASC)(하이브리드)_TROAS_A+SC캠페인_구매최적화_값_표준기여_3078_260819(테무콘),5364,0,0,0
2026-09-13 09:13:07,09:00,906987379684182,1팀,120251211164320200,07.크리스피(ASC)(하이브리드)_A+SC캠페인_구매최적화_수_표준기여_3078_260819(테무콘),3806,0,0,0
2026-09-13 09:13:07,09:00,906987379684182,1팀,120251251665220200,07.크리스피(ASC)(하이브리드)_TROAS_ABO캠페인_구매최적화_수_표준기여_3078_260821,3454,0,0,0
2026-09-13 09:13:07,09:00,906987379684182,1팀,120251327515450200,07.크리스피(ASC)(메가딜)_ABO캠페인_구매최적화_수_표준기여_2464_260825,673,0,0,0
2026-09-13 09:13:07,09:00,906987379684182,1팀,120251328004940200,07.크리스피(ASC)(메가딜)_TROAS_ABO캠페인_구매최적화_수_표준기여_2464_260825,825,0,0,0
2026-09-13 09:13:07,09:00,906987379684182,1팀,120251367693570200,07.크리스피(ASC)(하이브리드)_TCPA_ABO캠페인_구매최적화_수_표준기여_3078_260827,299,0,0,0
2026-09-13 09:13:07,09:00,906987379684182,1팀,120251367790160200,07.크리스피(ASC)(메가딜)_TCPA_ABO캠페인_구매최적화_수_표준기여_2464_260827,3017,0,0,0
2026-09-13 09:13:07,09:00,906987379684182,1팀,120251368155020200,01.통살(ASC)(하이브리드)_ABO캠페인_구매최적화_수_표준기여_3028_260827,212,0,0,0
2026-09-13 09:13:07,09:00,906987379684182,1팀,120251368716980200,01.통살(ASC)(하이브리드)_TPCA_ABO캠페인_구매최적화_수_표준기여_3028_260827,361,0,0,0
2026-09-13 09:13:07,09:00,906987379684182,1팀,120251368728810200,01.통살(ASC)(하이브리드)_TROAS_ABO캠페인_구매최적화_수_표준기여_3028_260827,358,0,0,0
2026-09-13 09:13:07,09:00,906987379684182,1팀,120251369567610200,20.김자반밥바(ASC)(메가딜)_TCPA_ABO캠페인_구매최적화_수_표준기여_3003_260827,684,0,0,0
2026-09-13 09:13:07,09:00,906987379684182,1팀,120251369567620200,20.김자반밥바(ASC)(메가딜)_TROAS_ABO캠페인_구매최적화_수_표준기여_3003_260827,1849,0,0,0
2026-09-13 09:13:07,09:00,906987379684182,1팀,120251369567660200,20.김자반밥바(ASC)(메가딜)_ABO캠페인_구매최적화_수_표준기여_3003_260827,1098,0,0,0
2026-09-13 09:13:07,09:00,906987379684182,1팀,120251444359310200,07.크리스피(ASC)(하이브리드)_TROAS_A+SC캠페인_구매최적화_값_표준기여_3078_260901(테무콘2),792,0,0,0
2026-09-13 09:13:07,09:00,906987379684182,1팀,120251466594180200,22.닭가슴살볼(ASC)(메가딜)_ABO캠페인_구매최적화_수_표준기여_2905_260906,222,0,0,0
2026-09-13 09:13:07,09:00,906987379684182,1팀,120251466785500200,22.닭가슴살볼(ASC)(메가딜)_TROAS_A+SC캠페인_구매최적화_값_표준기여_2905_260906,394,0,0,0
2026-09-13 09:13:07,09:00,906987379684182,1팀,120251503407460200,22.닭가슴살볼(ASC)(메가딜)_TROAS_A+SC캠페인_구매최적화_값_표준기여_2905_260906(김혜선),797,0,0,0
2026-09-13 09:30:46,09:00,906987379684182,1팀,120228320649100200,01.통살(ASC)(101010)_TCPA16000_A+SC 캠페인_ALL_V1C7_수_표준기여_2336,9002,0,0,0
2026-09-13 09:30:46,09:00,906987379684182,1팀,120228788396590200,01.통살(ASC)(메가딜)_TCPA20000_A+SC 캠페인_ALL_V1C7_수_표준기여_1874,2525,0,0,0
2026-09-13 09:30:46,09:00,906987379684182,1팀,120237509836570200,07.크리스피(ASC)(메가딜)_TCPA16000_A+SC 캠페인_ALL_수_표준기여_2464,1025,0,0,0
2026-09-13 09:30:46,09:00,906987379684182,1팀,120243001852340200,01.통살(ASC)(101010)_TCPA16000_A+SC 캠페인_ALL_V1C7_수_표준기여_2336_02,707,0,0,0
2026-09-13 09:30:46,09:00,906987379684182,1팀,120244128322750200,01.통살(ASC)(101010)_TCPA16000_A+SC 캠페인_ALL_V1C7_수_표준기여_2336_03,5487,0,0,0
2026-09-13 09:30:46,09:00,906987379684182,1팀,120246397028850200,07.크리스피(ASC)(통합)_A+SC 캠페인_구매최적화_수_표준기여_통합_260511,1432,0,0,0
2026-09-13 09:30:46,09:00,906987379684182,1팀,120246898203940200,03.닭다리살(ASC)(1010)_A+SC캠페인_구매최적화_수_표준기여_2604_260519,6417,0,0,0
2026-09-13 09:30:46,09:00,906987379684182,1팀,120246898384670200,03.닭다리살(ASC)(1010)_TROAS_A+SC캠페인_구매최적화_값_표준기여_2604_260519,26778,0,0,0
2026-09-13 09:30:46,09:00,906987379684182,1팀,120247379587080200,07.크리스피(ASC)(1010)_TROAS_A+SC캠페인_구매최적화_값_표준기여_2992_260527,5475,0,0,0
2026-09-13 09:30:46,09:00,906987379684182,1팀,120248361514480200,01.통살(ASC)(하이브리드)_TCPA_A+SC캠페인_ALL_C7_수_표준기여_3028_260611,716,0,0,0
2026-09-13 09:30:46,09:00,906987379684182,1팀,120249317264140200,07.크리스피(ASC)(하이브리드)_TROAS_A+SC캠페인_구매최적화_값_표준기여_3078_260713,10585,0,0,0
2026-09-13 09:30:46,09:00,906987379684182,1팀,120249873905240200,07.크리스피(ASC)(101010)_TROAS_A+SC캠페인_구매최적화_값_표준기여_2659_260705,4929,0,0,0
2026-09-13 09:30:46,09:00,906987379684182,1팀,120249878429160200,01.통살(ASC)(하이브리드)_TROAS_A+SC캠페인_구매최적화_값_표준기여_3028_260705,4030,0,0,0
2026-09-13 09:30:46,09:00,906987379684182,1팀,120250099159330200,07.크리스피(ASC)(메가딜)_TCPA_A+SC캠페인_ALL_C7_수_표준기여_2464_260712,97,0,0,0
2026-09-13 09:30:46,09:00,906987379684182,1팀,120250268133470200,03.닭다리살(ASC)(하이브리드)_TROAS_A+SC캠페인_구매최적화_값_표준기여_3111_260726,4412,0,0,0
2026-09-13 09:30:46,09:00,906987379684182,1팀,120250614451040200,07.크리스피(ASC)(하이브리드)_TROAS_A+SC캠페인_구매최적화_값_표준기여_3078_260728,4514,0,0,0
2026-09-13 09:30:46,09:00,906987379684182,1팀,120250649570130200,07.크리스피(ASC)(하이브리드)_TROAS_A+SC캠페인_구매최적화_값_표준기여_3078_260802_AI,24604,0,0,0
2026-09-13 09:30:46,09:00,906987379684182,1팀,120250649570180200,07.크리스피(ASC)(하이브리드)_A+SC캠페인_구매최적화_수_표준기여_3078_260802_AI,11197,0,0,0
2026-09-13 09:30:46,09:00,906987379684182,1팀,120250858093370200,01.통살(ASC)(하이브리드)_TROAS_A+SC캠페인_구매최적화_값_표준기여_3028_260806,16970,0,0,0
2026-09-13 09:30:46,09:00,906987379684182,1팀,120250858093380200,01.통살(ASC)(하이브리드)_TCPA_A+SC캠페인_ALL_C7_수_표준기여_3028_260806,19,0,0,0
2026-09-13 09:30:46,09:00,906987379684182,1팀,120250858456470200,01.통살(ASC)(하이브리드)_A+SC캠페인_구매최적화_수_표준기여_3028_260806,2460,0,0,0
2026-09-13 09:30:46,09:00,906987379684182,1팀,120250858902230200,07.크리스피(ASC)(메가딜)_A+SC캠페인_구매최적화_수_표준기여_2464_260806,1737,0,0,0
2026-09-13 09:30:46,09:00,906987379684182,1팀,120250858902240200,07.크리스피(ASC)(메가딜)_TCPA_A+SC캠페인_ALL_C7_수_표준기여_2464_260806,2072,0,0,0
2026-09-13 09:30:46,09:00,906987379684182,1팀,120250858902260200,07.크리스피(ASC)(메가딜)_TROAS_A+SC캠페인_구매최적화_값_표준기여_2464_260806,6501,0,0,0
2026-09-13 09:30:46,09:00,906987379684182,1팀,120250859189800200,17.안심볶음밥(ASC)(메가딜)_A+SC캠페인_구매최적화_수_표준기여_2903_260907,16526,0,0,0
2026-09-13 09:30:46,09:00,906987379684182,1팀,120250859189820200,17.안심볶음밥(ASC)(메가딜)_TROAS_A+SC캠페인_구매최적화_값_표준기여_2903_260907,5023,0,0,0
2026-09-13 09:30:46,09:00,906987379684182,1팀,120250859367430200,20.김자반밥바(ASC)(하이브리드)_A+SC캠페인_구매최적화_수_가치조정_3159_260806,13822,0,0,0
2026-09-13 09:30:46,09:00,906987379684182,1팀,120251066794820200,07.크리스피(ASC)(하이브리드)_A+SC캠페인_구매최적화_수_표준기여_3078_260816_AI _2,5340,0,0,0
2026-09-13 09:30:46,09:00,906987379684182,1팀,120251066794930200,07.크리스피(ASC)(하이브리드)_TROAS_A+SC캠페인_구매최적화_값_표준기여_3078_260816_AI _2,4642,0,0,0
2026-09-13 09:30:46,09:00,906987379684182,1팀,120251169199390200,07.크리스피(ASC)(하이브리드)_TROAS_A+SC캠페인_구매최적화_값_표준기여_3078_260817(페르소나2),5473,0,0,0
2026-09-13 09:30:46,09:00,906987379684182,1팀,120251209789390200,07.크리스피(ASC)(하이브리드)_ABO캠페인_구매최적화_수_표준기여_3078_260819,7362,0,0,0
2026-09-13 09:30:46,09:00,906987379684182,1팀,120251211164300200,07.크리스피(ASC)(하이브리드)_TCPA_A+SC캠페인_ALL_C7_수_표준기여_3078_260819(테무콘),791,0,0,0
2026-09-13 09:30:46,09:00,906987379684182,1팀,120251211164310200,07.크리스피(ASC)(하이브리드)_TROAS_A+SC캠페인_구매최적화_값_표준기여_3078_260819(테무콘),18273,0,0,0
2026-09-13 09:30:46,09:00,906987379684182,1팀,120251211164320200,07.크리스피(ASC)(하이브리드)_A+SC캠페인_구매최적화_수_표준기여_3078_260819(테무콘),15856,0,0,0
2026-09-13 09:30:46,09:00,906987379684182,1팀,120251251665220200,07.크리스피(ASC)(하이브리드)_TROAS_ABO캠페인_구매최적화_수_표준기여_3078_260821,14907,0,0,0
2026-09-13 09:30:46,09:00,906987379684182,1팀,120251327515450200,07.크리스피(ASC)(메가딜)_ABO캠페인_구매최적화_수_표준기여_2464_260825,2606,1,25700,986.1857252494244
2026-09-13 09:30:46,09:00,906987379684182,1팀,120251328004940200,07.크리스피(ASC)(메가딜)_TROAS_ABO캠페인_구매최적화_수_표준기여_2464_260825,2339,0,0,0
2026-09-13 09:30:46,09:00,906987379684182,1팀,120251367693570200,07.크리스피(ASC)(하이브리드)_TCPA_ABO캠페인_구매최적화_수_표준기여_3078_260827,1084,0,0,0
2026-09-13 09:30:46,09:00,906987379684182,1팀,120251367790160200,07.크리스피(ASC)(메가딜)_TCPA_ABO캠페인_구매최적화_수_표준기여_2464_260827,9778,0,0,0
2026-09-13 09:30:46,09:00,906987379684182,1팀,120251368155020200,01.통살(ASC)(하이브리드)_ABO캠페인_구매최적화_수_표준기여_3028_260827,868,0,0,0
2026-09-13 09:30:46,09:00,906987379684182,1팀,120251368716980200,01.통살(ASC)(하이브리드)_TPCA_ABO캠페인_구매최적화_수_표준기여_3028_260827,1778,0,0,0
2026-09-13 09:30:46,09:00,906987379684182,1팀,120251368728810200,01.통살(ASC)(하이브리드)_TROAS_ABO캠페인_구매최적화_수_표준기여_3028_260827,946,0,0,0
2026-09-13 09:30:46,09:00,906987379684182,1팀,120251369567610200,20.김자반밥바(ASC)(메가딜)_TCPA_ABO캠페인_구매최적화_수_표준기여_3003_260827,4101,0,0,0
2026-09-13 09:30:46,09:00,906987379684182,1팀,120251369567620200,20.김자반밥바(ASC)(메가딜)_TROAS_ABO캠페인_구매최적화_수_표준기여_3003_260827,5546,1,34900,629.2823656689505
2026-09-13 09:30:46,09:00,906987379684182,1팀,120251369567660200,20.김자반밥바(ASC)(메가딜)_ABO캠페인_구매최적화_수_표준기여_3003_260827,4133,0,0,0
2026-09-13 09:30:46,09:00,906987379684182,1팀,120251444359310200,07.크리스피(ASC)(하이브리드)_TROAS_A+SC캠페인_구매최적화_값_표준기여_3078_260901(테무콘2),3283,0,0,0
2026-09-13 09:30:46,09:00,906987379684182,1팀,120251466594180200,22.닭가슴살볼(ASC)(메가딜)_ABO캠페인_구매최적화_수_표준기여_2905_260906,1057,0,0,0
2026-09-13 09:30:46,09:00,906987379684182,1팀,120251466785500200,22.닭가슴살볼(ASC)(메가딜)_TROAS_A+SC캠페인_구매최적화_값_표준기여_2905_260906,1207,0,0,0
2026-09-13 09:30:46,09:00,906987379684182,1팀,120251503407460200,22.닭가슴살볼(ASC)(메가딜)_TROAS_A+SC캠페인_구매최적화_값_표준기여_2905_260906(김혜선),2545,0,0,0
2026-09-13 10:30:43,10:00,906987379684182,1팀,120228320649100200,01.통살(ASC)(101010)_TCPA16000_A+SC 캠페인_ALL_V1C7_수_표준기여_2336,14909,1,59800,401.100006707358
2026-09-13 10:30:43,10:00,906987379684182,1팀,120228788396590200,01.통살(ASC)(메가딜)_TCPA20000_A+SC 캠페인_ALL_V1C7_수_표준기여_1874,3066,0,0,0
2026-09-13 10:30:43,10:00,906987379684182,1팀,120237509836570200,07.크리스피(ASC)(메가딜)_TCPA16000_A+SC 캠페인_ALL_수_표준기여_2464,2968,0,0,0
2026-09-13 10:30:43,10:00,906987379684182,1팀,120243001852340200,01.통살(ASC)(101010)_TCPA16000_A+SC 캠페인_ALL_V1C7_수_표준기여_2336_02,815,0,0,0
2026-09-13 10:30:43,10:00,906987379684182,1팀,120244128322750200,01.통살(ASC)(101010)_TCPA16000_A+SC 캠페인_ALL_V1C7_수_표준기여_2336_03,7038,0,0,0
2026-09-13 10:30:43,10:00,906987379684182,1팀,120246397028850200,07.크리스피(ASC)(통합)_A+SC 캠페인_구매최적화_수_표준기여_통합_260511,2611,2,122300,4684.029107621601
2026-09-13 10:30:43,10:00,906987379684182,1팀,120246898203940200,03.닭다리살(ASC)(1010)_A+SC캠페인_구매최적화_수_표준기여_2604_260519,4509,0,0,0
2026-09-13 10:30:43,10:00,906987379684182,1팀,120246898384670200,03.닭다리살(ASC)(1010)_TROAS_A+SC캠페인_구매최적화_값_표준기여_2604_260519,39807,2,111200,279.34785339261936
2026-09-13 10:30:43,10:00,906987379684182,1팀,120247379587080200,07.크리스피(ASC)(1010)_TROAS_A+SC캠페인_구매최적화_값_표준기여_2992_260527,7439,1,179000,2406.237397499664
2026-09-13 10:30:43,10:00,906987379684182,1팀,120248361514480200,01.통살(ASC)(하이브리드)_TCPA_A+SC캠페인_ALL_C7_수_표준기여_3028_260611,1357,0,0,0
2026-09-13 10:30:43,10:00,906987379684182,1팀,120249317264140200,07.크리스피(ASC)(하이브리드)_TROAS_A+SC캠페인_구매최적화_값_표준기여_3078_260713,12476,0,0,0
2026-09-13 10:30:43,10:00,906987379684182,1팀,120249873905240200,07.크리스피(ASC)(101010)_TROAS_A+SC캠페인_구매최적화_값_표준기여_2659_260705,6075,0,0,0
2026-09-13 10:30:43,10:00,906987379684182,1팀,120249878429160200,01.통살(ASC)(하이브리드)_TROAS_A+SC캠페인_구매최적화_값_표준기여_3028_260705,6421,0,0,0
2026-09-13 10:30:43,10:00,906987379684182,1팀,120250099159330200,07.크리스피(ASC)(메가딜)_TCPA_A+SC캠페인_ALL_C7_수_표준기여_2464_260712,312,0,0,0
2026-09-13 10:30:43,10:00,906987379684182,1팀,120250268133470200,03.닭다리살(ASC)(하이브리드)_TROAS_A+SC캠페인_구매최적화_값_표준기여_3111_260726,4249,0,0,0
2026-09-13 10:30:43,10:00,906987379684182,1팀,120250614451040200,07.크리스피(ASC)(하이브리드)_TROAS_A+SC캠페인_구매최적화_값_표준기여_3078_260728,8726,0,0,0
2026-09-13 10:30:43,10:00,906987379684182,1팀,120250649570130200,07.크리스피(ASC)(하이브리드)_TROAS_A+SC캠페인_구매최적화_값_표준기여_3078_260802_AI,13917,0,0,0
2026-09-13 10:30:43,10:00,906987379684182,1팀,120250649570180200,07.크리스피(ASC)(하이브리드)_A+SC캠페인_구매최적화_수_표준기여_3078_260802_AI,17145,1,97100,566.3458734324876
2026-09-13 10:30:43,10:00,906987379684182,1팀,120250858093370200,01.통살(ASC)(하이브리드)_TROAS_A+SC캠페인_구매최적화_값_표준기여_3028_260806,31188,0,0,0
2026-09-13 10:30:43,10:00,906987379684182,1팀,120250858093380200,01.통살(ASC)(하이브리드)_TCPA_A+SC캠페인_ALL_C7_수_표준기여_3028_260806,7,0,0,0
2026-09-13 10:30:43,10:00,906987379684182,1팀,120250858456470200,01.통살(ASC)(하이브리드)_A+SC캠페인_구매최적화_수_표준기여_3028_260806,3666,0,0,0
2026-09-13 10:30:43,10:00,906987379684182,1팀,120250858902230200,07.크리스피(ASC)(메가딜)_A+SC캠페인_구매최적화_수_표준기여_2464_260806,5775,0,0,0
2026-09-13 10:30:43,10:00,906987379684182,1팀,120250858902240200,07.크리스피(ASC)(메가딜)_TCPA_A+SC캠페인_ALL_C7_수_표준기여_2464_260806,1735,0,0,0
2026-09-13 10:30:43,10:00,906987379684182,1팀,120250858902260200,07.크리스피(ASC)(메가딜)_TROAS_A+SC캠페인_구매최적화_값_표준기여_2464_260806,6387,0,0,0
2026-09-13 10:30:43,10:00,906987379684182,1팀,120250859189800200,17.안심볶음밥(ASC)(메가딜)_A+SC캠페인_구매최적화_수_표준기여_2903_260907,28303,0,0,0
2026-09-13 10:30:43,10:00,906987379684182,1팀,120250859189820200,17.안심볶음밥(ASC)(메가딜)_TROAS_A+SC캠페인_구매최적화_값_표준기여_2903_260907,34,0,0,0
2026-09-13 10:30:43,10:00,906987379684182,1팀,120250859367430200,20.김자반밥바(ASC)(하이브리드)_A+SC캠페인_구매최적화_수_가치조정_3159_260806,16933,0,0,0
2026-09-13 10:30:43,10:00,906987379684182,1팀,120250859367440200,20.김자반밥바(ASC)(하이브리드)_TCPA_A+SC캠페인_ALL_C7_수_표준기여_3159_260806,0,0,0,0
2026-09-13 10:30:43,10:00,906987379684182,1팀,120251066794820200,07.크리스피(ASC)(하이브리드)_A+SC캠페인_구매최적화_수_표준기여_3078_260816_AI _2,7350,0,0,0
2026-09-13 10:30:43,10:00,906987379684182,1팀,120251066794930200,07.크리스피(ASC)(하이브리드)_TROAS_A+SC캠페인_구매최적화_값_표준기여_3078_260816_AI _2,6198,0,0,0
2026-09-13 10:30:43,10:00,906987379684182,1팀,120251169199390200,07.크리스피(ASC)(하이브리드)_TROAS_A+SC캠페인_구매최적화_값_표준기여_3078_260817(페르소나2),3169,0,0,0
2026-09-13 10:30:43,10:00,906987379684182,1팀,120251209789390200,07.크리스피(ASC)(하이브리드)_ABO캠페인_구매최적화_수_표준기여_3078_260819,10993,0,0,0
2026-09-13 10:30:43,10:00,906987379684182,1팀,120251211164300200,07.크리스피(ASC)(하이브리드)_TCPA_A+SC캠페인_ALL_C7_수_표준기여_3078_260819(테무콘),854,0,0,0
2026-09-13 10:30:43,10:00,906987379684182,1팀,120251211164310200,07.크리스피(ASC)(하이브리드)_TROAS_A+SC캠페인_구매최적화_값_표준기여_3078_260819(테무콘),17192,0,0,0
2026-09-13 10:30:43,10:00,906987379684182,1팀,120251211164320200,07.크리스피(ASC)(하이브리드)_A+SC캠페인_구매최적화_수_표준기여_3078_260819(테무콘),13406,0,0,0
2026-09-13 10:30:43,10:00,906987379684182,1팀,120251251665220200,07.크리스피(ASC)(하이브리드)_TROAS_ABO캠페인_구매최적화_수_표준기여_3078_260821,19654,0,0,0
2026-09-13 10:30:43,10:00,906987379684182,1팀,120251327515450200,07.크리스피(ASC)(메가딜)_ABO캠페인_구매최적화_수_표준기여_2464_260825,4347,0,0,0
2026-09-13 10:30:43,10:00,906987379684182,1팀,120251328004940200,07.크리스피(ASC)(메가딜)_TROAS_ABO캠페인_구매최적화_수_표준기여_2464_260825,4582,0,0,0
2026-09-13 10:30:43,10:00,906987379684182,1팀,120251367693570200,07.크리스피(ASC)(하이브리드)_TCPA_ABO캠페인_구매최적화_수_표준기여_3078_260827,883,0,0,0
2026-09-13 10:30:43,10:00,906987379684182,1팀,120251367790160200,07.크리스피(ASC)(메가딜)_TCPA_ABO캠페인_구매최적화_수_표준기여_2464_260827,15617,0,0,0
2026-09-13 10:30:43,10:00,906987379684182,1팀,120251368155020200,01.통살(ASC)(하이브리드)_ABO캠페인_구매최적화_수_표준기여_3028_260827,1608,1,66800,4154.228855721393
2026-09-13 10:30:43,10:00,906987379684182,1팀,120251368716980200,01.통살(ASC)(하이브리드)_TPCA_ABO캠페인_구매최적화_수_표준기여_3028_260827,2751,0,0,0
2026-09-13 10:30:43,10:00,906987379684182,1팀,120251368728810200,01.통살(ASC)(하이브리드)_TROAS_ABO캠페인_구매최적화_수_표준기여_3028_260827,1458,0,0,0
2026-09-13 10:30:43,10:00,906987379684182,1팀,120251369567610200,20.김자반밥바(ASC)(메가딜)_TCPA_ABO캠페인_구매최적화_수_표준기여_3003_260827,2997,0,0,0
2026-09-13 10:30:43,10:00,906987379684182,1팀,120251369567620200,20.김자반밥바(ASC)(메가딜)_TROAS_ABO캠페인_구매최적화_수_표준기여_3003_260827,6204,1,32900,530.3030303030303
2026-09-13 10:30:43,10:00,906987379684182,1팀,120251369567660200,20.김자반밥바(ASC)(메가딜)_ABO캠페인_구매최적화_수_표준기여_3003_260827,6740,0,0,0
2026-09-13 10:30:43,10:00,906987379684182,1팀,120251444359310200,07.크리스피(ASC)(하이브리드)_TROAS_A+SC캠페인_구매최적화_값_표준기여_3078_260901(테무콘2),2375,0,0,0
2026-09-13 10:30:43,10:00,906987379684182,1팀,120251466594180200,22.닭가슴살볼(ASC)(메가딜)_ABO캠페인_구매최적화_수_표준기여_2905_260906,2767,0,0,0
2026-09-13 10:30:43,10:00,906987379684182,1팀,120251466785500200,22.닭가슴살볼(ASC)(메가딜)_TROAS_A+SC캠페인_구매최적화_값_표준기여_2905_260906,1911,0,0,0
2026-09-13 10:30:43,10:00,906987379684182,1팀,120251503407460200,22.닭가슴살볼(ASC)(메가딜)_TROAS_A+SC캠페인_구매최적화_값_표준기여_2905_260906(김혜선),3520,0,0,0
2026-09-13 11:30:40,11:00,906987379684182,1팀,120228320649100200,01.통살(ASC)(101010)_TCPA16000_A+SC 캠페인_ALL_V1C7_수_표준기여_2336,13745,0,0,0
2026-09-13 11:30:40,11:00,906987379684182,1팀,120228788396590200,01.통살(ASC)(메가딜)_TCPA20000_A+SC 캠페인_ALL_V1C7_수_표준기여_1874,3877,0,0,0
2026-09-13 11:30:40,11:00,906987379684182,1팀,120237509836570200,07.크리스피(ASC)(메가딜)_TCPA16000_A+SC 캠페인_ALL_수_표준기여_2464,5801,0,0,0
2026-09-13 11:30:40,11:00,906987379684182,1팀,120243001852340200,01.통살(ASC)(101010)_TCPA16000_A+SC 캠페인_ALL_V1C7_수_표준기여_2336_02,1125,0,0,0
2026-09-13 11:30:40,11:00,906987379684182,1팀,120244128322750200,01.통살(ASC)(101010)_TCPA16000_A+SC 캠페인_ALL_V1C7_수_표준기여_2336_03,2894,0,0,0
2026-09-13 11:30:40,11:00,906987379684182,1팀,120246397028850200,07.크리스피(ASC)(통합)_A+SC 캠페인_구매최적화_수_표준기여_통합_260511,2489,1,123300,4953.796705504219
2026-09-13 11:30:40,11:00,906987379684182,1팀,120246898203940200,03.닭다리살(ASC)(1010)_A+SC캠페인_구매최적화_수_표준기여_2604_260519,6792,1,49900,734.6878680800942
2026-09-13 11:30:40,11:00,906987379684182,1팀,120246898384670200,03.닭다리살(ASC)(1010)_TROAS_A+SC캠페인_구매최적화_값_표준기여_2604_260519,47272,1,50900,107.67473345743781
2026-09-13 11:30:40,11:00,906987379684182,1팀,120247379587080200,07.크리스피(ASC)(1010)_TROAS_A+SC캠페인_구매최적화_값_표준기여_2992_260527,5529,0,0,0
2026-09-13 11:30:40,11:00,906987379684182,1팀,120248361514480200,01.통살(ASC)(하이브리드)_TCPA_A+SC캠페인_ALL_C7_수_표준기여_3028_260611,1830,0,0,0
2026-09-13 11:30:40,11:00,906987379684182,1팀,120249317264140200,07.크리스피(ASC)(하이브리드)_TROAS_A+SC캠페인_구매최적화_값_표준기여_3078_260713,10765,1,79600,739.4333488156061
2026-09-13 11:30:40,11:00,906987379684182,1팀,120249873905240200,07.크리스피(ASC)(101010)_TROAS_A+SC캠페인_구매최적화_값_표준기여_2659_260705,4739,0,0,0
2026-09-13 11:30:40,11:00,906987379684182,1팀,120249878429160200,01.통살(ASC)(하이브리드)_TROAS_A+SC캠페인_구매최적화_값_표준기여_3028_260705,5344,0,0,0
2026-09-13 11:30:40,11:00,906987379684182,1팀,120250099159330200,07.크리스피(ASC)(메가딜)_TCPA_A+SC캠페인_ALL_C7_수_표준기여_2464_260712,189,0,0,0
2026-09-13 11:30:40,11:00,906987379684182,1팀,120250268133470200,03.닭다리살(ASC)(하이브리드)_TROAS_A+SC캠페인_구매최적화_값_표준기여_3111_260726,5662,1,44700,789.4736842105262
2026-09-13 11:30:40,11:00,906987379684182,1팀,120250614451040200,07.크리스피(ASC)(하이브리드)_TROAS_A+SC캠페인_구매최적화_값_표준기여_3078_260728,9919,0,0,0
2026-09-13 11:30:40,11:00,906987379684182,1팀,120250649570130200,07.크리스피(ASC)(하이브리드)_TROAS_A+SC캠페인_구매최적화_값_표준기여_3078_260802_AI,31749,0,0,0
2026-09-13 11:30:40,11:00,906987379684182,1팀,120250649570180200,07.크리스피(ASC)(하이브리드)_A+SC캠페인_구매최적화_수_표준기여_3078_260802_AI,16600,0,0,0
2026-09-13 11:30:40,11:00,906987379684182,1팀,120250858093370200,01.통살(ASC)(하이브리드)_TROAS_A+SC캠페인_구매최적화_값_표준기여_3028_260806,22694,0,0,0
2026-09-13 11:30:40,11:00,906987379684182,1팀,120250858093380200,01.통살(ASC)(하이브리드)_TCPA_A+SC캠페인_ALL_C7_수_표준기여_3028_260806,14,0,0,0
2026-09-13 11:30:40,11:00,906987379684182,1팀,120250858456470200,01.통살(ASC)(하이브리드)_A+SC캠페인_구매최적화_수_표준기여_3028_260806,3334,0,0,0
2026-09-13 11:30:40,11:00,906987379684182,1팀,120250858902230200,07.크리스피(ASC)(메가딜)_A+SC캠페인_구매최적화_수_표준기여_2464_260806,9042,0,0,0
2026-09-13 11:30:40,11:00,906987379684182,1팀,120250858902240200,07.크리스피(ASC)(메가딜)_TCPA_A+SC캠페인_ALL_C7_수_표준기여_2464_260806,1553,0,0,0
2026-09-13 11:30:40,11:00,906987379684182,1팀,120250858902260200,07.크리스피(ASC)(메가딜)_TROAS_A+SC캠페인_구매최적화_값_표준기여_2464_260806,9548,0,0,0
2026-09-13 11:30:40,11:00,906987379684182,1팀,120250859189800200,17.안심볶음밥(ASC)(메가딜)_A+SC캠페인_구매최적화_수_표준기여_2903_260907,36604,0,0,0
2026-09-13 11:30:40,11:00,906987379684182,1팀,120250859189820200,17.안심볶음밥(ASC)(메가딜)_TROAS_A+SC캠페인_구매최적화_값_표준기여_2903_260907,8878,0,0,0
2026-09-13 11:30:40,11:00,906987379684182,1팀,120250859367430200,20.김자반밥바(ASC)(하이브리드)_A+SC캠페인_구매최적화_수_가치조정_3159_260806,15632,1,18400,117.70726714431933
2026-09-13 11:30:40,11:00,906987379684182,1팀,120251066794820200,07.크리스피(ASC)(하이브리드)_A+SC캠페인_구매최적화_수_표준기여_3078_260816_AI _2,6010,1,83900,1396.0066555740432
2026-09-13 11:30:40,11:00,906987379684182,1팀,120251066794930200,07.크리스피(ASC)(하이브리드)_TROAS_A+SC캠페인_구매최적화_값_표준기여_3078_260816_AI _2,9411,0,0,0
2026-09-13 11:30:40,11:00,906987379684182,1팀,120251169199390200,07.크리스피(ASC)(하이브리드)_TROAS_A+SC캠페인_구매최적화_값_표준기여_3078_260817(페르소나2),5648,0,0,0
2026-09-13 11:30:40,11:00,906987379684182,1팀,120251209789390200,07.크리스피(ASC)(하이브리드)_ABO캠페인_구매최적화_수_표준기여_3078_260819,11408,0,0,0
2026-09-13 11:30:40,11:00,906987379684182,1팀,120251211164300200,07.크리스피(ASC)(하이브리드)_TCPA_A+SC캠페인_ALL_C7_수_표준기여_3078_260819(테무콘),4295,0,0,0
2026-09-13 11:30:40,11:00,906987379684182,1팀,120251211164310200,07.크리스피(ASC)(하이브리드)_TROAS_A+SC캠페인_구매최적화_값_표준기여_3078_260819(테무콘),15629,1,126990,812.5279928338346
2026-09-13 11:30:40,11:00,906987379684182,1팀,120251211164320200,07.크리스피(ASC)(하이브리드)_A+SC캠페인_구매최적화_수_표준기여_3078_260819(테무콘),23772,0,0,0
2026-09-13 11:30:40,11:00,906987379684182,1팀,120251251665220200,07.크리스피(ASC)(하이브리드)_TROAS_ABO캠페인_구매최적화_수_표준기여_3078_260821,19309,0,0,0
2026-09-13 11:30:40,11:00,906987379684182,1팀,120251327515450200,07.크리스피(ASC)(메가딜)_ABO캠페인_구매최적화_수_표준기여_2464_260825,7091,0,0,0
2026-09-13 11:30:40,11:00,906987379684182,1팀,120251328004940200,07.크리스피(ASC)(메가딜)_TROAS_ABO캠페인_구매최적화_수_표준기여_2464_260825,5763,0,0,0
2026-09-13 11:30:40,11:00,906987379684182,1팀,120251367693570200,07.크리스피(ASC)(하이브리드)_TCPA_ABO캠페인_구매최적화_수_표준기여_3078_260827,1546,0,0,0
2026-09-13 11:30:40,11:00,906987379684182,1팀,120251367790160200,07.크리스피(ASC)(메가딜)_TCPA_ABO캠페인_구매최적화_수_표준기여_2464_260827,11454,0,0,0
2026-09-13 11:30:40,11:00,906987379684182,1팀,120251368155020200,01.통살(ASC)(하이브리드)_ABO캠페인_구매최적화_수_표준기여_3028_260827,3634,0,0,0
2026-09-13 11:30:40,11:00,906987379684182,1팀,120251368716980200,01.통살(ASC)(하이브리드)_TPCA_ABO캠페인_구매최적화_수_표준기여_3028_260827,1995,0,0,0
2026-09-13 11:30:40,11:00,906987379684182,1팀,120251368728810200,01.통살(ASC)(하이브리드)_TROAS_ABO캠페인_구매최적화_수_표준기여_3028_260827,1977,0,0,0
2026-09-13 11:30:40,11:00,906987379684182,1팀,120251369567610200,20.김자반밥바(ASC)(메가딜)_TCPA_ABO캠페인_구매최적화_수_표준기여_3003_260827,5869,0,0,0
2026-09-13 11:30:40,11:00,906987379684182,1팀,120251369567620200,20.김자반밥바(ASC)(메가딜)_TROAS_ABO캠페인_구매최적화_수_표준기여_3003_260827,9529,0,0,0
2026-09-13 11:30:40,11:00,906987379684182,1팀,120251369567660200,20.김자반밥바(ASC)(메가딜)_ABO캠페인_구매최적화_수_표준기여_3003_260827,5863,0,0,0
2026-09-13 11:30:40,11:00,906987379684182,1팀,120251444359310200,07.크리스피(ASC)(하이브리드)_TROAS_A+SC캠페인_구매최적화_값_표준기여_3078_260901(테무콘2),4870,0,0,0
2026-09-13 11:30:40,11:00,906987379684182,1팀,120251466594180200,22.닭가슴살볼(ASC)(메가딜)_ABO캠페인_구매최적화_수_표준기여_2905_260906,3478,0,0,0
2026-09-13 11:30:40,11:00,906987379684182,1팀,120251466785500200,22.닭가슴살볼(ASC)(메가딜)_TROAS_A+SC캠페인_구매최적화_값_표준기여_2905_260906,3410,0,0,0
2026-09-13 11:30:40,11:00,906987379684182,1팀,120251503407460200,22.닭가슴살볼(ASC)(메가딜)_TROAS_A+SC캠페인_구매최적화_값_표준기여_2905_260906(김혜선),7609,0,0,0
2026-09-13 12:30:44,12:00,906987379684182,1팀,120228320649100200,01.통살(ASC)(101010)_TCPA16000_A+SC 캠페인_ALL_V1C7_수_표준기여_2336,12567,0,0,0
2026-09-13 12:30:44,12:00,906987379684182,1팀,120228788396590200,01.통살(ASC)(메가딜)_TCPA20000_A+SC 캠페인_ALL_V1C7_수_표준기여_1874,3411,0,0,0
2026-09-13 12:30:44,12:00,906987379684182,1팀,120237509836570200,07.크리스피(ASC)(메가딜)_TCPA16000_A+SC 캠페인_ALL_수_표준기여_2464,4648,0,0,0
2026-09-13 12:30:44,12:00,906987379684182,1팀,120243001852340200,01.통살(ASC)(101010)_TCPA16000_A+SC 캠페인_ALL_V1C7_수_표준기여_2336_02,878,0,0,0
2026-09-13 12:30:44,12:00,906987379684182,1팀,120244128322750200,01.통살(ASC)(101010)_TCPA16000_A+SC 캠페인_ALL_V1C7_수_표준기여_2336_03,2642,0,0,0
2026-09-13 12:30:44,12:00,906987379684182,1팀,120246397028850200,07.크리스피(ASC)(통합)_A+SC 캠페인_구매최적화_수_표준기여_통합_260511,4706,0,0,0
2026-09-13 12:30:44,12:00,906987379684182,1팀,120246898203940200,03.닭다리살(ASC)(1010)_A+SC캠페인_구매최적화_수_표준기여_2604_260519,5632,0,0,0
2026-09-13 12:30:44,12:00,906987379684182,1팀,120246898384670200,03.닭다리살(ASC)(1010)_TROAS_A+SC캠페인_구매최적화_값_표준기여_2604_260519,43572,0,0,0
2026-09-13 12:30:44,12:00,906987379684182,1팀,120247379587080200,07.크리스피(ASC)(1010)_TROAS_A+SC캠페인_구매최적화_값_표준기여_2992_260527,4275,0,0,0
2026-09-13 12:30:44,12:00,906987379684182,1팀,120248361514480200,01.통살(ASC)(하이브리드)_TCPA_A+SC캠페인_ALL_C7_수_표준기여_3028_260611,1670,0,0,0
2026-09-13 12:30:44,12:00,906987379684182,1팀,120249317264140200,07.크리스피(ASC)(하이브리드)_TROAS_A+SC캠페인_구매최적화_값_표준기여_3078_260713,12389,0,0,0
2026-09-13 12:30:44,12:00,906987379684182,1팀,120249873905240200,07.크리스피(ASC)(101010)_TROAS_A+SC캠페인_구매최적화_값_표준기여_2659_260705,5218,0,0,0
2026-09-13 12:30:44,12:00,906987379684182,1팀,120249878429160200,01.통살(ASC)(하이브리드)_TROAS_A+SC캠페인_구매최적화_값_표준기여_3028_260705,6554,0,0,0
2026-09-13 12:30:44,12:00,906987379684182,1팀,120250099159330200,07.크리스피(ASC)(메가딜)_TCPA_A+SC캠페인_ALL_C7_수_표준기여_2464_260712,346,0,0,0
2026-09-13 12:30:44,12:00,906987379684182,1팀,120250268133470200,03.닭다리살(ASC)(하이브리드)_TROAS_A+SC캠페인_구매최적화_값_표준기여_3111_260726,6748,0,0,0
2026-09-13 12:30:44,12:00,906987379684182,1팀,120250614451040200,07.크리스피(ASC)(하이브리드)_TROAS_A+SC캠페인_구매최적화_값_표준기여_3078_260728,7425,0,0,0
2026-09-13 12:30:44,12:00,906987379684182,1팀,120250649570130200,07.크리스피(ASC)(하이브리드)_TROAS_A+SC캠페인_구매최적화_값_표준기여_3078_260802_AI,18541,0,0,0
2026-09-13 12:30:44,12:00,906987379684182,1팀,120250649570180200,07.크리스피(ASC)(하이브리드)_A+SC캠페인_구매최적화_수_표준기여_3078_260802_AI,13056,0,0,0
2026-09-13 12:30:44,12:00,906987379684182,1팀,120250858093370200,01.통살(ASC)(하이브리드)_TROAS_A+SC캠페인_구매최적화_값_표준기여_3028_260806,17920,1,59400,331.4732142857143
2026-09-13 12:30:44,12:00,906987379684182,1팀,120250858093380200,01.통살(ASC)(하이브리드)_TCPA_A+SC캠페인_ALL_C7_수_표준기여_3028_260806,9,0,0,0
2026-09-13 12:30:44,12:00,906987379684182,1팀,120250858456470200,01.통살(ASC)(하이브리드)_A+SC캠페인_구매최적화_수_표준기여_3028_260806,3741,0,0,0
2026-09-13 12:30:44,12:00,906987379684182,1팀,120250858902230200,07.크리스피(ASC)(메가딜)_A+SC캠페인_구매최적화_수_표준기여_2464_260806,8986,0,0,0
2026-09-13 12:30:44,12:00,906987379684182,1팀,120250858902240200,07.크리스피(ASC)(메가딜)_TCPA_A+SC캠페인_ALL_C7_수_표준기여_2464_260806,1298,0,0,0
2026-09-13 12:30:44,12:00,906987379684182,1팀,120250858902260200,07.크리스피(ASC)(메가딜)_TROAS_A+SC캠페인_구매최적화_값_표준기여_2464_260806,7033,0,0,0
2026-09-13 12:30:44,12:00,906987379684182,1팀,120250859189800200,17.안심볶음밥(ASC)(메가딜)_A+SC캠페인_구매최적화_수_표준기여_2903_260907,31038,0,0,0
2026-09-13 12:30:44,12:00,906987379684182,1팀,120250859189820200,17.안심볶음밥(ASC)(메가딜)_TROAS_A+SC캠페인_구매최적화_값_표준기여_2903_260907,4279,1,102000,2383.73451741061
2026-09-13 12:30:44,12:00,906987379684182,1팀,120250859367430200,20.김자반밥바(ASC)(하이브리드)_A+SC캠페인_구매최적화_수_가치조정_3159_260806,18115,0,0,0
2026-09-13 12:30:44,12:00,906987379684182,1팀,120250859367440200,20.김자반밥바(ASC)(하이브리드)_TCPA_A+SC캠페인_ALL_C7_수_표준기여_3159_260806,0,0,0,0
2026-09-13 12:30:44,12:00,906987379684182,1팀,120251066794820200,07.크리스피(ASC)(하이브리드)_A+SC캠페인_구매최적화_수_표준기여_3078_260816_AI _2,7741,0,0,0
2026-09-13 12:30:44,12:00,906987379684182,1팀,120251066794930200,07.크리스피(ASC)(하이브리드)_TROAS_A+SC캠페인_구매최적화_값_표준기여_3078_260816_AI _2,5868,0,0,0
2026-09-13 12:30:44,12:00,906987379684182,1팀,120251169199390200,07.크리스피(ASC)(하이브리드)_TROAS_A+SC캠페인_구매최적화_값_표준기여_3078_260817(페르소나2),5005,0,0,0
2026-09-13 12:30:44,12:00,906987379684182,1팀,120251209789390200,07.크리스피(ASC)(하이브리드)_ABO캠페인_구매최적화_수_표준기여_3078_260819,9256,0,0,0
2026-09-13 12:30:44,12:00,906987379684182,1팀,120251211164300200,07.크리스피(ASC)(하이브리드)_TCPA_A+SC캠페인_ALL_C7_수_표준기여_3078_260819(테무콘),648,0,0,0
2026-09-13 12:30:44,12:00,906987379684182,1팀,120251211164310200,07.크리스피(ASC)(하이브리드)_TROAS_A+SC캠페인_구매최적화_값_표준기여_3078_260819(테무콘),14526,1,61300,422.00192757813574
2026-09-13 12:30:44,12:00,906987379684182,1팀,120251211164320200,07.크리스피(ASC)(하이브리드)_A+SC캠페인_구매최적화_수_표준기여_3078_260819(테무콘),19604,0,0,0
2026-09-13 12:30:44,12:00,906987379684182,1팀,120251251665220200,07.크리스피(ASC)(하이브리드)_TROAS_ABO캠페인_구매최적화_수_표준기여_3078_260821,23239,1,258000,1110.202676535135
2026-09-13 12:30:44,12:00,906987379684182,1팀,120251327515450200,07.크리스피(ASC)(메가딜)_ABO캠페인_구매최적화_수_표준기여_2464_260825,5473,0,0,0
2026-09-13 12:30:44,12:00,906987379684182,1팀,120251328004940200,07.크리스피(ASC)(메가딜)_TROAS_ABO캠페인_구매최적화_수_표준기여_2464_260825,7789,0,0,0
2026-09-13 12:30:44,12:00,906987379684182,1팀,120251367693570200,07.크리스피(ASC)(하이브리드)_TCPA_ABO캠페인_구매최적화_수_표준기여_3078_260827,736,0,0,0
2026-09-13 12:30:44,12:00,906987379684182,1팀,120251367790160200,07.크리스피(ASC)(메가딜)_TCPA_ABO캠페인_구매최적화_수_표준기여_2464_260827,12310,0,0,0
2026-09-13 12:30:44,12:00,906987379684182,1팀,120251368155020200,01.통살(ASC)(하이브리드)_ABO캠페인_구매최적화_수_표준기여_3028_260827,2948,0,0,0
2026-09-13 12:30:44,12:00,906987379684182,1팀,120251368716980200,01.통살(ASC)(하이브리드)_TPCA_ABO캠페인_구매최적화_수_표준기여_3028_260827,3255,0,0,0
2026-09-13 12:30:44,12:00,906987379684182,1팀,120251368728810200,01.통살(ASC)(하이브리드)_TROAS_ABO캠페인_구매최적화_수_표준기여_3028_260827,1932,0,0,0
2026-09-13 12:30:44,12:00,906987379684182,1팀,120251369567610200,20.김자반밥바(ASC)(메가딜)_TCPA_ABO캠페인_구매최적화_수_표준기여_3003_260827,2536,0,0,0
2026-09-13 12:30:44,12:00,906987379684182,1팀,120251369567620200,20.김자반밥바(ASC)(메가딜)_TROAS_ABO캠페인_구매최적화_수_표준기여_3003_260827,7389,0,0,0
2026-09-13 12:30:44,12:00,906987379684182,1팀,120251369567660200,20.김자반밥바(ASC)(메가딜)_ABO캠페인_구매최적화_수_표준기여_3003_260827,3876,0,0,0
2026-09-13 12:30:44,12:00,906987379684182,1팀,120251444359310200,07.크리스피(ASC)(하이브리드)_TROAS_A+SC캠페인_구매최적화_값_표준기여_3078_260901(테무콘2),3901,0,0,0
2026-09-13 12:30:44,12:00,906987379684182,1팀,120251466594180200,22.닭가슴살볼(ASC)(메가딜)_ABO캠페인_구매최적화_수_표준기여_2905_260906,2929,0,0,0
2026-09-13 12:30:44,12:00,906987379684182,1팀,120251466785500200,22.닭가슴살볼(ASC)(메가딜)_TROAS_A+SC캠페인_구매최적화_값_표준기여_2905_260906,2500,0,0,0
2026-09-13 12:30:44,12:00,906987379684182,1팀,120251503407460200,22.닭가슴살볼(ASC)(메가딜)_TROAS_A+SC캠페인_구매최적화_값_표준기여_2905_260906(김혜선),2839,0,0,0
2026-09-13 13:30:44,13:00,906987379684182,1팀,120228320649100200,01.통살(ASC)(101010)_TCPA16000_A+SC 캠페인_ALL_V1C7_수_표준기여_2336,13938,1,219000,1571.244080929832
2026-09-13 13:30:44,13:00,906987379684182,1팀,120228788396590200,01.통살(ASC)(메가딜)_TCPA20000_A+SC 캠페인_ALL_V1C7_수_표준기여_1874,3716,0,0,0
2026-09-13 13:30:44,13:00,906987379684182,1팀,120237509836570200,07.크리스피(ASC)(메가딜)_TCPA16000_A+SC 캠페인_ALL_수_표준기여_2464,4584,0,0,0
2026-09-13 13:30:44,13:00,906987379684182,1팀,120243001852340200,01.통살(ASC)(101010)_TCPA16000_A+SC 캠페인_ALL_V1C7_수_표준기여_2336_02,929,0,0,0
2026-09-13 13:30:44,13:00,906987379684182,1팀,120244128322750200,01.통살(ASC)(101010)_TCPA16000_A+SC 캠페인_ALL_V1C7_수_표준기여_2336_03,1497,0,0,0
2026-09-13 13:30:44,13:00,906987379684182,1팀,120246397028850200,07.크리스피(ASC)(통합)_A+SC 캠페인_구매최적화_수_표준기여_통합_260511,2859,0,0,0
2026-09-13 13:30:44,13:00,906987379684182,1팀,120246898203940200,03.닭다리살(ASC)(1010)_A+SC캠페인_구매최적화_수_표준기여_2604_260519,5111,0,0,0
2026-09-13 13:30:44,13:00,906987379684182,1팀,120246898384670200,03.닭다리살(ASC)(1010)_TROAS_A+SC캠페인_구매최적화_값_표준기여_2604_260519,33564,0,0,0
2026-09-13 13:30:44,13:00,906987379684182,1팀,120247379587080200,07.크리스피(ASC)(1010)_TROAS_A+SC캠페인_구매최적화_값_표준기여_2992_260527,5965,0,0,0
2026-09-13 13:30:44,13:00,906987379684182,1팀,120248361514480200,01.통살(ASC)(하이브리드)_TCPA_A+SC캠페인_ALL_C7_수_표준기여_3028_260611,1331,0,0,0
2026-09-13 13:30:44,13:00,906987379684182,1팀,120249317264140200,07.크리스피(ASC)(하이브리드)_TROAS_A+SC캠페인_구매최적화_값_표준기여_3078_260713,9651,0,0,0
2026-09-13 13:30:44,13:00,906987379684182,1팀,120249873905240200,07.크리스피(ASC)(101010)_TROAS_A+SC캠페인_구매최적화_값_표준기여_2659_260705,4957,0,0,0
2026-09-13 13:30:44,13:00,906987379684182,1팀,120249878429160200,01.통살(ASC)(하이브리드)_TROAS_A+SC캠페인_구매최적화_값_표준기여_3028_260705,4087,0,0,0
2026-09-13 13:30:44,13:00,906987379684182,1팀,120250099159330200,07.크리스피(ASC)(메가딜)_TCPA_A+SC캠페인_ALL_C7_수_표준기여_2464_260712,412,0,0,0
2026-09-13 13:30:44,13:00,906987379684182,1팀,120250268133470200,03.닭다리살(ASC)(하이브리드)_TROAS_A+SC캠페인_구매최적화_값_표준기여_3111_260726,3693,0,0,0
2026-09-13 13:30:44,13:00,906987379684182,1팀,120250614451040200,07.크리스피(ASC)(하이브리드)_TROAS_A+SC캠페인_구매최적화_값_표준기여_3078_260728,6951,0,0,0
2026-09-13 13:30:44,13:00,906987379684182,1팀,120250649570130200,07.크리스피(ASC)(하이브리드)_TROAS_A+SC캠페인_구매최적화_값_표준기여_3078_260802_AI,19807,0,0,0
2026-09-13 13:30:44,13:00,906987379684182,1팀,120250649570180200,07.크리스피(ASC)(하이브리드)_A+SC캠페인_구매최적화_수_표준기여_3078_260802_AI,15338,0,0,0
2026-09-13 13:30:44,13:00,906987379684182,1팀,120250858093370200,01.통살(ASC)(하이브리드)_TROAS_A+SC캠페인_구매최적화_값_표준기여_3028_260806,23124,0,0,0
2026-09-13 13:30:44,13:00,906987379684182,1팀,120250858456470200,01.통살(ASC)(하이브리드)_A+SC캠페인_구매최적화_수_표준기여_3028_260806,4108,0,0,0
2026-09-13 13:30:44,13:00,906987379684182,1팀,120250858902230200,07.크리스피(ASC)(메가딜)_A+SC캠페인_구매최적화_수_표준기여_2464_260806,11326,0,0,0
2026-09-13 13:30:44,13:00,906987379684182,1팀,120250858902240200,07.크리스피(ASC)(메가딜)_TCPA_A+SC캠페인_ALL_C7_수_표준기여_2464_260806,883,0,0,0
2026-09-13 13:30:44,13:00,906987379684182,1팀,120250858902260200,07.크리스피(ASC)(메가딜)_TROAS_A+SC캠페인_구매최적화_값_표준기여_2464_260806,7952,0,0,0
2026-09-13 13:30:44,13:00,906987379684182,1팀,120250859189800200,17.안심볶음밥(ASC)(메가딜)_A+SC캠페인_구매최적화_수_표준기여_2903_260907,28154,0,0,0
2026-09-13 13:30:44,13:00,906987379684182,1팀,120250859189820200,17.안심볶음밥(ASC)(메가딜)_TROAS_A+SC캠페인_구매최적화_값_표준기여_2903_260907,954,0,0,0
2026-09-13 13:30:44,13:00,906987379684182,1팀,120250859367430200,20.김자반밥바(ASC)(하이브리드)_A+SC캠페인_구매최적화_수_가치조정_3159_260806,11325,0,0,0
2026-09-13 13:30:44,13:00,906987379684182,1팀,120251066794820200,07.크리스피(ASC)(하이브리드)_A+SC캠페인_구매최적화_수_표준기여_3078_260816_AI _2,6444,0,0,0
2026-09-13 13:30:44,13:00,906987379684182,1팀,120251066794930200,07.크리스피(ASC)(하이브리드)_TROAS_A+SC캠페인_구매최적화_값_표준기여_3078_260816_AI _2,26529,1,61300,231.06788797165368
2026-09-13 13:30:44,13:00,906987379684182,1팀,120251169199390200,07.크리스피(ASC)(하이브리드)_TROAS_A+SC캠페인_구매최적화_값_표준기여_3078_260817(페르소나2),4143,0,0,0
2026-09-13 13:30:44,13:00,906987379684182,1팀,120251209789390200,07.크리스피(ASC)(하이브리드)_ABO캠페인_구매최적화_수_표준기여_3078_260819,9212,0,0,0
2026-09-13 13:30:44,13:00,906987379684182,1팀,120251211164300200,07.크리스피(ASC)(하이브리드)_TCPA_A+SC캠페인_ALL_C7_수_표준기여_3078_260819(테무콘),1502,0,0,0
2026-09-13 13:30:44,13:00,906987379684182,1팀,120251211164310200,07.크리스피(ASC)(하이브리드)_TROAS_A+SC캠페인_구매최적화_값_표준기여_3078_260819(테무콘),14578,0,0,0
2026-09-13 13:30:44,13:00,906987379684182,1팀,120251211164320200,07.크리스피(ASC)(하이브리드)_A+SC캠페인_구매최적화_수_표준기여_3078_260819(테무콘),16434,0,0,0
2026-09-13 13:30:44,13:00,906987379684182,1팀,120251251665220200,07.크리스피(ASC)(하이브리드)_TROAS_ABO캠페인_구매최적화_수_표준기여_3078_260821,23982,1,79600,331.91560336919355
2026-09-13 13:30:44,13:00,906987379684182,1팀,120251327515450200,07.크리스피(ASC)(메가딜)_ABO캠페인_구매최적화_수_표준기여_2464_260825,5195,0,0,0
2026-09-13 13:30:44,13:00,906987379684182,1팀,120251328004940200,07.크리스피(ASC)(메가딜)_TROAS_ABO캠페인_구매최적화_수_표준기여_2464_260825,7046,0,0,0
2026-09-13 13:30:44,13:00,906987379684182,1팀,120251367693570200,07.크리스피(ASC)(하이브리드)_TCPA_ABO캠페인_구매최적화_수_표준기여_3078_260827,868,0,0,0
2026-09-13 13:30:44,13:00,906987379684182,1팀,120251367790160200,07.크리스피(ASC)(메가딜)_TCPA_ABO캠페인_구매최적화_수_표준기여_2464_260827,12856,0,0,0
2026-09-13 13:30:44,13:00,906987379684182,1팀,120251368155020200,01.통살(ASC)(하이브리드)_ABO캠페인_구매최적화_수_표준기여_3028_260827,3733,0,0,0
2026-09-13 13:30:44,13:00,906987379684182,1팀,120251368716980200,01.통살(ASC)(하이브리드)_TPCA_ABO캠페인_구매최적화_수_표준기여_3028_260827,1703,0,0,0
2026-09-13 13:30:44,13:00,906987379684182,1팀,120251368728810200,01.통살(ASC)(하이브리드)_TROAS_ABO캠페인_구매최적화_수_표준기여_3028_260827,1341,0,0,0
2026-09-13 13:30:44,13:00,906987379684182,1팀,120251369567610200,20.김자반밥바(ASC)(메가딜)_TCPA_ABO캠페인_구매최적화_수_표준기여_3003_260827,1422,1,41900,2946.554149085795
2026-09-13 13:30:44,13:00,906987379684182,1팀,120251369567620200,20.김자반밥바(ASC)(메가딜)_TROAS_ABO캠페인_구매최적화_수_표준기여_3003_260827,3675,0,0,0
2026-09-13 13:30:44,13:00,906987379684182,1팀,120251369567660200,20.김자반밥바(ASC)(메가딜)_ABO캠페인_구매최적화_수_표준기여_3003_260827,4004,0,0,0
2026-09-13 13:30:44,13:00,906987379684182,1팀,120251444359310200,07.크리스피(ASC)(하이브리드)_TROAS_A+SC캠페인_구매최적화_값_표준기여_3078_260901(테무콘2),2653,0,0,0
2026-09-13 13:30:44,13:00,906987379684182,1팀,120251466594180200,22.닭가슴살볼(ASC)(메가딜)_ABO캠페인_구매최적화_수_표준기여_2905_260906,3817,0,0,0
2026-09-13 13:30:44,13:00,906987379684182,1팀,120251466785500200,22.닭가슴살볼(ASC)(메가딜)_TROAS_A+SC캠페인_구매최적화_값_표준기여_2905_260906,2275,0,0,0
2026-09-13 13:30:44,13:00,906987379684182,1팀,120251503407460200,22.닭가슴살볼(ASC)(메가딜)_TROAS_A+SC캠페인_구매최적화_값_표준기여_2905_260906(김혜선),4076,0,0,0
2026-09-13 13:57:48,13:00,906987379684182,1팀,120228320649100200,01.통살(ASC)(101010)_TCPA16000_A+SC 캠페인_ALL_V1C7_수_표준기여_2336,24705,3,343200,1389.1924711596844
2026-09-13 13:57:48,13:00,906987379684182,1팀,120228788396590200,01.통살(ASC)(메가딜)_TCPA20000_A+SC 캠페인_ALL_V1C7_수_표준기여_1874,7407,0,0,0
2026-09-13 13:57:48,13:00,906987379684182,1팀,120237509836570200,07.크리스피(ASC)(메가딜)_TCPA16000_A+SC 캠페인_ALL_수_표준기여_2464,8624,0,0,0
2026-09-13 13:57:48,13:00,906987379684182,1팀,120243001852340200,01.통살(ASC)(101010)_TCPA16000_A+SC 캠페인_ALL_V1C7_수_표준기여_2336_02,2257,0,0,0
2026-09-13 13:57:48,13:00,906987379684182,1팀,120244128322750200,01.통살(ASC)(101010)_TCPA16000_A+SC 캠페인_ALL_V1C7_수_표준기여_2336_03,2069,0,0,0
2026-09-13 13:57:48,13:00,906987379684182,1팀,120246397028850200,07.크리스피(ASC)(통합)_A+SC 캠페인_구매최적화_수_표준기여_통합_260511,6093,0,0,0
2026-09-13 13:57:48,13:00,906987379684182,1팀,120246898203940200,03.닭다리살(ASC)(1010)_A+SC캠페인_구매최적화_수_표준기여_2604_260519,9907,0,0,0
2026-09-13 13:57:48,13:00,906987379684182,1팀,120246898384670200,03.닭다리살(ASC)(1010)_TROAS_A+SC캠페인_구매최적화_값_표준기여_2604_260519,67749,0,0,0
2026-09-13 13:57:48,13:00,906987379684182,1팀,120247379587080200,07.크리스피(ASC)(1010)_TROAS_A+SC캠페인_구매최적화_값_표준기여_2992_260527,11896,0,0,0
2026-09-13 13:57:48,13:00,906987379684182,1팀,120248361514480200,01.통살(ASC)(하이브리드)_TCPA_A+SC캠페인_ALL_C7_수_표준기여_3028_260611,2891,0,0,0
2026-09-13 13:57:48,13:00,906987379684182,1팀,120249317264140200,07.크리스피(ASC)(하이브리드)_TROAS_A+SC캠페인_구매최적화_값_표준기여_3078_260713,19720,1,72200,366.1257606490872
2026-09-13 13:57:48,13:00,906987379684182,1팀,120249873905240200,07.크리스피(ASC)(101010)_TROAS_A+SC캠페인_구매최적화_값_표준기여_2659_260705,9911,0,0,0
2026-09-13 13:57:48,13:00,906987379684182,1팀,120249878429160200,01.통살(ASC)(하이브리드)_TROAS_A+SC캠페인_구매최적화_값_표준기여_3028_260705,8580,0,0,0
2026-09-13 13:57:48,13:00,906987379684182,1팀,120250099159330200,07.크리스피(ASC)(메가딜)_TCPA_A+SC캠페인_ALL_C7_수_표준기여_2464_260712,821,0,0,0
2026-09-13 13:57:48,13:00,906987379684182,1팀,120250268133470200,03.닭다리살(ASC)(하이브리드)_TROAS_A+SC캠페인_구매최적화_값_표준기여_3111_260726,10398,0,0,0
2026-09-13 13:57:48,13:00,906987379684182,1팀,120250614451040200,07.크리스피(ASC)(하이브리드)_TROAS_A+SC캠페인_구매최적화_값_표준기여_3078_260728,13809,1,60200,435.94757042508513
2026-09-13 13:57:48,13:00,906987379684182,1팀,120250649570130200,07.크리스피(ASC)(하이브리드)_TROAS_A+SC캠페인_구매최적화_값_표준기여_3078_260802_AI,40872,0,0,0
2026-09-13 13:57:48,13:00,906987379684182,1팀,120250649570180200,07.크리스피(ASC)(하이브리드)_A+SC캠페인_구매최적화_수_표준기여_3078_260802_AI,26419,1,60000,227.10927741398237
2026-09-13 13:57:48,13:00,906987379684182,1팀,120250858093370200,01.통살(ASC)(하이브리드)_TROAS_A+SC캠페인_구매최적화_값_표준기여_3028_260806,43666,1,59300,135.8036000549627
2026-09-13 13:57:48,13:00,906987379684182,1팀,120250858093380200,01.통살(ASC)(하이브리드)_TCPA_A+SC캠페인_ALL_C7_수_표준기여_3028_260806,10,0,0,0
2026-09-13 13:57:48,13:00,906987379684182,1팀,120250858456470200,01.통살(ASC)(하이브리드)_A+SC캠페인_구매최적화_수_표준기여_3028_260806,8563,0,0,0
2026-09-13 13:57:48,13:00,906987379684182,1팀,120250858902230200,07.크리스피(ASC)(메가딜)_A+SC캠페인_구매최적화_수_표준기여_2464_260806,22863,0,0,0
2026-09-13 13:57:48,13:00,906987379684182,1팀,120250858902240200,07.크리스피(ASC)(메가딜)_TCPA_A+SC캠페인_ALL_C7_수_표준기여_2464_260806,2337,0,0,0
2026-09-13 13:57:48,13:00,906987379684182,1팀,120250858902260200,07.크리스피(ASC)(메가딜)_TROAS_A+SC캠페인_구매최적화_값_표준기여_2464_260806,16527,0,0,0
2026-09-13 13:57:48,13:00,906987379684182,1팀,120250859189800200,17.안심볶음밥(ASC)(메가딜)_A+SC캠페인_구매최적화_수_표준기여_2903_260907,50913,0,0,0
2026-09-13 13:57:48,13:00,906987379684182,1팀,120250859189820200,17.안심볶음밥(ASC)(메가딜)_TROAS_A+SC캠페인_구매최적화_값_표준기여_2903_260907,5794,0,0,0
2026-09-13 13:57:48,13:00,906987379684182,1팀,120250859367430200,20.김자반밥바(ASC)(하이브리드)_A+SC캠페인_구매최적화_수_가치조정_3159_260806,23412,0,0,0
2026-09-13 13:57:48,13:00,906987379684182,1팀,120250859367440200,20.김자반밥바(ASC)(하이브리드)_TCPA_A+SC캠페인_ALL_C7_수_표준기여_3159_260806,0,0,0,0
2026-09-13 13:57:48,13:00,906987379684182,1팀,120251066794820200,07.크리스피(ASC)(하이브리드)_A+SC캠페인_구매최적화_수_표준기여_3078_260816_AI _2,14624,0,0,0
2026-09-13 13:57:48,13:00,906987379684182,1팀,120251066794930200,07.크리스피(ASC)(하이브리드)_TROAS_A+SC캠페인_구매최적화_값_표준기여_3078_260816_AI _2,41616,1,61300,147.29911572472125
2026-09-13 13:57:48,13:00,906987379684182,1팀,120251169199390200,07.크리스피(ASC)(하이브리드)_TROAS_A+SC캠페인_구매최적화_값_표준기여_3078_260817(페르소나2),9469,0,0,0
2026-09-13 13:57:48,13:00,906987379684182,1팀,120251209789390200,07.크리스피(ASC)(하이브리드)_ABO캠페인_구매최적화_수_표준기여_3078_260819,18050,0,0,0
2026-09-13 13:57:48,13:00,906987379684182,1팀,120251211164300200,07.크리스피(ASC)(하이브리드)_TCPA_A+SC캠페인_ALL_C7_수_표준기여_3078_260819(테무콘),3503,0,0,0
2026-09-13 13:57:48,13:00,906987379684182,1팀,120251211164310200,07.크리스피(ASC)(하이브리드)_TROAS_A+SC캠페인_구매최적화_값_표준기여_3078_260819(테무콘),29338,0,0,0
2026-09-13 13:57:48,13:00,906987379684182,1팀,120251211164320200,07.크리스피(ASC)(하이브리드)_A+SC캠페인_구매최적화_수_표준기여_3078_260819(테무콘),32720,0,0,0
2026-09-13 13:57:48,13:00,906987379684182,1팀,120251251665220200,07.크리스피(ASC)(하이브리드)_TROAS_ABO캠페인_구매최적화_수_표준기여_3078_260821,47649,2,97000,203.57195324141117
2026-09-13 13:57:48,13:00,906987379684182,1팀,120251327515450200,07.크리스피(ASC)(메가딜)_ABO캠페인_구매최적화_수_표준기여_2464_260825,12475,0,0,0
2026-09-13 13:57:48,13:00,906987379684182,1팀,120251328004940200,07.크리스피(ASC)(메가딜)_TROAS_ABO캠페인_구매최적화_수_표준기여_2464_260825,13744,0,0,0
2026-09-13 13:57:48,13:00,906987379684182,1팀,120251367693570200,07.크리스피(ASC)(하이브리드)_TCPA_ABO캠페인_구매최적화_수_표준기여_3078_260827,2295,0,0,0
2026-09-13 13:57:48,13:00,906987379684182,1팀,120251367790160200,07.크리스피(ASC)(메가딜)_TCPA_ABO캠페인_구매최적화_수_표준기여_2464_260827,24275,0,0,0
2026-09-13 13:57:48,13:00,906987379684182,1팀,120251368155020200,01.통살(ASC)(하이브리드)_ABO캠페인_구매최적화_수_표준기여_3028_260827,7651,0,0,0
2026-09-13 13:57:48,13:00,906987379684182,1팀,120251368716980200,01.통살(ASC)(하이브리드)_TPCA_ABO캠페인_구매최적화_수_표준기여_3028_260827,3811,0,0,0
2026-09-13 13:57:48,13:00,906987379684182,1팀,120251368728810200,01.통살(ASC)(하이브리드)_TROAS_ABO캠페인_구매최적화_수_표준기여_3028_260827,3531,0,0,0
2026-09-13 13:57:48,13:00,906987379684182,1팀,120251369567610200,20.김자반밥바(ASC)(메가딜)_TCPA_ABO캠페인_구매최적화_수_표준기여_3003_260827,3700,1,41900,1132.4324324324325
2026-09-13 13:57:48,13:00,906987379684182,1팀,120251369567620200,20.김자반밥바(ASC)(메가딜)_TROAS_ABO캠페인_구매최적화_수_표준기여_3003_260827,8556,0,0,0
2026-09-13 13:57:48,13:00,906987379684182,1팀,120251369567660200,20.김자반밥바(ASC)(메가딜)_ABO캠페인_구매최적화_수_표준기여_3003_260827,7849,0,0,0
2026-09-13 13:57:48,13:00,906987379684182,1팀,120251444359310200,07.크리스피(ASC)(하이브리드)_TROAS_A+SC캠페인_구매최적화_값_표준기여_3078_260901(테무콘2),5528,0,0,0
2026-09-13 13:57:48,13:00,906987379684182,1팀,120251466594180200,22.닭가슴살볼(ASC)(메가딜)_ABO캠페인_구매최적화_수_표준기여_2905_260906,8611,1,19900,231.0997561258855
2026-09-13 13:57:48,13:00,906987379684182,1팀,120251466785500200,22.닭가슴살볼(ASC)(메가딜)_TROAS_A+SC캠페인_구매최적화_값_표준기여_2905_260906,4463,0,0,0
2026-09-13 13:57:48,13:00,906987379684182,1팀,120251503407460200,22.닭가슴살볼(ASC)(메가딜)_TROAS_A+SC캠페인_구매최적화_값_표준기여_2905_260906(김혜선),8399,0,0,0
2026-09-13 14:30:45,14:00,906987379684182,1팀,120228320649100200,01.통살(ASC)(101010)_TCPA16000_A+SC 캠페인_ALL_V1C7_수_표준기여_2336,9639,0,0,0
2026-09-13 14:30:45,14:00,906987379684182,1팀,120228788396590200,01.통살(ASC)(메가딜)_TCPA20000_A+SC 캠페인_ALL_V1C7_수_표준기여_1874,3421,0,0,0
2026-09-13 14:30:45,14:00,906987379684182,1팀,120237509836570200,07.크리스피(ASC)(메가딜)_TCPA16000_A+SC 캠페인_ALL_수_표준기여_2464,3188,0,0,0
2026-09-13 14:30:45,14:00,906987379684182,1팀,120243001852340200,01.통살(ASC)(101010)_TCPA16000_A+SC 캠페인_ALL_V1C7_수_표준기여_2336_02,827,0,0,0
2026-09-13 14:30:45,14:00,906987379684182,1팀,120244128322750200,01.통살(ASC)(101010)_TCPA16000_A+SC 캠페인_ALL_V1C7_수_표준기여_2336_03,328,0,0,0
2026-09-13 14:30:45,14:00,906987379684182,1팀,120246397028850200,07.크리스피(ASC)(통합)_A+SC 캠페인_구매최적화_수_표준기여_통합_260511,2896,0,0,0
2026-09-13 14:30:45,14:00,906987379684182,1팀,120246898203940200,03.닭다리살(ASC)(1010)_A+SC캠페인_구매최적화_수_표준기여_2604_260519,4668,0,0,0
2026-09-13 14:30:45,14:00,906987379684182,1팀,120246898384670200,03.닭다리살(ASC)(1010)_TROAS_A+SC캠페인_구매최적화_값_표준기여_2604_260519,25420,0,0,0
2026-09-13 14:30:45,14:00,906987379684182,1팀,120247379587080200,07.크리스피(ASC)(1010)_TROAS_A+SC캠페인_구매최적화_값_표준기여_2992_260527,4755,0,0,0
2026-09-13 14:30:45,14:00,906987379684182,1팀,120248361514480200,01.통살(ASC)(하이브리드)_TCPA_A+SC캠페인_ALL_C7_수_표준기여_3028_260611,1083,0,0,0
2026-09-13 14:30:45,14:00,906987379684182,1팀,120249317264140200,07.크리스피(ASC)(하이브리드)_TROAS_A+SC캠페인_구매최적화_값_표준기여_3078_260713,7218,0,0,0
2026-09-13 14:30:45,14:00,906987379684182,1팀,120249873905240200,07.크리스피(ASC)(101010)_TROAS_A+SC캠페인_구매최적화_값_표준기여_2659_260705,3819,0,0,0
2026-09-13 14:30:45,14:00,906987379684182,1팀,120249878429160200,01.통살(ASC)(하이브리드)_TROAS_A+SC캠페인_구매최적화_값_표준기여_3028_260705,4576,0,0,0
2026-09-13 14:30:45,14:00,906987379684182,1팀,120250099159330200,07.크리스피(ASC)(메가딜)_TCPA_A+SC캠페인_ALL_C7_수_표준기여_2464_260712,148,0,0,0
2026-09-13 14:30:45,14:00,906987379684182,1팀,120250268133470200,03.닭다리살(ASC)(하이브리드)_TROAS_A+SC캠페인_구매최적화_값_표준기여_3111_260726,4155,1,56600,1362.214199759326
2026-09-13 14:30:45,14:00,906987379684182,1팀,120250614451040200,07.크리스피(ASC)(하이브리드)_TROAS_A+SC캠페인_구매최적화_값_표준기여_3078_260728,4123,0,0,0
2026-09-13 14:30:45,14:00,906987379684182,1팀,120250649570130200,07.크리스피(ASC)(하이브리드)_TROAS_A+SC캠페인_구매최적화_값_표준기여_3078_260802_AI,14345,0,0,0
2026-09-13 14:30:45,14:00,906987379684182,1팀,120250649570180200,07.크리스피(ASC)(하이브리드)_A+SC캠페인_구매최적화_수_표준기여_3078_260802_AI,11407,0,0,0
2026-09-13 14:30:45,14:00,906987379684182,1팀,120250858093370200,01.통살(ASC)(하이브리드)_TROAS_A+SC캠페인_구매최적화_값_표준기여_3028_260806,15932,1,61300,384.76023098167207
2026-09-13 14:30:45,14:00,906987379684182,1팀,120250858093380200,01.통살(ASC)(하이브리드)_TCPA_A+SC캠페인_ALL_C7_수_표준기여_3028_260806,7,0,0,0
2026-09-13 14:30:45,14:00,906987379684182,1팀,120250858456470200,01.통살(ASC)(하이브리드)_A+SC캠페인_구매최적화_수_표준기여_3028_260806,3456,0,0,0
2026-09-13 14:30:45,14:00,906987379684182,1팀,120250858902230200,07.크리스피(ASC)(메가딜)_A+SC캠페인_구매최적화_수_표준기여_2464_260806,6515,0,0,0
2026-09-13 14:30:45,14:00,906987379684182,1팀,120250858902240200,07.크리스피(ASC)(메가딜)_TCPA_A+SC캠페인_ALL_C7_수_표준기여_2464_260806,817,0,0,0
2026-09-13 14:30:45,14:00,906987379684182,1팀,120250858902260200,07.크리스피(ASC)(메가딜)_TROAS_A+SC캠페인_구매최적화_값_표준기여_2464_260806,6120,0,0,0
2026-09-13 14:30:45,14:00,906987379684182,1팀,120250859189800200,17.안심볶음밥(ASC)(메가딜)_A+SC캠페인_구매최적화_수_표준기여_2903_260907,18231,1,92000,504.634962426636
2026-09-13 14:30:45,14:00,906987379684182,1팀,120250859189820200,17.안심볶음밥(ASC)(메가딜)_TROAS_A+SC캠페인_구매최적화_값_표준기여_2903_260907,1456,0,0,0
2026-09-13 14:30:45,14:00,906987379684182,1팀,120250859367430200,20.김자반밥바(ASC)(하이브리드)_A+SC캠페인_구매최적화_수_가치조정_3159_260806,12040,0,0,0
2026-09-13 14:30:45,14:00,906987379684182,1팀,120251066794820200,07.크리스피(ASC)(하이브리드)_A+SC캠페인_구매최적화_수_표준기여_3078_260816_AI _2,4322,0,0,0
2026-09-13 14:30:45,14:00,906987379684182,1팀,120251066794930200,07.크리스피(ASC)(하이브리드)_TROAS_A+SC캠페인_구매최적화_값_표준기여_3078_260816_AI _2,6075,0,0,0
2026-09-13 14:30:45,14:00,906987379684182,1팀,120251169199390200,07.크리스피(ASC)(하이브리드)_TROAS_A+SC캠페인_구매최적화_값_표준기여_3078_260817(페르소나2),3072,1,43000,1399.7395833333335
2026-09-13 14:30:45,14:00,906987379684182,1팀,120251209789390200,07.크리스피(ASC)(하이브리드)_ABO캠페인_구매최적화_수_표준기여_3078_260819,7328,0,0,0
2026-09-13 14:30:45,14:00,906987379684182,1팀,120251211164300200,07.크리스피(ASC)(하이브리드)_TCPA_A+SC캠페인_ALL_C7_수_표준기여_3078_260819(테무콘),780,0,0,0
2026-09-13 14:30:45,14:00,906987379684182,1팀,120251211164310200,07.크리스피(ASC)(하이브리드)_TROAS_A+SC캠페인_구매최적화_값_표준기여_3078_260819(테무콘),13486,0,0,0
2026-09-13 14:30:45,14:00,906987379684182,1팀,120251211164320200,07.크리스피(ASC)(하이브리드)_A+SC캠페인_구매최적화_수_표준기여_3078_260819(테무콘),13305,1,61300,460.7290492296129
2026-09-13 14:30:45,14:00,906987379684182,1팀,120251251665220200,07.크리스피(ASC)(하이브리드)_TROAS_ABO캠페인_구매최적화_수_표준기여_3078_260821,20338,0,0,0
2026-09-13 14:30:45,14:00,906987379684182,1팀,120251327515450200,07.크리스피(ASC)(메가딜)_ABO캠페인_구매최적화_수_표준기여_2464_260825,5071,0,0,0
2026-09-13 14:30:45,14:00,906987379684182,1팀,120251328004940200,07.크리스피(ASC)(메가딜)_TROAS_ABO캠페인_구매최적화_수_표준기여_2464_260825,4597,0,0,0
2026-09-13 14:30:45,14:00,906987379684182,1팀,120251367693570200,07.크리스피(ASC)(하이브리드)_TCPA_ABO캠페인_구매최적화_수_표준기여_3078_260827,728,0,0,0
2026-09-13 14:30:45,14:00,906987379684182,1팀,120251367790160200,07.크리스피(ASC)(메가딜)_TCPA_ABO캠페인_구매최적화_수_표준기여_2464_260827,10087,0,0,0
2026-09-13 14:30:45,14:00,906987379684182,1팀,120251368155020200,01.통살(ASC)(하이브리드)_ABO캠페인_구매최적화_수_표준기여_3028_260827,3142,0,0,0
2026-09-13 14:30:45,14:00,906987379684182,1팀,120251368716980200,01.통살(ASC)(하이브리드)_TPCA_ABO캠페인_구매최적화_수_표준기여_3028_260827,1658,0,0,0
2026-09-13 14:30:45,14:00,906987379684182,1팀,120251368728810200,01.통살(ASC)(하이브리드)_TROAS_ABO캠페인_구매최적화_수_표준기여_3028_260827,1284,0,0,0
2026-09-13 14:30:45,14:00,906987379684182,1팀,120251369567610200,20.김자반밥바(ASC)(메가딜)_TCPA_ABO캠페인_구매최적화_수_표준기여_3003_260827,1413,0,0,0
2026-09-13 14:30:45,14:00,906987379684182,1팀,120251369567620200,20.김자반밥바(ASC)(메가딜)_TROAS_ABO캠페인_구매최적화_수_표준기여_3003_260827,3754,0,0,0
2026-09-13 14:30:45,14:00,906987379684182,1팀,120251369567660200,20.김자반밥바(ASC)(메가딜)_ABO캠페인_구매최적화_수_표준기여_3003_260827,3143,0,0,0
2026-09-13 14:30:45,14:00,906987379684182,1팀,120251444359310200,07.크리스피(ASC)(하이브리드)_TROAS_A+SC캠페인_구매최적화_값_표준기여_3078_260901(테무콘2),2524,0,0,0
2026-09-13 14:30:45,14:00,906987379684182,1팀,120251466594180200,22.닭가슴살볼(ASC)(메가딜)_ABO캠페인_구매최적화_수_표준기여_2905_260906,3645,0,0,0
2026-09-13 14:30:45,14:00,906987379684182,1팀,120251466785500200,22.닭가슴살볼(ASC)(메가딜)_TROAS_A+SC캠페인_구매최적화_값_표준기여_2905_260906,2279,0,0,0
2026-09-13 14:30:45,14:00,906987379684182,1팀,120251503407460200,22.닭가슴살볼(ASC)(메가딜)_TROAS_A+SC캠페인_구매최적화_값_표준기여_2905_260906(김혜선),3899,0,0,0
2026-09-13 15:30:45,15:00,906987379684182,1팀,120228320649100200,01.통살(ASC)(101010)_TCPA16000_A+SC 캠페인_ALL_V1C7_수_표준기여_2336,13115,0,0,0
2026-09-13 15:30:45,15:00,906987379684182,1팀,120228788396590200,01.통살(ASC)(메가딜)_TCPA20000_A+SC 캠페인_ALL_V1C7_수_표준기여_1874,4062,0,0,0
2026-09-13 15:30:45,15:00,906987379684182,1팀,120237509836570200,07.크리스피(ASC)(메가딜)_TCPA16000_A+SC 캠페인_ALL_수_표준기여_2464,1606,0,0,0
2026-09-13 15:30:45,15:00,906987379684182,1팀,120243001852340200,01.통살(ASC)(101010)_TCPA16000_A+SC 캠페인_ALL_V1C7_수_표준기여_2336_02,1351,0,0,0
2026-09-13 15:30:45,15:00,906987379684182,1팀,120244128322750200,01.통살(ASC)(101010)_TCPA16000_A+SC 캠페인_ALL_V1C7_수_표준기여_2336_03,860,0,0,0
2026-09-13 15:30:45,15:00,906987379684182,1팀,120246397028850200,07.크리스피(ASC)(통합)_A+SC 캠페인_구매최적화_수_표준기여_통합_260511,3336,0,0,0
2026-09-13 15:30:45,15:00,906987379684182,1팀,120246898203940200,03.닭다리살(ASC)(1010)_A+SC캠페인_구매최적화_수_표준기여_2604_260519,5056,0,0,0
2026-09-13 15:30:45,15:00,906987379684182,1팀,120246898384670200,03.닭다리살(ASC)(1010)_TROAS_A+SC캠페인_구매최적화_값_표준기여_2604_260519,27491,0,0,0
2026-09-13 15:30:45,15:00,906987379684182,1팀,120247379587080200,07.크리스피(ASC)(1010)_TROAS_A+SC캠페인_구매최적화_값_표준기여_2992_260527,5179,0,0,0
2026-09-13 15:30:45,15:00,906987379684182,1팀,120248361514480200,01.통살(ASC)(하이브리드)_TCPA_A+SC캠페인_ALL_C7_수_표준기여_3028_260611,1715,0,0,0
2026-09-13 15:30:45,15:00,906987379684182,1팀,120249317264140200,07.크리스피(ASC)(하이브리드)_TROAS_A+SC캠페인_구매최적화_값_표준기여_3078_260713,7784,0,0,0
2026-09-13 15:30:45,15:00,906987379684182,1팀,120249873905240200,07.크리스피(ASC)(101010)_TROAS_A+SC캠페인_구매최적화_값_표준기여_2659_260705,5969,0,0,0
2026-09-13 15:30:45,15:00,906987379684182,1팀,120249878429160200,01.통살(ASC)(하이브리드)_TROAS_A+SC캠페인_구매최적화_값_표준기여_3028_260705,5931,0,0,0
2026-09-13 15:30:45,15:00,906987379684182,1팀,120250099159330200,07.크리스피(ASC)(메가딜)_TCPA_A+SC캠페인_ALL_C7_수_표준기여_2464_260712,117,0,0,0
2026-09-13 15:30:45,15:00,906987379684182,1팀,120250268133470200,03.닭다리살(ASC)(하이브리드)_TROAS_A+SC캠페인_구매최적화_값_표준기여_3111_260726,4239,1,70500,1663.1280962491153
2026-09-13 15:30:45,15:00,906987379684182,1팀,120250614451040200,07.크리스피(ASC)(하이브리드)_TROAS_A+SC캠페인_구매최적화_값_표준기여_3078_260728,5277,0,0,0
2026-09-13 15:30:45,15:00,906987379684182,1팀,120250649570130200,07.크리스피(ASC)(하이브리드)_TROAS_A+SC캠페인_구매최적화_값_표준기여_3078_260802_AI,22247,0,0,0
2026-09-13 15:30:45,15:00,906987379684182,1팀,120250649570180200,07.크리스피(ASC)(하이브리드)_A+SC캠페인_구매최적화_수_표준기여_3078_260802_AI,10133,0,0,0
2026-09-13 15:30:45,15:00,906987379684182,1팀,120250858093370200,01.통살(ASC)(하이브리드)_TROAS_A+SC캠페인_구매최적화_값_표준기여_3028_260806,21901,0,0,0
2026-09-13 15:30:45,15:00,906987379684182,1팀,120250858456470200,01.통살(ASC)(하이브리드)_A+SC캠페인_구매최적화_수_표준기여_3028_260806,5055,0,0,0
2026-09-13 15:30:45,15:00,906987379684182,1팀,120250858902230200,07.크리스피(ASC)(메가딜)_A+SC캠페인_구매최적화_수_표준기여_2464_260806,6063,0,0,0
2026-09-13 15:30:45,15:00,906987379684182,1팀,120250858902240200,07.크리스피(ASC)(메가딜)_TCPA_A+SC캠페인_ALL_C7_수_표준기여_2464_260806,671,0,0,0
2026-09-13 15:30:45,15:00,906987379684182,1팀,120250858902260200,07.크리스피(ASC)(메가딜)_TROAS_A+SC캠페인_구매최적화_값_표준기여_2464_260806,6724,1,63900,950.3271861986912
2026-09-13 15:30:45,15:00,906987379684182,1팀,120250859189800200,17.안심볶음밥(ASC)(메가딜)_A+SC캠페인_구매최적화_수_표준기여_2903_260907,14130,0,0,0
2026-09-13 15:30:45,15:00,906987379684182,1팀,120250859189820200,17.안심볶음밥(ASC)(메가딜)_TROAS_A+SC캠페인_구매최적화_값_표준기여_2903_260907,231,0,0,0
2026-09-13 15:30:45,15:00,906987379684182,1팀,120250859367430200,20.김자반밥바(ASC)(하이브리드)_A+SC캠페인_구매최적화_수_가치조정_3159_260806,8051,0,0,0
2026-09-13 15:30:45,15:00,906987379684182,1팀,120250859367440200,20.김자반밥바(ASC)(하이브리드)_TCPA_A+SC캠페인_ALL_C7_수_표준기여_3159_260806,0,0,0,0
2026-09-13 15:30:45,15:00,906987379684182,1팀,120251066794820200,07.크리스피(ASC)(하이브리드)_A+SC캠페인_구매최적화_수_표준기여_3078_260816_AI _2,7570,0,0,0
2026-09-13 15:30:45,15:00,906987379684182,1팀,120251066794930200,07.크리스피(ASC)(하이브리드)_TROAS_A+SC캠페인_구매최적화_값_표준기여_3078_260816_AI _2,3394,0,0,0
2026-09-13 15:30:45,15:00,906987379684182,1팀,120251169199390200,07.크리스피(ASC)(하이브리드)_TROAS_A+SC캠페인_구매최적화_값_표준기여_3078_260817(페르소나2),4389,0,0,0
2026-09-13 15:30:45,15:00,906987379684182,1팀,120251209789390200,07.크리스피(ASC)(하이브리드)_ABO캠페인_구매최적화_수_표준기여_3078_260819,5996,0,0,0
2026-09-13 15:30:45,15:00,906987379684182,1팀,120251211164300200,07.크리스피(ASC)(하이브리드)_TCPA_A+SC캠페인_ALL_C7_수_표준기여_3078_260819(테무콘),503,0,0,0
2026-09-13 15:30:45,15:00,906987379684182,1팀,120251211164310200,07.크리스피(ASC)(하이브리드)_TROAS_A+SC캠페인_구매최적화_값_표준기여_3078_260819(테무콘),12216,0,0,0
2026-09-13 15:30:45,15:00,906987379684182,1팀,120251211164320200,07.크리스피(ASC)(하이브리드)_A+SC캠페인_구매최적화_수_표준기여_3078_260819(테무콘),10379,0,0,0
2026-09-13 15:30:45,15:00,906987379684182,1팀,120251251665220200,07.크리스피(ASC)(하이브리드)_TROAS_ABO캠페인_구매최적화_수_표준기여_3078_260821,20495,0,0,0
2026-09-13 15:30:45,15:00,906987379684182,1팀,120251327515450200,07.크리스피(ASC)(메가딜)_ABO캠페인_구매최적화_수_표준기여_2464_260825,4740,0,0,0
2026-09-13 15:30:45,15:00,906987379684182,1팀,120251328004940200,07.크리스피(ASC)(메가딜)_TROAS_ABO캠페인_구매최적화_수_표준기여_2464_260825,4105,0,0,0
2026-09-13 15:30:45,15:00,906987379684182,1팀,120251367693570200,07.크리스피(ASC)(하이브리드)_TCPA_ABO캠페인_구매최적화_수_표준기여_3078_260827,1327,0,0,0
2026-09-13 15:30:45,15:00,906987379684182,1팀,120251367790160200,07.크리스피(ASC)(메가딜)_TCPA_ABO캠페인_구매최적화_수_표준기여_2464_260827,13931,0,0,0
2026-09-13 15:30:45,15:00,906987379684182,1팀,120251368155020200,01.통살(ASC)(하이브리드)_ABO캠페인_구매최적화_수_표준기여_3028_260827,4830,0,0,0
2026-09-13 15:30:45,15:00,906987379684182,1팀,120251368716980200,01.통살(ASC)(하이브리드)_TPCA_ABO캠페인_구매최적화_수_표준기여_3028_260827,2243,0,0,0
2026-09-13 15:30:45,15:00,906987379684182,1팀,120251368728810200,01.통살(ASC)(하이브리드)_TROAS_ABO캠페인_구매최적화_수_표준기여_3028_260827,2399,0,0,0
2026-09-13 15:30:45,15:00,906987379684182,1팀,120251369567610200,20.김자반밥바(ASC)(메가딜)_TCPA_ABO캠페인_구매최적화_수_표준기여_3003_260827,1013,0,0,0
2026-09-13 15:30:45,15:00,906987379684182,1팀,120251369567620200,20.김자반밥바(ASC)(메가딜)_TROAS_ABO캠페인_구매최적화_수_표준기여_3003_260827,5619,0,0,0
2026-09-13 15:30:45,15:00,906987379684182,1팀,120251369567660200,20.김자반밥바(ASC)(메가딜)_ABO캠페인_구매최적화_수_표준기여_3003_260827,2924,0,0,0
2026-09-13 15:30:45,15:00,906987379684182,1팀,120251444359310200,07.크리스피(ASC)(하이브리드)_TROAS_A+SC캠페인_구매최적화_값_표준기여_3078_260901(테무콘2),3388,0,0,0
2026-09-13 15:30:45,15:00,906987379684182,1팀,120251466594180200,22.닭가슴살볼(ASC)(메가딜)_ABO캠페인_구매최적화_수_표준기여_2905_260906,3941,0,0,0
2026-09-13 15:30:45,15:00,906987379684182,1팀,120251466785500200,22.닭가슴살볼(ASC)(메가딜)_TROAS_A+SC캠페인_구매최적화_값_표준기여_2905_260906,1544,0,0,0
2026-09-13 15:30:45,15:00,906987379684182,1팀,120251503407460200,22.닭가슴살볼(ASC)(메가딜)_TROAS_A+SC캠페인_구매최적화_값_표준기여_2905_260906(김혜선),3223,0,0,0
2026-09-13 16:30:43,16:00,906987379684182,1팀,120228320649100200,01.통살(ASC)(101010)_TCPA16000_A+SC 캠페인_ALL_V1C7_수_표준기여_2336,11152,0,0,0
2026-09-13 16:30:43,16:00,906987379684182,1팀,120228788396590200,01.통살(ASC)(메가딜)_TCPA20000_A+SC 캠페인_ALL_V1C7_수_표준기여_1874,5035,0,0,0
2026-09-13 16:30:43,16:00,906987379684182,1팀,120237509836570200,07.크리스피(ASC)(메가딜)_TCPA16000_A+SC 캠페인_ALL_수_표준기여_2464,1014,0,0,0
2026-09-13 16:30:43,16:00,906987379684182,1팀,120243001852340200,01.통살(ASC)(101010)_TCPA16000_A+SC 캠페인_ALL_V1C7_수_표준기여_2336_02,1024,0,0,0
2026-09-13 16:30:43,16:00,906987379684182,1팀,120244128322750200,01.통살(ASC)(101010)_TCPA16000_A+SC 캠페인_ALL_V1C7_수_표준기여_2336_03,1480,0,0,0
2026-09-13 16:30:43,16:00,906987379684182,1팀,120246397028850200,07.크리스피(ASC)(통합)_A+SC 캠페인_구매최적화_수_표준기여_통합_260511,2964,0,0,0
2026-09-13 16:30:43,16:00,906987379684182,1팀,120246898203940200,03.닭다리살(ASC)(1010)_A+SC캠페인_구매최적화_수_표준기여_2604_260519,5082,0,0,0
2026-09-13 16:30:43,16:00,906987379684182,1팀,120246898384670200,03.닭다리살(ASC)(1010)_TROAS_A+SC캠페인_구매최적화_값_표준기여_2604_260519,46000,0,0,0
2026-09-13 16:30:43,16:00,906987379684182,1팀,120247379587080200,07.크리스피(ASC)(1010)_TROAS_A+SC캠페인_구매최적화_값_표준기여_2992_260527,9755,0,0,0
2026-09-13 16:30:43,16:00,906987379684182,1팀,120248361514480200,01.통살(ASC)(하이브리드)_TCPA_A+SC캠페인_ALL_C7_수_표준기여_3028_260611,1218,0,0,0
2026-09-13 16:30:43,16:00,906987379684182,1팀,120249317264140200,07.크리스피(ASC)(하이브리드)_TROAS_A+SC캠페인_구매최적화_값_표준기여_3078_260713,9949,1,61300,616.1423258618956
2026-09-13 16:30:43,16:00,906987379684182,1팀,120249873905240200,07.크리스피(ASC)(101010)_TROAS_A+SC캠페인_구매최적화_값_표준기여_2659_260705,5123,0,0,0
2026-09-13 16:30:43,16:00,906987379684182,1팀,120249878429160200,01.통살(ASC)(하이브리드)_TROAS_A+SC캠페인_구매최적화_값_표준기여_3028_260705,10202,0,0,0
2026-09-13 16:30:43,16:00,906987379684182,1팀,120250099159330200,07.크리스피(ASC)(메가딜)_TCPA_A+SC캠페인_ALL_C7_수_표준기여_2464_260712,790,0,0,0
2026-09-13 16:30:43,16:00,906987379684182,1팀,120250268133470200,03.닭다리살(ASC)(하이브리드)_TROAS_A+SC캠페인_구매최적화_값_표준기여_3111_260726,3670,0,0,0
2026-09-13 16:30:43,16:00,906987379684182,1팀,120250614451040200,07.크리스피(ASC)(하이브리드)_TROAS_A+SC캠페인_구매최적화_값_표준기여_3078_260728,5547,0,0,0
2026-09-13 16:30:43,16:00,906987379684182,1팀,120250649570130200,07.크리스피(ASC)(하이브리드)_TROAS_A+SC캠페인_구매최적화_값_표준기여_3078_260802_AI,24915,0,0,0
2026-09-13 16:30:43,16:00,906987379684182,1팀,120250649570180200,07.크리스피(ASC)(하이브리드)_A+SC캠페인_구매최적화_수_표준기여_3078_260802_AI,8419,1,65400,776.8143484974463
2026-09-13 16:30:43,16:00,906987379684182,1팀,120250858093370200,01.통살(ASC)(하이브리드)_TROAS_A+SC캠페인_구매최적화_값_표준기여_3028_260806,18867,0,0,0
2026-09-13 16:30:43,16:00,906987379684182,1팀,120250858456470200,01.통살(ASC)(하이브리드)_A+SC캠페인_구매최적화_수_표준기여_3028_260806,5549,0,0,0
2026-09-13 16:30:43,16:00,906987379684182,1팀,120250858902230200,07.크리스피(ASC)(메가딜)_A+SC캠페인_구매최적화_수_표준기여_2464_260806,307,0,0,0
2026-09-13 16:30:43,16:00,906987379684182,1팀,120250858902240200,07.크리스피(ASC)(메가딜)_TCPA_A+SC캠페인_ALL_C7_수_표준기여_2464_260806,1580,0,0,0
2026-09-13 16:30:43,16:00,906987379684182,1팀,120250858902260200,07.크리스피(ASC)(메가딜)_TROAS_A+SC캠페인_구매최적화_값_표준기여_2464_260806,7584,0,0,0
2026-09-13 16:30:43,16:00,906987379684182,1팀,120250859189800200,17.안심볶음밥(ASC)(메가딜)_A+SC캠페인_구매최적화_수_표준기여_2903_260907,14163,1,93000,656.6405422579962
2026-09-13 16:30:43,16:00,906987379684182,1팀,120250859189820200,17.안심볶음밥(ASC)(메가딜)_TROAS_A+SC캠페인_구매최적화_값_표준기여_2903_260907,476,0,0,0
2026-09-13 16:30:43,16:00,906987379684182,1팀,120250859367430200,20.김자반밥바(ASC)(하이브리드)_A+SC캠페인_구매최적화_수_가치조정_3159_260806,10649,1,40400,379.37834538454314
2026-09-13 16:30:43,16:00,906987379684182,1팀,120250859367440200,20.김자반밥바(ASC)(하이브리드)_TCPA_A+SC캠페인_ALL_C7_수_표준기여_3159_260806,0,0,0,0
2026-09-13 16:30:43,16:00,906987379684182,1팀,120251066794820200,07.크리스피(ASC)(하이브리드)_A+SC캠페인_구매최적화_수_표준기여_3078_260816_AI _2,5262,0,0,0
2026-09-13 16:30:43,16:00,906987379684182,1팀,120251066794930200,07.크리스피(ASC)(하이브리드)_TROAS_A+SC캠페인_구매최적화_값_표준기여_3078_260816_AI _2,2103,0,0,0
2026-09-13 16:30:43,16:00,906987379684182,1팀,120251169199390200,07.크리스피(ASC)(하이브리드)_TROAS_A+SC캠페인_구매최적화_값_표준기여_3078_260817(페르소나2),2748,0,0,0
2026-09-13 16:30:43,16:00,906987379684182,1팀,120251209789390200,07.크리스피(ASC)(하이브리드)_ABO캠페인_구매최적화_수_표준기여_3078_260819,6306,0,0,0
2026-09-13 16:30:43,16:00,906987379684182,1팀,120251211164300200,07.크리스피(ASC)(하이브리드)_TCPA_A+SC캠페인_ALL_C7_수_표준기여_3078_260819(테무콘),526,0,0,0
2026-09-13 16:30:43,16:00,906987379684182,1팀,120251211164310200,07.크리스피(ASC)(하이브리드)_TROAS_A+SC캠페인_구매최적화_값_표준기여_3078_260819(테무콘),13090,0,0,0
2026-09-13 16:30:43,16:00,906987379684182,1팀,120251211164320200,07.크리스피(ASC)(하이브리드)_A+SC캠페인_구매최적화_수_표준기여_3078_260819(테무콘),11708,0,0,0
2026-09-13 16:30:43,16:00,906987379684182,1팀,120251251665220200,07.크리스피(ASC)(하이브리드)_TROAS_ABO캠페인_구매최적화_수_표준기여_3078_260821,19950,1,61300,307.2681704260652
2026-09-13 16:30:43,16:00,906987379684182,1팀,120251327515450200,07.크리스피(ASC)(메가딜)_ABO캠페인_구매최적화_수_표준기여_2464_260825,21473,0,0,0
2026-09-13 16:30:43,16:00,906987379684182,1팀,120251328004940200,07.크리스피(ASC)(메가딜)_TROAS_ABO캠페인_구매최적화_수_표준기여_2464_260825,5660,2,200980,3550.883392226148
2026-09-13 16:30:43,16:00,906987379684182,1팀,120251367693570200,07.크리스피(ASC)(하이브리드)_TCPA_ABO캠페인_구매최적화_수_표준기여_3078_260827,1803,0,0,0
2026-09-13 16:30:43,16:00,906987379684182,1팀,120251367790160200,07.크리스피(ASC)(메가딜)_TCPA_ABO캠페인_구매최적화_수_표준기여_2464_260827,10339,0,0,0
2026-09-13 16:30:43,16:00,906987379684182,1팀,120251368155020200,01.통살(ASC)(하이브리드)_ABO캠페인_구매최적화_수_표준기여_3028_260827,5394,0,0,0
2026-09-13 16:30:43,16:00,906987379684182,1팀,120251368716980200,01.통살(ASC)(하이브리드)_TPCA_ABO캠페인_구매최적화_수_표준기여_3028_260827,2541,0,0,0
2026-09-13 16:30:43,16:00,906987379684182,1팀,120251368728810200,01.통살(ASC)(하이브리드)_TROAS_ABO캠페인_구매최적화_수_표준기여_3028_260827,1068,0,0,0
2026-09-13 16:30:43,16:00,906987379684182,1팀,120251369567610200,20.김자반밥바(ASC)(메가딜)_TCPA_ABO캠페인_구매최적화_수_표준기여_3003_260827,4760,0,0,0
2026-09-13 16:30:43,16:00,906987379684182,1팀,120251369567620200,20.김자반밥바(ASC)(메가딜)_TROAS_ABO캠페인_구매최적화_수_표준기여_3003_260827,3214,0,0,0
2026-09-13 16:30:43,16:00,906987379684182,1팀,120251369567660200,20.김자반밥바(ASC)(메가딜)_ABO캠페인_구매최적화_수_표준기여_3003_260827,4305,0,0,0
2026-09-13 16:30:43,16:00,906987379684182,1팀,120251444359310200,07.크리스피(ASC)(하이브리드)_TROAS_A+SC캠페인_구매최적화_값_표준기여_3078_260901(테무콘2),3586,0,0,0
2026-09-13 16:30:43,16:00,906987379684182,1팀,120251466594180200,22.닭가슴살볼(ASC)(메가딜)_ABO캠페인_구매최적화_수_표준기여_2905_260906,3513,0,0,0
2026-09-13 16:30:43,16:00,906987379684182,1팀,120251466785500200,22.닭가슴살볼(ASC)(메가딜)_TROAS_A+SC캠페인_구매최적화_값_표준기여_2905_260906,620,0,0,0
2026-09-13 16:30:43,16:00,906987379684182,1팀,120251503407460200,22.닭가슴살볼(ASC)(메가딜)_TROAS_A+SC캠페인_구매최적화_값_표준기여_2905_260906(김혜선),2325,0,0,0
2026-09-13 17:30:48,17:00,906987379684182,1팀,120228320649100200,01.통살(ASC)(101010)_TCPA16000_A+SC 캠페인_ALL_V1C7_수_표준기여_2336,13332,0,0,0
2026-09-13 17:30:48,17:00,906987379684182,1팀,120228788396590200,01.통살(ASC)(메가딜)_TCPA20000_A+SC 캠페인_ALL_V1C7_수_표준기여_1874,4525,0,0,0
2026-09-13 17:30:48,17:00,906987379684182,1팀,120237509836570200,07.크리스피(ASC)(메가딜)_TCPA16000_A+SC 캠페인_ALL_수_표준기여_2464,912,0,0,0
2026-09-13 17:30:48,17:00,906987379684182,1팀,120243001852340200,01.통살(ASC)(101010)_TCPA16000_A+SC 캠페인_ALL_V1C7_수_표준기여_2336_02,400,0,0,0
2026-09-13 17:30:48,17:00,906987379684182,1팀,120244128322750200,01.통살(ASC)(101010)_TCPA16000_A+SC 캠페인_ALL_V1C7_수_표준기여_2336_03,2244,0,0,0
2026-09-13 17:30:48,17:00,906987379684182,1팀,120246397028850200,07.크리스피(ASC)(통합)_A+SC 캠페인_구매최적화_수_표준기여_통합_260511,3439,1,45500,1323.0590287874381
2026-09-13 17:30:48,17:00,906987379684182,1팀,120246898203940200,03.닭다리살(ASC)(1010)_A+SC캠페인_구매최적화_수_표준기여_2604_260519,14144,0,0,0
2026-09-13 17:30:48,17:00,906987379684182,1팀,120246898384670200,03.닭다리살(ASC)(1010)_TROAS_A+SC캠페인_구매최적화_값_표준기여_2604_260519,49484,0,0,0
2026-09-13 17:30:48,17:00,906987379684182,1팀,120247379587080200,07.크리스피(ASC)(1010)_TROAS_A+SC캠페인_구매최적화_값_표준기여_2992_260527,10602,0,0,0
2026-09-13 17:30:48,17:00,906987379684182,1팀,120248361514480200,01.통살(ASC)(하이브리드)_TCPA_A+SC캠페인_ALL_C7_수_표준기여_3028_260611,2008,0,0,0
2026-09-13 17:30:48,17:00,906987379684182,1팀,120249317264140200,07.크리스피(ASC)(하이브리드)_TROAS_A+SC캠페인_구매최적화_값_표준기여_3078_260713,12929,0,0,0
2026-09-13 17:30:48,17:00,906987379684182,1팀,120249873905240200,07.크리스피(ASC)(101010)_TROAS_A+SC캠페인_구매최적화_값_표준기여_2659_260705,5948,0,0,0
2026-09-13 17:30:48,17:00,906987379684182,1팀,120249878429160200,01.통살(ASC)(하이브리드)_TROAS_A+SC캠페인_구매최적화_값_표준기여_3028_260705,11262,0,0,0
2026-09-13 17:30:48,17:00,906987379684182,1팀,120250099159330200,07.크리스피(ASC)(메가딜)_TCPA_A+SC캠페인_ALL_C7_수_표준기여_2464_260712,749,0,0,0
2026-09-13 17:30:48,17:00,906987379684182,1팀,120250268133470200,03.닭다리살(ASC)(하이브리드)_TROAS_A+SC캠페인_구매최적화_값_표준기여_3111_260726,5077,0,0,0
2026-09-13 17:30:48,17:00,906987379684182,1팀,120250614451040200,07.크리스피(ASC)(하이브리드)_TROAS_A+SC캠페인_구매최적화_값_표준기여_3078_260728,6779,0,0,0
2026-09-13 17:30:48,17:00,906987379684182,1팀,120250649570130200,07.크리스피(ASC)(하이브리드)_TROAS_A+SC캠페인_구매최적화_값_표준기여_3078_260802_AI,24664,0,0,0
2026-09-13 17:30:48,17:00,906987379684182,1팀,120250649570180200,07.크리스피(ASC)(하이브리드)_A+SC캠페인_구매최적화_수_표준기여_3078_260802_AI,8330,0,0,0
2026-09-13 17:30:48,17:00,906987379684182,1팀,120250858093370200,01.통살(ASC)(하이브리드)_TROAS_A+SC캠페인_구매최적화_값_표준기여_3028_260806,19986,0,0,0
2026-09-13 17:30:48,17:00,906987379684182,1팀,120250858093380200,01.통살(ASC)(하이브리드)_TCPA_A+SC캠페인_ALL_C7_수_표준기여_3028_260806,13,0,0,0
2026-09-13 17:30:48,17:00,906987379684182,1팀,120250858456470200,01.통살(ASC)(하이브리드)_A+SC캠페인_구매최적화_수_표준기여_3028_260806,6972,0,0,0
2026-09-13 17:30:48,17:00,906987379684182,1팀,120250858902230200,07.크리스피(ASC)(메가딜)_A+SC캠페인_구매최적화_수_표준기여_2464_260806,3079,0,0,0
2026-09-13 17:30:48,17:00,906987379684182,1팀,120250858902240200,07.크리스피(ASC)(메가딜)_TCPA_A+SC캠페인_ALL_C7_수_표준기여_2464_260806,3056,0,0,0
2026-09-13 17:30:48,17:00,906987379684182,1팀,120250858902260200,07.크리스피(ASC)(메가딜)_TROAS_A+SC캠페인_구매최적화_값_표준기여_2464_260806,7009,0,0,0
2026-09-13 17:30:48,17:00,906987379684182,1팀,120250859189800200,17.안심볶음밥(ASC)(메가딜)_A+SC캠페인_구매최적화_수_표준기여_2903_260907,14084,0,0,0
2026-09-13 17:30:48,17:00,906987379684182,1팀,120250859189820200,17.안심볶음밥(ASC)(메가딜)_TROAS_A+SC캠페인_구매최적화_값_표준기여_2903_260907,1375,0,0,0
2026-09-13 17:30:48,17:00,906987379684182,1팀,120250859367430200,20.김자반밥바(ASC)(하이브리드)_A+SC캠페인_구매최적화_수_가치조정_3159_260806,18280,2,78100,427.2428884026258
2026-09-13 17:30:48,17:00,906987379684182,1팀,120250859367440200,20.김자반밥바(ASC)(하이브리드)_TCPA_A+SC캠페인_ALL_C7_수_표준기여_3159_260806,0,0,0,0
2026-09-13 17:30:48,17:00,906987379684182,1팀,120251066794820200,07.크리스피(ASC)(하이브리드)_A+SC캠페인_구매최적화_수_표준기여_3078_260816_AI _2,3980,0,0,0
2026-09-13 17:30:48,17:00,906987379684182,1팀,120251066794930200,07.크리스피(ASC)(하이브리드)_TROAS_A+SC캠페인_구매최적화_값_표준기여_3078_260816_AI _2,3944,0,0,0
2026-09-13 17:30:48,17:00,906987379684182,1팀,120251169199390200,07.크리스피(ASC)(하이브리드)_TROAS_A+SC캠페인_구매최적화_값_표준기여_3078_260817(페르소나2),6046,0,0,0
2026-09-13 17:30:48,17:00,906987379684182,1팀,120251209789390200,07.크리스피(ASC)(하이브리드)_ABO캠페인_구매최적화_수_표준기여_3078_260819,8198,0,0,0
2026-09-13 17:30:48,17:00,906987379684182,1팀,120251211164300200,07.크리스피(ASC)(하이브리드)_TCPA_A+SC캠페인_ALL_C7_수_표준기여_3078_260819(테무콘),1025,0,0,0
2026-09-13 17:30:48,17:00,906987379684182,1팀,120251211164310200,07.크리스피(ASC)(하이브리드)_TROAS_A+SC캠페인_구매최적화_값_표준기여_3078_260819(테무콘),15993,1,61300,383.29269055211654
2026-09-13 17:30:48,17:00,906987379684182,1팀,120251211164320200,07.크리스피(ASC)(하이브리드)_A+SC캠페인_구매최적화_수_표준기여_3078_260819(테무콘),11031,0,0,0
2026-09-13 17:30:48,17:00,906987379684182,1팀,120251251665220200,07.크리스피(ASC)(하이브리드)_TROAS_ABO캠페인_구매최적화_수_표준기여_3078_260821,23232,0,0,0
2026-09-13 17:30:48,17:00,906987379684182,1팀,120251327515450200,07.크리스피(ASC)(메가딜)_ABO캠페인_구매최적화_수_표준기여_2464_260825,5034,0,0,0
2026-09-13 17:30:48,17:00,906987379684182,1팀,120251328004940200,07.크리스피(ASC)(메가딜)_TROAS_ABO캠페인_구매최적화_수_표준기여_2464_260825,8386,0,0,0
2026-09-13 17:30:48,17:00,906987379684182,1팀,120251367693570200,07.크리스피(ASC)(하이브리드)_TCPA_ABO캠페인_구매최적화_수_표준기여_3078_260827,1434,0,0,0
2026-09-13 17:30:48,17:00,906987379684182,1팀,120251367790160200,07.크리스피(ASC)(메가딜)_TCPA_ABO캠페인_구매최적화_수_표준기여_2464_260827,10785,0,0,0
2026-09-13 17:30:48,17:00,906987379684182,1팀,120251368155020200,01.통살(ASC)(하이브리드)_ABO캠페인_구매최적화_수_표준기여_3028_260827,6972,1,42800,613.8841078600115
2026-09-13 17:30:48,17:00,906987379684182,1팀,120251368716980200,01.통살(ASC)(하이브리드)_TPCA_ABO캠페인_구매최적화_수_표준기여_3028_260827,3164,0,0,0
2026-09-13 17:30:48,17:00,906987379684182,1팀,120251368728810200,01.통살(ASC)(하이브리드)_TROAS_ABO캠페인_구매최적화_수_표준기여_3028_260827,1578,0,0,0
2026-09-13 17:30:48,17:00,906987379684182,1팀,120251369567610200,20.김자반밥바(ASC)(메가딜)_TCPA_ABO캠페인_구매최적화_수_표준기여_3003_260827,5494,1,41900,762.650163815071
2026-09-13 17:30:48,17:00,906987379684182,1팀,120251369567620200,20.김자반밥바(ASC)(메가딜)_TROAS_ABO캠페인_구매최적화_수_표준기여_3003_260827,5001,0,0,0
2026-09-13 17:30:48,17:00,906987379684182,1팀,120251369567660200,20.김자반밥바(ASC)(메가딜)_ABO캠페인_구매최적화_수_표준기여_3003_260827,4461,0,0,0
2026-09-13 17:30:48,17:00,906987379684182,1팀,120251444359310200,07.크리스피(ASC)(하이브리드)_TROAS_A+SC캠페인_구매최적화_값_표준기여_3078_260901(테무콘2),4088,0,0,0
2026-09-13 17:30:48,17:00,906987379684182,1팀,120251466594180200,22.닭가슴살볼(ASC)(메가딜)_ABO캠페인_구매최적화_수_표준기여_2905_260906,7552,0,0,0
2026-09-13 17:30:48,17:00,906987379684182,1팀,120251466785500200,22.닭가슴살볼(ASC)(메가딜)_TROAS_A+SC캠페인_구매최적화_값_표준기여_2905_260906,270,0,0,0
2026-09-13 17:30:48,17:00,906987379684182,1팀,120251503407460200,22.닭가슴살볼(ASC)(메가딜)_TROAS_A+SC캠페인_구매최적화_값_표준기여_2905_260906(김혜선),4996,0,0,0
