pollTime,hour,account,accountLabel,campaignId,campaignName,spend,purchases,purchaseValue,roas
2026-08-18 10:38:09,10:00,906987379684182,1팀,120228320649100200,01.통살(ASC)(101010)_TCPA16000_A+SC 캠페인_ALL_V1C7_수_표준기여_2336,9700,1,120000,1237.1134020618558
2026-08-18 10:38:09,10:00,906987379684182,1팀,120228788396590200,01.통살(ASC)(메가딜)_TCPA20000_A+SC 캠페인_ALL_V1C7_수_표준기여_1874,9582,0,0,0
2026-08-18 10:38:09,10:00,906987379684182,1팀,120230755324960200,07.크리스피(ASC)(메가딜)_A+SC 캠페인_구매최적화_수_표준기여_2464,19376,0,0,0
2026-08-18 10:38:09,10:00,906987379684182,1팀,120237509836570200,07.크리스피(ASC)(메가딜)_TCPA16000_A+SC 캠페인_ALL_수_표준기여_2464,1321,0,0,0
2026-08-18 10:38:09,10:00,906987379684182,1팀,120243001852340200,01.통살(ASC)(101010)_TCPA16000_A+SC 캠페인_ALL_V1C7_수_표준기여_2336_02,241,0,0,0
2026-08-18 10:38:09,10:00,906987379684182,1팀,120243258462660200,07.크리스피(ASC)(101010)_A+SC 캠페인_구매최적화_수_표준기여_2659_260322,1878,0,0,0
2026-08-18 10:38:09,10:00,906987379684182,1팀,120244128322750200,01.통살(ASC)(101010)_TCPA16000_A+SC 캠페인_ALL_V1C7_수_표준기여_2336_03,993,0,0,0
2026-08-18 10:38:09,10:00,906987379684182,1팀,120244130427210200,07.크리스피(ASC)(메가딜)_A+SC 캠페인_구매최적화_수_표준기여_2464_260404,1157,0,0,0
2026-08-18 10:38:09,10:00,906987379684182,1팀,120244370408130200,17.안심볶음밥(ASC)(메가딜)_TCPA_A+SC 캠페인_ALL_C7_수_표준기여_2903_260409,3953,0,0,0
2026-08-18 10:38:09,10:00,906987379684182,1팀,120246157174550200,17.안심볶음밥(ASC)(메가딜)_A+SC 캠페인_구매최적화_수_표준기여_2903_260507_남자,8448,0,0,0
2026-08-18 10:38:09,10:00,906987379684182,1팀,120246224683700200,17.안심볶음밥(ASC)(메가딜)_A+SC 캠페인_구매최적화_수_표준기여_2903_260507_남자_02,2501,0,0,0
2026-08-18 10:38:09,10:00,906987379684182,1팀,120246397028850200,07.크리스피(ASC)(통합)_A+SC 캠페인_구매최적화_수_표준기여_통합_260511,8204,0,0,0
2026-08-18 10:38:09,10:00,906987379684182,1팀,120246898203940200,03.닭다리살(ASC)(1010)_A+SC캠페인_구매최적화_수_표준기여_2604_260519,4531,0,0,0
2026-08-18 10:38:09,10:00,906987379684182,1팀,120246898384670200,03.닭다리살(ASC)(1010)_TROAS_A+SC캠페인_구매최적화_값_표준기여_2604_260519,11368,1,74800,657.9873328641802
2026-08-18 10:38:09,10:00,906987379684182,1팀,120247354558020200,20.김자반밥바(ASC)(메가딜)_A+SC캠페인_구매최적화_수_표준기여_3003_260527,0,0,0,0
2026-08-18 10:38:09,10:00,906987379684182,1팀,120247379587080200,07.크리스피(ASC)(1010)_TROAS_A+SC캠페인_구매최적화_값_표준기여_2992_260527,18581,2,244800,1317.4748398902104
2026-08-18 10:38:09,10:00,906987379684182,1팀,120248207670120200,17.안심볶음밥(ASC)(메가딜)_A+SC 캠페인_구매최적화_수_표준기여_2903_260609_남자(가치조정),1870,0,0,0
2026-08-18 10:38:09,10:00,906987379684182,1팀,120248361514480200,01.통살(ASC)(하이브리드)_TCPA_A+SC캠페인_ALL_C7_수_표준기여_3028_260611,2107,0,0,0
2026-08-18 10:38:09,10:00,906987379684182,1팀,120248361514580200,01.통살(ASC)(하이브리드)_TROAS_A+SC캠페인_구매최적화_값_표준기여_3028_260611,4176,0,0,0
2026-08-18 10:38:09,10:00,906987379684182,1팀,120248762624190200,17.안심볶음밥(ASC)(메가딜)_TCPA_A+SC캠페인_ALL_C7_수_표준기여_2903_260705,191,0,0,0
2026-08-18 10:38:09,10:00,906987379684182,1팀,120248762624470200,17.안심볶음밥(ASC)(메가딜)_TROAS_A+SC캠페인_구매최적화_값_표준기여_2903_260705,7367,0,0,0
2026-08-18 10:38:09,10:00,906987379684182,1팀,120248762761370200,17.안심볶음밥(ASC)(메가딜)_A+SC캠페인_구매최적화_수_표준기여_2903_260705,1513,0,0,0
2026-08-18 10:38:09,10:00,906987379684182,1팀,120248762858730200,16.안심크리스피(ASC)(메가딜)_A+SC 캠페인_구매최적화_수_표준기여_2908_260720(페르소나),9310,0,0,0
2026-08-18 10:38:09,10:00,906987379684182,1팀,120248763306900200,16.안심크리스피(ASC)(메가딜)_TCPA_A+SC캠페인_ALL_C7_수_표준기여_2908_260621,1252,0,0,0
2026-08-18 10:38:09,10:00,906987379684182,1팀,120248763797300200,21.통살+그릴드(ASC)(메가딜)_TROAS_A+SC캠페인_구매최적화_값_표준기여_3068_260617,3621,0,0,0
2026-08-18 10:38:09,10:00,906987379684182,1팀,120248763797350200,21.통살+그릴드(ASC)(메가딜)_A+SC캠페인_구매최적화_수_표준기여_3068_260617,1193,0,0,0
2026-08-18 10:38:09,10:00,906987379684182,1팀,120249317264110200,07.크리스피(ASC)(하이브리드)_A+SC캠페인_구매최적화_수_표준기여_3078_260713,18254,0,0,0
2026-08-18 10:38:09,10:00,906987379684182,1팀,120249317264120200,07.크리스피(ASC)(하이브리드)_TCPA_A+SC캠페인_ALL_C7_수_표준기여_3078_260713,3,0,0,0
2026-08-18 10:38:09,10:00,906987379684182,1팀,120249317264140200,07.크리스피(ASC)(하이브리드)_TROAS_A+SC캠페인_구매최적화_값_표준기여_3078_260713,52368,0,0,0
2026-08-18 10:38:09,10:00,906987379684182,1팀,120249875227840200,16.안심크리스피(ASC)(메가딜)_A+SC캠페인_구매최적화_수_표준기여_2908_260705,1736,0,0,0
2026-08-18 10:38:09,10:00,906987379684182,1팀,120249875227870200,16.안심크리스피(ASC)(메가딜)_TCPA_A+SC캠페인_ALL_C7_수_표준기여_2908_260705,839,0,0,0
2026-08-18 10:38:09,10:00,906987379684182,1팀,120249876219520200,20.김자반밥바(ASC)(메가딜)_TROAS_A+SC캠페인_구매최적화_값_표준기여_3003_260705,3768,0,0,0
2026-08-18 10:38:09,10:00,906987379684182,1팀,120249878429160200,01.통살(ASC)(하이브리드)_TROAS_A+SC캠페인_구매최적화_값_표준기여_3028_260705,2758,0,0,0
2026-08-18 10:38:09,10:00,906987379684182,1팀,120249878429240200,01.통살(ASC)(하이브리드)_A+SC캠페인_구매최적화_수_표준기여_3028_260705,1262,0,0,0
2026-08-18 10:38:09,10:00,906987379684182,1팀,120250098930220200,01.통살(ASC)(101010)_TROAS_A+SC캠페인_구매최적화_값_표준기여_2336_260712,25794,0,0,0
2026-08-18 10:38:09,10:00,906987379684182,1팀,120250099159310200,07.크리스피(ASC)(메가딜)_A+SC캠페인_구매최적화_수_표준기여_2464_260712,2442,0,0,0
2026-08-18 10:38:09,10:00,906987379684182,1팀,120250099159320200,07.크리스피(ASC)(메가딜)_TROAS_A+SC캠페인_구매최적화_값_표준기여_2464_260712,2904,0,0,0
2026-08-18 10:38:09,10:00,906987379684182,1팀,120250099159330200,07.크리스피(ASC)(메가딜)_TCPA_A+SC캠페인_ALL_C7_수_표준기여_2464_260712,1055,0,0,0
2026-08-18 10:38:09,10:00,906987379684182,1팀,120250099335020200,77.프로모션(ASC)(줄리엔강)_TCPA_A+SC캠페인_ALL_C7_수_표준기여_260713,4702,0,0,0
2026-08-18 10:38:09,10:00,906987379684182,1팀,120250099335030200,77.프로모션(ASC)(줄리엔강)_TROAS_A+SC캠페인_구매최적화_값_표준기여_260713,0,0,0,0
2026-08-18 10:38:09,10:00,906987379684182,1팀,120250268133470200,03.닭다리살(ASC)(하이브리드)_TROAS_A+SC캠페인_구매최적화_값_표준기여_3111_260726,5113,0,0,0
2026-08-18 10:38:09,10:00,906987379684182,1팀,120250444210730200,20.김자반밥바(ASC)(하이브리드)_TROAS_A+SC캠페인_구매최적화_값_표준기여_3159_260726,9458,1,57300,605.8363290336223
2026-08-18 10:38:09,10:00,906987379684182,1팀,120250444210740200,20.김자반밥바(ASC)(하이브리드)_A+SC캠페인_구매최적화_수_표준기여_3159_260726,1524,0,0,0
2026-08-18 10:38:09,10:00,906987379684182,1팀,120250444210900200,20.김자반밥바(ASC)(하이브리드)_TCPA_A+SC캠페인_ALL_C7_수_표준기여_3159_260726,2277,0,0,0
2026-08-18 10:38:09,10:00,906987379684182,1팀,120250444423310200,21.통살+그릴드(ASC)(하이브리드)_TROAS_A+SC캠페인_구매최적화_값_표준기여_3162_260726,3585,0,0,0
2026-08-18 10:38:09,10:00,906987379684182,1팀,120250444423320200,21.통살+그릴드(ASC)(하이브리드)_TCPA_A+SC캠페인_ALL_C7_수_표준기여_3162_260726,148,0,0,0
2026-08-18 10:38:09,10:00,906987379684182,1팀,120250444423330200,21.통살+그릴드(ASC)(하이브리드)_A+SC캠페인_구매최적화_수_표준기여_3162_260726,7473,0,0,0
2026-08-18 10:38:09,10:00,906987379684182,1팀,120250475752460200,07.크리스피(ASC)(하이브리드)_TROAS_A+SC캠페인_구매최적화_값_표준기여_3078_260722(페르소나),67545,1,94600,140.05477829595085
2026-08-18 10:38:09,10:00,906987379684182,1팀,120250614451020200,07.크리스피(ASC)(하이브리드)_A+SC캠페인_구매최적화_수_표준기여_3078_260728,16377,0,0,0
2026-08-18 10:38:09,10:00,906987379684182,1팀,120250614451040200,07.크리스피(ASC)(하이브리드)_TROAS_A+SC캠페인_구매최적화_값_표준기여_3078_260728,316,0,0,0
2026-08-18 10:38:09,10:00,906987379684182,1팀,120250614451160200,07.크리스피(ASC)(하이브리드)_TCPA_A+SC캠페인_ALL_C7_수_표준기여_3078_260728,4144,0,0,0
2026-08-18 10:38:09,10:00,906987379684182,1팀,120250649570130200,07.크리스피(ASC)(하이브리드)_TROAS_A+SC캠페인_구매최적화_값_표준기여_3078_260802_AI,6396,0,0,0
2026-08-18 10:38:09,10:00,906987379684182,1팀,120250649570150200,07.크리스피(ASC)(하이브리드)_TCPA_A+SC캠페인_ALL_C7_수_표준기여_3078_260802_AI,0,2,358200,0
2026-08-18 10:38:09,10:00,906987379684182,1팀,120250649570180200,07.크리스피(ASC)(하이브리드)_A+SC캠페인_구매최적화_수_표준기여_3078_260802_AI,8725,2,119500,1369.6275071633238
2026-08-18 10:38:09,10:00,906987379684182,1팀,120250856737330200,77.프로모션(ASC)(통크크)_TROAS_A+SC캠페인_구매최적화_값_표준기여_260806,4458,0,0,0
2026-08-18 10:38:09,10:00,906987379684182,1팀,120250856737340200,77.프로모션(ASC)(통크크)_TCPA_A+SC캠페인_ALL_C7_수_표준기여_260806,1629,0,0,0
2026-08-18 10:38:09,10:00,906987379684182,1팀,120250856737350200,77.프로모션(ASC)(통크크)_A+SC캠페인_구매최적화_수_표준기여_260806,2204,0,0,0
2026-08-18 10:38:09,10:00,906987379684182,1팀,120250858093370200,01.통살(ASC)(하이브리드)_TROAS_A+SC캠페인_구매최적화_값_표준기여_3028_260806,21,0,0,0
2026-08-18 10:38:09,10:00,906987379684182,1팀,120250858456470200,01.통살(ASC)(하이브리드)_A+SC캠페인_구매최적화_수_표준기여_3028_260806,2147,0,0,0
2026-08-18 10:38:09,10:00,906987379684182,1팀,120250858902230200,07.크리스피(ASC)(메가딜)_A+SC캠페인_구매최적화_수_표준기여_2464_260806,2839,0,0,0
2026-08-18 10:38:09,10:00,906987379684182,1팀,120250858902240200,07.크리스피(ASC)(메가딜)_TCPA_A+SC캠페인_ALL_C7_수_표준기여_2464_260806,515,0,0,0
2026-08-18 10:38:09,10:00,906987379684182,1팀,120250858902260200,07.크리스피(ASC)(메가딜)_TROAS_A+SC캠페인_구매최적화_값_표준기여_2464_260806,4574,0,0,0
2026-08-18 10:38:09,10:00,906987379684182,1팀,120250859130300200,16.안심크리스피(ASC)(메가딜)_TROAS_A+SC캠페인_구매최적화_값_표준기여_2908_260806,631,0,0,0
2026-08-18 10:38:09,10:00,906987379684182,1팀,120250859130340200,16.안심크리스피(ASC)(메가딜)_A+SC캠페인_구매최적화_수_표준기여_2908_260806,4694,0,0,0
2026-08-18 10:38:09,10:00,906987379684182,1팀,120250859189800200,17.안심볶음밥(ASC)(메가딜)_A+SC캠페인_구매최적화_수_표준기여_2903_260806,2754,0,0,0
2026-08-18 10:38:09,10:00,906987379684182,1팀,120250859189810200,17.안심볶음밥(ASC)(메가딜)_TCPA_A+SC캠페인_ALL_C7_수_표준기여_2903_260806,1931,1,33000,1708.9590885551527
2026-08-18 10:38:09,10:00,906987379684182,1팀,120250859189820200,17.안심볶음밥(ASC)(메가딜)_TROAS_A+SC캠페인_구매최적화_값_표준기여_2903_260806,7960,0,0,0
2026-08-18 10:38:09,10:00,906987379684182,1팀,120250859259390200,20.김자반밥바(ASC)(메가딜)_TROAS_A+SC캠페인_구매최적화_값_표준기여_3003_260806,3360,0,0,0
2026-08-18 10:38:09,10:00,906987379684182,1팀,120250859259410200,20.김자반밥바(ASC)(메가딜)_TCPA_A+SC캠페인_ALL_C7_수_표준기여_3003_260806,2456,0,0,0
2026-08-18 10:38:09,10:00,906987379684182,1팀,120250859259430200,20.김자반밥바(ASC)(메가딜)_A+SC캠페인_구매최적화_수_가치조정_3003_260806,2457,1,32900,1339.031339031339
2026-08-18 10:38:09,10:00,906987379684182,1팀,120250859367430200,20.김자반밥바(ASC)(하이브리드)_A+SC캠페인_구매최적화_수_가치조정_3159_260806,3397,0,0,0
2026-08-18 10:38:09,10:00,906987379684182,1팀,120250859367440200,20.김자반밥바(ASC)(하이브리드)_TCPA_A+SC캠페인_ALL_C7_수_표준기여_3159_260806,6933,0,0,0
2026-08-18 10:38:09,10:00,906987379684182,1팀,120250859367470200,20.김자반밥바(ASC)(하이브리드)_TROAS_A+SC캠페인_구매최적화_값_표준기여_3159_260806,4045,0,0,0
2026-08-18 10:38:09,10:00,906987379684182,1팀,120251066794820200,07.크리스피(ASC)(하이브리드)_A+SC캠페인_구매최적화_수_표준기여_3078_260816_AI _2,12414,0,0,0
2026-08-18 10:38:09,10:00,906987379684182,1팀,120251066794930200,07.크리스피(ASC)(하이브리드)_TROAS_A+SC캠페인_구매최적화_값_표준기여_3078_260816_AI _2,5734,0,0,0
2026-08-18 10:38:09,10:00,906987379684182,1팀,120251169199390200,07.크리스피(ASC)(하이브리드)_TROAS_A+SC캠페인_구매최적화_값_표준기여_3078_260817(페르소나2),2793,0,0,0
2026-08-18 10:39:23,10:00,906987379684182,1팀,120228320649100200,01.통살(ASC)(101010)_TCPA16000_A+SC 캠페인_ALL_V1C7_수_표준기여_2336,10398,1,120000,1154.0680900173109
2026-08-18 10:39:23,10:00,906987379684182,1팀,120228788396590200,01.통살(ASC)(메가딜)_TCPA20000_A+SC 캠페인_ALL_V1C7_수_표준기여_1874,11225,0,0,0
2026-08-18 10:39:23,10:00,906987379684182,1팀,120230755324960200,07.크리스피(ASC)(메가딜)_A+SC 캠페인_구매최적화_수_표준기여_2464,21070,0,0,0
2026-08-18 10:39:23,10:00,906987379684182,1팀,120237509836570200,07.크리스피(ASC)(메가딜)_TCPA16000_A+SC 캠페인_ALL_수_표준기여_2464,1321,0,0,0
2026-08-18 10:39:23,10:00,906987379684182,1팀,120243001852340200,01.통살(ASC)(101010)_TCPA16000_A+SC 캠페인_ALL_V1C7_수_표준기여_2336_02,262,0,0,0
2026-08-18 10:39:23,10:00,906987379684182,1팀,120243258462660200,07.크리스피(ASC)(101010)_A+SC 캠페인_구매최적화_수_표준기여_2659_260322,1948,0,0,0
2026-08-18 10:39:23,10:00,906987379684182,1팀,120244128322750200,01.통살(ASC)(101010)_TCPA16000_A+SC 캠페인_ALL_V1C7_수_표준기여_2336_03,1066,0,0,0
2026-08-18 10:39:23,10:00,906987379684182,1팀,120244130427210200,07.크리스피(ASC)(메가딜)_A+SC 캠페인_구매최적화_수_표준기여_2464_260404,1328,0,0,0
2026-08-18 10:39:23,10:00,906987379684182,1팀,120244370408130200,17.안심볶음밥(ASC)(메가딜)_TCPA_A+SC 캠페인_ALL_C7_수_표준기여_2903_260409,4437,0,0,0
2026-08-18 10:39:23,10:00,906987379684182,1팀,120246157174550200,17.안심볶음밥(ASC)(메가딜)_A+SC 캠페인_구매최적화_수_표준기여_2903_260507_남자,9259,0,0,0
2026-08-18 10:39:23,10:00,906987379684182,1팀,120246224683700200,17.안심볶음밥(ASC)(메가딜)_A+SC 캠페인_구매최적화_수_표준기여_2903_260507_남자_02,2745,0,0,0
2026-08-18 10:39:23,10:00,906987379684182,1팀,120246397028850200,07.크리스피(ASC)(통합)_A+SC 캠페인_구매최적화_수_표준기여_통합_260511,8708,0,0,0
2026-08-18 10:39:23,10:00,906987379684182,1팀,120246898203940200,03.닭다리살(ASC)(1010)_A+SC캠페인_구매최적화_수_표준기여_2604_260519,4933,0,0,0
2026-08-18 10:39:23,10:00,906987379684182,1팀,120246898384670200,03.닭다리살(ASC)(1010)_TROAS_A+SC캠페인_구매최적화_값_표준기여_2604_260519,12604,1,74800,593.4623928911457
2026-08-18 10:39:23,10:00,906987379684182,1팀,120247354558020200,20.김자반밥바(ASC)(메가딜)_A+SC캠페인_구매최적화_수_표준기여_3003_260527,0,0,0,0
2026-08-18 10:39:23,10:00,906987379684182,1팀,120247379587080200,07.크리스피(ASC)(1010)_TROAS_A+SC캠페인_구매최적화_값_표준기여_2992_260527,20179,2,244800,1213.1423757371526
2026-08-18 10:39:23,10:00,906987379684182,1팀,120248207670120200,17.안심볶음밥(ASC)(메가딜)_A+SC 캠페인_구매최적화_수_표준기여_2903_260609_남자(가치조정),2658,0,0,0
2026-08-18 10:39:23,10:00,906987379684182,1팀,120248361514480200,01.통살(ASC)(하이브리드)_TCPA_A+SC캠페인_ALL_C7_수_표준기여_3028_260611,2327,0,0,0
2026-08-18 10:39:23,10:00,906987379684182,1팀,120248361514580200,01.통살(ASC)(하이브리드)_TROAS_A+SC캠페인_구매최적화_값_표준기여_3028_260611,4776,0,0,0
2026-08-18 10:39:23,10:00,906987379684182,1팀,120248762624190200,17.안심볶음밥(ASC)(메가딜)_TCPA_A+SC캠페인_ALL_C7_수_표준기여_2903_260705,202,0,0,0
2026-08-18 10:39:23,10:00,906987379684182,1팀,120248762624470200,17.안심볶음밥(ASC)(메가딜)_TROAS_A+SC캠페인_구매최적화_값_표준기여_2903_260705,8145,0,0,0
2026-08-18 10:39:23,10:00,906987379684182,1팀,120248762761370200,17.안심볶음밥(ASC)(메가딜)_A+SC캠페인_구매최적화_수_표준기여_2903_260705,1601,0,0,0
2026-08-18 10:39:23,10:00,906987379684182,1팀,120248762858730200,16.안심크리스피(ASC)(메가딜)_A+SC 캠페인_구매최적화_수_표준기여_2908_260720(페르소나),10265,0,0,0
2026-08-18 10:39:23,10:00,906987379684182,1팀,120248763306900200,16.안심크리스피(ASC)(메가딜)_TCPA_A+SC캠페인_ALL_C7_수_표준기여_2908_260621,1335,0,0,0
2026-08-18 10:39:23,10:00,906987379684182,1팀,120248763797300200,21.통살+그릴드(ASC)(메가딜)_TROAS_A+SC캠페인_구매최적화_값_표준기여_3068_260617,3881,0,0,0
2026-08-18 10:39:23,10:00,906987379684182,1팀,120248763797350200,21.통살+그릴드(ASC)(메가딜)_A+SC캠페인_구매최적화_수_표준기여_3068_260617,1294,0,0,0
2026-08-18 10:39:23,10:00,906987379684182,1팀,120249317264110200,07.크리스피(ASC)(하이브리드)_A+SC캠페인_구매최적화_수_표준기여_3078_260713,19380,0,0,0
2026-08-18 10:39:23,10:00,906987379684182,1팀,120249317264120200,07.크리스피(ASC)(하이브리드)_TCPA_A+SC캠페인_ALL_C7_수_표준기여_3078_260713,3,0,0,0
2026-08-18 10:39:23,10:00,906987379684182,1팀,120249317264140200,07.크리스피(ASC)(하이브리드)_TROAS_A+SC캠페인_구매최적화_값_표준기여_3078_260713,62538,1,59800,95.62186190795995
2026-08-18 10:39:23,10:00,906987379684182,1팀,120249875227840200,16.안심크리스피(ASC)(메가딜)_A+SC캠페인_구매최적화_수_표준기여_2908_260705,1985,0,0,0
2026-08-18 10:39:23,10:00,906987379684182,1팀,120249875227870200,16.안심크리스피(ASC)(메가딜)_TCPA_A+SC캠페인_ALL_C7_수_표준기여_2908_260705,876,0,0,0
2026-08-18 10:39:23,10:00,906987379684182,1팀,120249876219520200,20.김자반밥바(ASC)(메가딜)_TROAS_A+SC캠페인_구매최적화_값_표준기여_3003_260705,4087,0,0,0
2026-08-18 10:39:23,10:00,906987379684182,1팀,120249878429160200,01.통살(ASC)(하이브리드)_TROAS_A+SC캠페인_구매최적화_값_표준기여_3028_260705,3014,0,0,0
2026-08-18 10:39:23,10:00,906987379684182,1팀,120249878429240200,01.통살(ASC)(하이브리드)_A+SC캠페인_구매최적화_수_표준기여_3028_260705,1342,0,0,0
2026-08-18 10:39:23,10:00,906987379684182,1팀,120250098930220200,01.통살(ASC)(101010)_TROAS_A+SC캠페인_구매최적화_값_표준기여_2336_260712,28944,0,0,0
2026-08-18 10:39:23,10:00,906987379684182,1팀,120250099159310200,07.크리스피(ASC)(메가딜)_A+SC캠페인_구매최적화_수_표준기여_2464_260712,2851,0,0,0
2026-08-18 10:39:23,10:00,906987379684182,1팀,120250099159320200,07.크리스피(ASC)(메가딜)_TROAS_A+SC캠페인_구매최적화_값_표준기여_2464_260712,3084,0,0,0
2026-08-18 10:39:23,10:00,906987379684182,1팀,120250099159330200,07.크리스피(ASC)(메가딜)_TCPA_A+SC캠페인_ALL_C7_수_표준기여_2464_260712,1103,0,0,0
2026-08-18 10:39:23,10:00,906987379684182,1팀,120250099335020200,77.프로모션(ASC)(줄리엔강)_TCPA_A+SC캠페인_ALL_C7_수_표준기여_260713,5108,0,0,0
2026-08-18 10:39:23,10:00,906987379684182,1팀,120250099335030200,77.프로모션(ASC)(줄리엔강)_TROAS_A+SC캠페인_구매최적화_값_표준기여_260713,0,0,0,0
2026-08-18 10:39:23,10:00,906987379684182,1팀,120250268133470200,03.닭다리살(ASC)(하이브리드)_TROAS_A+SC캠페인_구매최적화_값_표준기여_3111_260726,5548,0,0,0
2026-08-18 10:39:23,10:00,906987379684182,1팀,120250444210730200,20.김자반밥바(ASC)(하이브리드)_TROAS_A+SC캠페인_구매최적화_값_표준기여_3159_260726,9515,1,57300,602.2070415133999
2026-08-18 10:39:23,10:00,906987379684182,1팀,120250444210740200,20.김자반밥바(ASC)(하이브리드)_A+SC캠페인_구매최적화_수_표준기여_3159_260726,1770,0,0,0
2026-08-18 10:39:23,10:00,906987379684182,1팀,120250444210900200,20.김자반밥바(ASC)(하이브리드)_TCPA_A+SC캠페인_ALL_C7_수_표준기여_3159_260726,2436,0,0,0
2026-08-18 10:39:23,10:00,906987379684182,1팀,120250444423310200,21.통살+그릴드(ASC)(하이브리드)_TROAS_A+SC캠페인_구매최적화_값_표준기여_3162_260726,3829,0,0,0
2026-08-18 10:39:23,10:00,906987379684182,1팀,120250444423320200,21.통살+그릴드(ASC)(하이브리드)_TCPA_A+SC캠페인_ALL_C7_수_표준기여_3162_260726,187,0,0,0
2026-08-18 10:39:23,10:00,906987379684182,1팀,120250444423330200,21.통살+그릴드(ASC)(하이브리드)_A+SC캠페인_구매최적화_수_표준기여_3162_260726,8337,0,0,0
2026-08-18 10:39:23,10:00,906987379684182,1팀,120250475752460200,07.크리스피(ASC)(하이브리드)_TROAS_A+SC캠페인_구매최적화_값_표준기여_3078_260722(페르소나),76913,1,94600,122.99611249073628
2026-08-18 10:39:23,10:00,906987379684182,1팀,120250614451020200,07.크리스피(ASC)(하이브리드)_A+SC캠페인_구매최적화_수_표준기여_3078_260728,18341,0,0,0
2026-08-18 10:39:23,10:00,906987379684182,1팀,120250614451040200,07.크리스피(ASC)(하이브리드)_TROAS_A+SC캠페인_구매최적화_값_표준기여_3078_260728,382,0,0,0
2026-08-18 10:39:23,10:00,906987379684182,1팀,120250614451160200,07.크리스피(ASC)(하이브리드)_TCPA_A+SC캠페인_ALL_C7_수_표준기여_3078_260728,4696,0,0,0
2026-08-18 10:39:23,10:00,906987379684182,1팀,120250649570130200,07.크리스피(ASC)(하이브리드)_TROAS_A+SC캠페인_구매최적화_값_표준기여_3078_260802_AI,7214,0,0,0
2026-08-18 10:39:23,10:00,906987379684182,1팀,120250649570150200,07.크리스피(ASC)(하이브리드)_TCPA_A+SC캠페인_ALL_C7_수_표준기여_3078_260802_AI,0,2,358200,0
2026-08-18 10:39:23,10:00,906987379684182,1팀,120250649570180200,07.크리스피(ASC)(하이브리드)_A+SC캠페인_구매최적화_수_표준기여_3078_260802_AI,9204,2,119500,1298.348544111256
2026-08-18 10:39:23,10:00,906987379684182,1팀,120250856737330200,77.프로모션(ASC)(통크크)_TROAS_A+SC캠페인_구매최적화_값_표준기여_260806,4684,0,0,0
2026-08-18 10:39:23,10:00,906987379684182,1팀,120250856737340200,77.프로모션(ASC)(통크크)_TCPA_A+SC캠페인_ALL_C7_수_표준기여_260806,1798,0,0,0
2026-08-18 10:39:23,10:00,906987379684182,1팀,120250856737350200,77.프로모션(ASC)(통크크)_A+SC캠페인_구매최적화_수_표준기여_260806,2398,0,0,0
2026-08-18 10:39:23,10:00,906987379684182,1팀,120250858093370200,01.통살(ASC)(하이브리드)_TROAS_A+SC캠페인_구매최적화_값_표준기여_3028_260806,21,0,0,0
2026-08-18 10:39:23,10:00,906987379684182,1팀,120250858456470200,01.통살(ASC)(하이브리드)_A+SC캠페인_구매최적화_수_표준기여_3028_260806,2377,0,0,0
2026-08-18 10:39:23,10:00,906987379684182,1팀,120250858902230200,07.크리스피(ASC)(메가딜)_A+SC캠페인_구매최적화_수_표준기여_2464_260806,3108,0,0,0
2026-08-18 10:39:23,10:00,906987379684182,1팀,120250858902240200,07.크리스피(ASC)(메가딜)_TCPA_A+SC캠페인_ALL_C7_수_표준기여_2464_260806,529,0,0,0
2026-08-18 10:39:23,10:00,906987379684182,1팀,120250858902260200,07.크리스피(ASC)(메가딜)_TROAS_A+SC캠페인_구매최적화_값_표준기여_2464_260806,4870,0,0,0
2026-08-18 10:39:23,10:00,906987379684182,1팀,120250859130300200,16.안심크리스피(ASC)(메가딜)_TROAS_A+SC캠페인_구매최적화_값_표준기여_2908_260806,657,0,0,0
2026-08-18 10:39:23,10:00,906987379684182,1팀,120250859130340200,16.안심크리스피(ASC)(메가딜)_A+SC캠페인_구매최적화_수_표준기여_2908_260806,5582,0,0,0
2026-08-18 10:39:23,10:00,906987379684182,1팀,120250859189800200,17.안심볶음밥(ASC)(메가딜)_A+SC캠페인_구매최적화_수_표준기여_2903_260806,2849,0,0,0
2026-08-18 10:39:23,10:00,906987379684182,1팀,120250859189810200,17.안심볶음밥(ASC)(메가딜)_TCPA_A+SC캠페인_ALL_C7_수_표준기여_2903_260806,2158,1,33000,1529.1936978683968
2026-08-18 10:39:23,10:00,906987379684182,1팀,120250859189820200,17.안심볶음밥(ASC)(메가딜)_TROAS_A+SC캠페인_구매최적화_값_표준기여_2903_260806,8776,0,0,0
2026-08-18 10:39:23,10:00,906987379684182,1팀,120250859259390200,20.김자반밥바(ASC)(메가딜)_TROAS_A+SC캠페인_구매최적화_값_표준기여_3003_260806,3705,0,0,0
2026-08-18 10:39:23,10:00,906987379684182,1팀,120250859259410200,20.김자반밥바(ASC)(메가딜)_TCPA_A+SC캠페인_ALL_C7_수_표준기여_3003_260806,2603,0,0,0
2026-08-18 10:39:23,10:00,906987379684182,1팀,120250859259430200,20.김자반밥바(ASC)(메가딜)_A+SC캠페인_구매최적화_수_가치조정_3003_260806,2670,1,32900,1232.2097378277153
2026-08-18 10:39:23,10:00,906987379684182,1팀,120250859367430200,20.김자반밥바(ASC)(하이브리드)_A+SC캠페인_구매최적화_수_가치조정_3159_260806,3614,0,0,0
2026-08-18 10:39:23,10:00,906987379684182,1팀,120250859367440200,20.김자반밥바(ASC)(하이브리드)_TCPA_A+SC캠페인_ALL_C7_수_표준기여_3159_260806,7385,1,18900,255.9241706161137
2026-08-18 10:39:23,10:00,906987379684182,1팀,120250859367470200,20.김자반밥바(ASC)(하이브리드)_TROAS_A+SC캠페인_구매최적화_값_표준기여_3159_260806,4983,0,0,0
2026-08-18 10:39:23,10:00,906987379684182,1팀,120251066794820200,07.크리스피(ASC)(하이브리드)_A+SC캠페인_구매최적화_수_표준기여_3078_260816_AI _2,12871,0,0,0
2026-08-18 10:39:23,10:00,906987379684182,1팀,120251066794930200,07.크리스피(ASC)(하이브리드)_TROAS_A+SC캠페인_구매최적화_값_표준기여_3078_260816_AI _2,6363,0,0,0
2026-08-18 10:39:23,10:00,906987379684182,1팀,120251169199390200,07.크리스피(ASC)(하이브리드)_TROAS_A+SC캠페인_구매최적화_값_표준기여_3078_260817(페르소나2),2981,0,0,0
2026-08-18 11:30:44,11:00,906987379684182,1팀,120228320649100200,01.통살(ASC)(101010)_TCPA16000_A+SC 캠페인_ALL_V1C7_수_표준기여_2336,7715,0,0,0
2026-08-18 11:30:44,11:00,906987379684182,1팀,120228788396590200,01.통살(ASC)(메가딜)_TCPA20000_A+SC 캠페인_ALL_V1C7_수_표준기여_1874,29919,0,0,0
2026-08-18 11:30:44,11:00,906987379684182,1팀,120230755324960200,07.크리스피(ASC)(메가딜)_A+SC 캠페인_구매최적화_수_표준기여_2464,18203,0,0,0
2026-08-18 11:30:44,11:00,906987379684182,1팀,120237509836570200,07.크리스피(ASC)(메가딜)_TCPA16000_A+SC 캠페인_ALL_수_표준기여_2464,2051,0,0,0
2026-08-18 11:30:44,11:00,906987379684182,1팀,120243001852340200,01.통살(ASC)(101010)_TCPA16000_A+SC 캠페인_ALL_V1C7_수_표준기여_2336_02,154,0,0,0
2026-08-18 11:30:44,11:00,906987379684182,1팀,120243258462660200,07.크리스피(ASC)(101010)_A+SC 캠페인_구매최적화_수_표준기여_2659_260322,2259,0,0,0
2026-08-18 11:30:44,11:00,906987379684182,1팀,120244128322750200,01.통살(ASC)(101010)_TCPA16000_A+SC 캠페인_ALL_V1C7_수_표준기여_2336_03,769,0,0,0
2026-08-18 11:30:44,11:00,906987379684182,1팀,120244130427210200,07.크리스피(ASC)(메가딜)_A+SC 캠페인_구매최적화_수_표준기여_2464_260404,1341,0,0,0
2026-08-18 11:30:44,11:00,906987379684182,1팀,120244370408130200,17.안심볶음밥(ASC)(메가딜)_TCPA_A+SC 캠페인_ALL_C7_수_표준기여_2903_260409,2971,0,0,0
2026-08-18 11:30:44,11:00,906987379684182,1팀,120246157174550200,17.안심볶음밥(ASC)(메가딜)_A+SC 캠페인_구매최적화_수_표준기여_2903_260507_남자,8005,1,92900,1160.52467207995
2026-08-18 11:30:44,11:00,906987379684182,1팀,120246224683700200,17.안심볶음밥(ASC)(메가딜)_A+SC 캠페인_구매최적화_수_표준기여_2903_260507_남자_02,1947,0,0,0
2026-08-18 11:30:44,11:00,906987379684182,1팀,120246397028850200,07.크리스피(ASC)(통합)_A+SC 캠페인_구매최적화_수_표준기여_통합_260511,19360,0,0,0
2026-08-18 11:30:44,11:00,906987379684182,1팀,120246898203940200,03.닭다리살(ASC)(1010)_A+SC캠페인_구매최적화_수_표준기여_2604_260519,3086,0,0,0
2026-08-18 11:30:44,11:00,906987379684182,1팀,120246898384670200,03.닭다리살(ASC)(1010)_TROAS_A+SC캠페인_구매최적화_값_표준기여_2604_260519,6589,0,0,0
2026-08-18 11:30:44,11:00,906987379684182,1팀,120247379587080200,07.크리스피(ASC)(1010)_TROAS_A+SC캠페인_구매최적화_값_표준기여_2992_260527,11770,0,0,0
2026-08-18 11:30:44,11:00,906987379684182,1팀,120248207670120200,17.안심볶음밥(ASC)(메가딜)_A+SC 캠페인_구매최적화_수_표준기여_2903_260609_남자(가치조정),1638,0,0,0
2026-08-18 11:30:44,11:00,906987379684182,1팀,120248361514480200,01.통살(ASC)(하이브리드)_TCPA_A+SC캠페인_ALL_C7_수_표준기여_3028_260611,1334,0,0,0
2026-08-18 11:30:44,11:00,906987379684182,1팀,120248361514580200,01.통살(ASC)(하이브리드)_TROAS_A+SC캠페인_구매최적화_값_표준기여_3028_260611,3355,0,0,0
2026-08-18 11:30:44,11:00,906987379684182,1팀,120248762624190200,17.안심볶음밥(ASC)(메가딜)_TCPA_A+SC캠페인_ALL_C7_수_표준기여_2903_260705,606,0,0,0
2026-08-18 11:30:44,11:00,906987379684182,1팀,120248762624470200,17.안심볶음밥(ASC)(메가딜)_TROAS_A+SC캠페인_구매최적화_값_표준기여_2903_260705,9639,0,0,0
2026-08-18 11:30:44,11:00,906987379684182,1팀,120248762761370200,17.안심볶음밥(ASC)(메가딜)_A+SC캠페인_구매최적화_수_표준기여_2903_260705,1448,0,0,0
2026-08-18 11:30:44,11:00,906987379684182,1팀,120248762858730200,16.안심크리스피(ASC)(메가딜)_A+SC 캠페인_구매최적화_수_표준기여_2908_260720(페르소나),8721,0,0,0
2026-08-18 11:30:44,11:00,906987379684182,1팀,120248763306900200,16.안심크리스피(ASC)(메가딜)_TCPA_A+SC캠페인_ALL_C7_수_표준기여_2908_260621,1164,0,0,0
2026-08-18 11:30:44,11:00,906987379684182,1팀,120248763797300200,21.통살+그릴드(ASC)(메가딜)_TROAS_A+SC캠페인_구매최적화_값_표준기여_3068_260617,2305,0,0,0
2026-08-18 11:30:44,11:00,906987379684182,1팀,120248763797350200,21.통살+그릴드(ASC)(메가딜)_A+SC캠페인_구매최적화_수_표준기여_3068_260617,1366,0,0,0
2026-08-18 11:30:44,11:00,906987379684182,1팀,120249317264110200,07.크리스피(ASC)(하이브리드)_A+SC캠페인_구매최적화_수_표준기여_3078_260713,16509,1,64800,392.5131746320189
2026-08-18 11:30:44,11:00,906987379684182,1팀,120249317264140200,07.크리스피(ASC)(하이브리드)_TROAS_A+SC캠페인_구매최적화_값_표준기여_3078_260713,106658,2,109100,102.28956102683343
2026-08-18 11:30:44,11:00,906987379684182,1팀,120249873905240200,07.크리스피(ASC)(101010)_TROAS_A+SC캠페인_구매최적화_값_표준기여_2659_260705,4,0,0,0
2026-08-18 11:30:44,11:00,906987379684182,1팀,120249875227840200,16.안심크리스피(ASC)(메가딜)_A+SC캠페인_구매최적화_수_표준기여_2908_260705,1773,0,0,0
2026-08-18 11:30:44,11:00,906987379684182,1팀,120249875227870200,16.안심크리스피(ASC)(메가딜)_TCPA_A+SC캠페인_ALL_C7_수_표준기여_2908_260705,404,0,0,0
2026-08-18 11:30:44,11:00,906987379684182,1팀,120249876219520200,20.김자반밥바(ASC)(메가딜)_TROAS_A+SC캠페인_구매최적화_값_표준기여_3003_260705,3154,0,0,0
2026-08-18 11:30:44,11:00,906987379684182,1팀,120249878429160200,01.통살(ASC)(하이브리드)_TROAS_A+SC캠페인_구매최적화_값_표준기여_3028_260705,1677,0,0,0
2026-08-18 11:30:44,11:00,906987379684182,1팀,120249878429240200,01.통살(ASC)(하이브리드)_A+SC캠페인_구매최적화_수_표준기여_3028_260705,1233,0,0,0
2026-08-18 11:30:44,11:00,906987379684182,1팀,120250098930220200,01.통살(ASC)(101010)_TROAS_A+SC캠페인_구매최적화_값_표준기여_2336_260712,20161,0,0,0
2026-08-18 11:30:44,11:00,906987379684182,1팀,120250099159310200,07.크리스피(ASC)(메가딜)_A+SC캠페인_구매최적화_수_표준기여_2464_260712,1663,0,0,0
2026-08-18 11:30:44,11:00,906987379684182,1팀,120250099159320200,07.크리스피(ASC)(메가딜)_TROAS_A+SC캠페인_구매최적화_값_표준기여_2464_260712,1468,0,0,0
2026-08-18 11:30:44,11:00,906987379684182,1팀,120250099159330200,07.크리스피(ASC)(메가딜)_TCPA_A+SC캠페인_ALL_C7_수_표준기여_2464_260712,509,0,0,0
2026-08-18 11:30:44,11:00,906987379684182,1팀,120250099335020200,77.프로모션(ASC)(줄리엔강)_TCPA_A+SC캠페인_ALL_C7_수_표준기여_260713,5859,0,0,0
2026-08-18 11:30:44,11:00,906987379684182,1팀,120250099335030200,77.프로모션(ASC)(줄리엔강)_TROAS_A+SC캠페인_구매최적화_값_표준기여_260713,0,0,0,0
2026-08-18 11:30:44,11:00,906987379684182,1팀,120250268133470200,03.닭다리살(ASC)(하이브리드)_TROAS_A+SC캠페인_구매최적화_값_표준기여_3111_260726,3622,0,0,0
2026-08-18 11:30:44,11:00,906987379684182,1팀,120250444210730200,20.김자반밥바(ASC)(하이브리드)_TROAS_A+SC캠페인_구매최적화_값_표준기여_3159_260726,4076,0,0,0
2026-08-18 11:30:44,11:00,906987379684182,1팀,120250444210740200,20.김자반밥바(ASC)(하이브리드)_A+SC캠페인_구매최적화_수_표준기여_3159_260726,1774,0,0,0
2026-08-18 11:30:44,11:00,906987379684182,1팀,120250444210900200,20.김자반밥바(ASC)(하이브리드)_TCPA_A+SC캠페인_ALL_C7_수_표준기여_3159_260726,3004,0,0,0
2026-08-18 11:30:44,11:00,906987379684182,1팀,120250444423310200,21.통살+그릴드(ASC)(하이브리드)_TROAS_A+SC캠페인_구매최적화_값_표준기여_3162_260726,2814,0,0,0
2026-08-18 11:30:44,11:00,906987379684182,1팀,120250444423320200,21.통살+그릴드(ASC)(하이브리드)_TCPA_A+SC캠페인_ALL_C7_수_표준기여_3162_260726,280,0,0,0
2026-08-18 11:30:44,11:00,906987379684182,1팀,120250444423330200,21.통살+그릴드(ASC)(하이브리드)_A+SC캠페인_구매최적화_수_표준기여_3162_260726,5343,0,0,0
2026-08-18 11:30:44,11:00,906987379684182,1팀,120250475752460200,07.크리스피(ASC)(하이브리드)_TROAS_A+SC캠페인_구매최적화_값_표준기여_3078_260722(페르소나),75947,1,59800,78.73912070259523
2026-08-18 11:30:44,11:00,906987379684182,1팀,120250614451020200,07.크리스피(ASC)(하이브리드)_A+SC캠페인_구매최적화_수_표준기여_3078_260728,18898,0,0,0
2026-08-18 11:30:44,11:00,906987379684182,1팀,120250614451040200,07.크리스피(ASC)(하이브리드)_TROAS_A+SC캠페인_구매최적화_값_표준기여_3078_260728,193,0,0,0
2026-08-18 11:30:44,11:00,906987379684182,1팀,120250614451160200,07.크리스피(ASC)(하이브리드)_TCPA_A+SC캠페인_ALL_C7_수_표준기여_3078_260728,3752,0,0,0
2026-08-18 11:30:44,11:00,906987379684182,1팀,120250649570130200,07.크리스피(ASC)(하이브리드)_TROAS_A+SC캠페인_구매최적화_값_표준기여_3078_260802_AI,8087,0,0,0
2026-08-18 11:30:44,11:00,906987379684182,1팀,120250649570180200,07.크리스피(ASC)(하이브리드)_A+SC캠페인_구매최적화_수_표준기여_3078_260802_AI,17373,0,0,0
2026-08-18 11:30:44,11:00,906987379684182,1팀,120250856737330200,77.프로모션(ASC)(통크크)_TROAS_A+SC캠페인_구매최적화_값_표준기여_260806,1726,0,0,0
2026-08-18 11:30:44,11:00,906987379684182,1팀,120250856737340200,77.프로모션(ASC)(통크크)_TCPA_A+SC캠페인_ALL_C7_수_표준기여_260806,978,0,0,0
2026-08-18 11:30:44,11:00,906987379684182,1팀,120250856737350200,77.프로모션(ASC)(통크크)_A+SC캠페인_구매최적화_수_표준기여_260806,1993,0,0,0
2026-08-18 11:30:44,11:00,906987379684182,1팀,120250858093370200,01.통살(ASC)(하이브리드)_TROAS_A+SC캠페인_구매최적화_값_표준기여_3028_260806,15,0,0,0
2026-08-18 11:30:44,11:00,906987379684182,1팀,120250858456470200,01.통살(ASC)(하이브리드)_A+SC캠페인_구매최적화_수_표준기여_3028_260806,949,0,0,0
2026-08-18 11:30:44,11:00,906987379684182,1팀,120250858902230200,07.크리스피(ASC)(메가딜)_A+SC캠페인_구매최적화_수_표준기여_2464_260806,1481,0,0,0
2026-08-18 11:30:44,11:00,906987379684182,1팀,120250858902240200,07.크리스피(ASC)(메가딜)_TCPA_A+SC캠페인_ALL_C7_수_표준기여_2464_260806,493,0,0,0
2026-08-18 11:30:44,11:00,906987379684182,1팀,120250858902260200,07.크리스피(ASC)(메가딜)_TROAS_A+SC캠페인_구매최적화_값_표준기여_2464_260806,3549,1,63900,1800.5071851225698
2026-08-18 11:30:44,11:00,906987379684182,1팀,120250859130300200,16.안심크리스피(ASC)(메가딜)_TROAS_A+SC캠페인_구매최적화_값_표준기여_2908_260806,41,0,0,0
2026-08-18 11:30:44,11:00,906987379684182,1팀,120250859130310200,16.안심크리스피(ASC)(메가딜)_TCPA_A+SC캠페인_ALL_C7_수_표준기여_2908_260806,5,0,0,0
2026-08-18 11:30:44,11:00,906987379684182,1팀,120250859130340200,16.안심크리스피(ASC)(메가딜)_A+SC캠페인_구매최적화_수_표준기여_2908_260806,4975,0,0,0
2026-08-18 11:30:44,11:00,906987379684182,1팀,120250859189800200,17.안심볶음밥(ASC)(메가딜)_A+SC캠페인_구매최적화_수_표준기여_2903_260806,1382,0,0,0
2026-08-18 11:30:44,11:00,906987379684182,1팀,120250859189810200,17.안심볶음밥(ASC)(메가딜)_TCPA_A+SC캠페인_ALL_C7_수_표준기여_2903_260806,1909,0,0,0
2026-08-18 11:30:44,11:00,906987379684182,1팀,120250859189820200,17.안심볶음밥(ASC)(메가딜)_TROAS_A+SC캠페인_구매최적화_값_표준기여_2903_260806,2806,0,0,0
2026-08-18 11:30:44,11:00,906987379684182,1팀,120250859259390200,20.김자반밥바(ASC)(메가딜)_TROAS_A+SC캠페인_구매최적화_값_표준기여_3003_260806,2420,0,0,0
2026-08-18 11:30:44,11:00,906987379684182,1팀,120250859259410200,20.김자반밥바(ASC)(메가딜)_TCPA_A+SC캠페인_ALL_C7_수_표준기여_3003_260806,1327,1,32900,2479.276563677468
2026-08-18 11:30:44,11:00,906987379684182,1팀,120250859259430200,20.김자반밥바(ASC)(메가딜)_A+SC캠페인_구매최적화_수_가치조정_3003_260806,2822,0,0,0
2026-08-18 11:30:44,11:00,906987379684182,1팀,120250859367430200,20.김자반밥바(ASC)(하이브리드)_A+SC캠페인_구매최적화_수_가치조정_3159_260806,3153,0,0,0
2026-08-18 11:30:44,11:00,906987379684182,1팀,120250859367440200,20.김자반밥바(ASC)(하이브리드)_TCPA_A+SC캠페인_ALL_C7_수_표준기여_3159_260806,3057,0,0,0
2026-08-18 11:30:44,11:00,906987379684182,1팀,120250859367470200,20.김자반밥바(ASC)(하이브리드)_TROAS_A+SC캠페인_구매최적화_값_표준기여_3159_260806,2053,0,0,0
2026-08-18 11:30:44,11:00,906987379684182,1팀,120251066794820200,07.크리스피(ASC)(하이브리드)_A+SC캠페인_구매최적화_수_표준기여_3078_260816_AI _2,4766,0,0,0
2026-08-18 11:30:44,11:00,906987379684182,1팀,120251066794930200,07.크리스피(ASC)(하이브리드)_TROAS_A+SC캠페인_구매최적화_값_표준기여_3078_260816_AI _2,2651,0,0,0
2026-08-18 11:30:44,11:00,906987379684182,1팀,120251169199390200,07.크리스피(ASC)(하이브리드)_TROAS_A+SC캠페인_구매최적화_값_표준기여_3078_260817(페르소나2),1341,0,0,0
2026-08-18 11:41:20,11:00,906987379684182,1팀,120228320649100200,01.통살(ASC)(101010)_TCPA16000_A+SC 캠페인_ALL_V1C7_수_표준기여_2336,10133,1,59800,590.1509918089411
2026-08-18 11:41:20,11:00,906987379684182,1팀,120228788396590200,01.통살(ASC)(메가딜)_TCPA20000_A+SC 캠페인_ALL_V1C7_수_표준기여_1874,42119,1,66500,157.88598969586172
2026-08-18 11:41:20,11:00,906987379684182,1팀,120230755324960200,07.크리스피(ASC)(메가딜)_A+SC 캠페인_구매최적화_수_표준기여_2464,25154,0,0,0
2026-08-18 11:41:20,11:00,906987379684182,1팀,120237509836570200,07.크리스피(ASC)(메가딜)_TCPA16000_A+SC 캠페인_ALL_수_표준기여_2464,3281,0,0,0
2026-08-18 11:41:20,11:00,906987379684182,1팀,120243001852340200,01.통살(ASC)(101010)_TCPA16000_A+SC 캠페인_ALL_V1C7_수_표준기여_2336_02,193,0,0,0
2026-08-18 11:41:20,11:00,906987379684182,1팀,120243258462660200,07.크리스피(ASC)(101010)_A+SC 캠페인_구매최적화_수_표준기여_2659_260322,2984,0,0,0
2026-08-18 11:41:20,11:00,906987379684182,1팀,120243592510760200,16.안심크리스피(ASC)(메가딜)_TCPA14000_A+SC 캠페인_ALL_C7_수_표준기여_2863_260327,0,0,0,0
2026-08-18 11:41:20,11:00,906987379684182,1팀,120244128322750200,01.통살(ASC)(101010)_TCPA16000_A+SC 캠페인_ALL_V1C7_수_표준기여_2336_03,1202,0,0,0
2026-08-18 11:41:20,11:00,906987379684182,1팀,120244130427210200,07.크리스피(ASC)(메가딜)_A+SC 캠페인_구매최적화_수_표준기여_2464_260404,2142,0,0,0
2026-08-18 11:41:20,11:00,906987379684182,1팀,120244370408130200,17.안심볶음밥(ASC)(메가딜)_TCPA_A+SC 캠페인_ALL_C7_수_표준기여_2903_260409,4918,0,0,0
2026-08-18 11:41:20,11:00,906987379684182,1팀,120246157174550200,17.안심볶음밥(ASC)(메가딜)_A+SC 캠페인_구매최적화_수_표준기여_2903_260507_남자,11502,1,92900,807.6856198921927
2026-08-18 11:41:20,11:00,906987379684182,1팀,120246224683700200,17.안심볶음밥(ASC)(메가딜)_A+SC 캠페인_구매최적화_수_표준기여_2903_260507_남자_02,2484,0,0,0
2026-08-18 11:41:20,11:00,906987379684182,1팀,120246397028850200,07.크리스피(ASC)(통합)_A+SC 캠페인_구매최적화_수_표준기여_통합_260511,26659,0,0,0
2026-08-18 11:41:20,11:00,906987379684182,1팀,120246898203940200,03.닭다리살(ASC)(1010)_A+SC캠페인_구매최적화_수_표준기여_2604_260519,4800,1,62300,1297.9166666666665
2026-08-18 11:41:20,11:00,906987379684182,1팀,120246898384670200,03.닭다리살(ASC)(1010)_TROAS_A+SC캠페인_구매최적화_값_표준기여_2604_260519,8856,0,0,0
2026-08-18 11:41:20,11:00,906987379684182,1팀,120247379587080200,07.크리스피(ASC)(1010)_TROAS_A+SC캠페인_구매최적화_값_표준기여_2992_260527,15870,1,59800,376.81159420289856
2026-08-18 11:41:20,11:00,906987379684182,1팀,120248207670120200,17.안심볶음밥(ASC)(메가딜)_A+SC 캠페인_구매최적화_수_표준기여_2903_260609_남자(가치조정),2202,0,0,0
2026-08-18 11:41:20,11:00,906987379684182,1팀,120248361514480200,01.통살(ASC)(하이브리드)_TCPA_A+SC캠페인_ALL_C7_수_표준기여_3028_260611,1789,0,0,0
2026-08-18 11:41:20,11:00,906987379684182,1팀,120248361514580200,01.통살(ASC)(하이브리드)_TROAS_A+SC캠페인_구매최적화_값_표준기여_3028_260611,4629,0,0,0
2026-08-18 11:41:20,11:00,906987379684182,1팀,120248762624190200,17.안심볶음밥(ASC)(메가딜)_TCPA_A+SC캠페인_ALL_C7_수_표준기여_2903_260705,754,0,0,0
2026-08-18 11:41:20,11:00,906987379684182,1팀,120248762624470200,17.안심볶음밥(ASC)(메가딜)_TROAS_A+SC캠페인_구매최적화_값_표준기여_2903_260705,13846,0,0,0
2026-08-18 11:41:20,11:00,906987379684182,1팀,120248762761370200,17.안심볶음밥(ASC)(메가딜)_A+SC캠페인_구매최적화_수_표준기여_2903_260705,1980,0,0,0
2026-08-18 11:41:20,11:00,906987379684182,1팀,120248762858730200,16.안심크리스피(ASC)(메가딜)_A+SC 캠페인_구매최적화_수_표준기여_2908_260720(페르소나),12728,0,0,0
2026-08-18 11:41:20,11:00,906987379684182,1팀,120248763306900200,16.안심크리스피(ASC)(메가딜)_TCPA_A+SC캠페인_ALL_C7_수_표준기여_2908_260621,1756,0,0,0
2026-08-18 11:41:20,11:00,906987379684182,1팀,120248763797300200,21.통살+그릴드(ASC)(메가딜)_TROAS_A+SC캠페인_구매최적화_값_표준기여_3068_260617,3840,0,0,0
2026-08-18 11:41:20,11:00,906987379684182,1팀,120248763797350200,21.통살+그릴드(ASC)(메가딜)_A+SC캠페인_구매최적화_수_표준기여_3068_260617,1546,0,0,0
2026-08-18 11:41:20,11:00,906987379684182,1팀,120249317264110200,07.크리스피(ASC)(하이브리드)_A+SC캠페인_구매최적화_수_표준기여_3078_260713,23193,2,128600,554.4776441167594
2026-08-18 11:41:20,11:00,906987379684182,1팀,120249317264140200,07.크리스피(ASC)(하이브리드)_TROAS_A+SC캠페인_구매최적화_값_표준기여_3078_260713,147607,2,109100,73.91248382529284
2026-08-18 11:41:20,11:00,906987379684182,1팀,120249873905240200,07.크리스피(ASC)(101010)_TROAS_A+SC캠페인_구매최적화_값_표준기여_2659_260705,4,0,0,0
2026-08-18 11:41:20,11:00,906987379684182,1팀,120249875227840200,16.안심크리스피(ASC)(메가딜)_A+SC캠페인_구매최적화_수_표준기여_2908_260705,2265,0,0,0
2026-08-18 11:41:20,11:00,906987379684182,1팀,120249875227870200,16.안심크리스피(ASC)(메가딜)_TCPA_A+SC캠페인_ALL_C7_수_표준기여_2908_260705,699,0,0,0
2026-08-18 11:41:20,11:00,906987379684182,1팀,120249876219520200,20.김자반밥바(ASC)(메가딜)_TROAS_A+SC캠페인_구매최적화_값_표준기여_3003_260705,4121,0,0,0
2026-08-18 11:41:20,11:00,906987379684182,1팀,120249878429160200,01.통살(ASC)(하이브리드)_TROAS_A+SC캠페인_구매최적화_값_표준기여_3028_260705,2063,0,0,0
2026-08-18 11:41:20,11:00,906987379684182,1팀,120249878429240200,01.통살(ASC)(하이브리드)_A+SC캠페인_구매최적화_수_표준기여_3028_260705,1493,0,0,0
2026-08-18 11:41:20,11:00,906987379684182,1팀,120250098930220200,01.통살(ASC)(101010)_TROAS_A+SC캠페인_구매최적화_값_표준기여_2336_260712,29672,1,50900,171.54219466163389
2026-08-18 11:41:20,11:00,906987379684182,1팀,120250099159310200,07.크리스피(ASC)(메가딜)_A+SC캠페인_구매최적화_수_표준기여_2464_260712,1919,0,0,0
2026-08-18 11:41:20,11:00,906987379684182,1팀,120250099159320200,07.크리스피(ASC)(메가딜)_TROAS_A+SC캠페인_구매최적화_값_표준기여_2464_260712,1998,0,0,0
2026-08-18 11:41:20,11:00,906987379684182,1팀,120250099159330200,07.크리스피(ASC)(메가딜)_TCPA_A+SC캠페인_ALL_C7_수_표준기여_2464_260712,742,0,0,0
2026-08-18 11:41:20,11:00,906987379684182,1팀,120250099335020200,77.프로모션(ASC)(줄리엔강)_TCPA_A+SC캠페인_ALL_C7_수_표준기여_260713,8210,0,0,0
2026-08-18 11:41:20,11:00,906987379684182,1팀,120250099335030200,77.프로모션(ASC)(줄리엔강)_TROAS_A+SC캠페인_구매최적화_값_표준기여_260713,0,0,0,0
2026-08-18 11:41:20,11:00,906987379684182,1팀,120250268133470200,03.닭다리살(ASC)(하이브리드)_TROAS_A+SC캠페인_구매최적화_값_표준기여_3111_260726,4895,0,0,0
2026-08-18 11:41:20,11:00,906987379684182,1팀,120250444210730200,20.김자반밥바(ASC)(하이브리드)_TROAS_A+SC캠페인_구매최적화_값_표준기여_3159_260726,6436,0,0,0
2026-08-18 11:41:20,11:00,906987379684182,1팀,120250444210740200,20.김자반밥바(ASC)(하이브리드)_A+SC캠페인_구매최적화_수_표준기여_3159_260726,2451,0,0,0
2026-08-18 11:41:20,11:00,906987379684182,1팀,120250444210900200,20.김자반밥바(ASC)(하이브리드)_TCPA_A+SC캠페인_ALL_C7_수_표준기여_3159_260726,3977,0,0,0
2026-08-18 11:41:20,11:00,906987379684182,1팀,120250444423310200,21.통살+그릴드(ASC)(하이브리드)_TROAS_A+SC캠페인_구매최적화_값_표준기여_3162_260726,4154,0,0,0
2026-08-18 11:41:20,11:00,906987379684182,1팀,120250444423320200,21.통살+그릴드(ASC)(하이브리드)_TCPA_A+SC캠페인_ALL_C7_수_표준기여_3162_260726,503,0,0,0
2026-08-18 11:41:20,11:00,906987379684182,1팀,120250444423330200,21.통살+그릴드(ASC)(하이브리드)_A+SC캠페인_구매최적화_수_표준기여_3162_260726,7210,1,103200,1431.345353675451
2026-08-18 11:41:20,11:00,906987379684182,1팀,120250475752460200,07.크리스피(ASC)(하이브리드)_TROAS_A+SC캠페인_구매최적화_값_표준기여_3078_260722(페르소나),107930,2,137500,127.39738719540443
2026-08-18 11:41:20,11:00,906987379684182,1팀,120250614451020200,07.크리스피(ASC)(하이브리드)_A+SC캠페인_구매최적화_수_표준기여_3078_260728,27187,1,125200,460.5142163534042
2026-08-18 11:41:20,11:00,906987379684182,1팀,120250614451040200,07.크리스피(ASC)(하이브리드)_TROAS_A+SC캠페인_구매최적화_값_표준기여_3078_260728,441,0,0,0
2026-08-18 11:41:20,11:00,906987379684182,1팀,120250614451160200,07.크리스피(ASC)(하이브리드)_TCPA_A+SC캠페인_ALL_C7_수_표준기여_3078_260728,4960,0,0,0
2026-08-18 11:41:20,11:00,906987379684182,1팀,120250649570130200,07.크리스피(ASC)(하이브리드)_TROAS_A+SC캠페인_구매최적화_값_표준기여_3078_260802_AI,13023,0,0,0
2026-08-18 11:41:20,11:00,906987379684182,1팀,120250649570180200,07.크리스피(ASC)(하이브리드)_A+SC캠페인_구매최적화_수_표준기여_3078_260802_AI,25436,0,0,0
2026-08-18 11:41:20,11:00,906987379684182,1팀,120250856737330200,77.프로모션(ASC)(통크크)_TROAS_A+SC캠페인_구매최적화_값_표준기여_260806,2293,1,95500,4164.849542084606
2026-08-18 11:41:20,11:00,906987379684182,1팀,120250856737340200,77.프로모션(ASC)(통크크)_TCPA_A+SC캠페인_ALL_C7_수_표준기여_260806,1333,0,0,0
2026-08-18 11:41:20,11:00,906987379684182,1팀,120250856737350200,77.프로모션(ASC)(통크크)_A+SC캠페인_구매최적화_수_표준기여_260806,3094,0,0,0
2026-08-18 11:41:20,11:00,906987379684182,1팀,120250858093370200,01.통살(ASC)(하이브리드)_TROAS_A+SC캠페인_구매최적화_값_표준기여_3028_260806,33,0,0,0
2026-08-18 11:41:20,11:00,906987379684182,1팀,120250858456470200,01.통살(ASC)(하이브리드)_A+SC캠페인_구매최적화_수_표준기여_3028_260806,1531,0,0,0
2026-08-18 11:41:20,11:00,906987379684182,1팀,120250858902230200,07.크리스피(ASC)(메가딜)_A+SC캠페인_구매최적화_수_표준기여_2464_260806,1869,0,0,0
2026-08-18 11:41:20,11:00,906987379684182,1팀,120250858902240200,07.크리스피(ASC)(메가딜)_TCPA_A+SC캠페인_ALL_C7_수_표준기여_2464_260806,706,0,0,0
2026-08-18 11:41:20,11:00,906987379684182,1팀,120250858902260200,07.크리스피(ASC)(메가딜)_TROAS_A+SC캠페인_구매최적화_값_표준기여_2464_260806,5219,2,151700,2906.6871048093503
2026-08-18 11:41:20,11:00,906987379684182,1팀,120250859130300200,16.안심크리스피(ASC)(메가딜)_TROAS_A+SC캠페인_구매최적화_값_표준기여_2908_260806,45,0,0,0
2026-08-18 11:41:20,11:00,906987379684182,1팀,120250859130310200,16.안심크리스피(ASC)(메가딜)_TCPA_A+SC캠페인_ALL_C7_수_표준기여_2908_260806,13,0,0,0
2026-08-18 11:41:20,11:00,906987379684182,1팀,120250859130340200,16.안심크리스피(ASC)(메가딜)_A+SC캠페인_구매최적화_수_표준기여_2908_260806,7092,0,0,0
2026-08-18 11:41:20,11:00,906987379684182,1팀,120250859189800200,17.안심볶음밥(ASC)(메가딜)_A+SC캠페인_구매최적화_수_표준기여_2903_260806,1848,0,0,0
2026-08-18 11:41:20,11:00,906987379684182,1팀,120250859189810200,17.안심볶음밥(ASC)(메가딜)_TCPA_A+SC캠페인_ALL_C7_수_표준기여_2903_260806,2469,0,0,0
2026-08-18 11:41:20,11:00,906987379684182,1팀,120250859189820200,17.안심볶음밥(ASC)(메가딜)_TROAS_A+SC캠페인_구매최적화_값_표준기여_2903_260806,3474,0,0,0
2026-08-18 11:41:20,11:00,906987379684182,1팀,120250859259390200,20.김자반밥바(ASC)(메가딜)_TROAS_A+SC캠페인_구매최적화_값_표준기여_3003_260806,3284,0,0,0
2026-08-18 11:41:20,11:00,906987379684182,1팀,120250859259410200,20.김자반밥바(ASC)(메가딜)_TCPA_A+SC캠페인_ALL_C7_수_표준기여_3003_260806,1907,1,32900,1725.2228631358155
2026-08-18 11:41:20,11:00,906987379684182,1팀,120250859259430200,20.김자반밥바(ASC)(메가딜)_A+SC캠페인_구매최적화_수_가치조정_3003_260806,3679,0,0,0
2026-08-18 11:41:20,11:00,906987379684182,1팀,120250859367430200,20.김자반밥바(ASC)(하이브리드)_A+SC캠페인_구매최적화_수_가치조정_3159_260806,4106,0,0,0
2026-08-18 11:41:20,11:00,906987379684182,1팀,120250859367440200,20.김자반밥바(ASC)(하이브리드)_TCPA_A+SC캠페인_ALL_C7_수_표준기여_3159_260806,4278,0,0,0
2026-08-18 11:41:20,11:00,906987379684182,1팀,120250859367470200,20.김자반밥바(ASC)(하이브리드)_TROAS_A+SC캠페인_구매최적화_값_표준기여_3159_260806,2810,0,0,0
2026-08-18 11:41:20,11:00,906987379684182,1팀,120251066794820200,07.크리스피(ASC)(하이브리드)_A+SC캠페인_구매최적화_수_표준기여_3078_260816_AI _2,6534,0,0,0
2026-08-18 11:41:20,11:00,906987379684182,1팀,120251066794930200,07.크리스피(ASC)(하이브리드)_TROAS_A+SC캠페인_구매최적화_값_표준기여_3078_260816_AI _2,4446,0,0,0
2026-08-18 11:41:20,11:00,906987379684182,1팀,120251169199390200,07.크리스피(ASC)(하이브리드)_TROAS_A+SC캠페인_구매최적화_값_표준기여_3078_260817(페르소나2),2270,0,0,0
2026-08-18 12:30:44,12:00,906987379684182,1팀,120228320649100200,01.통살(ASC)(101010)_TCPA16000_A+SC 캠페인_ALL_V1C7_수_표준기여_2336,10789,0,0,0
2026-08-18 12:30:44,12:00,906987379684182,1팀,120228788396590200,01.통살(ASC)(메가딜)_TCPA20000_A+SC 캠페인_ALL_V1C7_수_표준기여_1874,45509,0,0,0
2026-08-18 12:30:44,12:00,906987379684182,1팀,120230755324960200,07.크리스피(ASC)(메가딜)_A+SC 캠페인_구매최적화_수_표준기여_2464,38943,0,0,0
2026-08-18 12:30:44,12:00,906987379684182,1팀,120237509836570200,07.크리스피(ASC)(메가딜)_TCPA16000_A+SC 캠페인_ALL_수_표준기여_2464,3810,0,0,0
2026-08-18 12:30:44,12:00,906987379684182,1팀,120243001852340200,01.통살(ASC)(101010)_TCPA16000_A+SC 캠페인_ALL_V1C7_수_표준기여_2336_02,101,0,0,0
2026-08-18 12:30:44,12:00,906987379684182,1팀,120243258462660200,07.크리스피(ASC)(101010)_A+SC 캠페인_구매최적화_수_표준기여_2659_260322,911,0,0,0
2026-08-18 12:30:44,12:00,906987379684182,1팀,120244128322750200,01.통살(ASC)(101010)_TCPA16000_A+SC 캠페인_ALL_V1C7_수_표준기여_2336_03,813,0,0,0
2026-08-18 12:30:44,12:00,906987379684182,1팀,120244130427210200,07.크리스피(ASC)(메가딜)_A+SC 캠페인_구매최적화_수_표준기여_2464_260404,1998,0,0,0
2026-08-18 12:30:44,12:00,906987379684182,1팀,120244370408130200,17.안심볶음밥(ASC)(메가딜)_TCPA_A+SC 캠페인_ALL_C7_수_표준기여_2903_260409,3854,0,0,0
2026-08-18 12:30:44,12:00,906987379684182,1팀,120246157174550200,17.안심볶음밥(ASC)(메가딜)_A+SC 캠페인_구매최적화_수_표준기여_2903_260507_남자,8901,0,0,0
2026-08-18 12:30:44,12:00,906987379684182,1팀,120246224683700200,17.안심볶음밥(ASC)(메가딜)_A+SC 캠페인_구매최적화_수_표준기여_2903_260507_남자_02,1861,0,0,0
2026-08-18 12:30:44,12:00,906987379684182,1팀,120246397028850200,07.크리스피(ASC)(통합)_A+SC 캠페인_구매최적화_수_표준기여_통합_260511,24823,0,0,0
2026-08-18 12:30:44,12:00,906987379684182,1팀,120246898203940200,03.닭다리살(ASC)(1010)_A+SC캠페인_구매최적화_수_표준기여_2604_260519,4922,0,0,0
2026-08-18 12:30:44,12:00,906987379684182,1팀,120246898384670200,03.닭다리살(ASC)(1010)_TROAS_A+SC캠페인_구매최적화_값_표준기여_2604_260519,9677,1,50900,525.9894595432469
2026-08-18 12:30:44,12:00,906987379684182,1팀,120247379587080200,07.크리스피(ASC)(1010)_TROAS_A+SC캠페인_구매최적화_값_표준기여_2992_260527,17743,1,234900,1323.9023840387758
2026-08-18 12:30:44,12:00,906987379684182,1팀,120248207670120200,17.안심볶음밥(ASC)(메가딜)_A+SC 캠페인_구매최적화_수_표준기여_2903_260609_남자(가치조정),2003,0,0,0
2026-08-18 12:30:44,12:00,906987379684182,1팀,120248361514480200,01.통살(ASC)(하이브리드)_TCPA_A+SC캠페인_ALL_C7_수_표준기여_3028_260611,1957,0,0,0
2026-08-18 12:30:44,12:00,906987379684182,1팀,120248361514580200,01.통살(ASC)(하이브리드)_TROAS_A+SC캠페인_구매최적화_값_표준기여_3028_260611,3501,0,0,0
2026-08-18 12:30:44,12:00,906987379684182,1팀,120248762624190200,17.안심볶음밥(ASC)(메가딜)_TCPA_A+SC캠페인_ALL_C7_수_표준기여_2903_260705,349,0,0,0
2026-08-18 12:30:44,12:00,906987379684182,1팀,120248762624470200,17.안심볶음밥(ASC)(메가딜)_TROAS_A+SC캠페인_구매최적화_값_표준기여_2903_260705,14158,0,0,0
2026-08-18 12:30:44,12:00,906987379684182,1팀,120248762761370200,17.안심볶음밥(ASC)(메가딜)_A+SC캠페인_구매최적화_수_표준기여_2903_260705,2744,0,0,0
2026-08-18 12:30:44,12:00,906987379684182,1팀,120248762858730200,16.안심크리스피(ASC)(메가딜)_A+SC 캠페인_구매최적화_수_표준기여_2908_260720(페르소나),10846,0,0,0
2026-08-18 12:30:44,12:00,906987379684182,1팀,120248763306900200,16.안심크리스피(ASC)(메가딜)_TCPA_A+SC캠페인_ALL_C7_수_표준기여_2908_260621,1869,3,78000,4173.354735152488
2026-08-18 12:30:44,12:00,906987379684182,1팀,120248763797300200,21.통살+그릴드(ASC)(메가딜)_TROAS_A+SC캠페인_구매최적화_값_표준기여_3068_260617,2955,0,0,0
2026-08-18 12:30:44,12:00,906987379684182,1팀,120248763797350200,21.통살+그릴드(ASC)(메가딜)_A+SC캠페인_구매최적화_수_표준기여_3068_260617,645,0,0,0
2026-08-18 12:30:44,12:00,906987379684182,1팀,120249317264110200,07.크리스피(ASC)(하이브리드)_A+SC캠페인_구매최적화_수_표준기여_3078_260713,22728,0,0,0
2026-08-18 12:30:44,12:00,906987379684182,1팀,120249317264140200,07.크리스피(ASC)(하이브리드)_TROAS_A+SC캠페인_구매최적화_값_표준기여_3078_260713,68343,1,59800,87.49981709904453
2026-08-18 12:30:44,12:00,906987379684182,1팀,120249873905240200,07.크리스피(ASC)(101010)_TROAS_A+SC캠페인_구매최적화_값_표준기여_2659_260705,1,0,0,0
2026-08-18 12:30:44,12:00,906987379684182,1팀,120249875227840200,16.안심크리스피(ASC)(메가딜)_A+SC캠페인_구매최적화_수_표준기여_2908_260705,1844,0,0,0
2026-08-18 12:30:44,12:00,906987379684182,1팀,120249875227870200,16.안심크리스피(ASC)(메가딜)_TCPA_A+SC캠페인_ALL_C7_수_표준기여_2908_260705,414,0,0,0
2026-08-18 12:30:44,12:00,906987379684182,1팀,120249876219520200,20.김자반밥바(ASC)(메가딜)_TROAS_A+SC캠페인_구매최적화_값_표준기여_3003_260705,4943,0,0,0
2026-08-18 12:30:44,12:00,906987379684182,1팀,120249878429160200,01.통살(ASC)(하이브리드)_TROAS_A+SC캠페인_구매최적화_값_표준기여_3028_260705,1570,0,0,0
2026-08-18 12:30:44,12:00,906987379684182,1팀,120249878429240200,01.통살(ASC)(하이브리드)_A+SC캠페인_구매최적화_수_표준기여_3028_260705,1965,0,0,0
2026-08-18 12:30:44,12:00,906987379684182,1팀,120250098930220200,01.통살(ASC)(101010)_TROAS_A+SC캠페인_구매최적화_값_표준기여_2336_260712,32752,1,59700,182.2789447972643
2026-08-18 12:30:44,12:00,906987379684182,1팀,120250099159310200,07.크리스피(ASC)(메가딜)_A+SC캠페인_구매최적화_수_표준기여_2464_260712,1917,0,0,0
2026-08-18 12:30:44,12:00,906987379684182,1팀,120250099159320200,07.크리스피(ASC)(메가딜)_TROAS_A+SC캠페인_구매최적화_값_표준기여_2464_260712,1786,0,0,0
2026-08-18 12:30:44,12:00,906987379684182,1팀,120250099159330200,07.크리스피(ASC)(메가딜)_TCPA_A+SC캠페인_ALL_C7_수_표준기여_2464_260712,2044,0,0,0
2026-08-18 12:30:44,12:00,906987379684182,1팀,120250099335020200,77.프로모션(ASC)(줄리엔강)_TCPA_A+SC캠페인_ALL_C7_수_표준기여_260713,6865,0,0,0
2026-08-18 12:30:44,12:00,906987379684182,1팀,120250268133470200,03.닭다리살(ASC)(하이브리드)_TROAS_A+SC캠페인_구매최적화_값_표준기여_3111_260726,4461,0,0,0
2026-08-18 12:30:44,12:00,906987379684182,1팀,120250444210730200,20.김자반밥바(ASC)(하이브리드)_TROAS_A+SC캠페인_구매최적화_값_표준기여_3159_260726,5308,0,0,0
2026-08-18 12:30:44,12:00,906987379684182,1팀,120250444210740200,20.김자반밥바(ASC)(하이브리드)_A+SC캠페인_구매최적화_수_표준기여_3159_260726,1849,0,0,0
2026-08-18 12:30:44,12:00,906987379684182,1팀,120250444210900200,20.김자반밥바(ASC)(하이브리드)_TCPA_A+SC캠페인_ALL_C7_수_표준기여_3159_260726,1630,0,0,0
2026-08-18 12:30:44,12:00,906987379684182,1팀,120250444423310200,21.통살+그릴드(ASC)(하이브리드)_TROAS_A+SC캠페인_구매최적화_값_표준기여_3162_260726,2783,0,0,0
2026-08-18 12:30:44,12:00,906987379684182,1팀,120250444423320200,21.통살+그릴드(ASC)(하이브리드)_TCPA_A+SC캠페인_ALL_C7_수_표준기여_3162_260726,144,0,0,0
2026-08-18 12:30:44,12:00,906987379684182,1팀,120250444423330200,21.통살+그릴드(ASC)(하이브리드)_A+SC캠페인_구매최적화_수_표준기여_3162_260726,6110,0,0,0
2026-08-18 12:30:44,12:00,906987379684182,1팀,120250475752460200,07.크리스피(ASC)(하이브리드)_TROAS_A+SC캠페인_구매최적화_값_표준기여_3078_260722(페르소나),99484,0,0,0
2026-08-18 12:30:44,12:00,906987379684182,1팀,120250614451020200,07.크리스피(ASC)(하이브리드)_A+SC캠페인_구매최적화_수_표준기여_3078_260728,20751,0,0,0
2026-08-18 12:30:44,12:00,906987379684182,1팀,120250614451040200,07.크리스피(ASC)(하이브리드)_TROAS_A+SC캠페인_구매최적화_값_표준기여_3078_260728,23,0,0,0
2026-08-18 12:30:44,12:00,906987379684182,1팀,120250614451160200,07.크리스피(ASC)(하이브리드)_TCPA_A+SC캠페인_ALL_C7_수_표준기여_3078_260728,3651,0,0,0
2026-08-18 12:30:44,12:00,906987379684182,1팀,120250649570130200,07.크리스피(ASC)(하이브리드)_TROAS_A+SC캠페인_구매최적화_값_표준기여_3078_260802_AI,29345,0,0,0
2026-08-18 12:30:44,12:00,906987379684182,1팀,120250649570180200,07.크리스피(ASC)(하이브리드)_A+SC캠페인_구매최적화_수_표준기여_3078_260802_AI,24688,0,0,0
2026-08-18 12:30:44,12:00,906987379684182,1팀,120250856737330200,77.프로모션(ASC)(통크크)_TROAS_A+SC캠페인_구매최적화_값_표준기여_260806,1984,0,0,0
2026-08-18 12:30:44,12:00,906987379684182,1팀,120250856737340200,77.프로모션(ASC)(통크크)_TCPA_A+SC캠페인_ALL_C7_수_표준기여_260806,1426,0,0,0
2026-08-18 12:30:44,12:00,906987379684182,1팀,120250856737350200,77.프로모션(ASC)(통크크)_A+SC캠페인_구매최적화_수_표준기여_260806,2592,0,0,0
2026-08-18 12:30:44,12:00,906987379684182,1팀,120250858093370200,01.통살(ASC)(하이브리드)_TROAS_A+SC캠페인_구매최적화_값_표준기여_3028_260806,14,0,0,0
2026-08-18 12:30:44,12:00,906987379684182,1팀,120250858456470200,01.통살(ASC)(하이브리드)_A+SC캠페인_구매최적화_수_표준기여_3028_260806,1870,0,0,0
2026-08-18 12:30:44,12:00,906987379684182,1팀,120250858902230200,07.크리스피(ASC)(메가딜)_A+SC캠페인_구매최적화_수_표준기여_2464_260806,2415,0,0,0
2026-08-18 12:30:44,12:00,906987379684182,1팀,120250858902240200,07.크리스피(ASC)(메가딜)_TCPA_A+SC캠페인_ALL_C7_수_표준기여_2464_260806,314,0,0,0
2026-08-18 12:30:44,12:00,906987379684182,1팀,120250858902260200,07.크리스피(ASC)(메가딜)_TROAS_A+SC캠페인_구매최적화_값_표준기여_2464_260806,4965,0,0,0
2026-08-18 12:30:44,12:00,906987379684182,1팀,120250859130300200,16.안심크리스피(ASC)(메가딜)_TROAS_A+SC캠페인_구매최적화_값_표준기여_2908_260806,258,0,0,0
2026-08-18 12:30:44,12:00,906987379684182,1팀,120250859130310200,16.안심크리스피(ASC)(메가딜)_TCPA_A+SC캠페인_ALL_C7_수_표준기여_2908_260806,22,0,0,0
2026-08-18 12:30:44,12:00,906987379684182,1팀,120250859130340200,16.안심크리스피(ASC)(메가딜)_A+SC캠페인_구매최적화_수_표준기여_2908_260806,6798,0,0,0
2026-08-18 12:30:44,12:00,906987379684182,1팀,120250859189800200,17.안심볶음밥(ASC)(메가딜)_A+SC캠페인_구매최적화_수_표준기여_2903_260806,2162,0,0,0
2026-08-18 12:30:44,12:00,906987379684182,1팀,120250859189810200,17.안심볶음밥(ASC)(메가딜)_TCPA_A+SC캠페인_ALL_C7_수_표준기여_2903_260806,1445,0,0,0
2026-08-18 12:30:44,12:00,906987379684182,1팀,120250859189820200,17.안심볶음밥(ASC)(메가딜)_TROAS_A+SC캠페인_구매최적화_값_표준기여_2903_260806,1313,0,0,0
2026-08-18 12:30:44,12:00,906987379684182,1팀,120250859259390200,20.김자반밥바(ASC)(메가딜)_TROAS_A+SC캠페인_구매최적화_값_표준기여_3003_260806,3669,0,0,0
2026-08-18 12:30:44,12:00,906987379684182,1팀,120250859259410200,20.김자반밥바(ASC)(메가딜)_TCPA_A+SC캠페인_ALL_C7_수_표준기여_3003_260806,1404,0,0,0
2026-08-18 12:30:44,12:00,906987379684182,1팀,120250859259430200,20.김자반밥바(ASC)(메가딜)_A+SC캠페인_구매최적화_수_가치조정_3003_260806,1922,0,0,0
2026-08-18 12:30:44,12:00,906987379684182,1팀,120250859367430200,20.김자반밥바(ASC)(하이브리드)_A+SC캠페인_구매최적화_수_가치조정_3159_260806,2972,0,0,0
2026-08-18 12:30:44,12:00,906987379684182,1팀,120250859367440200,20.김자반밥바(ASC)(하이브리드)_TCPA_A+SC캠페인_ALL_C7_수_표준기여_3159_260806,5680,0,0,0
2026-08-18 12:30:44,12:00,906987379684182,1팀,120250859367470200,20.김자반밥바(ASC)(하이브리드)_TROAS_A+SC캠페인_구매최적화_값_표준기여_3159_260806,2296,1,53900,2347.560975609756
2026-08-18 12:30:44,12:00,906987379684182,1팀,120251066794820200,07.크리스피(ASC)(하이브리드)_A+SC캠페인_구매최적화_수_표준기여_3078_260816_AI _2,7545,0,0,0
2026-08-18 12:30:44,12:00,906987379684182,1팀,120251066794930200,07.크리스피(ASC)(하이브리드)_TROAS_A+SC캠페인_구매최적화_값_표준기여_3078_260816_AI _2,11886,0,0,0
2026-08-18 12:30:44,12:00,906987379684182,1팀,120251169199390200,07.크리스피(ASC)(하이브리드)_TROAS_A+SC캠페인_구매최적화_값_표준기여_3078_260817(페르소나2),3976,0,0,0
2026-08-18 12:32:01,12:00,906987379684182,1팀,120228320649100200,01.통살(ASC)(101010)_TCPA16000_A+SC 캠페인_ALL_V1C7_수_표준기여_2336,10789,0,0,0
2026-08-18 12:32:01,12:00,906987379684182,1팀,120228788396590200,01.통살(ASC)(메가딜)_TCPA20000_A+SC 캠페인_ALL_V1C7_수_표준기여_1874,45509,0,0,0
2026-08-18 12:32:01,12:00,906987379684182,1팀,120230755324960200,07.크리스피(ASC)(메가딜)_A+SC 캠페인_구매최적화_수_표준기여_2464,38943,0,0,0
2026-08-18 12:32:01,12:00,906987379684182,1팀,120237509836570200,07.크리스피(ASC)(메가딜)_TCPA16000_A+SC 캠페인_ALL_수_표준기여_2464,3810,0,0,0
2026-08-18 12:32:01,12:00,906987379684182,1팀,120243001852340200,01.통살(ASC)(101010)_TCPA16000_A+SC 캠페인_ALL_V1C7_수_표준기여_2336_02,101,0,0,0
2026-08-18 12:32:01,12:00,906987379684182,1팀,120243258462660200,07.크리스피(ASC)(101010)_A+SC 캠페인_구매최적화_수_표준기여_2659_260322,911,0,0,0
2026-08-18 12:32:01,12:00,906987379684182,1팀,120244128322750200,01.통살(ASC)(101010)_TCPA16000_A+SC 캠페인_ALL_V1C7_수_표준기여_2336_03,813,0,0,0
2026-08-18 12:32:01,12:00,906987379684182,1팀,120244130427210200,07.크리스피(ASC)(메가딜)_A+SC 캠페인_구매최적화_수_표준기여_2464_260404,1998,0,0,0
2026-08-18 12:32:01,12:00,906987379684182,1팀,120244370408130200,17.안심볶음밥(ASC)(메가딜)_TCPA_A+SC 캠페인_ALL_C7_수_표준기여_2903_260409,3854,0,0,0
2026-08-18 12:32:01,12:00,906987379684182,1팀,120246157174550200,17.안심볶음밥(ASC)(메가딜)_A+SC 캠페인_구매최적화_수_표준기여_2903_260507_남자,8901,0,0,0
2026-08-18 12:32:01,12:00,906987379684182,1팀,120246224683700200,17.안심볶음밥(ASC)(메가딜)_A+SC 캠페인_구매최적화_수_표준기여_2903_260507_남자_02,1861,0,0,0
2026-08-18 12:32:01,12:00,906987379684182,1팀,120246397028850200,07.크리스피(ASC)(통합)_A+SC 캠페인_구매최적화_수_표준기여_통합_260511,24823,0,0,0
2026-08-18 12:32:01,12:00,906987379684182,1팀,120246898203940200,03.닭다리살(ASC)(1010)_A+SC캠페인_구매최적화_수_표준기여_2604_260519,4922,0,0,0
2026-08-18 12:32:01,12:00,906987379684182,1팀,120246898384670200,03.닭다리살(ASC)(1010)_TROAS_A+SC캠페인_구매최적화_값_표준기여_2604_260519,9677,1,50900,525.9894595432469
2026-08-18 12:32:01,12:00,906987379684182,1팀,120247379587080200,07.크리스피(ASC)(1010)_TROAS_A+SC캠페인_구매최적화_값_표준기여_2992_260527,17743,1,234900,1323.9023840387758
2026-08-18 12:32:01,12:00,906987379684182,1팀,120248207670120200,17.안심볶음밥(ASC)(메가딜)_A+SC 캠페인_구매최적화_수_표준기여_2903_260609_남자(가치조정),2003,0,0,0
2026-08-18 12:32:01,12:00,906987379684182,1팀,120248361514480200,01.통살(ASC)(하이브리드)_TCPA_A+SC캠페인_ALL_C7_수_표준기여_3028_260611,1957,0,0,0
2026-08-18 12:32:01,12:00,906987379684182,1팀,120248361514580200,01.통살(ASC)(하이브리드)_TROAS_A+SC캠페인_구매최적화_값_표준기여_3028_260611,3501,0,0,0
2026-08-18 12:32:01,12:00,906987379684182,1팀,120248762624190200,17.안심볶음밥(ASC)(메가딜)_TCPA_A+SC캠페인_ALL_C7_수_표준기여_2903_260705,349,0,0,0
2026-08-18 12:32:01,12:00,906987379684182,1팀,120248762624470200,17.안심볶음밥(ASC)(메가딜)_TROAS_A+SC캠페인_구매최적화_값_표준기여_2903_260705,14158,0,0,0
2026-08-18 12:32:01,12:00,906987379684182,1팀,120248762761370200,17.안심볶음밥(ASC)(메가딜)_A+SC캠페인_구매최적화_수_표준기여_2903_260705,2744,0,0,0
2026-08-18 12:32:01,12:00,906987379684182,1팀,120248762858730200,16.안심크리스피(ASC)(메가딜)_A+SC 캠페인_구매최적화_수_표준기여_2908_260720(페르소나),10846,0,0,0
2026-08-18 12:32:01,12:00,906987379684182,1팀,120248763306900200,16.안심크리스피(ASC)(메가딜)_TCPA_A+SC캠페인_ALL_C7_수_표준기여_2908_260621,1869,3,78000,4173.354735152488
2026-08-18 12:32:01,12:00,906987379684182,1팀,120248763797300200,21.통살+그릴드(ASC)(메가딜)_TROAS_A+SC캠페인_구매최적화_값_표준기여_3068_260617,2955,0,0,0
2026-08-18 12:32:01,12:00,906987379684182,1팀,120248763797350200,21.통살+그릴드(ASC)(메가딜)_A+SC캠페인_구매최적화_수_표준기여_3068_260617,645,0,0,0
2026-08-18 12:32:01,12:00,906987379684182,1팀,120249317264110200,07.크리스피(ASC)(하이브리드)_A+SC캠페인_구매최적화_수_표준기여_3078_260713,22728,0,0,0
2026-08-18 12:32:01,12:00,906987379684182,1팀,120249317264140200,07.크리스피(ASC)(하이브리드)_TROAS_A+SC캠페인_구매최적화_값_표준기여_3078_260713,68343,1,59800,87.49981709904453
2026-08-18 12:32:01,12:00,906987379684182,1팀,120249873905240200,07.크리스피(ASC)(101010)_TROAS_A+SC캠페인_구매최적화_값_표준기여_2659_260705,1,0,0,0
2026-08-18 12:32:01,12:00,906987379684182,1팀,120249875227840200,16.안심크리스피(ASC)(메가딜)_A+SC캠페인_구매최적화_수_표준기여_2908_260705,1844,0,0,0
2026-08-18 12:32:01,12:00,906987379684182,1팀,120249875227870200,16.안심크리스피(ASC)(메가딜)_TCPA_A+SC캠페인_ALL_C7_수_표준기여_2908_260705,414,0,0,0
2026-08-18 12:32:01,12:00,906987379684182,1팀,120249876219520200,20.김자반밥바(ASC)(메가딜)_TROAS_A+SC캠페인_구매최적화_값_표준기여_3003_260705,4943,0,0,0
2026-08-18 12:32:01,12:00,906987379684182,1팀,120249878429160200,01.통살(ASC)(하이브리드)_TROAS_A+SC캠페인_구매최적화_값_표준기여_3028_260705,1570,0,0,0
2026-08-18 12:32:01,12:00,906987379684182,1팀,120249878429240200,01.통살(ASC)(하이브리드)_A+SC캠페인_구매최적화_수_표준기여_3028_260705,1965,0,0,0
2026-08-18 12:32:01,12:00,906987379684182,1팀,120250098930220200,01.통살(ASC)(101010)_TROAS_A+SC캠페인_구매최적화_값_표준기여_2336_260712,32752,1,59700,182.2789447972643
2026-08-18 12:32:01,12:00,906987379684182,1팀,120250099159310200,07.크리스피(ASC)(메가딜)_A+SC캠페인_구매최적화_수_표준기여_2464_260712,1917,0,0,0
2026-08-18 12:32:01,12:00,906987379684182,1팀,120250099159320200,07.크리스피(ASC)(메가딜)_TROAS_A+SC캠페인_구매최적화_값_표준기여_2464_260712,1786,0,0,0
2026-08-18 12:32:01,12:00,906987379684182,1팀,120250099159330200,07.크리스피(ASC)(메가딜)_TCPA_A+SC캠페인_ALL_C7_수_표준기여_2464_260712,2044,0,0,0
2026-08-18 12:32:01,12:00,906987379684182,1팀,120250099335020200,77.프로모션(ASC)(줄리엔강)_TCPA_A+SC캠페인_ALL_C7_수_표준기여_260713,6865,0,0,0
2026-08-18 12:32:01,12:00,906987379684182,1팀,120250268133470200,03.닭다리살(ASC)(하이브리드)_TROAS_A+SC캠페인_구매최적화_값_표준기여_3111_260726,4461,0,0,0
2026-08-18 12:32:01,12:00,906987379684182,1팀,120250444210730200,20.김자반밥바(ASC)(하이브리드)_TROAS_A+SC캠페인_구매최적화_값_표준기여_3159_260726,5308,0,0,0
2026-08-18 12:32:01,12:00,906987379684182,1팀,120250444210740200,20.김자반밥바(ASC)(하이브리드)_A+SC캠페인_구매최적화_수_표준기여_3159_260726,1849,0,0,0
2026-08-18 12:32:01,12:00,906987379684182,1팀,120250444210900200,20.김자반밥바(ASC)(하이브리드)_TCPA_A+SC캠페인_ALL_C7_수_표준기여_3159_260726,1630,0,0,0
2026-08-18 12:32:01,12:00,906987379684182,1팀,120250444423310200,21.통살+그릴드(ASC)(하이브리드)_TROAS_A+SC캠페인_구매최적화_값_표준기여_3162_260726,2783,0,0,0
2026-08-18 12:32:01,12:00,906987379684182,1팀,120250444423320200,21.통살+그릴드(ASC)(하이브리드)_TCPA_A+SC캠페인_ALL_C7_수_표준기여_3162_260726,144,0,0,0
2026-08-18 12:32:01,12:00,906987379684182,1팀,120250444423330200,21.통살+그릴드(ASC)(하이브리드)_A+SC캠페인_구매최적화_수_표준기여_3162_260726,6110,0,0,0
2026-08-18 12:32:01,12:00,906987379684182,1팀,120250475752460200,07.크리스피(ASC)(하이브리드)_TROAS_A+SC캠페인_구매최적화_값_표준기여_3078_260722(페르소나),99484,0,0,0
2026-08-18 12:32:01,12:00,906987379684182,1팀,120250614451020200,07.크리스피(ASC)(하이브리드)_A+SC캠페인_구매최적화_수_표준기여_3078_260728,20751,0,0,0
2026-08-18 12:32:01,12:00,906987379684182,1팀,120250614451040200,07.크리스피(ASC)(하이브리드)_TROAS_A+SC캠페인_구매최적화_값_표준기여_3078_260728,23,0,0,0
2026-08-18 12:32:01,12:00,906987379684182,1팀,120250614451160200,07.크리스피(ASC)(하이브리드)_TCPA_A+SC캠페인_ALL_C7_수_표준기여_3078_260728,3651,0,0,0
2026-08-18 12:32:01,12:00,906987379684182,1팀,120250649570130200,07.크리스피(ASC)(하이브리드)_TROAS_A+SC캠페인_구매최적화_값_표준기여_3078_260802_AI,29345,0,0,0
2026-08-18 12:32:01,12:00,906987379684182,1팀,120250649570180200,07.크리스피(ASC)(하이브리드)_A+SC캠페인_구매최적화_수_표준기여_3078_260802_AI,24688,0,0,0
2026-08-18 12:32:01,12:00,906987379684182,1팀,120250856737330200,77.프로모션(ASC)(통크크)_TROAS_A+SC캠페인_구매최적화_값_표준기여_260806,1984,0,0,0
2026-08-18 12:32:01,12:00,906987379684182,1팀,120250856737340200,77.프로모션(ASC)(통크크)_TCPA_A+SC캠페인_ALL_C7_수_표준기여_260806,1426,0,0,0
2026-08-18 12:32:01,12:00,906987379684182,1팀,120250856737350200,77.프로모션(ASC)(통크크)_A+SC캠페인_구매최적화_수_표준기여_260806,2592,0,0,0
2026-08-18 12:32:01,12:00,906987379684182,1팀,120250858093370200,01.통살(ASC)(하이브리드)_TROAS_A+SC캠페인_구매최적화_값_표준기여_3028_260806,14,0,0,0
2026-08-18 12:32:01,12:00,906987379684182,1팀,120250858456470200,01.통살(ASC)(하이브리드)_A+SC캠페인_구매최적화_수_표준기여_3028_260806,1870,0,0,0
2026-08-18 12:32:01,12:00,906987379684182,1팀,120250858902230200,07.크리스피(ASC)(메가딜)_A+SC캠페인_구매최적화_수_표준기여_2464_260806,2415,0,0,0
2026-08-18 12:32:01,12:00,906987379684182,1팀,120250858902240200,07.크리스피(ASC)(메가딜)_TCPA_A+SC캠페인_ALL_C7_수_표준기여_2464_260806,314,0,0,0
2026-08-18 12:32:01,12:00,906987379684182,1팀,120250858902260200,07.크리스피(ASC)(메가딜)_TROAS_A+SC캠페인_구매최적화_값_표준기여_2464_260806,4965,0,0,0
2026-08-18 12:32:01,12:00,906987379684182,1팀,120250859130300200,16.안심크리스피(ASC)(메가딜)_TROAS_A+SC캠페인_구매최적화_값_표준기여_2908_260806,258,0,0,0
2026-08-18 12:32:01,12:00,906987379684182,1팀,120250859130310200,16.안심크리스피(ASC)(메가딜)_TCPA_A+SC캠페인_ALL_C7_수_표준기여_2908_260806,22,0,0,0
2026-08-18 12:32:01,12:00,906987379684182,1팀,120250859130340200,16.안심크리스피(ASC)(메가딜)_A+SC캠페인_구매최적화_수_표준기여_2908_260806,6798,0,0,0
2026-08-18 12:32:01,12:00,906987379684182,1팀,120250859189800200,17.안심볶음밥(ASC)(메가딜)_A+SC캠페인_구매최적화_수_표준기여_2903_260806,2162,0,0,0
2026-08-18 12:32:01,12:00,906987379684182,1팀,120250859189810200,17.안심볶음밥(ASC)(메가딜)_TCPA_A+SC캠페인_ALL_C7_수_표준기여_2903_260806,1445,0,0,0
2026-08-18 12:32:01,12:00,906987379684182,1팀,120250859189820200,17.안심볶음밥(ASC)(메가딜)_TROAS_A+SC캠페인_구매최적화_값_표준기여_2903_260806,1313,0,0,0
2026-08-18 12:32:01,12:00,906987379684182,1팀,120250859259390200,20.김자반밥바(ASC)(메가딜)_TROAS_A+SC캠페인_구매최적화_값_표준기여_3003_260806,3669,0,0,0
2026-08-18 12:32:01,12:00,906987379684182,1팀,120250859259410200,20.김자반밥바(ASC)(메가딜)_TCPA_A+SC캠페인_ALL_C7_수_표준기여_3003_260806,1404,0,0,0
2026-08-18 12:32:01,12:00,906987379684182,1팀,120250859259430200,20.김자반밥바(ASC)(메가딜)_A+SC캠페인_구매최적화_수_가치조정_3003_260806,1922,0,0,0
2026-08-18 12:32:01,12:00,906987379684182,1팀,120250859367430200,20.김자반밥바(ASC)(하이브리드)_A+SC캠페인_구매최적화_수_가치조정_3159_260806,2972,0,0,0
2026-08-18 12:32:01,12:00,906987379684182,1팀,120250859367440200,20.김자반밥바(ASC)(하이브리드)_TCPA_A+SC캠페인_ALL_C7_수_표준기여_3159_260806,5680,0,0,0
2026-08-18 12:32:01,12:00,906987379684182,1팀,120250859367470200,20.김자반밥바(ASC)(하이브리드)_TROAS_A+SC캠페인_구매최적화_값_표준기여_3159_260806,2296,1,53900,2347.560975609756
2026-08-18 12:32:01,12:00,906987379684182,1팀,120251066794820200,07.크리스피(ASC)(하이브리드)_A+SC캠페인_구매최적화_수_표준기여_3078_260816_AI _2,7545,0,0,0
2026-08-18 12:32:01,12:00,906987379684182,1팀,120251066794930200,07.크리스피(ASC)(하이브리드)_TROAS_A+SC캠페인_구매최적화_값_표준기여_3078_260816_AI _2,11886,0,0,0
2026-08-18 12:32:01,12:00,906987379684182,1팀,120251169199390200,07.크리스피(ASC)(하이브리드)_TROAS_A+SC캠페인_구매최적화_값_표준기여_3078_260817(페르소나2),3976,0,0,0
2026-08-18 13:18:56,13:00,906987379684182,1팀,120228320649100200,01.통살(ASC)(101010)_TCPA16000_A+SC 캠페인_ALL_V1C7_수_표준기여_2336,10471,0,0,0
2026-08-18 13:18:56,13:00,906987379684182,1팀,120228788396590200,01.통살(ASC)(메가딜)_TCPA20000_A+SC 캠페인_ALL_V1C7_수_표준기여_1874,10239,0,0,0
2026-08-18 13:18:56,13:00,906987379684182,1팀,120230755324960200,07.크리스피(ASC)(메가딜)_A+SC 캠페인_구매최적화_수_표준기여_2464,20320,0,0,0
2026-08-18 13:18:56,13:00,906987379684182,1팀,120237509836570200,07.크리스피(ASC)(메가딜)_TCPA16000_A+SC 캠페인_ALL_수_표준기여_2464,2153,0,0,0
2026-08-18 13:18:56,13:00,906987379684182,1팀,120243001852340200,01.통살(ASC)(101010)_TCPA16000_A+SC 캠페인_ALL_V1C7_수_표준기여_2336_02,95,0,0,0
2026-08-18 13:18:56,13:00,906987379684182,1팀,120243258462660200,07.크리스피(ASC)(101010)_A+SC 캠페인_구매최적화_수_표준기여_2659_260322,530,0,0,0
2026-08-18 13:18:56,13:00,906987379684182,1팀,120244128322750200,01.통살(ASC)(101010)_TCPA16000_A+SC 캠페인_ALL_V1C7_수_표준기여_2336_03,596,0,0,0
2026-08-18 13:18:56,13:00,906987379684182,1팀,120244130427210200,07.크리스피(ASC)(메가딜)_A+SC 캠페인_구매최적화_수_표준기여_2464_260404,1426,0,0,0
2026-08-18 13:18:56,13:00,906987379684182,1팀,120244370408130200,17.안심볶음밥(ASC)(메가딜)_TCPA_A+SC 캠페인_ALL_C7_수_표준기여_2903_260409,3886,0,0,0
2026-08-18 13:18:56,13:00,906987379684182,1팀,120246157174550200,17.안심볶음밥(ASC)(메가딜)_A+SC 캠페인_구매최적화_수_표준기여_2903_260507_남자,4861,0,0,0
2026-08-18 13:18:56,13:00,906987379684182,1팀,120246224683700200,17.안심볶음밥(ASC)(메가딜)_A+SC 캠페인_구매최적화_수_표준기여_2903_260507_남자_02,1329,0,0,0
2026-08-18 13:18:56,13:00,906987379684182,1팀,120246397028850200,07.크리스피(ASC)(통합)_A+SC 캠페인_구매최적화_수_표준기여_통합_260511,13686,1,44000,321.4964196989624
2026-08-18 13:18:56,13:00,906987379684182,1팀,120246898203940200,03.닭다리살(ASC)(1010)_A+SC캠페인_구매최적화_수_표준기여_2604_260519,1935,0,0,0
2026-08-18 13:18:56,13:00,906987379684182,1팀,120246898384670200,03.닭다리살(ASC)(1010)_TROAS_A+SC캠페인_구매최적화_값_표준기여_2604_260519,7904,0,0,0
2026-08-18 13:18:56,13:00,906987379684182,1팀,120247379587080200,07.크리스피(ASC)(1010)_TROAS_A+SC캠페인_구매최적화_값_표준기여_2992_260527,15059,0,0,0
2026-08-18 13:18:56,13:00,906987379684182,1팀,120247842896910200,20.김자반밥바(ASC)(메가딜)_A+SC캠페인_구매최적화_수_표준기여_3003_260603,0,0,0,0
2026-08-18 13:18:56,13:00,906987379684182,1팀,120248207670120200,17.안심볶음밥(ASC)(메가딜)_A+SC 캠페인_구매최적화_수_표준기여_2903_260609_남자(가치조정),682,0,0,0
2026-08-18 13:18:56,13:00,906987379684182,1팀,120248361514480200,01.통살(ASC)(하이브리드)_TCPA_A+SC캠페인_ALL_C7_수_표준기여_3028_260611,1166,0,0,0
2026-08-18 13:18:56,13:00,906987379684182,1팀,120248361514580200,01.통살(ASC)(하이브리드)_TROAS_A+SC캠페인_구매최적화_값_표준기여_3028_260611,2343,0,0,0
2026-08-18 13:18:56,13:00,906987379684182,1팀,120248762624190200,17.안심볶음밥(ASC)(메가딜)_TCPA_A+SC캠페인_ALL_C7_수_표준기여_2903_260705,64,0,0,0
2026-08-18 13:18:56,13:00,906987379684182,1팀,120248762624470200,17.안심볶음밥(ASC)(메가딜)_TROAS_A+SC캠페인_구매최적화_값_표준기여_2903_260705,7580,0,0,0
2026-08-18 13:18:56,13:00,906987379684182,1팀,120248762761370200,17.안심볶음밥(ASC)(메가딜)_A+SC캠페인_구매최적화_수_표준기여_2903_260705,852,0,0,0
2026-08-18 13:18:56,13:00,906987379684182,1팀,120248762858730200,16.안심크리스피(ASC)(메가딜)_A+SC 캠페인_구매최적화_수_표준기여_2908_260720(페르소나),5067,0,0,0
2026-08-18 13:18:56,13:00,906987379684182,1팀,120248763306900200,16.안심크리스피(ASC)(메가딜)_TCPA_A+SC캠페인_ALL_C7_수_표준기여_2908_260621,1959,0,0,0
2026-08-18 13:18:56,13:00,906987379684182,1팀,120248763797300200,21.통살+그릴드(ASC)(메가딜)_TROAS_A+SC캠페인_구매최적화_값_표준기여_3068_260617,1492,0,0,0
2026-08-18 13:18:56,13:00,906987379684182,1팀,120248763797350200,21.통살+그릴드(ASC)(메가딜)_A+SC캠페인_구매최적화_수_표준기여_3068_260617,479,0,0,0
2026-08-18 13:18:56,13:00,906987379684182,1팀,120249317264110200,07.크리스피(ASC)(하이브리드)_A+SC캠페인_구매최적화_수_표준기여_3078_260713,8724,0,0,0
2026-08-18 13:18:56,13:00,906987379684182,1팀,120249317264140200,07.크리스피(ASC)(하이브리드)_TROAS_A+SC캠페인_구매최적화_값_표준기여_3078_260713,908,0,0,0
2026-08-18 13:18:56,13:00,906987379684182,1팀,120249875227840200,16.안심크리스피(ASC)(메가딜)_A+SC캠페인_구매최적화_수_표준기여_2908_260705,1338,0,0,0
2026-08-18 13:18:56,13:00,906987379684182,1팀,120249875227870200,16.안심크리스피(ASC)(메가딜)_TCPA_A+SC캠페인_ALL_C7_수_표준기여_2908_260705,75,0,0,0
2026-08-18 13:18:56,13:00,906987379684182,1팀,120249876219520200,20.김자반밥바(ASC)(메가딜)_TROAS_A+SC캠페인_구매최적화_값_표준기여_3003_260705,2586,0,0,0
2026-08-18 13:18:56,13:00,906987379684182,1팀,120249878429160200,01.통살(ASC)(하이브리드)_TROAS_A+SC캠페인_구매최적화_값_표준기여_3028_260705,568,0,0,0
2026-08-18 13:18:56,13:00,906987379684182,1팀,120249878429240200,01.통살(ASC)(하이브리드)_A+SC캠페인_구매최적화_수_표준기여_3028_260705,577,0,0,0
2026-08-18 13:18:56,13:00,906987379684182,1팀,120250098930220200,01.통살(ASC)(101010)_TROAS_A+SC캠페인_구매최적화_값_표준기여_2336_260712,14453,0,0,0
2026-08-18 13:18:56,13:00,906987379684182,1팀,120250099159310200,07.크리스피(ASC)(메가딜)_A+SC캠페인_구매최적화_수_표준기여_2464_260712,1327,0,0,0
2026-08-18 13:18:56,13:00,906987379684182,1팀,120250099159320200,07.크리스피(ASC)(메가딜)_TROAS_A+SC캠페인_구매최적화_값_표준기여_2464_260712,1134,0,0,0
2026-08-18 13:18:56,13:00,906987379684182,1팀,120250099159330200,07.크리스피(ASC)(메가딜)_TCPA_A+SC캠페인_ALL_C7_수_표준기여_2464_260712,1701,0,0,0
2026-08-18 13:18:56,13:00,906987379684182,1팀,120250099335020200,77.프로모션(ASC)(줄리엔강)_TCPA_A+SC캠페인_ALL_C7_수_표준기여_260713,4115,0,0,0
2026-08-18 13:18:56,13:00,906987379684182,1팀,120250268133470200,03.닭다리살(ASC)(하이브리드)_TROAS_A+SC캠페인_구매최적화_값_표준기여_3111_260726,1627,0,0,0
2026-08-18 13:18:56,13:00,906987379684182,1팀,120250444210730200,20.김자반밥바(ASC)(하이브리드)_TROAS_A+SC캠페인_구매최적화_값_표준기여_3159_260726,2014,0,0,0
2026-08-18 13:18:56,13:00,906987379684182,1팀,120250444210740200,20.김자반밥바(ASC)(하이브리드)_A+SC캠페인_구매최적화_수_표준기여_3159_260726,839,0,0,0
2026-08-18 13:18:56,13:00,906987379684182,1팀,120250444210900200,20.김자반밥바(ASC)(하이브리드)_TCPA_A+SC캠페인_ALL_C7_수_표준기여_3159_260726,1945,0,0,0
2026-08-18 13:18:56,13:00,906987379684182,1팀,120250444423310200,21.통살+그릴드(ASC)(하이브리드)_TROAS_A+SC캠페인_구매최적화_값_표준기여_3162_260726,1946,0,0,0
2026-08-18 13:18:56,13:00,906987379684182,1팀,120250444423320200,21.통살+그릴드(ASC)(하이브리드)_TCPA_A+SC캠페인_ALL_C7_수_표준기여_3162_260726,76,0,0,0
2026-08-18 13:18:56,13:00,906987379684182,1팀,120250444423330200,21.통살+그릴드(ASC)(하이브리드)_A+SC캠페인_구매최적화_수_표준기여_3162_260726,2927,0,0,0
2026-08-18 13:18:56,13:00,906987379684182,1팀,120250475752460200,07.크리스피(ASC)(하이브리드)_TROAS_A+SC캠페인_구매최적화_값_표준기여_3078_260722(페르소나),44634,0,0,0
2026-08-18 13:18:56,13:00,906987379684182,1팀,120250614451020200,07.크리스피(ASC)(하이브리드)_A+SC캠페인_구매최적화_수_표준기여_3078_260728,10991,0,0,0
2026-08-18 13:18:56,13:00,906987379684182,1팀,120250614451040200,07.크리스피(ASC)(하이브리드)_TROAS_A+SC캠페인_구매최적화_값_표준기여_3078_260728,126,0,0,0
2026-08-18 13:18:56,13:00,906987379684182,1팀,120250614451160200,07.크리스피(ASC)(하이브리드)_TCPA_A+SC캠페인_ALL_C7_수_표준기여_3078_260728,1992,0,0,0
2026-08-18 13:18:56,13:00,906987379684182,1팀,120250649570130200,07.크리스피(ASC)(하이브리드)_TROAS_A+SC캠페인_구매최적화_값_표준기여_3078_260802_AI,24832,0,0,0
2026-08-18 13:18:56,13:00,906987379684182,1팀,120250649570150200,07.크리스피(ASC)(하이브리드)_TCPA_A+SC캠페인_ALL_C7_수_표준기여_3078_260802_AI,21,0,0,0
2026-08-18 13:18:56,13:00,906987379684182,1팀,120250649570180200,07.크리스피(ASC)(하이브리드)_A+SC캠페인_구매최적화_수_표준기여_3078_260802_AI,12682,0,0,0
2026-08-18 13:18:56,13:00,906987379684182,1팀,120250856737330200,77.프로모션(ASC)(통크크)_TROAS_A+SC캠페인_구매최적화_값_표준기여_260806,1574,0,0,0
2026-08-18 13:18:56,13:00,906987379684182,1팀,120250856737340200,77.프로모션(ASC)(통크크)_TCPA_A+SC캠페인_ALL_C7_수_표준기여_260806,731,0,0,0
2026-08-18 13:18:56,13:00,906987379684182,1팀,120250856737350200,77.프로모션(ASC)(통크크)_A+SC캠페인_구매최적화_수_표준기여_260806,1314,0,0,0
2026-08-18 13:18:56,13:00,906987379684182,1팀,120250858093370200,01.통살(ASC)(하이브리드)_TROAS_A+SC캠페인_구매최적화_값_표준기여_3028_260806,3,0,0,0
2026-08-18 13:18:56,13:00,906987379684182,1팀,120250858456470200,01.통살(ASC)(하이브리드)_A+SC캠페인_구매최적화_수_표준기여_3028_260806,635,0,0,0
2026-08-18 13:18:56,13:00,906987379684182,1팀,120250858902230200,07.크리스피(ASC)(메가딜)_A+SC캠페인_구매최적화_수_표준기여_2464_260806,1327,0,0,0
2026-08-18 13:18:56,13:00,906987379684182,1팀,120250858902240200,07.크리스피(ASC)(메가딜)_TCPA_A+SC캠페인_ALL_C7_수_표준기여_2464_260806,169,0,0,0
2026-08-18 13:18:56,13:00,906987379684182,1팀,120250858902260200,07.크리스피(ASC)(메가딜)_TROAS_A+SC캠페인_구매최적화_값_표준기여_2464_260806,3165,0,0,0
2026-08-18 13:18:56,13:00,906987379684182,1팀,120250859130300200,16.안심크리스피(ASC)(메가딜)_TROAS_A+SC캠페인_구매최적화_값_표준기여_2908_260806,254,0,0,0
2026-08-18 13:18:56,13:00,906987379684182,1팀,120250859130310200,16.안심크리스피(ASC)(메가딜)_TCPA_A+SC캠페인_ALL_C7_수_표준기여_2908_260806,72,0,0,0
2026-08-18 13:18:56,13:00,906987379684182,1팀,120250859130340200,16.안심크리스피(ASC)(메가딜)_A+SC캠페인_구매최적화_수_표준기여_2908_260806,2696,0,0,0
2026-08-18 13:18:56,13:00,906987379684182,1팀,120250859189800200,17.안심볶음밥(ASC)(메가딜)_A+SC캠페인_구매최적화_수_표준기여_2903_260806,1094,0,0,0
2026-08-18 13:18:56,13:00,906987379684182,1팀,120250859189810200,17.안심볶음밥(ASC)(메가딜)_TCPA_A+SC캠페인_ALL_C7_수_표준기여_2903_260806,485,0,0,0
2026-08-18 13:18:56,13:00,906987379684182,1팀,120250859189820200,17.안심볶음밥(ASC)(메가딜)_TROAS_A+SC캠페인_구매최적화_값_표준기여_2903_260806,837,0,0,0
2026-08-18 13:18:56,13:00,906987379684182,1팀,120250859259390200,20.김자반밥바(ASC)(메가딜)_TROAS_A+SC캠페인_구매최적화_값_표준기여_3003_260806,1835,0,0,0
2026-08-18 13:18:56,13:00,906987379684182,1팀,120250859259410200,20.김자반밥바(ASC)(메가딜)_TCPA_A+SC캠페인_ALL_C7_수_표준기여_3003_260806,1362,0,0,0
2026-08-18 13:18:56,13:00,906987379684182,1팀,120250859259430200,20.김자반밥바(ASC)(메가딜)_A+SC캠페인_구매최적화_수_가치조정_3003_260806,900,0,0,0
2026-08-18 13:18:56,13:00,906987379684182,1팀,120250859367430200,20.김자반밥바(ASC)(하이브리드)_A+SC캠페인_구매최적화_수_가치조정_3159_260806,2786,0,0,0
2026-08-18 13:18:56,13:00,906987379684182,1팀,120250859367440200,20.김자반밥바(ASC)(하이브리드)_TCPA_A+SC캠페인_ALL_C7_수_표준기여_3159_260806,4,0,0,0
2026-08-18 13:18:56,13:00,906987379684182,1팀,120250859367470200,20.김자반밥바(ASC)(하이브리드)_TROAS_A+SC캠페인_구매최적화_값_표준기여_3159_260806,1744,0,0,0
2026-08-18 13:18:56,13:00,906987379684182,1팀,120251066794820200,07.크리스피(ASC)(하이브리드)_A+SC캠페인_구매최적화_수_표준기여_3078_260816_AI _2,3217,0,0,0
2026-08-18 13:18:56,13:00,906987379684182,1팀,120251066794930200,07.크리스피(ASC)(하이브리드)_TROAS_A+SC캠페인_구매최적화_값_표준기여_3078_260816_AI _2,5062,0,0,0
2026-08-18 13:18:56,13:00,906987379684182,1팀,120251169199390200,07.크리스피(ASC)(하이브리드)_TROAS_A+SC캠페인_구매최적화_값_표준기여_3078_260817(페르소나2),6207,0,0,0
2026-08-18 13:30:42,13:00,906987379684182,1팀,120228320649100200,01.통살(ASC)(101010)_TCPA16000_A+SC 캠페인_ALL_V1C7_수_표준기여_2336,16223,0,0,0
2026-08-18 13:30:42,13:00,906987379684182,1팀,120228788396590200,01.통살(ASC)(메가딜)_TCPA20000_A+SC 캠페인_ALL_V1C7_수_표준기여_1874,16506,0,0,0
2026-08-18 13:30:42,13:00,906987379684182,1팀,120230755324960200,07.크리스피(ASC)(메가딜)_A+SC 캠페인_구매최적화_수_표준기여_2464,32985,0,0,0
2026-08-18 13:30:42,13:00,906987379684182,1팀,120237509836570200,07.크리스피(ASC)(메가딜)_TCPA16000_A+SC 캠페인_ALL_수_표준기여_2464,3039,0,0,0
2026-08-18 13:30:42,13:00,906987379684182,1팀,120243001852340200,01.통살(ASC)(101010)_TCPA16000_A+SC 캠페인_ALL_V1C7_수_표준기여_2336_02,154,0,0,0
2026-08-18 13:30:42,13:00,906987379684182,1팀,120243258462660200,07.크리스피(ASC)(101010)_A+SC 캠페인_구매최적화_수_표준기여_2659_260322,1033,0,0,0
2026-08-18 13:30:42,13:00,906987379684182,1팀,120244128322750200,01.통살(ASC)(101010)_TCPA16000_A+SC 캠페인_ALL_V1C7_수_표준기여_2336_03,829,0,0,0
2026-08-18 13:30:42,13:00,906987379684182,1팀,120244130427210200,07.크리스피(ASC)(메가딜)_A+SC 캠페인_구매최적화_수_표준기여_2464_260404,2012,0,0,0
2026-08-18 13:30:42,13:00,906987379684182,1팀,120244370408130200,17.안심볶음밥(ASC)(메가딜)_TCPA_A+SC 캠페인_ALL_C7_수_표준기여_2903_260409,6555,0,0,0
2026-08-18 13:30:42,13:00,906987379684182,1팀,120246157174550200,17.안심볶음밥(ASC)(메가딜)_A+SC 캠페인_구매최적화_수_표준기여_2903_260507_남자,7733,0,0,0
2026-08-18 13:30:42,13:00,906987379684182,1팀,120246224683700200,17.안심볶음밥(ASC)(메가딜)_A+SC 캠페인_구매최적화_수_표준기여_2903_260507_남자_02,2013,0,0,0
2026-08-18 13:30:42,13:00,906987379684182,1팀,120246397028850200,07.크리스피(ASC)(통합)_A+SC 캠페인_구매최적화_수_표준기여_통합_260511,20099,1,44000,218.91636399820888
2026-08-18 13:30:42,13:00,906987379684182,1팀,120246898203940200,03.닭다리살(ASC)(1010)_A+SC캠페인_구매최적화_수_표준기여_2604_260519,3179,0,0,0
2026-08-18 13:30:42,13:00,906987379684182,1팀,120246898384670200,03.닭다리살(ASC)(1010)_TROAS_A+SC캠페인_구매최적화_값_표준기여_2604_260519,13358,0,0,0
2026-08-18 13:30:42,13:00,906987379684182,1팀,120247379587080200,07.크리스피(ASC)(1010)_TROAS_A+SC캠페인_구매최적화_값_표준기여_2992_260527,24009,0,0,0
2026-08-18 13:30:42,13:00,906987379684182,1팀,120247842896910200,20.김자반밥바(ASC)(메가딜)_A+SC캠페인_구매최적화_수_표준기여_3003_260603,0,0,0,0
2026-08-18 13:30:42,13:00,906987379684182,1팀,120248207670120200,17.안심볶음밥(ASC)(메가딜)_A+SC 캠페인_구매최적화_수_표준기여_2903_260609_남자(가치조정),1089,0,0,0
2026-08-18 13:30:42,13:00,906987379684182,1팀,120248361514480200,01.통살(ASC)(하이브리드)_TCPA_A+SC캠페인_ALL_C7_수_표준기여_3028_260611,1873,0,0,0
2026-08-18 13:30:42,13:00,906987379684182,1팀,120248361514580200,01.통살(ASC)(하이브리드)_TROAS_A+SC캠페인_구매최적화_값_표준기여_3028_260611,3655,0,0,0
2026-08-18 13:30:42,13:00,906987379684182,1팀,120248762624190200,17.안심볶음밥(ASC)(메가딜)_TCPA_A+SC캠페인_ALL_C7_수_표준기여_2903_260705,67,0,0,0
2026-08-18 13:30:42,13:00,906987379684182,1팀,120248762624470200,17.안심볶음밥(ASC)(메가딜)_TROAS_A+SC캠페인_구매최적화_값_표준기여_2903_260705,11605,0,0,0
2026-08-18 13:30:42,13:00,906987379684182,1팀,120248762761370200,17.안심볶음밥(ASC)(메가딜)_A+SC캠페인_구매최적화_수_표준기여_2903_260705,1397,0,0,0
2026-08-18 13:30:42,13:00,906987379684182,1팀,120248762858730200,16.안심크리스피(ASC)(메가딜)_A+SC 캠페인_구매최적화_수_표준기여_2908_260720(페르소나),7596,0,0,0
2026-08-18 13:30:42,13:00,906987379684182,1팀,120248763306900200,16.안심크리스피(ASC)(메가딜)_TCPA_A+SC캠페인_ALL_C7_수_표준기여_2908_260621,2621,0,0,0
2026-08-18 13:30:42,13:00,906987379684182,1팀,120248763797300200,21.통살+그릴드(ASC)(메가딜)_TROAS_A+SC캠페인_구매최적화_값_표준기여_3068_260617,2622,0,0,0
2026-08-18 13:30:42,13:00,906987379684182,1팀,120248763797350200,21.통살+그릴드(ASC)(메가딜)_A+SC캠페인_구매최적화_수_표준기여_3068_260617,1063,0,0,0
2026-08-18 13:30:42,13:00,906987379684182,1팀,120249317264110200,07.크리스피(ASC)(하이브리드)_A+SC캠페인_구매최적화_수_표준기여_3078_260713,14143,0,0,0
2026-08-18 13:30:42,13:00,906987379684182,1팀,120249317264140200,07.크리스피(ASC)(하이브리드)_TROAS_A+SC캠페인_구매최적화_값_표준기여_3078_260713,3359,0,0,0
2026-08-18 13:30:42,13:00,906987379684182,1팀,120249875227840200,16.안심크리스피(ASC)(메가딜)_A+SC캠페인_구매최적화_수_표준기여_2908_260705,2186,0,0,0
2026-08-18 13:30:42,13:00,906987379684182,1팀,120249875227870200,16.안심크리스피(ASC)(메가딜)_TCPA_A+SC캠페인_ALL_C7_수_표준기여_2908_260705,137,0,0,0
2026-08-18 13:30:42,13:00,906987379684182,1팀,120249876219520200,20.김자반밥바(ASC)(메가딜)_TROAS_A+SC캠페인_구매최적화_값_표준기여_3003_260705,5028,0,0,0
2026-08-18 13:30:42,13:00,906987379684182,1팀,120249878429160200,01.통살(ASC)(하이브리드)_TROAS_A+SC캠페인_구매최적화_값_표준기여_3028_260705,804,0,0,0
2026-08-18 13:30:42,13:00,906987379684182,1팀,120249878429240200,01.통살(ASC)(하이브리드)_A+SC캠페인_구매최적화_수_표준기여_3028_260705,1093,0,0,0
2026-08-18 13:30:42,13:00,906987379684182,1팀,120250098930220200,01.통살(ASC)(101010)_TROAS_A+SC캠페인_구매최적화_값_표준기여_2336_260712,21775,0,0,0
2026-08-18 13:30:42,13:00,906987379684182,1팀,120250099159310200,07.크리스피(ASC)(메가딜)_A+SC캠페인_구매최적화_수_표준기여_2464_260712,2326,0,0,0
2026-08-18 13:30:42,13:00,906987379684182,1팀,120250099159320200,07.크리스피(ASC)(메가딜)_TROAS_A+SC캠페인_구매최적화_값_표준기여_2464_260712,1579,0,0,0
2026-08-18 13:30:42,13:00,906987379684182,1팀,120250099159330200,07.크리스피(ASC)(메가딜)_TCPA_A+SC캠페인_ALL_C7_수_표준기여_2464_260712,3027,0,0,0
2026-08-18 13:30:42,13:00,906987379684182,1팀,120250099335020200,77.프로모션(ASC)(줄리엔강)_TCPA_A+SC캠페인_ALL_C7_수_표준기여_260713,6119,0,0,0
2026-08-18 13:30:42,13:00,906987379684182,1팀,120250268133470200,03.닭다리살(ASC)(하이브리드)_TROAS_A+SC캠페인_구매최적화_값_표준기여_3111_260726,2506,1,66800,2665.6025538707104
2026-08-18 13:30:42,13:00,906987379684182,1팀,120250444210730200,20.김자반밥바(ASC)(하이브리드)_TROAS_A+SC캠페인_구매최적화_값_표준기여_3159_260726,3373,0,0,0
2026-08-18 13:30:42,13:00,906987379684182,1팀,120250444210740200,20.김자반밥바(ASC)(하이브리드)_A+SC캠페인_구매최적화_수_표준기여_3159_260726,1085,1,32900,3032.2580645161293
2026-08-18 13:30:42,13:00,906987379684182,1팀,120250444210900200,20.김자반밥바(ASC)(하이브리드)_TCPA_A+SC캠페인_ALL_C7_수_표준기여_3159_260726,3014,0,0,0
2026-08-18 13:30:42,13:00,906987379684182,1팀,120250444423310200,21.통살+그릴드(ASC)(하이브리드)_TROAS_A+SC캠페인_구매최적화_값_표준기여_3162_260726,2597,0,0,0
2026-08-18 13:30:42,13:00,906987379684182,1팀,120250444423320200,21.통살+그릴드(ASC)(하이브리드)_TCPA_A+SC캠페인_ALL_C7_수_표준기여_3162_260726,117,0,0,0
2026-08-18 13:30:42,13:00,906987379684182,1팀,120250444423330200,21.통살+그릴드(ASC)(하이브리드)_A+SC캠페인_구매최적화_수_표준기여_3162_260726,4533,0,0,0
2026-08-18 13:30:42,13:00,906987379684182,1팀,120250475752460200,07.크리스피(ASC)(하이브리드)_TROAS_A+SC캠페인_구매최적화_값_표준기여_3078_260722(페르소나),70989,0,0,0
2026-08-18 13:30:42,13:00,906987379684182,1팀,120250614451020200,07.크리스피(ASC)(하이브리드)_A+SC캠페인_구매최적화_수_표준기여_3078_260728,17481,0,0,0
2026-08-18 13:30:42,13:00,906987379684182,1팀,120250614451040200,07.크리스피(ASC)(하이브리드)_TROAS_A+SC캠페인_구매최적화_값_표준기여_3078_260728,290,0,0,0
2026-08-18 13:30:42,13:00,906987379684182,1팀,120250614451160200,07.크리스피(ASC)(하이브리드)_TCPA_A+SC캠페인_ALL_C7_수_표준기여_3078_260728,3059,0,0,0
2026-08-18 13:30:42,13:00,906987379684182,1팀,120250649570130200,07.크리스피(ASC)(하이브리드)_TROAS_A+SC캠페인_구매최적화_값_표준기여_3078_260802_AI,40065,0,0,0
2026-08-18 13:30:42,13:00,906987379684182,1팀,120250649570150200,07.크리스피(ASC)(하이브리드)_TCPA_A+SC캠페인_ALL_C7_수_표준기여_3078_260802_AI,23,0,0,0
2026-08-18 13:30:42,13:00,906987379684182,1팀,120250649570180200,07.크리스피(ASC)(하이브리드)_A+SC캠페인_구매최적화_수_표준기여_3078_260802_AI,17744,0,0,0
2026-08-18 13:30:42,13:00,906987379684182,1팀,120250856737330200,77.프로모션(ASC)(통크크)_TROAS_A+SC캠페인_구매최적화_값_표준기여_260806,2692,0,0,0
2026-08-18 13:30:42,13:00,906987379684182,1팀,120250856737340200,77.프로모션(ASC)(통크크)_TCPA_A+SC캠페인_ALL_C7_수_표준기여_260806,1256,0,0,0
2026-08-18 13:30:42,13:00,906987379684182,1팀,120250856737350200,77.프로모션(ASC)(통크크)_A+SC캠페인_구매최적화_수_표준기여_260806,2074,0,0,0
2026-08-18 13:30:42,13:00,906987379684182,1팀,120250858093370200,01.통살(ASC)(하이브리드)_TROAS_A+SC캠페인_구매최적화_값_표준기여_3028_260806,13,0,0,0
2026-08-18 13:30:42,13:00,906987379684182,1팀,120250858456470200,01.통살(ASC)(하이브리드)_A+SC캠페인_구매최적화_수_표준기여_3028_260806,1045,0,0,0
2026-08-18 13:30:42,13:00,906987379684182,1팀,120250858902230200,07.크리스피(ASC)(메가딜)_A+SC캠페인_구매최적화_수_표준기여_2464_260806,1796,0,0,0
2026-08-18 13:30:42,13:00,906987379684182,1팀,120250858902240200,07.크리스피(ASC)(메가딜)_TCPA_A+SC캠페인_ALL_C7_수_표준기여_2464_260806,554,0,0,0
2026-08-18 13:30:42,13:00,906987379684182,1팀,120250858902260200,07.크리스피(ASC)(메가딜)_TROAS_A+SC캠페인_구매최적화_값_표준기여_2464_260806,4913,0,0,0
2026-08-18 13:30:42,13:00,906987379684182,1팀,120250859130300200,16.안심크리스피(ASC)(메가딜)_TROAS_A+SC캠페인_구매최적화_값_표준기여_2908_260806,285,0,0,0
2026-08-18 13:30:42,13:00,906987379684182,1팀,120250859130310200,16.안심크리스피(ASC)(메가딜)_TCPA_A+SC캠페인_ALL_C7_수_표준기여_2908_260806,86,0,0,0
2026-08-18 13:30:42,13:00,906987379684182,1팀,120250859130340200,16.안심크리스피(ASC)(메가딜)_A+SC캠페인_구매최적화_수_표준기여_2908_260806,5236,0,0,0
2026-08-18 13:30:42,13:00,906987379684182,1팀,120250859189800200,17.안심볶음밥(ASC)(메가딜)_A+SC캠페인_구매최적화_수_표준기여_2903_260806,1841,0,0,0
2026-08-18 13:30:42,13:00,906987379684182,1팀,120250859189810200,17.안심볶음밥(ASC)(메가딜)_TCPA_A+SC캠페인_ALL_C7_수_표준기여_2903_260806,862,0,0,0
2026-08-18 13:30:42,13:00,906987379684182,1팀,120250859189820200,17.안심볶음밥(ASC)(메가딜)_TROAS_A+SC캠페인_구매최적화_값_표준기여_2903_260806,1940,0,0,0
2026-08-18 13:30:42,13:00,906987379684182,1팀,120250859259390200,20.김자반밥바(ASC)(메가딜)_TROAS_A+SC캠페인_구매최적화_값_표준기여_3003_260806,3567,0,0,0
2026-08-18 13:30:42,13:00,906987379684182,1팀,120250859259410200,20.김자반밥바(ASC)(메가딜)_TCPA_A+SC캠페인_ALL_C7_수_표준기여_3003_260806,1999,0,0,0
2026-08-18 13:30:42,13:00,906987379684182,1팀,120250859259430200,20.김자반밥바(ASC)(메가딜)_A+SC캠페인_구매최적화_수_가치조정_3003_260806,1444,0,0,0
2026-08-18 13:30:42,13:00,906987379684182,1팀,120250859367430200,20.김자반밥바(ASC)(하이브리드)_A+SC캠페인_구매최적화_수_가치조정_3159_260806,3789,0,0,0
2026-08-18 13:30:42,13:00,906987379684182,1팀,120250859367440200,20.김자반밥바(ASC)(하이브리드)_TCPA_A+SC캠페인_ALL_C7_수_표준기여_3159_260806,545,0,0,0
2026-08-18 13:30:42,13:00,906987379684182,1팀,120250859367470200,20.김자반밥바(ASC)(하이브리드)_TROAS_A+SC캠페인_구매최적화_값_표준기여_3159_260806,2625,0,0,0
2026-08-18 13:30:42,13:00,906987379684182,1팀,120251066794820200,07.크리스피(ASC)(하이브리드)_A+SC캠페인_구매최적화_수_표준기여_3078_260816_AI _2,5632,0,0,0
2026-08-18 13:30:42,13:00,906987379684182,1팀,120251066794930200,07.크리스피(ASC)(하이브리드)_TROAS_A+SC캠페인_구매최적화_값_표준기여_3078_260816_AI _2,8722,0,0,0
2026-08-18 13:30:42,13:00,906987379684182,1팀,120251169199390200,07.크리스피(ASC)(하이브리드)_TROAS_A+SC캠페인_구매최적화_값_표준기여_3078_260817(페르소나2),11061,0,0,0
2026-08-18 13:57:29,13:00,906987379684182,1팀,120228320649100200,01.통살(ASC)(101010)_TCPA16000_A+SC 캠페인_ALL_V1C7_수_표준기여_2336,31802,0,0,0
2026-08-18 13:57:29,13:00,906987379684182,1팀,120228788396590200,01.통살(ASC)(메가딜)_TCPA20000_A+SC 캠페인_ALL_V1C7_수_표준기여_1874,30062,0,0,0
2026-08-18 13:57:29,13:00,906987379684182,1팀,120230755324960200,07.크리스피(ASC)(메가딜)_A+SC 캠페인_구매최적화_수_표준기여_2464,89085,1,67390,75.64685412807992
2026-08-18 13:57:29,13:00,906987379684182,1팀,120237509836570200,07.크리스피(ASC)(메가딜)_TCPA16000_A+SC 캠페인_ALL_수_표준기여_2464,6405,0,0,0
2026-08-18 13:57:29,13:00,906987379684182,1팀,120243001852340200,01.통살(ASC)(101010)_TCPA16000_A+SC 캠페인_ALL_V1C7_수_표준기여_2336_02,220,0,0,0
2026-08-18 13:57:29,13:00,906987379684182,1팀,120243258462660200,07.크리스피(ASC)(101010)_A+SC 캠페인_구매최적화_수_표준기여_2659_260322,3272,0,0,0
2026-08-18 13:57:29,13:00,906987379684182,1팀,120244128322750200,01.통살(ASC)(101010)_TCPA16000_A+SC 캠페인_ALL_V1C7_수_표준기여_2336_03,1564,0,0,0
2026-08-18 13:57:29,13:00,906987379684182,1팀,120244130427210200,07.크리스피(ASC)(메가딜)_A+SC 캠페인_구매최적화_수_표준기여_2464_260404,4516,0,0,0
2026-08-18 13:57:29,13:00,906987379684182,1팀,120244370408130200,17.안심볶음밥(ASC)(메가딜)_TCPA_A+SC 캠페인_ALL_C7_수_표준기여_2903_260409,17092,0,0,0
2026-08-18 13:57:29,13:00,906987379684182,1팀,120246157174550200,17.안심볶음밥(ASC)(메가딜)_A+SC 캠페인_구매최적화_수_표준기여_2903_260507_남자,15842,0,0,0
2026-08-18 13:57:29,13:00,906987379684182,1팀,120246224683700200,17.안심볶음밥(ASC)(메가딜)_A+SC 캠페인_구매최적화_수_표준기여_2903_260507_남자_02,4226,0,0,0
2026-08-18 13:57:29,13:00,906987379684182,1팀,120246397028850200,07.크리스피(ASC)(통합)_A+SC 캠페인_구매최적화_수_표준기여_통합_260511,40003,2,88000,219.98350123740718
2026-08-18 13:57:29,13:00,906987379684182,1팀,120246898203940200,03.닭다리살(ASC)(1010)_A+SC캠페인_구매최적화_수_표준기여_2604_260519,6695,0,0,0
2026-08-18 13:57:29,13:00,906987379684182,1팀,120246898384670200,03.닭다리살(ASC)(1010)_TROAS_A+SC캠페인_구매최적화_값_표준기여_2604_260519,31195,0,0,0
2026-08-18 13:57:29,13:00,906987379684182,1팀,120247379587080200,07.크리스피(ASC)(1010)_TROAS_A+SC캠페인_구매최적화_값_표준기여_2992_260527,44959,0,0,0
2026-08-18 13:57:29,13:00,906987379684182,1팀,120247842896910200,20.김자반밥바(ASC)(메가딜)_A+SC캠페인_구매최적화_수_표준기여_3003_260603,0,0,0,0
2026-08-18 13:57:29,13:00,906987379684182,1팀,120248207670120200,17.안심볶음밥(ASC)(메가딜)_A+SC 캠페인_구매최적화_수_표준기여_2903_260609_남자(가치조정),2674,0,0,0
2026-08-18 13:57:29,13:00,906987379684182,1팀,120248361514480200,01.통살(ASC)(하이브리드)_TCPA_A+SC캠페인_ALL_C7_수_표준기여_3028_260611,4308,0,0,0
2026-08-18 13:57:29,13:00,906987379684182,1팀,120248361514580200,01.통살(ASC)(하이브리드)_TROAS_A+SC캠페인_구매최적화_값_표준기여_3028_260611,7399,0,0,0
2026-08-18 13:57:29,13:00,906987379684182,1팀,120248762624190200,17.안심볶음밥(ASC)(메가딜)_TCPA_A+SC캠페인_ALL_C7_수_표준기여_2903_260705,1601,0,0,0
2026-08-18 13:57:29,13:00,906987379684182,1팀,120248762624470200,17.안심볶음밥(ASC)(메가딜)_TROAS_A+SC캠페인_구매최적화_값_표준기여_2903_260705,22035,0,0,0
2026-08-18 13:57:29,13:00,906987379684182,1팀,120248762761370200,17.안심볶음밥(ASC)(메가딜)_A+SC캠페인_구매최적화_수_표준기여_2903_260705,3351,0,0,0
2026-08-18 13:57:29,13:00,906987379684182,1팀,120248762858730200,16.안심크리스피(ASC)(메가딜)_A+SC 캠페인_구매최적화_수_표준기여_2908_260720(페르소나),16185,0,0,0
2026-08-18 13:57:29,13:00,906987379684182,1팀,120248763306900200,16.안심크리스피(ASC)(메가딜)_TCPA_A+SC캠페인_ALL_C7_수_표준기여_2908_260621,4058,0,0,0
2026-08-18 13:57:29,13:00,906987379684182,1팀,120248763797300200,21.통살+그릴드(ASC)(메가딜)_TROAS_A+SC캠페인_구매최적화_값_표준기여_3068_260617,5276,0,0,0
2026-08-18 13:57:29,13:00,906987379684182,1팀,120248763797350200,21.통살+그릴드(ASC)(메가딜)_A+SC캠페인_구매최적화_수_표준기여_3068_260617,2358,0,0,0
2026-08-18 13:57:29,13:00,906987379684182,1팀,120249317264110200,07.크리스피(ASC)(하이브리드)_A+SC캠페인_구매최적화_수_표준기여_3078_260713,32311,0,0,0
2026-08-18 13:57:29,13:00,906987379684182,1팀,120249317264140200,07.크리스피(ASC)(하이브리드)_TROAS_A+SC캠페인_구매최적화_값_표준기여_3078_260713,3921,0,0,0
2026-08-18 13:57:29,13:00,906987379684182,1팀,120249873905240200,07.크리스피(ASC)(101010)_TROAS_A+SC캠페인_구매최적화_값_표준기여_2659_260705,7,0,0,0
2026-08-18 13:57:29,13:00,906987379684182,1팀,120249875227840200,16.안심크리스피(ASC)(메가딜)_A+SC캠페인_구매최적화_수_표준기여_2908_260705,4417,0,0,0
2026-08-18 13:57:29,13:00,906987379684182,1팀,120249875227870200,16.안심크리스피(ASC)(메가딜)_TCPA_A+SC캠페인_ALL_C7_수_표준기여_2908_260705,340,0,0,0
2026-08-18 13:57:29,13:00,906987379684182,1팀,120249876219520200,20.김자반밥바(ASC)(메가딜)_TROAS_A+SC캠페인_구매최적화_값_표준기여_3003_260705,11024,0,0,0
2026-08-18 13:57:29,13:00,906987379684182,1팀,120249878429160200,01.통살(ASC)(하이브리드)_TROAS_A+SC캠페인_구매최적화_값_표준기여_3028_260705,2561,0,0,0
2026-08-18 13:57:29,13:00,906987379684182,1팀,120249878429240200,01.통살(ASC)(하이브리드)_A+SC캠페인_구매최적화_수_표준기여_3028_260705,2444,0,0,0
2026-08-18 13:57:29,13:00,906987379684182,1팀,120250098930220200,01.통살(ASC)(101010)_TROAS_A+SC캠페인_구매최적화_값_표준기여_2336_260712,49413,1,59800,121.02078400420942
2026-08-18 13:57:29,13:00,906987379684182,1팀,120250099159310200,07.크리스피(ASC)(메가딜)_A+SC캠페인_구매최적화_수_표준기여_2464_260712,4665,0,0,0
2026-08-18 13:57:29,13:00,906987379684182,1팀,120250099159320200,07.크리스피(ASC)(메가딜)_TROAS_A+SC캠페인_구매최적화_값_표준기여_2464_260712,3070,0,0,0
2026-08-18 13:57:29,13:00,906987379684182,1팀,120250099159330200,07.크리스피(ASC)(메가딜)_TCPA_A+SC캠페인_ALL_C7_수_표준기여_2464_260712,5948,0,0,0
2026-08-18 13:57:29,13:00,906987379684182,1팀,120250099335020200,77.프로모션(ASC)(줄리엔강)_TCPA_A+SC캠페인_ALL_C7_수_표준기여_260713,12100,0,0,0
2026-08-18 13:57:29,13:00,906987379684182,1팀,120250268133470200,03.닭다리살(ASC)(하이브리드)_TROAS_A+SC캠페인_구매최적화_값_표준기여_3111_260726,5750,1,66800,1161.7391304347827
2026-08-18 13:57:29,13:00,906987379684182,1팀,120250444210730200,20.김자반밥바(ASC)(하이브리드)_TROAS_A+SC캠페인_구매최적화_값_표준기여_3159_260726,6848,0,0,0
2026-08-18 13:57:29,13:00,906987379684182,1팀,120250444210740200,20.김자반밥바(ASC)(하이브리드)_A+SC캠페인_구매최적화_수_표준기여_3159_260726,1976,1,32900,1664.9797570850203
2026-08-18 13:57:29,13:00,906987379684182,1팀,120250444210900200,20.김자반밥바(ASC)(하이브리드)_TCPA_A+SC캠페인_ALL_C7_수_표준기여_3159_260726,6977,0,0,0
2026-08-18 13:57:29,13:00,906987379684182,1팀,120250444423310200,21.통살+그릴드(ASC)(하이브리드)_TROAS_A+SC캠페인_구매최적화_값_표준기여_3162_260726,4564,0,0,0
2026-08-18 13:57:29,13:00,906987379684182,1팀,120250444423320200,21.통살+그릴드(ASC)(하이브리드)_TCPA_A+SC캠페인_ALL_C7_수_표준기여_3162_260726,282,0,0,0
2026-08-18 13:57:29,13:00,906987379684182,1팀,120250444423330200,21.통살+그릴드(ASC)(하이브리드)_A+SC캠페인_구매최적화_수_표준기여_3162_260726,9681,0,0,0
2026-08-18 13:57:29,13:00,906987379684182,1팀,120250475752460200,07.크리스피(ASC)(하이브리드)_TROAS_A+SC캠페인_구매최적화_값_표준기여_3078_260722(페르소나),137927,5,518900,376.21350424499917
2026-08-18 13:57:29,13:00,906987379684182,1팀,120250614451020200,07.크리스피(ASC)(하이브리드)_A+SC캠페인_구매최적화_수_표준기여_3078_260728,34045,1,59700,175.35614627698635
2026-08-18 13:57:29,13:00,906987379684182,1팀,120250614451040200,07.크리스피(ASC)(하이브리드)_TROAS_A+SC캠페인_구매최적화_값_표준기여_3078_260728,413,0,0,0
2026-08-18 13:57:29,13:00,906987379684182,1팀,120250614451160200,07.크리스피(ASC)(하이브리드)_TCPA_A+SC캠페인_ALL_C7_수_표준기여_3078_260728,6205,0,0,0
2026-08-18 13:57:29,13:00,906987379684182,1팀,120250649570130200,07.크리스피(ASC)(하이브리드)_TROAS_A+SC캠페인_구매최적화_값_표준기여_3078_260802_AI,80995,2,119600,147.6634360145688
2026-08-18 13:57:29,13:00,906987379684182,1팀,120250649570150200,07.크리스피(ASC)(하이브리드)_TCPA_A+SC캠페인_ALL_C7_수_표준기여_3078_260802_AI,48,0,0,0
2026-08-18 13:57:29,13:00,906987379684182,1팀,120250649570180200,07.크리스피(ASC)(하이브리드)_A+SC캠페인_구매최적화_수_표준기여_3078_260802_AI,35597,0,0,0
2026-08-18 13:57:29,13:00,906987379684182,1팀,120250856737330200,77.프로모션(ASC)(통크크)_TROAS_A+SC캠페인_구매최적화_값_표준기여_260806,6156,0,0,0
2026-08-18 13:57:29,13:00,906987379684182,1팀,120250856737340200,77.프로모션(ASC)(통크크)_TCPA_A+SC캠페인_ALL_C7_수_표준기여_260806,2465,0,0,0
2026-08-18 13:57:29,13:00,906987379684182,1팀,120250856737350200,77.프로모션(ASC)(통크크)_A+SC캠페인_구매최적화_수_표준기여_260806,3836,0,0,0
2026-08-18 13:57:29,13:00,906987379684182,1팀,120250858093370200,01.통살(ASC)(하이브리드)_TROAS_A+SC캠페인_구매최적화_값_표준기여_3028_260806,30,0,0,0
2026-08-18 13:57:29,13:00,906987379684182,1팀,120250858456470200,01.통살(ASC)(하이브리드)_A+SC캠페인_구매최적화_수_표준기여_3028_260806,2622,0,0,0
2026-08-18 13:57:29,13:00,906987379684182,1팀,120250858902230200,07.크리스피(ASC)(메가딜)_A+SC캠페인_구매최적화_수_표준기여_2464_260806,3272,0,0,0
2026-08-18 13:57:29,13:00,906987379684182,1팀,120250858902240200,07.크리스피(ASC)(메가딜)_TCPA_A+SC캠페인_ALL_C7_수_표준기여_2464_260806,790,0,0,0
2026-08-18 13:57:29,13:00,906987379684182,1팀,120250858902260200,07.크리스피(ASC)(메가딜)_TROAS_A+SC캠페인_구매최적화_값_표준기여_2464_260806,8843,1,62900,711.2970711297071
2026-08-18 13:57:29,13:00,906987379684182,1팀,120250859130300200,16.안심크리스피(ASC)(메가딜)_TROAS_A+SC캠페인_구매최적화_값_표준기여_2908_260806,319,0,0,0
2026-08-18 13:57:29,13:00,906987379684182,1팀,120250859130310200,16.안심크리스피(ASC)(메가딜)_TCPA_A+SC캠페인_ALL_C7_수_표준기여_2908_260806,180,0,0,0
2026-08-18 13:57:29,13:00,906987379684182,1팀,120250859130340200,16.안심크리스피(ASC)(메가딜)_A+SC캠페인_구매최적화_수_표준기여_2908_260806,15490,0,0,0
2026-08-18 13:57:29,13:00,906987379684182,1팀,120250859189800200,17.안심볶음밥(ASC)(메가딜)_A+SC캠페인_구매최적화_수_표준기여_2903_260806,3567,0,0,0
2026-08-18 13:57:29,13:00,906987379684182,1팀,120250859189810200,17.안심볶음밥(ASC)(메가딜)_TCPA_A+SC캠페인_ALL_C7_수_표준기여_2903_260806,1630,0,0,0
2026-08-18 13:57:29,13:00,906987379684182,1팀,120250859189820200,17.안심볶음밥(ASC)(메가딜)_TROAS_A+SC캠페인_구매최적화_값_표준기여_2903_260806,3143,0,0,0
2026-08-18 13:57:29,13:00,906987379684182,1팀,120250859259390200,20.김자반밥바(ASC)(메가딜)_TROAS_A+SC캠페인_구매최적화_값_표준기여_3003_260806,6446,0,0,0
2026-08-18 13:57:29,13:00,906987379684182,1팀,120250859259410200,20.김자반밥바(ASC)(메가딜)_TCPA_A+SC캠페인_ALL_C7_수_표준기여_3003_260806,4041,0,0,0
2026-08-18 13:57:29,13:00,906987379684182,1팀,120250859259430200,20.김자반밥바(ASC)(메가딜)_A+SC캠페인_구매최적화_수_가치조정_3003_260806,2666,0,0,0
2026-08-18 13:57:29,13:00,906987379684182,1팀,120250859367430200,20.김자반밥바(ASC)(하이브리드)_A+SC캠페인_구매최적화_수_가치조정_3159_260806,6624,0,0,0
2026-08-18 13:57:29,13:00,906987379684182,1팀,120250859367440200,20.김자반밥바(ASC)(하이브리드)_TCPA_A+SC캠페인_ALL_C7_수_표준기여_3159_260806,5643,0,0,0
2026-08-18 13:57:29,13:00,906987379684182,1팀,120250859367470200,20.김자반밥바(ASC)(하이브리드)_TROAS_A+SC캠페인_구매최적화_값_표준기여_3159_260806,5128,0,0,0
2026-08-18 13:57:29,13:00,906987379684182,1팀,120251066794820200,07.크리스피(ASC)(하이브리드)_A+SC캠페인_구매최적화_수_표준기여_3078_260816_AI _2,11520,0,0,0
2026-08-18 13:57:29,13:00,906987379684182,1팀,120251066794930200,07.크리스피(ASC)(하이브리드)_TROAS_A+SC캠페인_구매최적화_값_표준기여_3078_260816_AI _2,19187,0,0,0
2026-08-18 13:57:29,13:00,906987379684182,1팀,120251169199390200,07.크리스피(ASC)(하이브리드)_TROAS_A+SC캠페인_구매최적화_값_표준기여_3078_260817(페르소나2),21444,0,0,0
2026-08-18 14:30:45,14:00,906987379684182,1팀,120228320649100200,01.통살(ASC)(101010)_TCPA16000_A+SC 캠페인_ALL_V1C7_수_표준기여_2336,10545,0,0,0
2026-08-18 14:30:45,14:00,906987379684182,1팀,120228788396590200,01.통살(ASC)(메가딜)_TCPA20000_A+SC 캠페인_ALL_V1C7_수_표준기여_1874,9356,0,0,0
2026-08-18 14:30:45,14:00,906987379684182,1팀,120230755324960200,07.크리스피(ASC)(메가딜)_A+SC 캠페인_구매최적화_수_표준기여_2464,53742,0,0,0
2026-08-18 14:30:45,14:00,906987379684182,1팀,120237509836570200,07.크리스피(ASC)(메가딜)_TCPA16000_A+SC 캠페인_ALL_수_표준기여_2464,612,0,0,0
2026-08-18 14:30:45,14:00,906987379684182,1팀,120243001852340200,01.통살(ASC)(101010)_TCPA16000_A+SC 캠페인_ALL_V1C7_수_표준기여_2336_02,115,0,0,0
2026-08-18 14:30:45,14:00,906987379684182,1팀,120243258462660200,07.크리스피(ASC)(101010)_A+SC 캠페인_구매최적화_수_표준기여_2659_260322,1897,0,0,0
2026-08-18 14:30:45,14:00,906987379684182,1팀,120243592510760200,16.안심크리스피(ASC)(메가딜)_TCPA14000_A+SC 캠페인_ALL_C7_수_표준기여_2863_260327,0,0,0,0
2026-08-18 14:30:45,14:00,906987379684182,1팀,120244128322750200,01.통살(ASC)(101010)_TCPA16000_A+SC 캠페인_ALL_V1C7_수_표준기여_2336_03,540,0,0,0
2026-08-18 14:30:45,14:00,906987379684182,1팀,120244130427210200,07.크리스피(ASC)(메가딜)_A+SC 캠페인_구매최적화_수_표준기여_2464_260404,1797,0,0,0
2026-08-18 14:30:45,14:00,906987379684182,1팀,120244370408130200,17.안심볶음밥(ASC)(메가딜)_TCPA_A+SC 캠페인_ALL_C7_수_표준기여_2903_260409,8320,1,93000,1117.7884615384614
2026-08-18 14:30:45,14:00,906987379684182,1팀,120246157174550200,17.안심볶음밥(ASC)(메가딜)_A+SC 캠페인_구매최적화_수_표준기여_2903_260507_남자,6365,0,0,0
2026-08-18 14:30:45,14:00,906987379684182,1팀,120246224683700200,17.안심볶음밥(ASC)(메가딜)_A+SC 캠페인_구매최적화_수_표준기여_2903_260507_남자_02,1660,0,0,0
2026-08-18 14:30:45,14:00,906987379684182,1팀,120246397028850200,07.크리스피(ASC)(통합)_A+SC 캠페인_구매최적화_수_표준기여_통합_260511,19810,1,25800,130.23725391216556
2026-08-18 14:30:45,14:00,906987379684182,1팀,120246898203940200,03.닭다리살(ASC)(1010)_A+SC캠페인_구매최적화_수_표준기여_2604_260519,3025,0,0,0
2026-08-18 14:30:45,14:00,906987379684182,1팀,120246898384670200,03.닭다리살(ASC)(1010)_TROAS_A+SC캠페인_구매최적화_값_표준기여_2604_260519,17329,0,0,0
2026-08-18 14:30:45,14:00,906987379684182,1팀,120247379587080200,07.크리스피(ASC)(1010)_TROAS_A+SC캠페인_구매최적화_값_표준기여_2992_260527,14314,0,0,0
2026-08-18 14:30:45,14:00,906987379684182,1팀,120248207670120200,17.안심볶음밥(ASC)(메가딜)_A+SC 캠페인_구매최적화_수_표준기여_2903_260609_남자(가치조정),1596,0,0,0
2026-08-18 14:30:45,14:00,906987379684182,1팀,120248361514480200,01.통살(ASC)(하이브리드)_TCPA_A+SC캠페인_ALL_C7_수_표준기여_3028_260611,2037,0,0,0
2026-08-18 14:30:45,14:00,906987379684182,1팀,120248361514580200,01.통살(ASC)(하이브리드)_TROAS_A+SC캠페인_구매최적화_값_표준기여_3028_260611,3146,0,0,0
2026-08-18 14:30:45,14:00,906987379684182,1팀,120248762624190200,17.안심볶음밥(ASC)(메가딜)_TCPA_A+SC캠페인_ALL_C7_수_표준기여_2903_260705,48,0,0,0
2026-08-18 14:30:45,14:00,906987379684182,1팀,120248762624470200,17.안심볶음밥(ASC)(메가딜)_TROAS_A+SC캠페인_구매최적화_값_표준기여_2903_260705,7330,1,93000,1268.7585266030014
2026-08-18 14:30:45,14:00,906987379684182,1팀,120248762761370200,17.안심볶음밥(ASC)(메가딜)_A+SC캠페인_구매최적화_수_표준기여_2903_260705,1524,0,0,0
2026-08-18 14:30:45,14:00,906987379684182,1팀,120248762858730200,16.안심크리스피(ASC)(메가딜)_A+SC 캠페인_구매최적화_수_표준기여_2908_260720(페르소나),6835,0,0,0
2026-08-18 14:30:45,14:00,906987379684182,1팀,120248763306900200,16.안심크리스피(ASC)(메가딜)_TCPA_A+SC캠페인_ALL_C7_수_표준기여_2908_260621,886,0,0,0
2026-08-18 14:30:45,14:00,906987379684182,1팀,120248763797300200,21.통살+그릴드(ASC)(메가딜)_TROAS_A+SC캠페인_구매최적화_값_표준기여_3068_260617,3015,0,0,0
2026-08-18 14:30:45,14:00,906987379684182,1팀,120248763797350200,21.통살+그릴드(ASC)(메가딜)_A+SC캠페인_구매최적화_수_표준기여_3068_260617,723,1,79100,10940.525587828492
2026-08-18 14:30:45,14:00,906987379684182,1팀,120249317264110200,07.크리스피(ASC)(하이브리드)_A+SC캠페인_구매최적화_수_표준기여_3078_260713,15985,1,59700,373.47513293712854
2026-08-18 14:30:45,14:00,906987379684182,1팀,120249317264140200,07.크리스피(ASC)(하이브리드)_TROAS_A+SC캠페인_구매최적화_값_표준기여_3078_260713,15076,0,0,0
2026-08-18 14:30:45,14:00,906987379684182,1팀,120249875227840200,16.안심크리스피(ASC)(메가딜)_A+SC캠페인_구매최적화_수_표준기여_2908_260705,1131,0,0,0
2026-08-18 14:30:45,14:00,906987379684182,1팀,120249875227870200,16.안심크리스피(ASC)(메가딜)_TCPA_A+SC캠페인_ALL_C7_수_표준기여_2908_260705,61,0,0,0
2026-08-18 14:30:45,14:00,906987379684182,1팀,120249876219490200,20.김자반밥바(ASC)(메가딜)_A+SC캠페인_구매최적화_수_표준기여_3003_260705,0,0,0,0
2026-08-18 14:30:45,14:00,906987379684182,1팀,120249876219520200,20.김자반밥바(ASC)(메가딜)_TROAS_A+SC캠페인_구매최적화_값_표준기여_3003_260705,4303,0,0,0
2026-08-18 14:30:45,14:00,906987379684182,1팀,120249878429160200,01.통살(ASC)(하이브리드)_TROAS_A+SC캠페인_구매최적화_값_표준기여_3028_260705,2303,1,104500,4537.5597047329575
2026-08-18 14:30:45,14:00,906987379684182,1팀,120249878429240200,01.통살(ASC)(하이브리드)_A+SC캠페인_구매최적화_수_표준기여_3028_260705,1141,0,0,0
2026-08-18 14:30:45,14:00,906987379684182,1팀,120250098930220200,01.통살(ASC)(101010)_TROAS_A+SC캠페인_구매최적화_값_표준기여_2336_260712,25600,0,0,0
2026-08-18 14:30:45,14:00,906987379684182,1팀,120250099159310200,07.크리스피(ASC)(메가딜)_A+SC캠페인_구매최적화_수_표준기여_2464_260712,1814,1,98600,5435.501653803749
2026-08-18 14:30:45,14:00,906987379684182,1팀,120250099159320200,07.크리스피(ASC)(메가딜)_TROAS_A+SC캠페인_구매최적화_값_표준기여_2464_260712,671,0,0,0
2026-08-18 14:30:45,14:00,906987379684182,1팀,120250099159330200,07.크리스피(ASC)(메가딜)_TCPA_A+SC캠페인_ALL_C7_수_표준기여_2464_260712,873,0,0,0
2026-08-18 14:30:45,14:00,906987379684182,1팀,120250099335020200,77.프로모션(ASC)(줄리엔강)_TCPA_A+SC캠페인_ALL_C7_수_표준기여_260713,5160,0,0,0
2026-08-18 14:30:45,14:00,906987379684182,1팀,120250268133470200,03.닭다리살(ASC)(하이브리드)_TROAS_A+SC캠페인_구매최적화_값_표준기여_3111_260726,1665,0,0,0
2026-08-18 14:30:45,14:00,906987379684182,1팀,120250444210730200,20.김자반밥바(ASC)(하이브리드)_TROAS_A+SC캠페인_구매최적화_값_표준기여_3159_260726,4890,1,53900,1102.2494887525563
2026-08-18 14:30:45,14:00,906987379684182,1팀,120250444210740200,20.김자반밥바(ASC)(하이브리드)_A+SC캠페인_구매최적화_수_표준기여_3159_260726,698,0,0,0
2026-08-18 14:30:45,14:00,906987379684182,1팀,120250444210900200,20.김자반밥바(ASC)(하이브리드)_TCPA_A+SC캠페인_ALL_C7_수_표준기여_3159_260726,1850,0,0,0
2026-08-18 14:30:45,14:00,906987379684182,1팀,120250444423310200,21.통살+그릴드(ASC)(하이브리드)_TROAS_A+SC캠페인_구매최적화_값_표준기여_3162_260726,1311,0,0,0
2026-08-18 14:30:45,14:00,906987379684182,1팀,120250444423320200,21.통살+그릴드(ASC)(하이브리드)_TCPA_A+SC캠페인_ALL_C7_수_표준기여_3162_260726,52,0,0,0
2026-08-18 14:30:45,14:00,906987379684182,1팀,120250444423330200,21.통살+그릴드(ASC)(하이브리드)_A+SC캠페인_구매최적화_수_표준기여_3162_260726,6050,0,0,0
2026-08-18 14:30:45,14:00,906987379684182,1팀,120250475752460200,07.크리스피(ASC)(하이브리드)_TROAS_A+SC캠페인_구매최적화_값_표준기여_3078_260722(페르소나),53130,1,59800,112.55411255411256
2026-08-18 14:30:45,14:00,906987379684182,1팀,120250614451020200,07.크리스피(ASC)(하이브리드)_A+SC캠페인_구매최적화_수_표준기여_3078_260728,16390,0,0,0
2026-08-18 14:30:45,14:00,906987379684182,1팀,120250614451040200,07.크리스피(ASC)(하이브리드)_TROAS_A+SC캠페인_구매최적화_값_표준기여_3078_260728,536,0,0,0
2026-08-18 14:30:45,14:00,906987379684182,1팀,120250614451160200,07.크리스피(ASC)(하이브리드)_TCPA_A+SC캠페인_ALL_C7_수_표준기여_3078_260728,2790,0,0,0
2026-08-18 14:30:45,14:00,906987379684182,1팀,120250649570130200,07.크리스피(ASC)(하이브리드)_TROAS_A+SC캠페인_구매최적화_값_표준기여_3078_260802_AI,36006,0,0,0
2026-08-18 14:30:45,14:00,906987379684182,1팀,120250649570150200,07.크리스피(ASC)(하이브리드)_TCPA_A+SC캠페인_ALL_C7_수_표준기여_3078_260802_AI,24,0,0,0
2026-08-18 14:30:45,14:00,906987379684182,1팀,120250649570180200,07.크리스피(ASC)(하이브리드)_A+SC캠페인_구매최적화_수_표준기여_3078_260802_AI,14174,0,0,0
2026-08-18 14:30:45,14:00,906987379684182,1팀,120250856737330200,77.프로모션(ASC)(통크크)_TROAS_A+SC캠페인_구매최적화_값_표준기여_260806,1898,0,0,0
2026-08-18 14:30:45,14:00,906987379684182,1팀,120250856737340200,77.프로모션(ASC)(통크크)_TCPA_A+SC캠페인_ALL_C7_수_표준기여_260806,460,0,0,0
2026-08-18 14:30:45,14:00,906987379684182,1팀,120250856737350200,77.프로모션(ASC)(통크크)_A+SC캠페인_구매최적화_수_표준기여_260806,1516,0,0,0
2026-08-18 14:30:45,14:00,906987379684182,1팀,120250858093370200,01.통살(ASC)(하이브리드)_TROAS_A+SC캠페인_구매최적화_값_표준기여_3028_260806,11,0,0,0
2026-08-18 14:30:45,14:00,906987379684182,1팀,120250858456470200,01.통살(ASC)(하이브리드)_A+SC캠페인_구매최적화_수_표준기여_3028_260806,997,0,0,0
2026-08-18 14:30:45,14:00,906987379684182,1팀,120250858902230200,07.크리스피(ASC)(메가딜)_A+SC캠페인_구매최적화_수_표준기여_2464_260806,1317,0,0,0
2026-08-18 14:30:45,14:00,906987379684182,1팀,120250858902240200,07.크리스피(ASC)(메가딜)_TCPA_A+SC캠페인_ALL_C7_수_표준기여_2464_260806,311,0,0,0
2026-08-18 14:30:45,14:00,906987379684182,1팀,120250858902260200,07.크리스피(ASC)(메가딜)_TROAS_A+SC캠페인_구매최적화_값_표준기여_2464_260806,3868,0,0,0
2026-08-18 14:30:45,14:00,906987379684182,1팀,120250859130300200,16.안심크리스피(ASC)(메가딜)_TROAS_A+SC캠페인_구매최적화_값_표준기여_2908_260806,58,0,0,0
2026-08-18 14:30:45,14:00,906987379684182,1팀,120250859130310200,16.안심크리스피(ASC)(메가딜)_TCPA_A+SC캠페인_ALL_C7_수_표준기여_2908_260806,30,0,0,0
2026-08-18 14:30:45,14:00,906987379684182,1팀,120250859130340200,16.안심크리스피(ASC)(메가딜)_A+SC캠페인_구매최적화_수_표준기여_2908_260806,9076,0,0,0
2026-08-18 14:30:45,14:00,906987379684182,1팀,120250859189800200,17.안심볶음밥(ASC)(메가딜)_A+SC캠페인_구매최적화_수_표준기여_2903_260806,1380,0,0,0
2026-08-18 14:30:45,14:00,906987379684182,1팀,120250859189810200,17.안심볶음밥(ASC)(메가딜)_TCPA_A+SC캠페인_ALL_C7_수_표준기여_2903_260806,650,0,0,0
2026-08-18 14:30:45,14:00,906987379684182,1팀,120250859189820200,17.안심볶음밥(ASC)(메가딜)_TROAS_A+SC캠페인_구매최적화_값_표준기여_2903_260806,622,0,0,0
2026-08-18 14:30:45,14:00,906987379684182,1팀,120250859259390200,20.김자반밥바(ASC)(메가딜)_TROAS_A+SC캠페인_구매최적화_값_표준기여_3003_260806,1836,0,0,0
2026-08-18 14:30:45,14:00,906987379684182,1팀,120250859259410200,20.김자반밥바(ASC)(메가딜)_TCPA_A+SC캠페인_ALL_C7_수_표준기여_3003_260806,593,0,0,0
2026-08-18 14:30:45,14:00,906987379684182,1팀,120250859259430200,20.김자반밥바(ASC)(메가딜)_A+SC캠페인_구매최적화_수_가치조정_3003_260806,1087,0,0,0
2026-08-18 14:30:45,14:00,906987379684182,1팀,120250859367430200,20.김자반밥바(ASC)(하이브리드)_A+SC캠페인_구매최적화_수_가치조정_3159_260806,3260,0,0,0
2026-08-18 14:30:45,14:00,906987379684182,1팀,120250859367440200,20.김자반밥바(ASC)(하이브리드)_TCPA_A+SC캠페인_ALL_C7_수_표준기여_3159_260806,348,0,0,0
2026-08-18 14:30:45,14:00,906987379684182,1팀,120250859367470200,20.김자반밥바(ASC)(하이브리드)_TROAS_A+SC캠페인_구매최적화_값_표준기여_3159_260806,1570,0,0,0
2026-08-18 14:30:45,14:00,906987379684182,1팀,120251066794820200,07.크리스피(ASC)(하이브리드)_A+SC캠페인_구매최적화_수_표준기여_3078_260816_AI _2,5549,0,0,0
2026-08-18 14:30:45,14:00,906987379684182,1팀,120251066794930200,07.크리스피(ASC)(하이브리드)_TROAS_A+SC캠페인_구매최적화_값_표준기여_3078_260816_AI _2,8358,0,0,0
2026-08-18 14:30:45,14:00,906987379684182,1팀,120251169199390200,07.크리스피(ASC)(하이브리드)_TROAS_A+SC캠페인_구매최적화_값_표준기여_3078_260817(페르소나2),6565,0,0,0
2026-08-18 14:36:44,14:00,906987379684182,1팀,120228320649100200,01.통살(ASC)(101010)_TCPA16000_A+SC 캠페인_ALL_V1C7_수_표준기여_2336,13122,1,59800,455.72321292485907
2026-08-18 14:36:44,14:00,906987379684182,1팀,120228788396590200,01.통살(ASC)(메가딜)_TCPA20000_A+SC 캠페인_ALL_V1C7_수_표준기여_1874,12233,0,0,0
2026-08-18 14:36:44,14:00,906987379684182,1팀,120230755324960200,07.크리스피(ASC)(메가딜)_A+SC 캠페인_구매최적화_수_표준기여_2464,65940,0,0,0
2026-08-18 14:36:44,14:00,906987379684182,1팀,120237509836570200,07.크리스피(ASC)(메가딜)_TCPA16000_A+SC 캠페인_ALL_수_표준기여_2464,811,0,0,0
2026-08-18 14:36:44,14:00,906987379684182,1팀,120243001852340200,01.통살(ASC)(101010)_TCPA16000_A+SC 캠페인_ALL_V1C7_수_표준기여_2336_02,160,0,0,0
2026-08-18 14:36:44,14:00,906987379684182,1팀,120243258462660200,07.크리스피(ASC)(101010)_A+SC 캠페인_구매최적화_수_표준기여_2659_260322,2085,0,0,0
2026-08-18 14:36:44,14:00,906987379684182,1팀,120243592510760200,16.안심크리스피(ASC)(메가딜)_TCPA14000_A+SC 캠페인_ALL_C7_수_표준기여_2863_260327,0,0,0,0
2026-08-18 14:36:44,14:00,906987379684182,1팀,120244128322750200,01.통살(ASC)(101010)_TCPA16000_A+SC 캠페인_ALL_V1C7_수_표준기여_2336_03,932,0,0,0
2026-08-18 14:36:44,14:00,906987379684182,1팀,120244130427210200,07.크리스피(ASC)(메가딜)_A+SC 캠페인_구매최적화_수_표준기여_2464_260404,2408,0,0,0
2026-08-18 14:36:44,14:00,906987379684182,1팀,120244370408130200,17.안심볶음밥(ASC)(메가딜)_TCPA_A+SC 캠페인_ALL_C7_수_표준기여_2903_260409,10327,1,93000,900.5519511958943
2026-08-18 14:36:44,14:00,906987379684182,1팀,120246157174550200,17.안심볶음밥(ASC)(메가딜)_A+SC 캠페인_구매최적화_수_표준기여_2903_260507_남자,7557,0,0,0
2026-08-18 14:36:44,14:00,906987379684182,1팀,120246224683700200,17.안심볶음밥(ASC)(메가딜)_A+SC 캠페인_구매최적화_수_표준기여_2903_260507_남자_02,2058,0,0,0
2026-08-18 14:36:44,14:00,906987379684182,1팀,120246397028850200,07.크리스피(ASC)(통합)_A+SC 캠페인_구매최적화_수_표준기여_통합_260511,23859,1,25800,108.13529485728657
2026-08-18 14:36:44,14:00,906987379684182,1팀,120246898203940200,03.닭다리살(ASC)(1010)_A+SC캠페인_구매최적화_수_표준기여_2604_260519,4136,0,0,0
2026-08-18 14:36:44,14:00,906987379684182,1팀,120246898384670200,03.닭다리살(ASC)(1010)_TROAS_A+SC캠페인_구매최적화_값_표준기여_2604_260519,21947,0,0,0
2026-08-18 14:36:44,14:00,906987379684182,1팀,120247379587080200,07.크리스피(ASC)(1010)_TROAS_A+SC캠페인_구매최적화_값_표준기여_2992_260527,17484,0,0,0
2026-08-18 14:36:44,14:00,906987379684182,1팀,120248207670120200,17.안심볶음밥(ASC)(메가딜)_A+SC 캠페인_구매최적화_수_표준기여_2903_260609_남자(가치조정),2011,0,0,0
2026-08-18 14:36:44,14:00,906987379684182,1팀,120248361514480200,01.통살(ASC)(하이브리드)_TCPA_A+SC캠페인_ALL_C7_수_표준기여_3028_260611,2313,0,0,0
2026-08-18 14:36:44,14:00,906987379684182,1팀,120248361514580200,01.통살(ASC)(하이브리드)_TROAS_A+SC캠페인_구매최적화_값_표준기여_3028_260611,3866,0,0,0
2026-08-18 14:36:44,14:00,906987379684182,1팀,120248762624190200,17.안심볶음밥(ASC)(메가딜)_TCPA_A+SC캠페인_ALL_C7_수_표준기여_2903_260705,78,0,0,0
2026-08-18 14:36:44,14:00,906987379684182,1팀,120248762624470200,17.안심볶음밥(ASC)(메가딜)_TROAS_A+SC캠페인_구매최적화_값_표준기여_2903_260705,9138,1,93000,1017.7281680892975
2026-08-18 14:36:44,14:00,906987379684182,1팀,120248762761370200,17.안심볶음밥(ASC)(메가딜)_A+SC캠페인_구매최적화_수_표준기여_2903_260705,1742,0,0,0
2026-08-18 14:36:44,14:00,906987379684182,1팀,120248762858730200,16.안심크리스피(ASC)(메가딜)_A+SC 캠페인_구매최적화_수_표준기여_2908_260720(페르소나),9392,0,0,0
2026-08-18 14:36:44,14:00,906987379684182,1팀,120248763306900200,16.안심크리스피(ASC)(메가딜)_TCPA_A+SC캠페인_ALL_C7_수_표준기여_2908_260621,1220,0,0,0
2026-08-18 14:36:44,14:00,906987379684182,1팀,120248763797300200,21.통살+그릴드(ASC)(메가딜)_TROAS_A+SC캠페인_구매최적화_값_표준기여_3068_260617,3403,0,0,0
2026-08-18 14:36:44,14:00,906987379684182,1팀,120248763797350200,21.통살+그릴드(ASC)(메가딜)_A+SC캠페인_구매최적화_수_표준기여_3068_260617,877,1,79100,9019.384264538197
2026-08-18 14:36:44,14:00,906987379684182,1팀,120249317264110200,07.크리스피(ASC)(하이브리드)_A+SC캠페인_구매최적화_수_표준기여_3078_260713,18812,1,59700,317.35062725919624
2026-08-18 14:36:44,14:00,906987379684182,1팀,120249317264140200,07.크리스피(ASC)(하이브리드)_TROAS_A+SC캠페인_구매최적화_값_표준기여_3078_260713,27681,0,0,0
2026-08-18 14:36:44,14:00,906987379684182,1팀,120249875227840200,16.안심크리스피(ASC)(메가딜)_A+SC캠페인_구매최적화_수_표준기여_2908_260705,1356,0,0,0
2026-08-18 14:36:44,14:00,906987379684182,1팀,120249875227870200,16.안심크리스피(ASC)(메가딜)_TCPA_A+SC캠페인_ALL_C7_수_표준기여_2908_260705,61,0,0,0
2026-08-18 14:36:44,14:00,906987379684182,1팀,120249876219490200,20.김자반밥바(ASC)(메가딜)_A+SC캠페인_구매최적화_수_표준기여_3003_260705,0,0,0,0
2026-08-18 14:36:44,14:00,906987379684182,1팀,120249876219520200,20.김자반밥바(ASC)(메가딜)_TROAS_A+SC캠페인_구매최적화_값_표준기여_3003_260705,5261,0,0,0
2026-08-18 14:36:44,14:00,906987379684182,1팀,120249878429160200,01.통살(ASC)(하이브리드)_TROAS_A+SC캠페인_구매최적화_값_표준기여_3028_260705,2903,1,104500,3599.724423010679
2026-08-18 14:36:44,14:00,906987379684182,1팀,120249878429240200,01.통살(ASC)(하이브리드)_A+SC캠페인_구매최적화_수_표준기여_3028_260705,1240,0,0,0
2026-08-18 14:36:44,14:00,906987379684182,1팀,120250098930220200,01.통살(ASC)(101010)_TROAS_A+SC캠페인_구매최적화_값_표준기여_2336_260712,31977,0,0,0
2026-08-18 14:36:44,14:00,906987379684182,1팀,120250099159310200,07.크리스피(ASC)(메가딜)_A+SC캠페인_구매최적화_수_표준기여_2464_260712,2448,1,98600,4027.777777777778
2026-08-18 14:36:44,14:00,906987379684182,1팀,120250099159320200,07.크리스피(ASC)(메가딜)_TROAS_A+SC캠페인_구매최적화_값_표준기여_2464_260712,1016,0,0,0
2026-08-18 14:36:44,14:00,906987379684182,1팀,120250099159330200,07.크리스피(ASC)(메가딜)_TCPA_A+SC캠페인_ALL_C7_수_표준기여_2464_260712,983,0,0,0
2026-08-18 14:36:44,14:00,906987379684182,1팀,120250099335020200,77.프로모션(ASC)(줄리엔강)_TCPA_A+SC캠페인_ALL_C7_수_표준기여_260713,6240,0,0,0
2026-08-18 14:36:44,14:00,906987379684182,1팀,120250268133470200,03.닭다리살(ASC)(하이브리드)_TROAS_A+SC캠페인_구매최적화_값_표준기여_3111_260726,2218,0,0,0
2026-08-18 14:36:44,14:00,906987379684182,1팀,120250444210730200,20.김자반밥바(ASC)(하이브리드)_TROAS_A+SC캠페인_구매최적화_값_표준기여_3159_260726,5902,1,53900,913.2497458488649
2026-08-18 14:36:44,14:00,906987379684182,1팀,120250444210740200,20.김자반밥바(ASC)(하이브리드)_A+SC캠페인_구매최적화_수_표준기여_3159_260726,980,0,0,0
2026-08-18 14:36:44,14:00,906987379684182,1팀,120250444210900200,20.김자반밥바(ASC)(하이브리드)_TCPA_A+SC캠페인_ALL_C7_수_표준기여_3159_260726,2287,0,0,0
2026-08-18 14:36:44,14:00,906987379684182,1팀,120250444423310200,21.통살+그릴드(ASC)(하이브리드)_TROAS_A+SC캠페인_구매최적화_값_표준기여_3162_260726,1730,0,0,0
2026-08-18 14:36:44,14:00,906987379684182,1팀,120250444423320200,21.통살+그릴드(ASC)(하이브리드)_TCPA_A+SC캠페인_ALL_C7_수_표준기여_3162_260726,93,0,0,0
2026-08-18 14:36:44,14:00,906987379684182,1팀,120250444423330200,21.통살+그릴드(ASC)(하이브리드)_A+SC캠페인_구매최적화_수_표준기여_3162_260726,7701,0,0,0
2026-08-18 14:36:44,14:00,906987379684182,1팀,120250475752460200,07.크리스피(ASC)(하이브리드)_TROAS_A+SC캠페인_구매최적화_값_표준기여_3078_260722(페르소나),68180,1,59800,87.70900557348196
2026-08-18 14:36:44,14:00,906987379684182,1팀,120250614451020200,07.크리스피(ASC)(하이브리드)_A+SC캠페인_구매최적화_수_표준기여_3078_260728,20755,0,0,0
2026-08-18 14:36:44,14:00,906987379684182,1팀,120250614451040200,07.크리스피(ASC)(하이브리드)_TROAS_A+SC캠페인_구매최적화_값_표준기여_3078_260728,551,0,0,0
2026-08-18 14:36:44,14:00,906987379684182,1팀,120250614451160200,07.크리스피(ASC)(하이브리드)_TCPA_A+SC캠페인_ALL_C7_수_표준기여_3078_260728,3105,0,0,0
2026-08-18 14:36:44,14:00,906987379684182,1팀,120250649570130200,07.크리스피(ASC)(하이브리드)_TROAS_A+SC캠페인_구매최적화_값_표준기여_3078_260802_AI,46461,0,0,0
2026-08-18 14:36:44,14:00,906987379684182,1팀,120250649570150200,07.크리스피(ASC)(하이브리드)_TCPA_A+SC캠페인_ALL_C7_수_표준기여_3078_260802_AI,24,0,0,0
2026-08-18 14:36:44,14:00,906987379684182,1팀,120250649570180200,07.크리스피(ASC)(하이브리드)_A+SC캠페인_구매최적화_수_표준기여_3078_260802_AI,19301,0,0,0
2026-08-18 14:36:44,14:00,906987379684182,1팀,120250856737330200,77.프로모션(ASC)(통크크)_TROAS_A+SC캠페인_구매최적화_값_표준기여_260806,2121,0,0,0
2026-08-18 14:36:44,14:00,906987379684182,1팀,120250856737340200,77.프로모션(ASC)(통크크)_TCPA_A+SC캠페인_ALL_C7_수_표준기여_260806,541,1,117800,21774.49168207024
2026-08-18 14:36:44,14:00,906987379684182,1팀,120250856737350200,77.프로모션(ASC)(통크크)_A+SC캠페인_구매최적화_수_표준기여_260806,1888,0,0,0
2026-08-18 14:36:44,14:00,906987379684182,1팀,120250858093370200,01.통살(ASC)(하이브리드)_TROAS_A+SC캠페인_구매최적화_값_표준기여_3028_260806,11,0,0,0
2026-08-18 14:36:44,14:00,906987379684182,1팀,120250858456470200,01.통살(ASC)(하이브리드)_A+SC캠페인_구매최적화_수_표준기여_3028_260806,1236,0,0,0
2026-08-18 14:36:44,14:00,906987379684182,1팀,120250858902230200,07.크리스피(ASC)(메가딜)_A+SC캠페인_구매최적화_수_표준기여_2464_260806,1751,0,0,0
2026-08-18 14:36:44,14:00,906987379684182,1팀,120250858902240200,07.크리스피(ASC)(메가딜)_TCPA_A+SC캠페인_ALL_C7_수_표준기여_2464_260806,329,0,0,0
2026-08-18 14:36:44,14:00,906987379684182,1팀,120250858902260200,07.크리스피(ASC)(메가딜)_TROAS_A+SC캠페인_구매최적화_값_표준기여_2464_260806,5469,0,0,0
2026-08-18 14:36:44,14:00,906987379684182,1팀,120250859130300200,16.안심크리스피(ASC)(메가딜)_TROAS_A+SC캠페인_구매최적화_값_표준기여_2908_260806,58,0,0,0
2026-08-18 14:36:44,14:00,906987379684182,1팀,120250859130310200,16.안심크리스피(ASC)(메가딜)_TCPA_A+SC캠페인_ALL_C7_수_표준기여_2908_260806,30,0,0,0
2026-08-18 14:36:44,14:00,906987379684182,1팀,120250859130340200,16.안심크리스피(ASC)(메가딜)_A+SC캠페인_구매최적화_수_표준기여_2908_260806,10720,0,0,0
2026-08-18 14:36:44,14:00,906987379684182,1팀,120250859189800200,17.안심볶음밥(ASC)(메가딜)_A+SC캠페인_구매최적화_수_표준기여_2903_260806,1871,0,0,0
2026-08-18 14:36:44,14:00,906987379684182,1팀,120250859189810200,17.안심볶음밥(ASC)(메가딜)_TCPA_A+SC캠페인_ALL_C7_수_표준기여_2903_260806,805,0,0,0
2026-08-18 14:36:44,14:00,906987379684182,1팀,120250859189820200,17.안심볶음밥(ASC)(메가딜)_TROAS_A+SC캠페인_구매최적화_값_표준기여_2903_260806,703,0,0,0
2026-08-18 14:36:44,14:00,906987379684182,1팀,120250859259390200,20.김자반밥바(ASC)(메가딜)_TROAS_A+SC캠페인_구매최적화_값_표준기여_3003_260806,2099,0,0,0
2026-08-18 14:36:44,14:00,906987379684182,1팀,120250859259410200,20.김자반밥바(ASC)(메가딜)_TCPA_A+SC캠페인_ALL_C7_수_표준기여_3003_260806,786,0,0,0
2026-08-18 14:36:44,14:00,906987379684182,1팀,120250859259430200,20.김자반밥바(ASC)(메가딜)_A+SC캠페인_구매최적화_수_가치조정_3003_260806,1465,0,0,0
2026-08-18 14:36:44,14:00,906987379684182,1팀,120250859367430200,20.김자반밥바(ASC)(하이브리드)_A+SC캠페인_구매최적화_수_가치조정_3159_260806,3527,0,0,0
2026-08-18 14:36:44,14:00,906987379684182,1팀,120250859367440200,20.김자반밥바(ASC)(하이브리드)_TCPA_A+SC캠페인_ALL_C7_수_표준기여_3159_260806,348,0,0,0
2026-08-18 14:36:44,14:00,906987379684182,1팀,120250859367470200,20.김자반밥바(ASC)(하이브리드)_TROAS_A+SC캠페인_구매최적화_값_표준기여_3159_260806,1972,1,53900,2733.265720081136
2026-08-18 14:36:44,14:00,906987379684182,1팀,120251066794820200,07.크리스피(ASC)(하이브리드)_A+SC캠페인_구매최적화_수_표준기여_3078_260816_AI _2,6295,0,0,0
2026-08-18 14:36:44,14:00,906987379684182,1팀,120251066794930200,07.크리스피(ASC)(하이브리드)_TROAS_A+SC캠페인_구매최적화_값_표준기여_3078_260816_AI _2,10889,0,0,0
2026-08-18 14:36:44,14:00,906987379684182,1팀,120251169199390200,07.크리스피(ASC)(하이브리드)_TROAS_A+SC캠페인_구매최적화_값_표준기여_3078_260817(페르소나2),8229,0,0,0
2026-08-18 15:30:42,15:00,906987379684182,1팀,120228320649100200,01.통살(ASC)(101010)_TCPA16000_A+SC 캠페인_ALL_V1C7_수_표준기여_2336,17221,0,0,0
2026-08-18 15:30:42,15:00,906987379684182,1팀,120228788396590200,01.통살(ASC)(메가딜)_TCPA20000_A+SC 캠페인_ALL_V1C7_수_표준기여_1874,5836,0,0,0
2026-08-18 15:30:42,15:00,906987379684182,1팀,120230755324960200,07.크리스피(ASC)(메가딜)_A+SC 캠페인_구매최적화_수_표준기여_2464,57075,1,25700,45.02847130968025
2026-08-18 15:30:42,15:00,906987379684182,1팀,120237509836570200,07.크리스피(ASC)(메가딜)_TCPA16000_A+SC 캠페인_ALL_수_표준기여_2464,2703,0,0,0
2026-08-18 15:30:42,15:00,906987379684182,1팀,120243001852340200,01.통살(ASC)(101010)_TCPA16000_A+SC 캠페인_ALL_V1C7_수_표준기여_2336_02,199,0,0,0
2026-08-18 15:30:42,15:00,906987379684182,1팀,120243258462660200,07.크리스피(ASC)(101010)_A+SC 캠페인_구매최적화_수_표준기여_2659_260322,1798,0,0,0
2026-08-18 15:30:42,15:00,906987379684182,1팀,120244128322750200,01.통살(ASC)(101010)_TCPA16000_A+SC 캠페인_ALL_V1C7_수_표준기여_2336_03,437,0,0,0
2026-08-18 15:30:42,15:00,906987379684182,1팀,120244130427210200,07.크리스피(ASC)(메가딜)_A+SC 캠페인_구매최적화_수_표준기여_2464_260404,1389,0,0,0
2026-08-18 15:30:42,15:00,906987379684182,1팀,120244370408130200,17.안심볶음밥(ASC)(메가딜)_TCPA_A+SC 캠페인_ALL_C7_수_표준기여_2903_260409,9510,0,0,0
2026-08-18 15:30:42,15:00,906987379684182,1팀,120246157174550200,17.안심볶음밥(ASC)(메가딜)_A+SC 캠페인_구매최적화_수_표준기여_2903_260507_남자,6388,0,0,0
2026-08-18 15:30:42,15:00,906987379684182,1팀,120246224683700200,17.안심볶음밥(ASC)(메가딜)_A+SC 캠페인_구매최적화_수_표준기여_2903_260507_남자_02,1681,0,0,0
2026-08-18 15:30:42,15:00,906987379684182,1팀,120246397028850200,07.크리스피(ASC)(통합)_A+SC 캠페인_구매최적화_수_표준기여_통합_260511,14398,0,0,0
2026-08-18 15:30:42,15:00,906987379684182,1팀,120246898203940200,03.닭다리살(ASC)(1010)_A+SC캠페인_구매최적화_수_표준기여_2604_260519,3487,0,0,0
2026-08-18 15:30:42,15:00,906987379684182,1팀,120246898384670200,03.닭다리살(ASC)(1010)_TROAS_A+SC캠페인_구매최적화_값_표준기여_2604_260519,18623,0,0,0
2026-08-18 15:30:42,15:00,906987379684182,1팀,120247379587080200,07.크리스피(ASC)(1010)_TROAS_A+SC캠페인_구매최적화_값_표준기여_2992_260527,16393,0,0,0
2026-08-18 15:30:42,15:00,906987379684182,1팀,120248207670120200,17.안심볶음밥(ASC)(메가딜)_A+SC 캠페인_구매최적화_수_표준기여_2903_260609_남자(가치조정),1470,0,0,0
2026-08-18 15:30:42,15:00,906987379684182,1팀,120248361514480200,01.통살(ASC)(하이브리드)_TCPA_A+SC캠페인_ALL_C7_수_표준기여_3028_260611,1894,0,0,0
2026-08-18 15:30:42,15:00,906987379684182,1팀,120248361514580200,01.통살(ASC)(하이브리드)_TROAS_A+SC캠페인_구매최적화_값_표준기여_3028_260611,6957,0,0,0
2026-08-18 15:30:42,15:00,906987379684182,1팀,120248762624190200,17.안심볶음밥(ASC)(메가딜)_TCPA_A+SC캠페인_ALL_C7_수_표준기여_2903_260705,1,0,0,0
2026-08-18 15:30:42,15:00,906987379684182,1팀,120248762624470200,17.안심볶음밥(ASC)(메가딜)_TROAS_A+SC캠페인_구매최적화_값_표준기여_2903_260705,8344,1,41900,502.15723873441993
2026-08-18 15:30:42,15:00,906987379684182,1팀,120248762761370200,17.안심볶음밥(ASC)(메가딜)_A+SC캠페인_구매최적화_수_표준기여_2903_260705,1168,0,0,0
2026-08-18 15:30:42,15:00,906987379684182,1팀,120248762858730200,16.안심크리스피(ASC)(메가딜)_A+SC 캠페인_구매최적화_수_표준기여_2908_260720(페르소나),7377,0,0,0
2026-08-18 15:30:42,15:00,906987379684182,1팀,120248763306900200,16.안심크리스피(ASC)(메가딜)_TCPA_A+SC캠페인_ALL_C7_수_표준기여_2908_260621,548,0,0,0
2026-08-18 15:30:42,15:00,906987379684182,1팀,120248763797300200,21.통살+그릴드(ASC)(메가딜)_TROAS_A+SC캠페인_구매최적화_값_표준기여_3068_260617,2434,0,0,0
2026-08-18 15:30:42,15:00,906987379684182,1팀,120248763797350200,21.통살+그릴드(ASC)(메가딜)_A+SC캠페인_구매최적화_수_표준기여_3068_260617,330,0,0,0
2026-08-18 15:30:42,15:00,906987379684182,1팀,120249317264110200,07.크리스피(ASC)(하이브리드)_A+SC캠페인_구매최적화_수_표준기여_3078_260713,12551,0,0,0
2026-08-18 15:30:42,15:00,906987379684182,1팀,120249317264140200,07.크리스피(ASC)(하이브리드)_TROAS_A+SC캠페인_구매최적화_값_표준기여_3078_260713,58753,1,173100,294.6232532806835
2026-08-18 15:30:42,15:00,906987379684182,1팀,120249875227840200,16.안심크리스피(ASC)(메가딜)_A+SC캠페인_구매최적화_수_표준기여_2908_260705,1433,0,0,0
2026-08-18 15:30:42,15:00,906987379684182,1팀,120249875227870200,16.안심크리스피(ASC)(메가딜)_TCPA_A+SC캠페인_ALL_C7_수_표준기여_2908_260705,142,0,0,0
2026-08-18 15:30:42,15:00,906987379684182,1팀,120249876219520200,20.김자반밥바(ASC)(메가딜)_TROAS_A+SC캠페인_구매최적화_값_표준기여_3003_260705,2870,0,0,0
2026-08-18 15:30:42,15:00,906987379684182,1팀,120249878429160200,01.통살(ASC)(하이브리드)_TROAS_A+SC캠페인_구매최적화_값_표준기여_3028_260705,3934,0,0,0
2026-08-18 15:30:42,15:00,906987379684182,1팀,120249878429240200,01.통살(ASC)(하이브리드)_A+SC캠페인_구매최적화_수_표준기여_3028_260705,634,0,0,0
2026-08-18 15:30:42,15:00,906987379684182,1팀,120250098930220200,01.통살(ASC)(101010)_TROAS_A+SC캠페인_구매최적화_값_표준기여_2336_260712,21487,0,0,0
2026-08-18 15:30:42,15:00,906987379684182,1팀,120250099159310200,07.크리스피(ASC)(메가딜)_A+SC캠페인_구매최적화_수_표준기여_2464_260712,1954,0,0,0
2026-08-18 15:30:42,15:00,906987379684182,1팀,120250099159320200,07.크리스피(ASC)(메가딜)_TROAS_A+SC캠페인_구매최적화_값_표준기여_2464_260712,594,0,0,0
2026-08-18 15:30:42,15:00,906987379684182,1팀,120250099159330200,07.크리스피(ASC)(메가딜)_TCPA_A+SC캠페인_ALL_C7_수_표준기여_2464_260712,615,0,0,0
2026-08-18 15:30:42,15:00,906987379684182,1팀,120250099335020200,77.프로모션(ASC)(줄리엔강)_TCPA_A+SC캠페인_ALL_C7_수_표준기여_260713,2873,0,0,0
2026-08-18 15:30:42,15:00,906987379684182,1팀,120250268133470200,03.닭다리살(ASC)(하이브리드)_TROAS_A+SC캠페인_구매최적화_값_표준기여_3111_260726,2192,0,0,0
2026-08-18 15:30:42,15:00,906987379684182,1팀,120250444210730200,20.김자반밥바(ASC)(하이브리드)_TROAS_A+SC캠페인_구매최적화_값_표준기여_3159_260726,4802,0,0,0
2026-08-18 15:30:42,15:00,906987379684182,1팀,120250444210740200,20.김자반밥바(ASC)(하이브리드)_A+SC캠페인_구매최적화_수_표준기여_3159_260726,1338,0,0,0
2026-08-18 15:30:42,15:00,906987379684182,1팀,120250444210900200,20.김자반밥바(ASC)(하이브리드)_TCPA_A+SC캠페인_ALL_C7_수_표준기여_3159_260726,1204,0,0,0
2026-08-18 15:30:42,15:00,906987379684182,1팀,120250444423310200,21.통살+그릴드(ASC)(하이브리드)_TROAS_A+SC캠페인_구매최적화_값_표준기여_3162_260726,1397,0,0,0
2026-08-18 15:30:42,15:00,906987379684182,1팀,120250444423320200,21.통살+그릴드(ASC)(하이브리드)_TCPA_A+SC캠페인_ALL_C7_수_표준기여_3162_260726,266,0,0,0
2026-08-18 15:30:42,15:00,906987379684182,1팀,120250444423330200,21.통살+그릴드(ASC)(하이브리드)_A+SC캠페인_구매최적화_수_표준기여_3162_260726,6723,0,0,0
2026-08-18 15:30:42,15:00,906987379684182,1팀,120250475752460200,07.크리스피(ASC)(하이브리드)_TROAS_A+SC캠페인_구매최적화_값_표준기여_3078_260722(페르소나),38340,0,0,0
2026-08-18 15:30:42,15:00,906987379684182,1팀,120250614451020200,07.크리스피(ASC)(하이브리드)_A+SC캠페인_구매최적화_수_표준기여_3078_260728,20818,0,0,0
2026-08-18 15:30:42,15:00,906987379684182,1팀,120250614451040200,07.크리스피(ASC)(하이브리드)_TROAS_A+SC캠페인_구매최적화_값_표준기여_3078_260728,384,0,0,0
2026-08-18 15:30:42,15:00,906987379684182,1팀,120250614451160200,07.크리스피(ASC)(하이브리드)_TCPA_A+SC캠페인_ALL_C7_수_표준기여_3078_260728,246,0,0,0
2026-08-18 15:30:42,15:00,906987379684182,1팀,120250649570130200,07.크리스피(ASC)(하이브리드)_TROAS_A+SC캠페인_구매최적화_값_표준기여_3078_260802_AI,44640,0,0,0
2026-08-18 15:30:42,15:00,906987379684182,1팀,120250649570180200,07.크리스피(ASC)(하이브리드)_A+SC캠페인_구매최적화_수_표준기여_3078_260802_AI,13596,0,0,0
2026-08-18 15:30:42,15:00,906987379684182,1팀,120250856737330200,77.프로모션(ASC)(통크크)_TROAS_A+SC캠페인_구매최적화_값_표준기여_260806,1158,0,0,0
2026-08-18 15:30:42,15:00,906987379684182,1팀,120250856737340200,77.프로모션(ASC)(통크크)_TCPA_A+SC캠페인_ALL_C7_수_표준기여_260806,80,0,0,0
2026-08-18 15:30:42,15:00,906987379684182,1팀,120250856737350200,77.프로모션(ASC)(통크크)_A+SC캠페인_구매최적화_수_표준기여_260806,2098,0,0,0
2026-08-18 15:30:42,15:00,906987379684182,1팀,120250858093370200,01.통살(ASC)(하이브리드)_TROAS_A+SC캠페인_구매최적화_값_표준기여_3028_260806,11,0,0,0
2026-08-18 15:30:42,15:00,906987379684182,1팀,120250858456470200,01.통살(ASC)(하이브리드)_A+SC캠페인_구매최적화_수_표준기여_3028_260806,1281,0,0,0
2026-08-18 15:30:42,15:00,906987379684182,1팀,120250858902230200,07.크리스피(ASC)(메가딜)_A+SC캠페인_구매최적화_수_표준기여_2464_260806,1068,0,0,0
2026-08-18 15:30:42,15:00,906987379684182,1팀,120250858902240200,07.크리스피(ASC)(메가딜)_TCPA_A+SC캠페인_ALL_C7_수_표준기여_2464_260806,228,0,0,0
2026-08-18 15:30:42,15:00,906987379684182,1팀,120250858902260200,07.크리스피(ASC)(메가딜)_TROAS_A+SC캠페인_구매최적화_값_표준기여_2464_260806,9168,1,25800,281.413612565445
2026-08-18 15:30:42,15:00,906987379684182,1팀,120250859130310200,16.안심크리스피(ASC)(메가딜)_TCPA_A+SC캠페인_ALL_C7_수_표준기여_2908_260806,41,0,0,0
2026-08-18 15:30:42,15:00,906987379684182,1팀,120250859130340200,16.안심크리스피(ASC)(메가딜)_A+SC캠페인_구매최적화_수_표준기여_2908_260806,8142,0,0,0
2026-08-18 15:30:42,15:00,906987379684182,1팀,120250859189800200,17.안심볶음밥(ASC)(메가딜)_A+SC캠페인_구매최적화_수_표준기여_2903_260806,1213,0,0,0
2026-08-18 15:30:42,15:00,906987379684182,1팀,120250859189810200,17.안심볶음밥(ASC)(메가딜)_TCPA_A+SC캠페인_ALL_C7_수_표준기여_2903_260806,487,0,0,0
2026-08-18 15:30:42,15:00,906987379684182,1팀,120250859189820200,17.안심볶음밥(ASC)(메가딜)_TROAS_A+SC캠페인_구매최적화_값_표준기여_2903_260806,444,0,0,0
2026-08-18 15:30:42,15:00,906987379684182,1팀,120250859259390200,20.김자반밥바(ASC)(메가딜)_TROAS_A+SC캠페인_구매최적화_값_표준기여_3003_260806,1304,0,0,0
2026-08-18 15:30:42,15:00,906987379684182,1팀,120250859259410200,20.김자반밥바(ASC)(메가딜)_TCPA_A+SC캠페인_ALL_C7_수_표준기여_3003_260806,594,0,0,0
2026-08-18 15:30:42,15:00,906987379684182,1팀,120250859259430200,20.김자반밥바(ASC)(메가딜)_A+SC캠페인_구매최적화_수_가치조정_3003_260806,933,0,0,0
2026-08-18 15:30:42,15:00,906987379684182,1팀,120250859367430200,20.김자반밥바(ASC)(하이브리드)_A+SC캠페인_구매최적화_수_가치조정_3159_260806,1886,0,0,0
2026-08-18 15:30:42,15:00,906987379684182,1팀,120250859367440200,20.김자반밥바(ASC)(하이브리드)_TCPA_A+SC캠페인_ALL_C7_수_표준기여_3159_260806,2963,0,0,0
2026-08-18 15:30:42,15:00,906987379684182,1팀,120250859367470200,20.김자반밥바(ASC)(하이브리드)_TROAS_A+SC캠페인_구매최적화_값_표준기여_3159_260806,1539,0,0,0
2026-08-18 15:30:42,15:00,906987379684182,1팀,120251066794820200,07.크리스피(ASC)(하이브리드)_A+SC캠페인_구매최적화_수_표준기여_3078_260816_AI _2,5341,0,0,0
2026-08-18 15:30:42,15:00,906987379684182,1팀,120251066794930200,07.크리스피(ASC)(하이브리드)_TROAS_A+SC캠페인_구매최적화_값_표준기여_3078_260816_AI _2,11801,0,0,0
2026-08-18 15:30:42,15:00,906987379684182,1팀,120251169199390200,07.크리스피(ASC)(하이브리드)_TROAS_A+SC캠페인_구매최적화_값_표준기여_3078_260817(페르소나2),8253,0,0,0
2026-08-18 15:59:15,15:00,906987379684182,1팀,120228320649100200,01.통살(ASC)(101010)_TCPA16000_A+SC 캠페인_ALL_V1C7_수_표준기여_2336,35601,0,0,0
2026-08-18 15:59:15,15:00,906987379684182,1팀,120228788396590200,01.통살(ASC)(메가딜)_TCPA20000_A+SC 캠페인_ALL_V1C7_수_표준기여_1874,14468,1,59700,412.63478020458945
2026-08-18 15:59:15,15:00,906987379684182,1팀,120230755324960200,07.크리스피(ASC)(메가딜)_A+SC 캠페인_구매최적화_수_표준기여_2464,115015,2,56100,48.776246576533495
2026-08-18 15:59:15,15:00,906987379684182,1팀,120237509836570200,07.크리스피(ASC)(메가딜)_TCPA16000_A+SC 캠페인_ALL_수_표준기여_2464,4329,0,0,0
2026-08-18 15:59:15,15:00,906987379684182,1팀,120243001852340200,01.통살(ASC)(101010)_TCPA16000_A+SC 캠페인_ALL_V1C7_수_표준기여_2336_02,332,0,0,0
2026-08-18 15:59:15,15:00,906987379684182,1팀,120243258462660200,07.크리스피(ASC)(101010)_A+SC 캠페인_구매최적화_수_표준기여_2659_260322,3994,0,0,0
2026-08-18 15:59:15,15:00,906987379684182,1팀,120244128322750200,01.통살(ASC)(101010)_TCPA16000_A+SC 캠페인_ALL_V1C7_수_표준기여_2336_03,1353,0,0,0
2026-08-18 15:59:15,15:00,906987379684182,1팀,120244130427210200,07.크리스피(ASC)(메가딜)_A+SC 캠페인_구매최적화_수_표준기여_2464_260404,2899,0,0,0
2026-08-18 15:59:15,15:00,906987379684182,1팀,120244370408130200,17.안심볶음밥(ASC)(메가딜)_TCPA_A+SC 캠페인_ALL_C7_수_표준기여_2903_260409,18374,0,0,0
2026-08-18 15:59:15,15:00,906987379684182,1팀,120246157174550200,17.안심볶음밥(ASC)(메가딜)_A+SC 캠페인_구매최적화_수_표준기여_2903_260507_남자,14461,0,0,0
2026-08-18 15:59:15,15:00,906987379684182,1팀,120246224683700200,17.안심볶음밥(ASC)(메가딜)_A+SC 캠페인_구매최적화_수_표준기여_2903_260507_남자_02,3643,0,0,0
2026-08-18 15:59:15,15:00,906987379684182,1팀,120246397028850200,07.크리스피(ASC)(통합)_A+SC 캠페인_구매최적화_수_표준기여_통합_260511,27947,0,0,0
2026-08-18 15:59:15,15:00,906987379684182,1팀,120246898203940200,03.닭다리살(ASC)(1010)_A+SC캠페인_구매최적화_수_표준기여_2604_260519,7688,0,0,0
2026-08-18 15:59:15,15:00,906987379684182,1팀,120246898384670200,03.닭다리살(ASC)(1010)_TROAS_A+SC캠페인_구매최적화_값_표준기여_2604_260519,41911,1,50900,121.44782992531793
2026-08-18 15:59:15,15:00,906987379684182,1팀,120247354343980200,20.김자반밥바(ASC)(메가딜)_TCPA_A+SC캠페인_ALL_C7_수_표준기여_3003_260527,0,0,0,0
2026-08-18 15:59:15,15:00,906987379684182,1팀,120247379587080200,07.크리스피(ASC)(1010)_TROAS_A+SC캠페인_구매최적화_값_표준기여_2992_260527,29275,1,44000,150.29888983774552
2026-08-18 15:59:15,15:00,906987379684182,1팀,120247842896910200,20.김자반밥바(ASC)(메가딜)_A+SC캠페인_구매최적화_수_표준기여_3003_260603,0,0,0,0
2026-08-18 15:59:15,15:00,906987379684182,1팀,120248207670120200,17.안심볶음밥(ASC)(메가딜)_A+SC 캠페인_구매최적화_수_표준기여_2903_260609_남자(가치조정),2932,0,0,0
2026-08-18 15:59:15,15:00,906987379684182,1팀,120248361514480200,01.통살(ASC)(하이브리드)_TCPA_A+SC캠페인_ALL_C7_수_표준기여_3028_260611,7443,0,0,0
2026-08-18 15:59:15,15:00,906987379684182,1팀,120248361514580200,01.통살(ASC)(하이브리드)_TROAS_A+SC캠페인_구매최적화_값_표준기여_3028_260611,16574,0,0,0
2026-08-18 15:59:15,15:00,906987379684182,1팀,120248762624190200,17.안심볶음밥(ASC)(메가딜)_TCPA_A+SC캠페인_ALL_C7_수_표준기여_2903_260705,20,0,0,0
2026-08-18 15:59:15,15:00,906987379684182,1팀,120248762624470200,17.안심볶음밥(ASC)(메가딜)_TROAS_A+SC캠페인_구매최적화_값_표준기여_2903_260705,18062,1,41900,231.97873989591406
2026-08-18 15:59:15,15:00,906987379684182,1팀,120248762761370200,17.안심볶음밥(ASC)(메가딜)_A+SC캠페인_구매최적화_수_표준기여_2903_260705,2305,0,0,0
2026-08-18 15:59:15,15:00,906987379684182,1팀,120248762858730200,16.안심크리스피(ASC)(메가딜)_A+SC 캠페인_구매최적화_수_표준기여_2908_260720(페르소나),14367,2,88000,612.5147908401198
2026-08-18 15:59:15,15:00,906987379684182,1팀,120248763306900200,16.안심크리스피(ASC)(메가딜)_TCPA_A+SC캠페인_ALL_C7_수_표준기여_2908_260621,1386,0,0,0
2026-08-18 15:59:15,15:00,906987379684182,1팀,120248763797300200,21.통살+그릴드(ASC)(메가딜)_TROAS_A+SC캠페인_구매최적화_값_표준기여_3068_260617,5079,1,87600,1724.7489663319552
2026-08-18 15:59:15,15:00,906987379684182,1팀,120248763797350200,21.통살+그릴드(ASC)(메가딜)_A+SC캠페인_구매최적화_수_표준기여_3068_260617,956,0,0,0
2026-08-18 15:59:15,15:00,906987379684182,1팀,120249317264110200,07.크리스피(ASC)(하이브리드)_A+SC캠페인_구매최적화_수_표준기여_3078_260713,30611,0,0,0
2026-08-18 15:59:15,15:00,906987379684182,1팀,120249317264140200,07.크리스피(ASC)(하이브리드)_TROAS_A+SC캠페인_구매최적화_값_표준기여_3078_260713,128429,1,173100,134.78264254957992
2026-08-18 15:59:15,15:00,906987379684182,1팀,120249875227840200,16.안심크리스피(ASC)(메가딜)_A+SC캠페인_구매최적화_수_표준기여_2908_260705,2862,0,0,0
2026-08-18 15:59:15,15:00,906987379684182,1팀,120249875227870200,16.안심크리스피(ASC)(메가딜)_TCPA_A+SC캠페인_ALL_C7_수_표준기여_2908_260705,157,0,0,0
2026-08-18 15:59:15,15:00,906987379684182,1팀,120249876219520200,20.김자반밥바(ASC)(메가딜)_TROAS_A+SC캠페인_구매최적화_값_표준기여_3003_260705,4641,0,0,0
2026-08-18 15:59:15,15:00,906987379684182,1팀,120249878429160200,01.통살(ASC)(하이브리드)_TROAS_A+SC캠페인_구매최적화_값_표준기여_3028_260705,7387,0,0,0
2026-08-18 15:59:15,15:00,906987379684182,1팀,120249878429240200,01.통살(ASC)(하이브리드)_A+SC캠페인_구매최적화_수_표준기여_3028_260705,1239,0,0,0
2026-08-18 15:59:15,15:00,906987379684182,1팀,120250098930220200,01.통살(ASC)(101010)_TROAS_A+SC캠페인_구매최적화_값_표준기여_2336_260712,50426,0,0,0
2026-08-18 15:59:15,15:00,906987379684182,1팀,120250099159310200,07.크리스피(ASC)(메가딜)_A+SC캠페인_구매최적화_수_표준기여_2464_260712,4596,0,0,0
2026-08-18 15:59:15,15:00,906987379684182,1팀,120250099159320200,07.크리스피(ASC)(메가딜)_TROAS_A+SC캠페인_구매최적화_값_표준기여_2464_260712,1178,0,0,0
2026-08-18 15:59:15,15:00,906987379684182,1팀,120250099159330200,07.크리스피(ASC)(메가딜)_TCPA_A+SC캠페인_ALL_C7_수_표준기여_2464_260712,1276,0,0,0
2026-08-18 15:59:15,15:00,906987379684182,1팀,120250099335020200,77.프로모션(ASC)(줄리엔강)_TCPA_A+SC캠페인_ALL_C7_수_표준기여_260713,4905,0,0,0
2026-08-18 15:59:15,15:00,906987379684182,1팀,120250268133470200,03.닭다리살(ASC)(하이브리드)_TROAS_A+SC캠페인_구매최적화_값_표준기여_3111_260726,3923,0,0,0
2026-08-18 15:59:15,15:00,906987379684182,1팀,120250444210730200,20.김자반밥바(ASC)(하이브리드)_TROAS_A+SC캠페인_구매최적화_값_표준기여_3159_260726,9576,0,0,0
2026-08-18 15:59:15,15:00,906987379684182,1팀,120250444210740200,20.김자반밥바(ASC)(하이브리드)_A+SC캠페인_구매최적화_수_표준기여_3159_260726,2333,0,0,0
2026-08-18 15:59:15,15:00,906987379684182,1팀,120250444210900200,20.김자반밥바(ASC)(하이브리드)_TCPA_A+SC캠페인_ALL_C7_수_표준기여_3159_260726,1915,0,0,0
2026-08-18 15:59:15,15:00,906987379684182,1팀,120250444423310200,21.통살+그릴드(ASC)(하이브리드)_TROAS_A+SC캠페인_구매최적화_값_표준기여_3162_260726,3471,0,0,0
2026-08-18 15:59:15,15:00,906987379684182,1팀,120250444423320200,21.통살+그릴드(ASC)(하이브리드)_TCPA_A+SC캠페인_ALL_C7_수_표준기여_3162_260726,382,0,0,0
2026-08-18 15:59:15,15:00,906987379684182,1팀,120250444423330200,21.통살+그릴드(ASC)(하이브리드)_A+SC캠페인_구매최적화_수_표준기여_3162_260726,13528,0,0,0
2026-08-18 15:59:15,15:00,906987379684182,1팀,120250475752460200,07.크리스피(ASC)(하이브리드)_TROAS_A+SC캠페인_구매최적화_값_표준기여_3078_260722(페르소나),68016,1,59800,87.92048929663608
2026-08-18 15:59:15,15:00,906987379684182,1팀,120250614451020200,07.크리스피(ASC)(하이브리드)_A+SC캠페인_구매최적화_수_표준기여_3078_260728,39196,0,0,0
2026-08-18 15:59:15,15:00,906987379684182,1팀,120250614451040200,07.크리스피(ASC)(하이브리드)_TROAS_A+SC캠페인_구매최적화_값_표준기여_3078_260728,520,0,0,0
2026-08-18 15:59:15,15:00,906987379684182,1팀,120250614451160200,07.크리스피(ASC)(하이브리드)_TCPA_A+SC캠페인_ALL_C7_수_표준기여_3078_260728,454,0,0,0
2026-08-18 15:59:15,15:00,906987379684182,1팀,120250649570130200,07.크리스피(ASC)(하이브리드)_TROAS_A+SC캠페인_구매최적화_값_표준기여_3078_260802_AI,89189,3,215100,241.17323885232486
2026-08-18 15:59:15,15:00,906987379684182,1팀,120250649570180200,07.크리스피(ASC)(하이브리드)_A+SC캠페인_구매최적화_수_표준기여_3078_260802_AI,31701,1,59800,188.6375824106495
2026-08-18 15:59:15,15:00,906987379684182,1팀,120250856737330200,77.프로모션(ASC)(통크크)_TROAS_A+SC캠페인_구매최적화_값_표준기여_260806,3979,0,0,0
2026-08-18 15:59:15,15:00,906987379684182,1팀,120250856737340200,77.프로모션(ASC)(통크크)_TCPA_A+SC캠페인_ALL_C7_수_표준기여_260806,257,0,0,0
2026-08-18 15:59:15,15:00,906987379684182,1팀,120250856737350200,77.프로모션(ASC)(통크크)_A+SC캠페인_구매최적화_수_표준기여_260806,4646,0,0,0
2026-08-18 15:59:15,15:00,906987379684182,1팀,120250858093370200,01.통살(ASC)(하이브리드)_TROAS_A+SC캠페인_구매최적화_값_표준기여_3028_260806,14,0,0,0
2026-08-18 15:59:15,15:00,906987379684182,1팀,120250858456470200,01.통살(ASC)(하이브리드)_A+SC캠페인_구매최적화_수_표준기여_3028_260806,2963,0,0,0
2026-08-18 15:59:15,15:00,906987379684182,1팀,120250858902230200,07.크리스피(ASC)(메가딜)_A+SC캠페인_구매최적화_수_표준기여_2464_260806,1968,0,0,0
2026-08-18 15:59:15,15:00,906987379684182,1팀,120250858902240200,07.크리스피(ASC)(메가딜)_TCPA_A+SC캠페인_ALL_C7_수_표준기여_2464_260806,370,0,0,0
2026-08-18 15:59:15,15:00,906987379684182,1팀,120250858902260200,07.크리스피(ASC)(메가딜)_TROAS_A+SC캠페인_구매최적화_값_표준기여_2464_260806,20648,4,172900,837.3692367299495
2026-08-18 15:59:15,15:00,906987379684182,1팀,120250859130300200,16.안심크리스피(ASC)(메가딜)_TROAS_A+SC캠페인_구매최적화_값_표준기여_2908_260806,55,0,0,0
2026-08-18 15:59:15,15:00,906987379684182,1팀,120250859130310200,16.안심크리스피(ASC)(메가딜)_TCPA_A+SC캠페인_ALL_C7_수_표준기여_2908_260806,165,0,0,0
2026-08-18 15:59:15,15:00,906987379684182,1팀,120250859130340200,16.안심크리스피(ASC)(메가딜)_A+SC캠페인_구매최적화_수_표준기여_2908_260806,17453,0,0,0
2026-08-18 15:59:15,15:00,906987379684182,1팀,120250859189800200,17.안심볶음밥(ASC)(메가딜)_A+SC캠페인_구매최적화_수_표준기여_2903_260806,2692,0,0,0
2026-08-18 15:59:15,15:00,906987379684182,1팀,120250859189810200,17.안심볶음밥(ASC)(메가딜)_TCPA_A+SC캠페인_ALL_C7_수_표준기여_2903_260806,644,0,0,0
2026-08-18 15:59:15,15:00,906987379684182,1팀,120250859189820200,17.안심볶음밥(ASC)(메가딜)_TROAS_A+SC캠페인_구매최적화_값_표준기여_2903_260806,1159,0,0,0
2026-08-18 15:59:15,15:00,906987379684182,1팀,120250859259390200,20.김자반밥바(ASC)(메가딜)_TROAS_A+SC캠페인_구매최적화_값_표준기여_3003_260806,3020,0,0,0
2026-08-18 15:59:15,15:00,906987379684182,1팀,120250859259410200,20.김자반밥바(ASC)(메가딜)_TCPA_A+SC캠페인_ALL_C7_수_표준기여_3003_260806,1646,0,0,0
2026-08-18 15:59:15,15:00,906987379684182,1팀,120250859259430200,20.김자반밥바(ASC)(메가딜)_A+SC캠페인_구매최적화_수_가치조정_3003_260806,2657,0,0,0
2026-08-18 15:59:15,15:00,906987379684182,1팀,120250859367430200,20.김자반밥바(ASC)(하이브리드)_A+SC캠페인_구매최적화_수_가치조정_3159_260806,3635,0,0,0
2026-08-18 15:59:15,15:00,906987379684182,1팀,120250859367440200,20.김자반밥바(ASC)(하이브리드)_TCPA_A+SC캠페인_ALL_C7_수_표준기여_3159_260806,6585,0,0,0
2026-08-18 15:59:15,15:00,906987379684182,1팀,120250859367470200,20.김자반밥바(ASC)(하이브리드)_TROAS_A+SC캠페인_구매최적화_값_표준기여_3159_260806,4529,0,0,0
2026-08-18 15:59:15,15:00,906987379684182,1팀,120251066794820200,07.크리스피(ASC)(하이브리드)_A+SC캠페인_구매최적화_수_표준기여_3078_260816_AI _2,9895,0,0,0
2026-08-18 15:59:15,15:00,906987379684182,1팀,120251066794930200,07.크리스피(ASC)(하이브리드)_TROAS_A+SC캠페인_구매최적화_값_표준기여_3078_260816_AI _2,21487,0,0,0
2026-08-18 15:59:15,15:00,906987379684182,1팀,120251169199390200,07.크리스피(ASC)(하이브리드)_TROAS_A+SC캠페인_구매최적화_값_표준기여_3078_260817(페르소나2),18608,1,179000,961.9518486672399
2026-08-18 16:30:44,16:00,906987379684182,1팀,120228320649100200,01.통살(ASC)(101010)_TCPA16000_A+SC 캠페인_ALL_V1C7_수_표준기여_2336,11972,3,201747,1685.15703307718
2026-08-18 16:30:44,16:00,906987379684182,1팀,120228788396590200,01.통살(ASC)(메가딜)_TCPA20000_A+SC 캠페인_ALL_V1C7_수_표준기여_1874,10754,0,0,0
2026-08-18 16:30:44,16:00,906987379684182,1팀,120230755324960200,07.크리스피(ASC)(메가딜)_A+SC 캠페인_구매최적화_수_표준기여_2464,24292,3,141082,580.7755639716779
2026-08-18 16:30:44,16:00,906987379684182,1팀,120237509836570200,07.크리스피(ASC)(메가딜)_TCPA16000_A+SC 캠페인_ALL_수_표준기여_2464,2206,0,0,0
2026-08-18 16:30:44,16:00,906987379684182,1팀,120243001852340200,01.통살(ASC)(101010)_TCPA16000_A+SC 캠페인_ALL_V1C7_수_표준기여_2336_02,56,0,0,0
2026-08-18 16:30:44,16:00,906987379684182,1팀,120243258462660200,07.크리스피(ASC)(101010)_A+SC 캠페인_구매최적화_수_표준기여_2659_260322,1943,0,0,0
2026-08-18 16:30:44,16:00,906987379684182,1팀,120244128322750200,01.통살(ASC)(101010)_TCPA16000_A+SC 캠페인_ALL_V1C7_수_표준기여_2336_03,690,0,0,0
2026-08-18 16:30:44,16:00,906987379684182,1팀,120244130427210200,07.크리스피(ASC)(메가딜)_A+SC 캠페인_구매최적화_수_표준기여_2464_260404,2590,0,0,0
2026-08-18 16:30:44,16:00,906987379684182,1팀,120244370408130200,17.안심볶음밥(ASC)(메가딜)_TCPA_A+SC 캠페인_ALL_C7_수_표준기여_2903_260409,9799,0,0,0
2026-08-18 16:30:44,16:00,906987379684182,1팀,120246157174550200,17.안심볶음밥(ASC)(메가딜)_A+SC 캠페인_구매최적화_수_표준기여_2903_260507_남자,7008,0,0,0
2026-08-18 16:30:44,16:00,906987379684182,1팀,120246224683700200,17.안심볶음밥(ASC)(메가딜)_A+SC 캠페인_구매최적화_수_표준기여_2903_260507_남자_02,2189,0,0,0
2026-08-18 16:30:44,16:00,906987379684182,1팀,120246397028850200,07.크리스피(ASC)(통합)_A+SC 캠페인_구매최적화_수_표준기여_통합_260511,11565,0,0,0
2026-08-18 16:30:44,16:00,906987379684182,1팀,120246898203940200,03.닭다리살(ASC)(1010)_A+SC캠페인_구매최적화_수_표준기여_2604_260519,3366,0,0,0
2026-08-18 16:30:44,16:00,906987379684182,1팀,120246898384670200,03.닭다리살(ASC)(1010)_TROAS_A+SC캠페인_구매최적화_값_표준기여_2604_260519,25864,1,49900,192.932261057841
2026-08-18 16:30:44,16:00,906987379684182,1팀,120247379587080200,07.크리스피(ASC)(1010)_TROAS_A+SC캠페인_구매최적화_값_표준기여_2992_260527,10793,0,0,0
2026-08-18 16:30:44,16:00,906987379684182,1팀,120248207670120200,17.안심볶음밥(ASC)(메가딜)_A+SC 캠페인_구매최적화_수_표준기여_2903_260609_남자(가치조정),1304,0,0,0
2026-08-18 16:30:44,16:00,906987379684182,1팀,120248361514480200,01.통살(ASC)(하이브리드)_TCPA_A+SC캠페인_ALL_C7_수_표준기여_3028_260611,965,0,0,0
2026-08-18 16:30:44,16:00,906987379684182,1팀,120248361514580200,01.통살(ASC)(하이브리드)_TROAS_A+SC캠페인_구매최적화_값_표준기여_3028_260611,4723,0,0,0
2026-08-18 16:30:44,16:00,906987379684182,1팀,120248762624190200,17.안심볶음밥(ASC)(메가딜)_TCPA_A+SC캠페인_ALL_C7_수_표준기여_2903_260705,142,0,0,0
2026-08-18 16:30:44,16:00,906987379684182,1팀,120248762624470200,17.안심볶음밥(ASC)(메가딜)_TROAS_A+SC캠페인_구매최적화_값_표준기여_2903_260705,6433,0,0,0
2026-08-18 16:30:44,16:00,906987379684182,1팀,120248762761370200,17.안심볶음밥(ASC)(메가딜)_A+SC캠페인_구매최적화_수_표준기여_2903_260705,1456,0,0,0
2026-08-18 16:30:44,16:00,906987379684182,1팀,120248762858730200,16.안심크리스피(ASC)(메가딜)_A+SC 캠페인_구매최적화_수_표준기여_2908_260720(페르소나),3291,0,0,0
2026-08-18 16:30:44,16:00,906987379684182,1팀,120248763306900200,16.안심크리스피(ASC)(메가딜)_TCPA_A+SC캠페인_ALL_C7_수_표준기여_2908_260621,628,0,0,0
2026-08-18 16:30:44,16:00,906987379684182,1팀,120248763797300200,21.통살+그릴드(ASC)(메가딜)_TROAS_A+SC캠페인_구매최적화_값_표준기여_3068_260617,2565,0,0,0
2026-08-18 16:30:44,16:00,906987379684182,1팀,120248763797350200,21.통살+그릴드(ASC)(메가딜)_A+SC캠페인_구매최적화_수_표준기여_3068_260617,853,0,0,0
2026-08-18 16:30:44,16:00,906987379684182,1팀,120249317264110200,07.크리스피(ASC)(하이브리드)_A+SC캠페인_구매최적화_수_표준기여_3078_260713,18754,0,0,0
2026-08-18 16:30:44,16:00,906987379684182,1팀,120249317264140200,07.크리스피(ASC)(하이브리드)_TROAS_A+SC캠페인_구매최적화_값_표준기여_3078_260713,52723,1,59800,113.42298427631205
2026-08-18 16:30:44,16:00,906987379684182,1팀,120249875227840200,16.안심크리스피(ASC)(메가딜)_A+SC캠페인_구매최적화_수_표준기여_2908_260705,1631,0,0,0
2026-08-18 16:30:44,16:00,906987379684182,1팀,120249875227870200,16.안심크리스피(ASC)(메가딜)_TCPA_A+SC캠페인_ALL_C7_수_표준기여_2908_260705,29,0,0,0
2026-08-18 16:30:44,16:00,906987379684182,1팀,120249876219520200,20.김자반밥바(ASC)(메가딜)_TROAS_A+SC캠페인_구매최적화_값_표준기여_3003_260705,2278,0,0,0
2026-08-18 16:30:44,16:00,906987379684182,1팀,120249878429160200,01.통살(ASC)(하이브리드)_TROAS_A+SC캠페인_구매최적화_값_표준기여_3028_260705,3554,0,0,0
2026-08-18 16:30:44,16:00,906987379684182,1팀,120249878429240200,01.통살(ASC)(하이브리드)_A+SC캠페인_구매최적화_수_표준기여_3028_260705,897,0,0,0
2026-08-18 16:30:44,16:00,906987379684182,1팀,120250098930220200,01.통살(ASC)(101010)_TROAS_A+SC캠페인_구매최적화_값_표준기여_2336_260712,24293,1,59700,245.74980447042356
2026-08-18 16:30:44,16:00,906987379684182,1팀,120250099159310200,07.크리스피(ASC)(메가딜)_A+SC캠페인_구매최적화_수_표준기여_2464_260712,2829,0,0,0
2026-08-18 16:30:44,16:00,906987379684182,1팀,120250099159320200,07.크리스피(ASC)(메가딜)_TROAS_A+SC캠페인_구매최적화_값_표준기여_2464_260712,1021,0,0,0
2026-08-18 16:30:44,16:00,906987379684182,1팀,120250099159330200,07.크리스피(ASC)(메가딜)_TCPA_A+SC캠페인_ALL_C7_수_표준기여_2464_260712,364,0,0,0
2026-08-18 16:30:44,16:00,906987379684182,1팀,120250099335020200,77.프로모션(ASC)(줄리엔강)_TCPA_A+SC캠페인_ALL_C7_수_표준기여_260713,1724,0,0,0
2026-08-18 16:30:44,16:00,906987379684182,1팀,120250268133470200,03.닭다리살(ASC)(하이브리드)_TROAS_A+SC캠페인_구매최적화_값_표준기여_3111_260726,1600,0,0,0
2026-08-18 16:30:44,16:00,906987379684182,1팀,120250444210730200,20.김자반밥바(ASC)(하이브리드)_TROAS_A+SC캠페인_구매최적화_값_표준기여_3159_260726,4626,0,0,0
2026-08-18 16:30:44,16:00,906987379684182,1팀,120250444210740200,20.김자반밥바(ASC)(하이브리드)_A+SC캠페인_구매최적화_수_표준기여_3159_260726,939,0,0,0
2026-08-18 16:30:44,16:00,906987379684182,1팀,120250444210900200,20.김자반밥바(ASC)(하이브리드)_TCPA_A+SC캠페인_ALL_C7_수_표준기여_3159_260726,1027,0,0,0
2026-08-18 16:30:44,16:00,906987379684182,1팀,120250444423310200,21.통살+그릴드(ASC)(하이브리드)_TROAS_A+SC캠페인_구매최적화_값_표준기여_3162_260726,781,0,0,0
2026-08-18 16:30:44,16:00,906987379684182,1팀,120250444423320200,21.통살+그릴드(ASC)(하이브리드)_TCPA_A+SC캠페인_ALL_C7_수_표준기여_3162_260726,105,0,0,0
2026-08-18 16:30:44,16:00,906987379684182,1팀,120250444423330200,21.통살+그릴드(ASC)(하이브리드)_A+SC캠페인_구매최적화_수_표준기여_3162_260726,6659,0,0,0
2026-08-18 16:30:44,16:00,906987379684182,1팀,120250475752460200,07.크리스피(ASC)(하이브리드)_TROAS_A+SC캠페인_구매최적화_값_표준기여_3078_260722(페르소나),22650,0,0,0
2026-08-18 16:30:44,16:00,906987379684182,1팀,120250614451020200,07.크리스피(ASC)(하이브리드)_A+SC캠페인_구매최적화_수_표준기여_3078_260728,14306,0,0,0
2026-08-18 16:30:44,16:00,906987379684182,1팀,120250614451040200,07.크리스피(ASC)(하이브리드)_TROAS_A+SC캠페인_구매최적화_값_표준기여_3078_260728,134,0,0,0
2026-08-18 16:30:44,16:00,906987379684182,1팀,120250614451160200,07.크리스피(ASC)(하이브리드)_TCPA_A+SC캠페인_ALL_C7_수_표준기여_3078_260728,213,0,0,0
2026-08-18 16:30:44,16:00,906987379684182,1팀,120250649570130200,07.크리스피(ASC)(하이브리드)_TROAS_A+SC캠페인_구매최적화_값_표준기여_3078_260802_AI,37344,1,77700,208.06555269922876
2026-08-18 16:30:44,16:00,906987379684182,1팀,120250649570150200,07.크리스피(ASC)(하이브리드)_TCPA_A+SC캠페인_ALL_C7_수_표준기여_3078_260802_AI,13,0,0,0
2026-08-18 16:30:44,16:00,906987379684182,1팀,120250649570180200,07.크리스피(ASC)(하이브리드)_A+SC캠페인_구매최적화_수_표준기여_3078_260802_AI,19275,0,0,0
2026-08-18 16:30:44,16:00,906987379684182,1팀,120250856737330200,77.프로모션(ASC)(통크크)_TROAS_A+SC캠페인_구매최적화_값_표준기여_260806,722,0,0,0
2026-08-18 16:30:44,16:00,906987379684182,1팀,120250856737340200,77.프로모션(ASC)(통크크)_TCPA_A+SC캠페인_ALL_C7_수_표준기여_260806,282,0,0,0
2026-08-18 16:30:44,16:00,906987379684182,1팀,120250856737350200,77.프로모션(ASC)(통크크)_A+SC캠페인_구매최적화_수_표준기여_260806,1313,0,0,0
2026-08-18 16:30:44,16:00,906987379684182,1팀,120250858093370200,01.통살(ASC)(하이브리드)_TROAS_A+SC캠페인_구매최적화_값_표준기여_3028_260806,11,0,0,0
2026-08-18 16:30:44,16:00,906987379684182,1팀,120250858456470200,01.통살(ASC)(하이브리드)_A+SC캠페인_구매최적화_수_표준기여_3028_260806,1987,0,0,0
2026-08-18 16:30:44,16:00,906987379684182,1팀,120250858902230200,07.크리스피(ASC)(메가딜)_A+SC캠페인_구매최적화_수_표준기여_2464_260806,842,0,0,0
2026-08-18 16:30:44,16:00,906987379684182,1팀,120250858902240200,07.크리스피(ASC)(메가딜)_TCPA_A+SC캠페인_ALL_C7_수_표준기여_2464_260806,494,0,0,0
2026-08-18 16:30:44,16:00,906987379684182,1팀,120250858902260200,07.크리스피(ASC)(메가딜)_TROAS_A+SC캠페인_구매최적화_값_표준기여_2464_260806,10138,0,0,0
2026-08-18 16:30:44,16:00,906987379684182,1팀,120250859130300200,16.안심크리스피(ASC)(메가딜)_TROAS_A+SC캠페인_구매최적화_값_표준기여_2908_260806,32,0,0,0
2026-08-18 16:30:44,16:00,906987379684182,1팀,120250859130310200,16.안심크리스피(ASC)(메가딜)_TCPA_A+SC캠페인_ALL_C7_수_표준기여_2908_260806,44,0,0,0
2026-08-18 16:30:44,16:00,906987379684182,1팀,120250859130340200,16.안심크리스피(ASC)(메가딜)_A+SC캠페인_구매최적화_수_표준기여_2908_260806,10284,0,0,0
2026-08-18 16:30:44,16:00,906987379684182,1팀,120250859189800200,17.안심볶음밥(ASC)(메가딜)_A+SC캠페인_구매최적화_수_표준기여_2903_260806,1506,0,0,0
2026-08-18 16:30:44,16:00,906987379684182,1팀,120250859189810200,17.안심볶음밥(ASC)(메가딜)_TCPA_A+SC캠페인_ALL_C7_수_표준기여_2903_260806,250,0,0,0
2026-08-18 16:30:44,16:00,906987379684182,1팀,120250859189820200,17.안심볶음밥(ASC)(메가딜)_TROAS_A+SC캠페인_구매최적화_값_표준기여_2903_260806,624,0,0,0
2026-08-18 16:30:44,16:00,906987379684182,1팀,120250859259390200,20.김자반밥바(ASC)(메가딜)_TROAS_A+SC캠페인_구매최적화_값_표준기여_3003_260806,1574,0,0,0
2026-08-18 16:30:44,16:00,906987379684182,1팀,120250859259410200,20.김자반밥바(ASC)(메가딜)_TCPA_A+SC캠페인_ALL_C7_수_표준기여_3003_260806,1041,0,0,0
2026-08-18 16:30:44,16:00,906987379684182,1팀,120250859259430200,20.김자반밥바(ASC)(메가딜)_A+SC캠페인_구매최적화_수_가치조정_3003_260806,2260,0,0,0
2026-08-18 16:30:44,16:00,906987379684182,1팀,120250859367430200,20.김자반밥바(ASC)(하이브리드)_A+SC캠페인_구매최적화_수_가치조정_3159_260806,1772,0,0,0
2026-08-18 16:30:44,16:00,906987379684182,1팀,120250859367440200,20.김자반밥바(ASC)(하이브리드)_TCPA_A+SC캠페인_ALL_C7_수_표준기여_3159_260806,2731,0,0,0
2026-08-18 16:30:44,16:00,906987379684182,1팀,120250859367470200,20.김자반밥바(ASC)(하이브리드)_TROAS_A+SC캠페인_구매최적화_값_표준기여_3159_260806,2674,0,0,0
2026-08-18 16:30:44,16:00,906987379684182,1팀,120251066794820200,07.크리스피(ASC)(하이브리드)_A+SC캠페인_구매최적화_수_표준기여_3078_260816_AI _2,3229,0,0,0
2026-08-18 16:30:44,16:00,906987379684182,1팀,120251066794930200,07.크리스피(ASC)(하이브리드)_TROAS_A+SC캠페인_구매최적화_값_표준기여_3078_260816_AI _2,8906,0,0,0
2026-08-18 16:30:44,16:00,906987379684182,1팀,120251169199390200,07.크리스피(ASC)(하이브리드)_TROAS_A+SC캠페인_구매최적화_값_표준기여_3078_260817(페르소나2),10340,1,59800,578.3365570599613
2026-08-18 16:47:44,16:00,906987379684182,1팀,120228320649100200,01.통살(ASC)(101010)_TCPA16000_A+SC 캠페인_ALL_V1C7_수_표준기여_2336,20950,3,201747,962.9928400954655
2026-08-18 16:47:44,16:00,906987379684182,1팀,120228788396590200,01.통살(ASC)(메가딜)_TCPA20000_A+SC 캠페인_ALL_V1C7_수_표준기여_1874,16896,1,50900,301.2547348484849
2026-08-18 16:47:44,16:00,906987379684182,1팀,120230755324960200,07.크리스피(ASC)(메가딜)_A+SC 캠페인_구매최적화_수_표준기여_2464,33697,4,200782,595.8453274772235
2026-08-18 16:47:44,16:00,906987379684182,1팀,120237509836570200,07.크리스피(ASC)(메가딜)_TCPA16000_A+SC 캠페인_ALL_수_표준기여_2464,3990,0,0,0
2026-08-18 16:47:44,16:00,906987379684182,1팀,120243001852340200,01.통살(ASC)(101010)_TCPA16000_A+SC 캠페인_ALL_V1C7_수_표준기여_2336_02,85,0,0,0
2026-08-18 16:47:44,16:00,906987379684182,1팀,120243258462660200,07.크리스피(ASC)(101010)_A+SC 캠페인_구매최적화_수_표준기여_2659_260322,3413,1,65900,1930.852622326399
2026-08-18 16:47:44,16:00,906987379684182,1팀,120243592510760200,16.안심크리스피(ASC)(메가딜)_TCPA14000_A+SC 캠페인_ALL_C7_수_표준기여_2863_260327,0,0,0,0
2026-08-18 16:47:44,16:00,906987379684182,1팀,120244128322750200,01.통살(ASC)(101010)_TCPA16000_A+SC 캠페인_ALL_V1C7_수_표준기여_2336_03,942,0,0,0
2026-08-18 16:47:44,16:00,906987379684182,1팀,120244130427210200,07.크리스피(ASC)(메가딜)_A+SC 캠페인_구매최적화_수_표준기여_2464_260404,3545,0,0,0
2026-08-18 16:47:44,16:00,906987379684182,1팀,120244370408130200,17.안심볶음밥(ASC)(메가딜)_TCPA_A+SC 캠페인_ALL_C7_수_표준기여_2903_260409,15603,0,0,0
2026-08-18 16:47:44,16:00,906987379684182,1팀,120246157174550200,17.안심볶음밥(ASC)(메가딜)_A+SC 캠페인_구매최적화_수_표준기여_2903_260507_남자,12105,1,54900,453.53159851301115
2026-08-18 16:47:44,16:00,906987379684182,1팀,120246224683700200,17.안심볶음밥(ASC)(메가딜)_A+SC 캠페인_구매최적화_수_표준기여_2903_260507_남자_02,3939,0,0,0
2026-08-18 16:47:44,16:00,906987379684182,1팀,120246397028850200,07.크리스피(ASC)(통합)_A+SC 캠페인_구매최적화_수_표준기여_통합_260511,12878,0,0,0
2026-08-18 16:47:44,16:00,906987379684182,1팀,120246898203940200,03.닭다리살(ASC)(1010)_A+SC캠페인_구매최적화_수_표준기여_2604_260519,5855,0,0,0
2026-08-18 16:47:44,16:00,906987379684182,1팀,120246898384670200,03.닭다리살(ASC)(1010)_TROAS_A+SC캠페인_구매최적화_값_표준기여_2604_260519,38409,5,405500,1055.7421437683877
2026-08-18 16:47:44,16:00,906987379684182,1팀,120247379587080200,07.크리스피(ASC)(1010)_TROAS_A+SC캠페인_구매최적화_값_표준기여_2992_260527,18936,1,43900,231.83354457118716
2026-08-18 16:47:44,16:00,906987379684182,1팀,120248207670120200,17.안심볶음밥(ASC)(메가딜)_A+SC 캠페인_구매최적화_수_표준기여_2903_260609_남자(가치조정),2433,0,0,0
2026-08-18 16:47:44,16:00,906987379684182,1팀,120248361514480200,01.통살(ASC)(하이브리드)_TCPA_A+SC캠페인_ALL_C7_수_표준기여_3028_260611,1459,0,0,0
2026-08-18 16:47:44,16:00,906987379684182,1팀,120248361514580200,01.통살(ASC)(하이브리드)_TROAS_A+SC캠페인_구매최적화_값_표준기여_3028_260611,7505,0,0,0
2026-08-18 16:47:44,16:00,906987379684182,1팀,120248762624190200,17.안심볶음밥(ASC)(메가딜)_TCPA_A+SC캠페인_ALL_C7_수_표준기여_2903_260705,162,0,0,0
2026-08-18 16:47:44,16:00,906987379684182,1팀,120248762624470200,17.안심볶음밥(ASC)(메가딜)_TROAS_A+SC캠페인_구매최적화_값_표준기여_2903_260705,13539,0,0,0
2026-08-18 16:47:44,16:00,906987379684182,1팀,120248762761370200,17.안심볶음밥(ASC)(메가딜)_A+SC캠페인_구매최적화_수_표준기여_2903_260705,2133,0,0,0
2026-08-18 16:47:44,16:00,906987379684182,1팀,120248762858730200,16.안심크리스피(ASC)(메가딜)_A+SC 캠페인_구매최적화_수_표준기여_2908_260720(페르소나),5993,2,162200,2706.4909060570667
2026-08-18 16:47:44,16:00,906987379684182,1팀,120248763306900200,16.안심크리스피(ASC)(메가딜)_TCPA_A+SC캠페인_ALL_C7_수_표준기여_2908_260621,1101,0,0,0
2026-08-18 16:47:44,16:00,906987379684182,1팀,120248763797300200,21.통살+그릴드(ASC)(메가딜)_TROAS_A+SC캠페인_구매최적화_값_표준기여_3068_260617,4095,0,0,0
2026-08-18 16:47:44,16:00,906987379684182,1팀,120248763797350200,21.통살+그릴드(ASC)(메가딜)_A+SC캠페인_구매최적화_수_표준기여_3068_260617,1051,0,0,0
2026-08-18 16:47:44,16:00,906987379684182,1팀,120249317264110200,07.크리스피(ASC)(하이브리드)_A+SC캠페인_구매최적화_수_표준기여_3078_260713,30391,0,0,0
2026-08-18 16:47:44,16:00,906987379684182,1팀,120249317264140200,07.크리스피(ASC)(하이브리드)_TROAS_A+SC캠페인_구매최적화_값_표준기여_3078_260713,94603,2,119600,126.42305212308278
2026-08-18 16:47:44,16:00,906987379684182,1팀,120249875227840200,16.안심크리스피(ASC)(메가딜)_A+SC캠페인_구매최적화_수_표준기여_2908_260705,2957,0,0,0
2026-08-18 16:47:44,16:00,906987379684182,1팀,120249875227870200,16.안심크리스피(ASC)(메가딜)_TCPA_A+SC캠페인_ALL_C7_수_표준기여_2908_260705,140,0,0,0
2026-08-18 16:47:44,16:00,906987379684182,1팀,120249876219520200,20.김자반밥바(ASC)(메가딜)_TROAS_A+SC캠페인_구매최적화_값_표준기여_3003_260705,3269,0,0,0
2026-08-18 16:47:44,16:00,906987379684182,1팀,120249878429160200,01.통살(ASC)(하이브리드)_TROAS_A+SC캠페인_구매최적화_값_표준기여_3028_260705,5525,0,0,0
2026-08-18 16:47:44,16:00,906987379684182,1팀,120249878429240200,01.통살(ASC)(하이브리드)_A+SC캠페인_구매최적화_수_표준기여_3028_260705,1814,0,0,0
2026-08-18 16:47:44,16:00,906987379684182,1팀,120250098930220200,01.통살(ASC)(101010)_TROAS_A+SC캠페인_구매최적화_값_표준기여_2336_260712,37837,1,59700,157.7820651743003
2026-08-18 16:47:44,16:00,906987379684182,1팀,120250099159310200,07.크리스피(ASC)(메가딜)_A+SC캠페인_구매최적화_수_표준기여_2464_260712,5013,0,0,0
2026-08-18 16:47:44,16:00,906987379684182,1팀,120250099159320200,07.크리스피(ASC)(메가딜)_TROAS_A+SC캠페인_구매최적화_값_표준기여_2464_260712,1926,0,0,0
2026-08-18 16:47:44,16:00,906987379684182,1팀,120250099159330200,07.크리스피(ASC)(메가딜)_TCPA_A+SC캠페인_ALL_C7_수_표준기여_2464_260712,467,0,0,0
2026-08-18 16:47:44,16:00,906987379684182,1팀,120250099335020200,77.프로모션(ASC)(줄리엔강)_TCPA_A+SC캠페인_ALL_C7_수_표준기여_260713,2569,0,0,0
2026-08-18 16:47:44,16:00,906987379684182,1팀,120250268133470200,03.닭다리살(ASC)(하이브리드)_TROAS_A+SC캠페인_구매최적화_값_표준기여_3111_260726,2727,0,0,0
2026-08-18 16:47:44,16:00,906987379684182,1팀,120250444210730200,20.김자반밥바(ASC)(하이브리드)_TROAS_A+SC캠페인_구매최적화_값_표준기여_3159_260726,8061,0,0,0
2026-08-18 16:47:44,16:00,906987379684182,1팀,120250444210740200,20.김자반밥바(ASC)(하이브리드)_A+SC캠페인_구매최적화_수_표준기여_3159_260726,1786,0,0,0
2026-08-18 16:47:44,16:00,906987379684182,1팀,120250444210900200,20.김자반밥바(ASC)(하이브리드)_TCPA_A+SC캠페인_ALL_C7_수_표준기여_3159_260726,1738,0,0,0
2026-08-18 16:47:44,16:00,906987379684182,1팀,120250444423310200,21.통살+그릴드(ASC)(하이브리드)_TROAS_A+SC캠페인_구매최적화_값_표준기여_3162_260726,2050,0,0,0
2026-08-18 16:47:44,16:00,906987379684182,1팀,120250444423320200,21.통살+그릴드(ASC)(하이브리드)_TCPA_A+SC캠페인_ALL_C7_수_표준기여_3162_260726,448,0,0,0
2026-08-18 16:47:44,16:00,906987379684182,1팀,120250444423330200,21.통살+그릴드(ASC)(하이브리드)_A+SC캠페인_구매최적화_수_표준기여_3162_260726,9714,0,0,0
2026-08-18 16:47:44,16:00,906987379684182,1팀,120250475752460200,07.크리스피(ASC)(하이브리드)_TROAS_A+SC캠페인_구매최적화_값_표준기여_3078_260722(페르소나),35979,1,178600,496.40067817337894
2026-08-18 16:47:44,16:00,906987379684182,1팀,120250614451020200,07.크리스피(ASC)(하이브리드)_A+SC캠페인_구매최적화_수_표준기여_3078_260728,26985,0,0,0
2026-08-18 16:47:44,16:00,906987379684182,1팀,120250614451040200,07.크리스피(ASC)(하이브리드)_TROAS_A+SC캠페인_구매최적화_값_표준기여_3078_260728,192,0,0,0
2026-08-18 16:47:44,16:00,906987379684182,1팀,120250614451160200,07.크리스피(ASC)(하이브리드)_TCPA_A+SC캠페인_ALL_C7_수_표준기여_3078_260728,334,0,0,0
2026-08-18 16:47:44,16:00,906987379684182,1팀,120250649570130200,07.크리스피(ASC)(하이브리드)_TROAS_A+SC캠페인_구매최적화_값_표준기여_3078_260802_AI,68662,2,172200,250.79374326410533
2026-08-18 16:47:44,16:00,906987379684182,1팀,120250649570150200,07.크리스피(ASC)(하이브리드)_TCPA_A+SC캠페인_ALL_C7_수_표준기여_3078_260802_AI,29,0,0,0
2026-08-18 16:47:44,16:00,906987379684182,1팀,120250649570180200,07.크리스피(ASC)(하이브리드)_A+SC캠페인_구매최적화_수_표준기여_3078_260802_AI,30878,0,0,0
2026-08-18 16:47:44,16:00,906987379684182,1팀,120250856737330200,77.프로모션(ASC)(통크크)_TROAS_A+SC캠페인_구매최적화_값_표준기여_260806,1932,0,0,0
2026-08-18 16:47:44,16:00,906987379684182,1팀,120250856737340200,77.프로모션(ASC)(통크크)_TCPA_A+SC캠페인_ALL_C7_수_표준기여_260806,579,0,0,0
2026-08-18 16:47:44,16:00,906987379684182,1팀,120250856737350200,77.프로모션(ASC)(통크크)_A+SC캠페인_구매최적화_수_표준기여_260806,2894,0,0,0
2026-08-18 16:47:44,16:00,906987379684182,1팀,120250858093370200,01.통살(ASC)(하이브리드)_TROAS_A+SC캠페인_구매최적화_값_표준기여_3028_260806,27,0,0,0
2026-08-18 16:47:44,16:00,906987379684182,1팀,120250858456470200,01.통살(ASC)(하이브리드)_A+SC캠페인_구매최적화_수_표준기여_3028_260806,3017,0,0,0
2026-08-18 16:47:44,16:00,906987379684182,1팀,120250858902230200,07.크리스피(ASC)(메가딜)_A+SC캠페인_구매최적화_수_표준기여_2464_260806,1763,0,0,0
2026-08-18 16:47:44,16:00,906987379684182,1팀,120250858902240200,07.크리스피(ASC)(메가딜)_TCPA_A+SC캠페인_ALL_C7_수_표준기여_2464_260806,702,0,0,0
2026-08-18 16:47:44,16:00,906987379684182,1팀,120250858902260200,07.크리스피(ASC)(메가딜)_TROAS_A+SC캠페인_구매최적화_값_표준기여_2464_260806,17804,0,0,0
2026-08-18 16:47:44,16:00,906987379684182,1팀,120250859130300200,16.안심크리스피(ASC)(메가딜)_TROAS_A+SC캠페인_구매최적화_값_표준기여_2908_260806,32,0,0,0
2026-08-18 16:47:44,16:00,906987379684182,1팀,120250859130310200,16.안심크리스피(ASC)(메가딜)_TCPA_A+SC캠페인_ALL_C7_수_표준기여_2908_260806,63,0,0,0
2026-08-18 16:47:44,16:00,906987379684182,1팀,120250859130340200,16.안심크리스피(ASC)(메가딜)_A+SC캠페인_구매최적화_수_표준기여_2908_260806,17809,0,0,0
2026-08-18 16:47:44,16:00,906987379684182,1팀,120250859189800200,17.안심볶음밥(ASC)(메가딜)_A+SC캠페인_구매최적화_수_표준기여_2903_260806,2483,0,0,0
2026-08-18 16:47:44,16:00,906987379684182,1팀,120250859189810200,17.안심볶음밥(ASC)(메가딜)_TCPA_A+SC캠페인_ALL_C7_수_표준기여_2903_260806,382,0,0,0
2026-08-18 16:47:44,16:00,906987379684182,1팀,120250859189820200,17.안심볶음밥(ASC)(메가딜)_TROAS_A+SC캠페인_구매최적화_값_표준기여_2903_260806,947,0,0,0
2026-08-18 16:47:44,16:00,906987379684182,1팀,120250859259390200,20.김자반밥바(ASC)(메가딜)_TROAS_A+SC캠페인_구매최적화_값_표준기여_3003_260806,3976,0,0,0
2026-08-18 16:47:44,16:00,906987379684182,1팀,120250859259410200,20.김자반밥바(ASC)(메가딜)_TCPA_A+SC캠페인_ALL_C7_수_표준기여_3003_260806,2308,0,0,0
2026-08-18 16:47:44,16:00,906987379684182,1팀,120250859259430200,20.김자반밥바(ASC)(메가딜)_A+SC캠페인_구매최적화_수_가치조정_3003_260806,3159,0,0,0
2026-08-18 16:47:44,16:00,906987379684182,1팀,120250859367430200,20.김자반밥바(ASC)(하이브리드)_A+SC캠페인_구매최적화_수_가치조정_3159_260806,2743,0,0,0
2026-08-18 16:47:44,16:00,906987379684182,1팀,120250859367440200,20.김자반밥바(ASC)(하이브리드)_TCPA_A+SC캠페인_ALL_C7_수_표준기여_3159_260806,5284,1,42700,808.0999242997729
2026-08-18 16:47:44,16:00,906987379684182,1팀,120250859367470200,20.김자반밥바(ASC)(하이브리드)_TROAS_A+SC캠페인_구매최적화_값_표준기여_3159_260806,4295,0,0,0
2026-08-18 16:47:44,16:00,906987379684182,1팀,120251066794820200,07.크리스피(ASC)(하이브리드)_A+SC캠페인_구매최적화_수_표준기여_3078_260816_AI _2,5679,1,44000,774.7842930093326
2026-08-18 16:47:44,16:00,906987379684182,1팀,120251066794930200,07.크리스피(ASC)(하이브리드)_TROAS_A+SC캠페인_구매최적화_값_표준기여_3078_260816_AI _2,14954,0,0,0
2026-08-18 16:47:44,16:00,906987379684182,1팀,120251169199390200,07.크리스피(ASC)(하이브리드)_TROAS_A+SC캠페인_구매최적화_값_표준기여_3078_260817(페르소나2),18180,1,59800,328.93289328932894
2026-08-18 17:18:32,17:00,906987379684182,1팀,120228320649100200,01.통살(ASC)(101010)_TCPA16000_A+SC 캠페인_ALL_V1C7_수_표준기여_2336,13261,0,0,0
2026-08-18 17:18:32,17:00,906987379684182,1팀,120228788396590200,01.통살(ASC)(메가딜)_TCPA20000_A+SC 캠페인_ALL_V1C7_수_표준기여_1874,6437,0,0,0
2026-08-18 17:18:32,17:00,906987379684182,1팀,120230755324960200,07.크리스피(ASC)(메가딜)_A+SC 캠페인_구매최적화_수_표준기여_2464,8110,0,0,0
2026-08-18 17:18:32,17:00,906987379684182,1팀,120237509836570200,07.크리스피(ASC)(메가딜)_TCPA16000_A+SC 캠페인_ALL_수_표준기여_2464,1245,0,0,0
2026-08-18 17:18:32,17:00,906987379684182,1팀,120243001852340200,01.통살(ASC)(101010)_TCPA16000_A+SC 캠페인_ALL_V1C7_수_표준기여_2336_02,112,0,0,0
2026-08-18 17:18:32,17:00,906987379684182,1팀,120243258462660200,07.크리스피(ASC)(101010)_A+SC 캠페인_구매최적화_수_표준기여_2659_260322,360,0,0,0
2026-08-18 17:18:32,17:00,906987379684182,1팀,120244128322750200,01.통살(ASC)(101010)_TCPA16000_A+SC 캠페인_ALL_V1C7_수_표준기여_2336_03,204,0,0,0
2026-08-18 17:18:32,17:00,906987379684182,1팀,120244130427210200,07.크리스피(ASC)(메가딜)_A+SC 캠페인_구매최적화_수_표준기여_2464_260404,1786,0,0,0
2026-08-18 17:18:32,17:00,906987379684182,1팀,120244370408130200,17.안심볶음밥(ASC)(메가딜)_TCPA_A+SC 캠페인_ALL_C7_수_표준기여_2903_260409,4858,0,0,0
2026-08-18 17:18:32,17:00,906987379684182,1팀,120246157174550200,17.안심볶음밥(ASC)(메가딜)_A+SC 캠페인_구매최적화_수_표준기여_2903_260507_남자,6408,0,0,0
2026-08-18 17:18:32,17:00,906987379684182,1팀,120246224683700200,17.안심볶음밥(ASC)(메가딜)_A+SC 캠페인_구매최적화_수_표준기여_2903_260507_남자_02,2239,0,0,0
2026-08-18 17:18:32,17:00,906987379684182,1팀,120246397028850200,07.크리스피(ASC)(통합)_A+SC 캠페인_구매최적화_수_표준기여_통합_260511,2658,0,0,0
2026-08-18 17:18:32,17:00,906987379684182,1팀,120246898203940200,03.닭다리살(ASC)(1010)_A+SC캠페인_구매최적화_수_표준기여_2604_260519,3612,0,0,0
2026-08-18 17:18:32,17:00,906987379684182,1팀,120246898384670200,03.닭다리살(ASC)(1010)_TROAS_A+SC캠페인_구매최적화_값_표준기여_2604_260519,11848,0,0,0
2026-08-18 17:18:32,17:00,906987379684182,1팀,120247379587080200,07.크리스피(ASC)(1010)_TROAS_A+SC캠페인_구매최적화_값_표준기여_2992_260527,7854,0,0,0
2026-08-18 17:18:32,17:00,906987379684182,1팀,120248207670120200,17.안심볶음밥(ASC)(메가딜)_A+SC 캠페인_구매최적화_수_표준기여_2903_260609_남자(가치조정),938,0,0,0
2026-08-18 17:18:32,17:00,906987379684182,1팀,120248361514480200,01.통살(ASC)(하이브리드)_TCPA_A+SC캠페인_ALL_C7_수_표준기여_3028_260611,541,0,0,0
2026-08-18 17:18:32,17:00,906987379684182,1팀,120248361514580200,01.통살(ASC)(하이브리드)_TROAS_A+SC캠페인_구매최적화_값_표준기여_3028_260611,2511,0,0,0
2026-08-18 17:18:32,17:00,906987379684182,1팀,120248762624190200,17.안심볶음밥(ASC)(메가딜)_TCPA_A+SC캠페인_ALL_C7_수_표준기여_2903_260705,9,0,0,0
2026-08-18 17:18:32,17:00,906987379684182,1팀,120248762624470200,17.안심볶음밥(ASC)(메가딜)_TROAS_A+SC캠페인_구매최적화_값_표준기여_2903_260705,4324,0,0,0
2026-08-18 17:18:32,17:00,906987379684182,1팀,120248762761370200,17.안심볶음밥(ASC)(메가딜)_A+SC캠페인_구매최적화_수_표준기여_2903_260705,973,0,0,0
2026-08-18 17:18:32,17:00,906987379684182,1팀,120248762858730200,16.안심크리스피(ASC)(메가딜)_A+SC 캠페인_구매최적화_수_표준기여_2908_260720(페르소나),1936,0,0,0
2026-08-18 17:18:32,17:00,906987379684182,1팀,120248763306900200,16.안심크리스피(ASC)(메가딜)_TCPA_A+SC캠페인_ALL_C7_수_표준기여_2908_260621,575,0,0,0
2026-08-18 17:18:32,17:00,906987379684182,1팀,120248763797300200,21.통살+그릴드(ASC)(메가딜)_TROAS_A+SC캠페인_구매최적화_값_표준기여_3068_260617,2008,0,0,0
2026-08-18 17:18:32,17:00,906987379684182,1팀,120248763797350200,21.통살+그릴드(ASC)(메가딜)_A+SC캠페인_구매최적화_수_표준기여_3068_260617,334,0,0,0
2026-08-18 17:18:32,17:00,906987379684182,1팀,120249317264110200,07.크리스피(ASC)(하이브리드)_A+SC캠페인_구매최적화_수_표준기여_3078_260713,11135,0,0,0
2026-08-18 17:18:32,17:00,906987379684182,1팀,120249317264140200,07.크리스피(ASC)(하이브리드)_TROAS_A+SC캠페인_구매최적화_값_표준기여_3078_260713,35437,0,0,0
2026-08-18 17:18:32,17:00,906987379684182,1팀,120249875227840200,16.안심크리스피(ASC)(메가딜)_A+SC캠페인_구매최적화_수_표준기여_2908_260705,3367,0,0,0
2026-08-18 17:18:32,17:00,906987379684182,1팀,120249875227870200,16.안심크리스피(ASC)(메가딜)_TCPA_A+SC캠페인_ALL_C7_수_표준기여_2908_260705,4,0,0,0
2026-08-18 17:18:32,17:00,906987379684182,1팀,120249876219520200,20.김자반밥바(ASC)(메가딜)_TROAS_A+SC캠페인_구매최적화_값_표준기여_3003_260705,1714,0,0,0
2026-08-18 17:18:32,17:00,906987379684182,1팀,120249878429160200,01.통살(ASC)(하이브리드)_TROAS_A+SC캠페인_구매최적화_값_표준기여_3028_260705,2152,0,0,0
2026-08-18 17:18:32,17:00,906987379684182,1팀,120249878429240200,01.통살(ASC)(하이브리드)_A+SC캠페인_구매최적화_수_표준기여_3028_260705,778,0,0,0
2026-08-18 17:18:32,17:00,906987379684182,1팀,120250098930220200,01.통살(ASC)(101010)_TROAS_A+SC캠페인_구매최적화_값_표준기여_2336_260712,15725,0,0,0
2026-08-18 17:18:32,17:00,906987379684182,1팀,120250099159310200,07.크리스피(ASC)(메가딜)_A+SC캠페인_구매최적화_수_표준기여_2464_260712,1357,0,0,0
2026-08-18 17:18:32,17:00,906987379684182,1팀,120250099159320200,07.크리스피(ASC)(메가딜)_TROAS_A+SC캠페인_구매최적화_값_표준기여_2464_260712,1584,0,0,0
2026-08-18 17:18:32,17:00,906987379684182,1팀,120250099159330200,07.크리스피(ASC)(메가딜)_TCPA_A+SC캠페인_ALL_C7_수_표준기여_2464_260712,340,0,0,0
2026-08-18 17:18:32,17:00,906987379684182,1팀,120250099335020200,77.프로모션(ASC)(줄리엔강)_TCPA_A+SC캠페인_ALL_C7_수_표준기여_260713,705,0,0,0
2026-08-18 17:18:32,17:00,906987379684182,1팀,120250268133470200,03.닭다리살(ASC)(하이브리드)_TROAS_A+SC캠페인_구매최적화_값_표준기여_3111_260726,1899,0,0,0
2026-08-18 17:18:32,17:00,906987379684182,1팀,120250444210730200,20.김자반밥바(ASC)(하이브리드)_TROAS_A+SC캠페인_구매최적화_값_표준기여_3159_260726,4372,0,0,0
2026-08-18 17:18:32,17:00,906987379684182,1팀,120250444210740200,20.김자반밥바(ASC)(하이브리드)_A+SC캠페인_구매최적화_수_표준기여_3159_260726,596,0,0,0
2026-08-18 17:18:32,17:00,906987379684182,1팀,120250444210900200,20.김자반밥바(ASC)(하이브리드)_TCPA_A+SC캠페인_ALL_C7_수_표준기여_3159_260726,932,0,0,0
2026-08-18 17:18:32,17:00,906987379684182,1팀,120250444423310200,21.통살+그릴드(ASC)(하이브리드)_TROAS_A+SC캠페인_구매최적화_값_표준기여_3162_260726,1115,0,0,0
2026-08-18 17:18:32,17:00,906987379684182,1팀,120250444423320200,21.통살+그릴드(ASC)(하이브리드)_TCPA_A+SC캠페인_ALL_C7_수_표준기여_3162_260726,49,0,0,0
2026-08-18 17:18:32,17:00,906987379684182,1팀,120250444423330200,21.통살+그릴드(ASC)(하이브리드)_A+SC캠페인_구매최적화_수_표준기여_3162_260726,3642,0,0,0
2026-08-18 17:18:32,17:00,906987379684182,1팀,120250475752460200,07.크리스피(ASC)(하이브리드)_TROAS_A+SC캠페인_구매최적화_값_표준기여_3078_260722(페르소나),13211,0,0,0
2026-08-18 17:18:32,17:00,906987379684182,1팀,120250614451020200,07.크리스피(ASC)(하이브리드)_A+SC캠페인_구매최적화_수_표준기여_3078_260728,14467,0,0,0
2026-08-18 17:18:32,17:00,906987379684182,1팀,120250614451040200,07.크리스피(ASC)(하이브리드)_TROAS_A+SC캠페인_구매최적화_값_표준기여_3078_260728,362,0,0,0
2026-08-18 17:18:32,17:00,906987379684182,1팀,120250614451160200,07.크리스피(ASC)(하이브리드)_TCPA_A+SC캠페인_ALL_C7_수_표준기여_3078_260728,199,0,0,0
2026-08-18 17:18:32,17:00,906987379684182,1팀,120250649570130200,07.크리스피(ASC)(하이브리드)_TROAS_A+SC캠페인_구매최적화_값_표준기여_3078_260802_AI,32555,0,0,0
2026-08-18 17:18:32,17:00,906987379684182,1팀,120250649570150200,07.크리스피(ASC)(하이브리드)_TCPA_A+SC캠페인_ALL_C7_수_표준기여_3078_260802_AI,2,0,0,0
2026-08-18 17:18:32,17:00,906987379684182,1팀,120250649570180200,07.크리스피(ASC)(하이브리드)_A+SC캠페인_구매최적화_수_표준기여_3078_260802_AI,10882,0,0,0
2026-08-18 17:18:32,17:00,906987379684182,1팀,120250856737330200,77.프로모션(ASC)(통크크)_TROAS_A+SC캠페인_구매최적화_값_표준기여_260806,1284,0,0,0
2026-08-18 17:18:32,17:00,906987379684182,1팀,120250856737340200,77.프로모션(ASC)(통크크)_TCPA_A+SC캠페인_ALL_C7_수_표준기여_260806,335,0,0,0
2026-08-18 17:18:32,17:00,906987379684182,1팀,120250856737350200,77.프로모션(ASC)(통크크)_A+SC캠페인_구매최적화_수_표준기여_260806,1538,0,0,0
2026-08-18 17:18:32,17:00,906987379684182,1팀,120250858093370200,01.통살(ASC)(하이브리드)_TROAS_A+SC캠페인_구매최적화_값_표준기여_3028_260806,5,0,0,0
2026-08-18 17:18:32,17:00,906987379684182,1팀,120250858456470200,01.통살(ASC)(하이브리드)_A+SC캠페인_구매최적화_수_표준기여_3028_260806,915,0,0,0
2026-08-18 17:18:32,17:00,906987379684182,1팀,120250858902230200,07.크리스피(ASC)(메가딜)_A+SC캠페인_구매최적화_수_표준기여_2464_260806,1054,0,0,0
2026-08-18 17:18:32,17:00,906987379684182,1팀,120250858902240200,07.크리스피(ASC)(메가딜)_TCPA_A+SC캠페인_ALL_C7_수_표준기여_2464_260806,140,0,0,0
2026-08-18 17:18:32,17:00,906987379684182,1팀,120250858902260200,07.크리스피(ASC)(메가딜)_TROAS_A+SC캠페인_구매최적화_값_표준기여_2464_260806,6745,0,0,0
2026-08-18 17:18:32,17:00,906987379684182,1팀,120250859130300200,16.안심크리스피(ASC)(메가딜)_TROAS_A+SC캠페인_구매최적화_값_표준기여_2908_260806,65,0,0,0
2026-08-18 17:18:32,17:00,906987379684182,1팀,120250859130310200,16.안심크리스피(ASC)(메가딜)_TCPA_A+SC캠페인_ALL_C7_수_표준기여_2908_260806,10,0,0,0
2026-08-18 17:18:32,17:00,906987379684182,1팀,120250859130340200,16.안심크리스피(ASC)(메가딜)_A+SC캠페인_구매최적화_수_표준기여_2908_260806,7470,0,0,0
2026-08-18 17:18:32,17:00,906987379684182,1팀,120250859189800200,17.안심볶음밥(ASC)(메가딜)_A+SC캠페인_구매최적화_수_표준기여_2903_260806,1069,0,0,0
2026-08-18 17:18:32,17:00,906987379684182,1팀,120250859189810200,17.안심볶음밥(ASC)(메가딜)_TCPA_A+SC캠페인_ALL_C7_수_표준기여_2903_260806,154,0,0,0
2026-08-18 17:18:32,17:00,906987379684182,1팀,120250859189820200,17.안심볶음밥(ASC)(메가딜)_TROAS_A+SC캠페인_구매최적화_값_표준기여_2903_260806,288,0,0,0
2026-08-18 17:18:32,17:00,906987379684182,1팀,120250859259390200,20.김자반밥바(ASC)(메가딜)_TROAS_A+SC캠페인_구매최적화_값_표준기여_3003_260806,1794,0,0,0
2026-08-18 17:18:32,17:00,906987379684182,1팀,120250859259410200,20.김자반밥바(ASC)(메가딜)_TCPA_A+SC캠페인_ALL_C7_수_표준기여_3003_260806,707,0,0,0
2026-08-18 17:18:32,17:00,906987379684182,1팀,120250859259430200,20.김자반밥바(ASC)(메가딜)_A+SC캠페인_구매최적화_수_가치조정_3003_260806,1899,0,0,0
2026-08-18 17:18:32,17:00,906987379684182,1팀,120250859367430200,20.김자반밥바(ASC)(하이브리드)_A+SC캠페인_구매최적화_수_가치조정_3159_260806,971,0,0,0
2026-08-18 17:18:32,17:00,906987379684182,1팀,120250859367440200,20.김자반밥바(ASC)(하이브리드)_TCPA_A+SC캠페인_ALL_C7_수_표준기여_3159_260806,2647,0,0,0
2026-08-18 17:18:32,17:00,906987379684182,1팀,120250859367470200,20.김자반밥바(ASC)(하이브리드)_TROAS_A+SC캠페인_구매최적화_값_표준기여_3159_260806,908,0,0,0
2026-08-18 17:18:32,17:00,906987379684182,1팀,120251066794820200,07.크리스피(ASC)(하이브리드)_A+SC캠페인_구매최적화_수_표준기여_3078_260816_AI _2,4153,0,0,0
2026-08-18 17:18:32,17:00,906987379684182,1팀,120251066794930200,07.크리스피(ASC)(하이브리드)_TROAS_A+SC캠페인_구매최적화_값_표준기여_3078_260816_AI _2,4730,0,0,0
2026-08-18 17:18:32,17:00,906987379684182,1팀,120251169199390200,07.크리스피(ASC)(하이브리드)_TROAS_A+SC캠페인_구매최적화_값_표준기여_3078_260817(페르소나2),4558,1,59296,1300.9214567792892
